scenario,seed,step,resource_stock,depleted
baseline,1,0,70.0,0
baseline,1,1,67.78,0
baseline,1,2,65.71096888,0
baseline,1,3,63.7666667,0
baseline,1,4,61.9255287,0
baseline,1,5,60.16953588,0
baseline,1,6,58.48338085,0
baseline,1,7,56.8538389,0
baseline,1,8,55.26928371,0
baseline,1,9,53.71930607,0
baseline,1,10,46.82247564,0
baseline,1,11,45.30430165,0
baseline,1,12,43.7646124,0
baseline,1,13,42.19462829,0
baseline,1,14,36.36550257,0
baseline,1,15,34.53088344,0
baseline,1,16,32.60015502,0
baseline,1,17,30.55519673,0
baseline,1,18,28.37461605,0
baseline,1,19,26.03283304,0
baseline,1,20,20.89558457,0
baseline,1,21,15.78130552,0
baseline,1,22,12.17365122,0
baseline,1,23,8.09815243,0
baseline,1,24,3.43777574,1
baseline,1,25,0.0,1
baseline,1,26,0.0,1
baseline,1,27,0.0,1
baseline,1,28,0.0,1
baseline,1,29,0.0,1
baseline,1,30,0.0,1
baseline,1,31,0.0,1
baseline,1,32,0.0,1
baseline,1,33,0.0,1
baseline,1,34,0.0,1
baseline,1,35,0.0,1
baseline,1,36,0.0,1
baseline,1,37,0.0,1
baseline,1,38,0.0,1
baseline,1,39,0.0,1
baseline,1,40,0.0,1
baseline,1,41,0.0,1
baseline,1,42,0.0,1
baseline,1,43,0.0,1
baseline,1,44,0.0,1
baseline,1,45,0.0,1
baseline,1,46,0.0,1
baseline,1,47,0.0,1
baseline,1,48,0.0,1
baseline,1,49,0.0,1
baseline,1,50,0.0,1
baseline,2,0,70.0,0
baseline,2,1,67.78,0
baseline,2,2,65.71096888,0
baseline,2,3,63.7666667,0
baseline,2,4,61.9255287,0
baseline,2,5,60.16953588,0
baseline,2,6,58.48338085,0
baseline,2,7,56.8538389,0
baseline,2,8,55.26928371,0
baseline,2,9,53.71930607,0
baseline,2,10,52.19440625,0
baseline,2,11,50.68573849,0
baseline,2,12,49.18489206,0
baseline,2,13,47.68369614,0
baseline,2,14,46.17403867,0
baseline,2,15,44.6476903,0
baseline,2,16,43.09612531,0
baseline,2,17,41.51033104,0
baseline,2,18,39.88059697,0
baseline,2,19,38.1962728,0
baseline,2,20,36.44548245,0
baseline,2,21,30.9702293,0
baseline,2,22,25.72136846,0
baseline,2,23,23.16035495,0
baseline,2,24,20.36369516,0
baseline,2,25,17.28273615,0
baseline,2,26,13.85598131,0
baseline,2,27,10.00447915,0
baseline,2,28,5.62512412,0
baseline,2,29,0.58069082,1
baseline,2,30,0.0,1
baseline,2,31,0.0,1
baseline,2,32,0.0,1
baseline,2,33,0.0,1
baseline,2,34,0.0,1
baseline,2,35,0.0,1
baseline,2,36,0.0,1
baseline,2,37,0.0,1
baseline,2,38,0.0,1
baseline,2,39,0.0,1
baseline,2,40,0.0,1
baseline,2,41,0.0,1
baseline,2,42,0.0,1
baseline,2,43,0.0,1
baseline,2,44,0.0,1
baseline,2,45,0.0,1
baseline,2,46,0.0,1
baseline,2,47,0.0,1
baseline,2,48,0.0,1
baseline,2,49,0.0,1
baseline,2,50,0.0,1
baseline,3,0,70.0,0
baseline,3,1,67.78,0
baseline,3,2,65.71096888,0
baseline,3,3,63.7666667,0
baseline,3,4,61.9255287,0
baseline,3,5,60.16953588,0
baseline,3,6,58.48338085,0
baseline,3,7,51.00550081,0
baseline,3,8,49.50368096,0
baseline,3,9,48.00323756,0
baseline,3,10,46.49606085,0
baseline,3,11,44.97396119,0
baseline,3,12,43.42849127,0
baseline,3,13,41.85075876,0
baseline,3,14,40.23122052,0
baseline,3,15,38.55944823,0
baseline,3,16,36.82385302,0
baseline,3,17,35.01135349,0
baseline,3,18,33.10696635,0
baseline,3,19,31.0932921,0
baseline,3,20,28.94985761,0
baseline,3,21,26.65226232,0
baseline,3,22,24.17105198,0
baseline,3,23,21.47020978,0
baseline,3,24,18.50510171,0
baseline,3,25,15.21963019,0
baseline,3,26,10.02025375,0
baseline,3,27,5.64316955,0
baseline,3,28,0.60161842,1
baseline,3,29,0.0,1
baseline,3,30,0.0,1
baseline,3,31,0.0,1
baseline,3,32,0.0,1
baseline,3,33,0.0,1
baseline,3,34,0.0,1
baseline,3,35,0.0,1
baseline,3,36,0.0,1
baseline,3,37,0.0,1
baseline,3,38,0.0,1
baseline,3,39,0.0,1
baseline,3,40,0.0,1
baseline,3,41,0.0,1
baseline,3,42,0.0,1
baseline,3,43,0.0,1
baseline,3,44,0.0,1
baseline,3,45,0.0,1
baseline,3,46,0.0,1
baseline,3,47,0.0,1
baseline,3,48,0.0,1
baseline,3,49,0.0,1
baseline,3,50,0.0,1
baseline,4,0,70.0,0
baseline,4,1,67.78,0
baseline,4,2,65.71096888,0
baseline,4,3,63.7666667,0
baseline,4,4,61.9255287,0
baseline,4,5,60.16953588,0
baseline,4,6,58.48338085,0
baseline,4,7,56.8538389,0
baseline,4,8,55.26928371,0
baseline,4,9,53.71930607,0
baseline,4,10,52.19440625,0
baseline,4,11,50.68573849,0
baseline,4,12,49.18489206,0
baseline,4,13,47.68369614,0
baseline,4,14,46.17403867,0
baseline,4,15,44.6476903,0
baseline,4,16,43.09612531,0
baseline,4,17,41.51033104,0
baseline,4,18,39.88059697,0
baseline,4,19,38.1962728,0
baseline,4,20,36.44548245,0
baseline,4,21,34.61477754,0
baseline,4,22,32.68870842,0
baseline,4,23,30.64928295,0
baseline,4,24,28.4752725,0
baseline,4,25,26.14130749,0
baseline,4,26,23.61668051,0
baseline,4,27,20.86373733,0
baseline,4,28,17.83567808,0
baseline,4,29,14.47349959,0
baseline,4,30,10.70166158,0
baseline,4,31,6.42181465,0
baseline,4,32,1.50350982,1
baseline,4,33,0.0,1
baseline,4,34,0.0,1
baseline,4,35,0.0,1
baseline,4,36,0.0,1
baseline,4,37,0.0,1
baseline,4,38,0.0,1
baseline,4,39,0.0,1
baseline,4,40,0.0,1
baseline,4,41,0.0,1
baseline,4,42,0.0,1
baseline,4,43,0.0,1
baseline,4,44,0.0,1
baseline,4,45,0.0,1
baseline,4,46,0.0,1
baseline,4,47,0.0,1
baseline,4,48,0.0,1
baseline,4,49,0.0,1
baseline,4,50,0.0,1
baseline,5,0,70.0,0
baseline,5,1,67.78,0
baseline,5,2,65.71096888,0
baseline,5,3,63.7666667,0
baseline,5,4,61.9255287,0
baseline,5,5,60.16953588,0
baseline,5,6,58.48338085,0
baseline,5,7,51.00550081,0
baseline,5,8,49.50368096,0
baseline,5,9,48.00323756,0
baseline,5,10,46.49606085,0
baseline,5,11,44.97396119,0
baseline,5,12,43.42849127,0
baseline,5,13,41.85075876,0
baseline,5,14,40.23122052,0
baseline,5,15,38.55944823,0
baseline,5,16,36.82385302,0
baseline,5,17,31.32896819,0
baseline,5,18,29.20147482,0
baseline,5,19,26.92283325,0
baseline,5,20,24.46423312,0
baseline,5,21,21.79049742,0
baseline,5,22,18.85810056,0
baseline,5,23,15.61242834,0
baseline,5,24,11.98391918,0
baseline,5,25,7.88251886,0
baseline,5,26,3.18953087,1
baseline,5,27,0.0,1
baseline,5,28,0.0,1
baseline,5,29,0.0,1
baseline,5,30,0.0,1
baseline,5,31,0.0,1
baseline,5,32,0.0,1
baseline,5,33,0.0,1
baseline,5,34,0.0,1
baseline,5,35,0.0,1
baseline,5,36,0.0,1
baseline,5,37,0.0,1
baseline,5,38,0.0,1
baseline,5,39,0.0,1
baseline,5,40,0.0,1
baseline,5,41,0.0,1
baseline,5,42,0.0,1
baseline,5,43,0.0,1
baseline,5,44,0.0,1
baseline,5,45,0.0,1
baseline,5,46,0.0,1
baseline,5,47,0.0,1
baseline,5,48,0.0,1
baseline,5,49,0.0,1
baseline,5,50,0.0,1
baseline,6,0,70.0,0
baseline,6,1,67.78,0
baseline,6,2,65.71096888,0
baseline,6,3,63.7666667,0
baseline,6,4,61.9255287,0
baseline,6,5,53.97698301,0
baseline,6,6,52.4485135,0
baseline,6,7,50.93772211,0
baseline,6,8,49.43613932,0
baseline,6,9,47.93556704,0
baseline,6,10,46.42789564,0
baseline,6,11,44.90492777,0
baseline,6,12,43.3582002,0
baseline,6,13,41.77879589,0
baseline,6,14,40.15713714,0
baseline,6,15,38.48274963,0
baseline,6,16,36.74398493,0
baseline,6,17,34.92768545,0
baseline,6,18,33.01877105,0
baseline,6,19,30.9997192,0
baseline,6,20,28.84989999,0
baseline,6,21,26.54471188,0
baseline,6,22,24.05444091,0
baseline,6,23,21.34273124,0
baseline,6,24,18.36450094,0
baseline,6,25,15.0630523,0
baseline,6,26,11.36598974,0
baseline,6,27,7.17933359,0
baseline,6,28,2.37883654,1
baseline,6,29,0.0,1
baseline,6,30,0.0,1
baseline,6,31,0.0,1
baseline,6,32,0.0,1
baseline,6,33,0.0,1
baseline,6,34,0.0,1
baseline,6,35,0.0,1
baseline,6,36,0.0,1
baseline,6,37,0.0,1
baseline,6,38,0.0,1
baseline,6,39,0.0,1
baseline,6,40,0.0,1
baseline,6,41,0.0,1
baseline,6,42,0.0,1
baseline,6,43,0.0,1
baseline,6,44,0.0,1
baseline,6,45,0.0,1
baseline,6,46,0.0,1
baseline,6,47,0.0,1
baseline,6,48,0.0,1
baseline,6,49,0.0,1
baseline,6,50,0.0,1
baseline,7,0,70.0,0
baseline,7,1,67.78,0
baseline,7,2,65.71096888,0
baseline,7,3,63.7666667,0
baseline,7,4,61.9255287,0
baseline,7,5,60.16953588,0
baseline,7,6,58.48338085,0
baseline,7,7,56.8538389,0
baseline,7,8,55.26928371,0
baseline,7,9,48.1923777,0
baseline,7,10,46.68649621,0
baseline,7,11,45.16673345,0
baseline,7,12,43.62468461,0
baseline,7,13,42.05152425,0
baseline,7,14,40.43780337,0
baseline,7,15,38.77321928,0
baseline,7,16,37.04634619,0
baseline,7,17,35.24431133,0
baseline,7,18,33.3523967,0
baseline,7,19,31.35353985,0
baseline,7,20,29.22769699,0
baseline,7,21,26.95101756,0
baseline,7,22,21.79965574,0
baseline,7,23,18.86818879,0
baseline,7,24,15.62364739,0
baseline,7,25,11.99652688,0
baseline,7,26,7.89685173,0
baseline,7,27,3.20603656,1
baseline,7,28,0.0,1
baseline,7,29,0.0,1
baseline,7,30,0.0,1
baseline,7,31,0.0,1
baseline,7,32,0.0,1
baseline,7,33,0.0,1
baseline,7,34,0.0,1
baseline,7,35,0.0,1
baseline,7,36,0.0,1
baseline,7,37,0.0,1
baseline,7,38,0.0,1
baseline,7,39,0.0,1
baseline,7,40,0.0,1
baseline,7,41,0.0,1
baseline,7,42,0.0,1
baseline,7,43,0.0,1
baseline,7,44,0.0,1
baseline,7,45,0.0,1
baseline,7,46,0.0,1
baseline,7,47,0.0,1
baseline,7,48,0.0,1
baseline,7,49,0.0,1
baseline,7,50,0.0,1
baseline,8,0,70.0,0
baseline,8,1,67.78,0
baseline,8,2,65.71096888,0
baseline,8,3,63.7666667,0
baseline,8,4,61.9255287,0
baseline,8,5,60.16953588,0
baseline,8,6,58.48338085,0
baseline,8,7,56.8538389,0
baseline,8,8,55.26928371,0
baseline,8,9,53.71930607,0
baseline,8,10,52.19440625,0
baseline,8,11,50.68573849,0
baseline,8,12,49.18489206,0
baseline,8,13,47.68369614,0
baseline,8,14,46.17403867,0
baseline,8,15,44.6476903,0
baseline,8,16,43.09612531,0
baseline,8,17,37.20071851,0
baseline,8,18,35.40583961,0
baseline,8,19,33.52245848,0
baseline,8,20,31.53374161,0
baseline,8,21,29.41993675,0
baseline,8,22,27.15756654,0
baseline,8,23,24.71836836,0
baseline,8,24,22.06787875,0
baseline,8,25,19.16351263,0
baseline,8,26,15.95191252,0
baseline,8,27,12.36522244,0
baseline,8,28,8.31574478,0
baseline,8,29,3.68810594,1
baseline,8,30,0.0,1
baseline,8,31,0.0,1
baseline,8,32,0.0,1
baseline,8,33,0.0,1
baseline,8,34,0.0,1
baseline,8,35,0.0,1
baseline,8,36,0.0,1
baseline,8,37,0.0,1
baseline,8,38,0.0,1
baseline,8,39,0.0,1
baseline,8,40,0.0,1
baseline,8,41,0.0,1
baseline,8,42,0.0,1
baseline,8,43,0.0,1
baseline,8,44,0.0,1
baseline,8,45,0.0,1
baseline,8,46,0.0,1
baseline,8,47,0.0,1
baseline,8,48,0.0,1
baseline,8,49,0.0,1
baseline,8,50,0.0,1
baseline,9,0,70.0,0
baseline,9,1,67.78,0
baseline,9,2,65.71096888,0
baseline,9,3,63.7666667,0
baseline,9,4,61.9255287,0
baseline,9,5,53.97698301,0
baseline,9,6,52.4485135,0
baseline,9,7,50.93772211,0
baseline,9,8,49.43613932,0
baseline,9,9,47.93556704,0
baseline,9,10,46.42789564,0
baseline,9,11,40.26213821,0
baseline,9,12,38.59145149,0
baseline,9,13,36.85717253,0
baseline,9,14,35.04625149,0
baseline,9,15,33.14374522,0
baseline,9,16,31.13230523,0
baseline,9,17,28.9915234,0
baseline,9,18,26.69708244,0
baseline,9,19,24.2196357,0
baseline,9,20,21.52330677,0
baseline,9,21,18.56364706,0
baseline,9,22,15.28480735,0
baseline,9,23,11.61554707,0
baseline,9,24,7.46348786,0
baseline,9,25,2.7066491,1
baseline,9,26,0.0,1
baseline,9,27,0.0,1
baseline,9,28,0.0,1
baseline,9,29,0.0,1
baseline,9,30,0.0,1
baseline,9,31,0.0,1
baseline,9,32,0.0,1
baseline,9,33,0.0,1
baseline,9,34,0.0,1
baseline,9,35,0.0,1
baseline,9,36,0.0,1
baseline,9,37,0.0,1
baseline,9,38,0.0,1
baseline,9,39,0.0,1
baseline,9,40,0.0,1
baseline,9,41,0.0,1
baseline,9,42,0.0,1
baseline,9,43,0.0,1
baseline,9,44,0.0,1
baseline,9,45,0.0,1
baseline,9,46,0.0,1
baseline,9,47,0.0,1
baseline,9,48,0.0,1
baseline,9,49,0.0,1
baseline,9,50,0.0,1
baseline,10,0,70.0,0
baseline,10,1,67.78,0
baseline,10,2,65.71096888,0
baseline,10,3,63.7666667,0
baseline,10,4,61.9255287,0
baseline,10,5,60.16953588,0
baseline,10,6,58.48338085,0
baseline,10,7,56.8538389,0
baseline,10,8,55.26928371,0
baseline,10,9,53.71930607,0
baseline,10,10,52.19440625,0
baseline,10,11,50.68573849,0
baseline,10,12,49.18489206,0
baseline,10,13,47.68369614,0
baseline,10,14,41.40566905,0
baseline,10,15,39.77271651,0
baseline,10,16,38.08444132,0
baseline,10,17,36.32887635,0
baseline,10,18,34.49245703,0
baseline,10,19,32.55958603,0
baseline,10,20,30.51208356,0
baseline,10,21,28.32848156,0
baseline,10,22,25.98310308,0
baseline,10,23,23.44484268,0
baseline,10,24,20.67552519,0
baseline,10,25,17.62766051,0
baseline,10,26,14.24131746,0
baseline,10,27,10.43968738,0
baseline,10,28,5.07868564,0
baseline,10,29,0.0,1
baseline,10,30,0.0,1
baseline,10,31,0.0,1
baseline,10,32,0.0,1
baseline,10,33,0.0,1
baseline,10,34,0.0,1
baseline,10,35,0.0,1
baseline,10,36,0.0,1
baseline,10,37,0.0,1
baseline,10,38,0.0,1
baseline,10,39,0.0,1
baseline,10,40,0.0,1
baseline,10,41,0.0,1
baseline,10,42,0.0,1
baseline,10,43,0.0,1
baseline,10,44,0.0,1
baseline,10,45,0.0,1
baseline,10,46,0.0,1
baseline,10,47,0.0,1
baseline,10,48,0.0,1
baseline,10,49,0.0,1
baseline,10,50,0.0,1
baseline,11,0,70.0,0
baseline,11,1,67.78,0
baseline,11,2,65.71096888,0
baseline,11,3,63.7666667,0
baseline,11,4,61.9255287,0
baseline,11,5,60.16953588,0
baseline,11,6,58.48338085,0
baseline,11,7,56.8538389,0
baseline,11,8,55.26928371,0
baseline,11,9,53.71930607,0
baseline,11,10,52.19440625,0
baseline,11,11,50.68573849,0
baseline,11,12,49.18489206,0
baseline,11,13,47.68369614,0
baseline,11,14,46.17403867,0
baseline,11,15,44.6476903,0
baseline,11,16,38.63135628,0
baseline,11,17,36.89871337,0
baseline,11,18,35.08975469,0
baseline,11,19,33.18958694,0
baseline,11,20,31.18092497,0
baseline,11,21,29.04344131,0
baseline,11,22,23.84857795,0
baseline,11,23,21.11756357,0
baseline,11,24,18.11601233,0
baseline,11,25,14.78615273,0
baseline,11,26,11.05412566,0
baseline,11,27,5.71850706,0
baseline,11,28,0.68897595,1
baseline,11,29,0.0,1
baseline,11,30,0.0,1
baseline,11,31,0.0,1
baseline,11,32,0.0,1
baseline,11,33,0.0,1
baseline,11,34,0.0,1
baseline,11,35,0.0,1
baseline,11,36,0.0,1
baseline,11,37,0.0,1
baseline,11,38,0.0,1
baseline,11,39,0.0,1
baseline,11,40,0.0,1
baseline,11,41,0.0,1
baseline,11,42,0.0,1
baseline,11,43,0.0,1
baseline,11,44,0.0,1
baseline,11,45,0.0,1
baseline,11,46,0.0,1
baseline,11,47,0.0,1
baseline,11,48,0.0,1
baseline,11,49,0.0,1
baseline,11,50,0.0,1
baseline,12,0,70.0,0
baseline,12,1,67.78,0
baseline,12,2,65.71096888,0
baseline,12,3,63.7666667,0
baseline,12,4,61.9255287,0
baseline,12,5,53.97698301,0
baseline,12,6,52.4485135,0
baseline,12,7,50.93772211,0
baseline,12,8,49.43613932,0
baseline,12,9,47.93556704,0
baseline,12,10,46.42789564,0
baseline,12,11,44.90492777,0
baseline,12,12,43.3582002,0
baseline,12,13,41.77879589,0
baseline,12,14,40.15713714,0
baseline,12,15,38.48274963,0
baseline,12,16,36.74398493,0
baseline,12,17,34.92768545,0
baseline,12,18,33.01877105,0
baseline,12,19,30.9997192,0
baseline,12,20,28.84989999,0
baseline,12,21,26.54471188,0
baseline,12,22,24.05444091,0
baseline,12,23,21.34273124,0
baseline,12,24,16.23022782,0
baseline,12,25,12.6775123,0
baseline,12,26,8.67016974,0
baseline,12,27,4.09549097,1
baseline,12,28,0.0,1
baseline,12,29,0.0,1
baseline,12,30,0.0,1
baseline,12,31,0.0,1
baseline,12,32,0.0,1
baseline,12,33,0.0,1
baseline,12,34,0.0,1
baseline,12,35,0.0,1
baseline,12,36,0.0,1
baseline,12,37,0.0,1
baseline,12,38,0.0,1
baseline,12,39,0.0,1
baseline,12,40,0.0,1
baseline,12,41,0.0,1
baseline,12,42,0.0,1
baseline,12,43,0.0,1
baseline,12,44,0.0,1
baseline,12,45,0.0,1
baseline,12,46,0.0,1
baseline,12,47,0.0,1
baseline,12,48,0.0,1
baseline,12,49,0.0,1
baseline,12,50,0.0,1
baseline,13,0,70.0,0
baseline,13,1,67.78,0
baseline,13,2,65.71096888,0
baseline,13,3,63.7666667,0
baseline,13,4,61.9255287,0
baseline,13,5,60.16953588,0
baseline,13,6,58.48338085,0
baseline,13,7,56.8538389,0
baseline,13,8,55.26928371,0
baseline,13,9,53.71930607,0
baseline,13,10,52.19440625,0
baseline,13,11,50.68573849,0
baseline,13,12,49.18489206,0
baseline,13,13,47.68369614,0
baseline,13,14,46.17403867,0
baseline,13,15,44.6476903,0
baseline,13,16,43.09612531,0
baseline,13,17,37.20071851,0
baseline,13,18,35.40583961,0
baseline,13,19,33.52245848,0
baseline,13,20,31.53374161,0
baseline,13,21,29.41993675,0
baseline,13,22,27.15756654,0
baseline,13,23,24.71836836,0
baseline,13,24,22.06787875,0
baseline,13,25,19.16351263,0
baseline,13,26,15.95191252,0
baseline,13,27,12.36522244,0
baseline,13,28,8.31574478,0
baseline,13,29,3.68810594,1
baseline,13,30,0.0,1
baseline,13,31,0.0,1
baseline,13,32,0.0,1
baseline,13,33,0.0,1
baseline,13,34,0.0,1
baseline,13,35,0.0,1
baseline,13,36,0.0,1
baseline,13,37,0.0,1
baseline,13,38,0.0,1
baseline,13,39,0.0,1
baseline,13,40,0.0,1
baseline,13,41,0.0,1
baseline,13,42,0.0,1
baseline,13,43,0.0,1
baseline,13,44,0.0,1
baseline,13,45,0.0,1
baseline,13,46,0.0,1
baseline,13,47,0.0,1
baseline,13,48,0.0,1
baseline,13,49,0.0,1
baseline,13,50,0.0,1
baseline,14,0,70.0,0
baseline,14,1,67.78,0
baseline,14,2,65.71096888,0
baseline,14,3,63.7666667,0
baseline,14,4,61.9255287,0
baseline,14,5,60.16953588,0
baseline,14,6,58.48338085,0
baseline,14,7,56.8538389,0
baseline,14,8,55.26928371,0
baseline,14,9,53.71930607,0
baseline,14,10,52.19440625,0
baseline,14,11,50.68573849,0
baseline,14,12,49.18489206,0
baseline,14,13,47.68369614,0
baseline,14,14,46.17403867,0
baseline,14,15,44.6476903,0
baseline,14,16,43.09612531,0
baseline,14,17,41.51033104,0
baseline,14,18,39.88059697,0
baseline,14,19,38.1962728,0
baseline,14,20,36.44548245,0
baseline,14,21,34.61477754,0
baseline,14,22,32.68870842,0
baseline,14,23,30.64928295,0
baseline,14,24,28.4752725,0
baseline,14,25,26.14130749,0
baseline,14,26,23.61668051,0
baseline,14,27,20.86373733,0
baseline,14,28,17.83567808,0
baseline,14,29,14.47349959,0
baseline,14,30,10.70166158,0
baseline,14,31,6.42181465,0
baseline,14,32,1.50350982,1
baseline,14,33,0.0,1
baseline,14,34,0.0,1
baseline,14,35,0.0,1
baseline,14,36,0.0,1
baseline,14,37,0.0,1
baseline,14,38,0.0,1
baseline,14,39,0.0,1
baseline,14,40,0.0,1
baseline,14,41,0.0,1
baseline,14,42,0.0,1
baseline,14,43,0.0,1
baseline,14,44,0.0,1
baseline,14,45,0.0,1
baseline,14,46,0.0,1
baseline,14,47,0.0,1
baseline,14,48,0.0,1
baseline,14,49,0.0,1
baseline,14,50,0.0,1
baseline,15,0,70.0,0
baseline,15,1,67.78,0
baseline,15,2,58.93296888,0
baseline,15,3,57.2893326,0
baseline,15,4,55.69369074,0
baseline,15,5,54.13533813,0
baseline,15,6,47.19102248,0
baseline,15,7,45.67681984,0
baseline,15,8,44.14317804,0
baseline,15,9,42.58143379,0
baseline,15,10,40.98237056,0
baseline,15,11,39.33599881,0
baseline,15,12,37.63130115,0
baseline,15,13,35.85592867,0
baseline,15,14,33.99583012,0
baseline,15,15,32.0347899,0
baseline,15,16,29.95384211,0
baseline,15,17,27.7305149,0
baseline,15,18,25.33784096,0
baseline,15,19,22.74304121,0
baseline,15,20,19.90574596,0
baseline,15,21,16.77555053,0
baseline,15,22,13.28859526,0
baseline,15,23,9.36268623,0
baseline,15,24,4.89018194,1
baseline,15,25,0.0,1
baseline,15,26,0.0,1
baseline,15,27,0.0,1
baseline,15,28,0.0,1
baseline,15,29,0.0,1
baseline,15,30,0.0,1
baseline,15,31,0.0,1
baseline,15,32,0.0,1
baseline,15,33,0.0,1
baseline,15,34,0.0,1
baseline,15,35,0.0,1
baseline,15,36,0.0,1
baseline,15,37,0.0,1
baseline,15,38,0.0,1
baseline,15,39,0.0,1
baseline,15,40,0.0,1
baseline,15,41,0.0,1
baseline,15,42,0.0,1
baseline,15,43,0.0,1
baseline,15,44,0.0,1
baseline,15,45,0.0,1
baseline,15,46,0.0,1
baseline,15,47,0.0,1
baseline,15,48,0.0,1
baseline,15,49,0.0,1
baseline,15,50,0.0,1
baseline,16,0,70.0,0
baseline,16,1,67.78,0
baseline,16,2,65.71096888,0
baseline,16,3,63.7666667,0
baseline,16,4,61.9255287,0
baseline,16,5,60.16953588,0
baseline,16,6,58.48338085,0
baseline,16,7,56.8538389,0
baseline,16,8,55.26928371,0
baseline,16,9,48.1923777,0
baseline,16,10,46.68649621,0
baseline,16,11,45.16673345,0
baseline,16,12,43.62468461,0
baseline,16,13,42.05152425,0
baseline,16,14,40.43780337,0
baseline,16,15,38.77321928,0
baseline,16,16,37.04634619,0
baseline,16,17,35.24431133,0
baseline,16,18,33.3523967,0
baseline,16,19,31.35353985,0
baseline,16,20,29.22769699,0
baseline,16,21,24.02824786,0
baseline,16,22,21.31409043,0
baseline,16,23,18.33290389,0
baseline,16,24,15.02785494,0
baseline,16,25,11.32636326,0
baseline,16,26,7.13419294,0
baseline,16,27,2.3267336,1
baseline,16,28,0.0,1
baseline,16,29,0.0,1
baseline,16,30,0.0,1
baseline,16,31,0.0,1
baseline,16,32,0.0,1
baseline,16,33,0.0,1
baseline,16,34,0.0,1
baseline,16,35,0.0,1
baseline,16,36,0.0,1
baseline,16,37,0.0,1
baseline,16,38,0.0,1
baseline,16,39,0.0,1
baseline,16,40,0.0,1
baseline,16,41,0.0,1
baseline,16,42,0.0,1
baseline,16,43,0.0,1
baseline,16,44,0.0,1
baseline,16,45,0.0,1
baseline,16,46,0.0,1
baseline,16,47,0.0,1
baseline,16,48,0.0,1
baseline,16,49,0.0,1
baseline,16,50,0.0,1
baseline,17,0,70.0,0
baseline,17,1,67.78,0
baseline,17,2,65.71096888,0
baseline,17,3,63.7666667,0
baseline,17,4,61.9255287,0
baseline,17,5,60.16953588,0
baseline,17,6,58.48338085,0
baseline,17,7,56.8538389,0
baseline,17,8,55.26928371,0
baseline,17,9,48.1923777,0
baseline,17,10,46.68649621,0
baseline,17,11,45.16673345,0
baseline,17,12,43.62468461,0
baseline,17,13,42.05152425,0
baseline,17,14,40.43780337,0
baseline,17,15,38.77321928,0
baseline,17,16,37.04634619,0
baseline,17,17,35.24431133,0
baseline,17,18,33.3523967,0
baseline,17,19,31.35353985,0
baseline,17,20,29.22769699,0
baseline,17,21,26.95101756,0
baseline,17,22,24.4947575,0
baseline,17,23,21.82382619,0
baseline,17,24,18.894812,0
baseline,17,25,15.65325311,0
baseline,17,26,12.02979487,0
baseline,17,27,7.9346692,0
baseline,17,28,3.24958351,1
baseline,17,29,0.0,1
baseline,17,30,0.0,1
baseline,17,31,0.0,1
baseline,17,32,0.0,1
baseline,17,33,0.0,1
baseline,17,34,0.0,1
baseline,17,35,0.0,1
baseline,17,36,0.0,1
baseline,17,37,0.0,1
baseline,17,38,0.0,1
baseline,17,39,0.0,1
baseline,17,40,0.0,1
baseline,17,41,0.0,1
baseline,17,42,0.0,1
baseline,17,43,0.0,1
baseline,17,44,0.0,1
baseline,17,45,0.0,1
baseline,17,46,0.0,1
baseline,17,47,0.0,1
baseline,17,48,0.0,1
baseline,17,49,0.0,1
baseline,17,50,0.0,1
baseline,18,0,70.0,0
baseline,18,1,67.78,0
baseline,18,2,65.71096888,0
baseline,18,3,63.7666667,0
baseline,18,4,61.9255287,0
baseline,18,5,60.16953588,0
baseline,18,6,58.48338085,0
baseline,18,7,56.8538389,0
baseline,18,8,55.26928371,0
baseline,18,9,53.71930607,0
baseline,18,10,52.19440625,0
baseline,18,11,50.68573849,0
baseline,18,12,49.18489206,0
baseline,18,13,47.68369614,0
baseline,18,14,46.17403867,0
baseline,18,15,44.6476903,0
baseline,18,16,43.09612531,0
baseline,18,17,41.51033104,0
baseline,18,18,39.88059697,0
baseline,18,19,38.1962728,0
baseline,18,20,36.44548245,0
baseline,18,21,34.61477754,0
baseline,18,22,32.68870842,0
baseline,18,23,30.64928295,0
baseline,18,24,28.4752725,0
baseline,18,25,26.14130749,0
baseline,18,26,23.61668051,0
baseline,18,27,18.50206928,0
baseline,18,28,15.21625392,0
baseline,18,29,11.53841774,0
baseline,18,30,7.37568978,0
baseline,18,31,2.6053925,1
baseline,18,32,0.0,1
baseline,18,33,0.0,1
baseline,18,34,0.0,1
baseline,18,35,0.0,1
baseline,18,36,0.0,1
baseline,18,37,0.0,1
baseline,18,38,0.0,1
baseline,18,39,0.0,1
baseline,18,40,0.0,1
baseline,18,41,0.0,1
baseline,18,42,0.0,1
baseline,18,43,0.0,1
baseline,18,44,0.0,1
baseline,18,45,0.0,1
baseline,18,46,0.0,1
baseline,18,47,0.0,1
baseline,18,48,0.0,1
baseline,18,49,0.0,1
baseline,18,50,0.0,1
baseline,19,0,70.0,0
baseline,19,1,67.78,0
baseline,19,2,65.71096888,0
baseline,19,3,63.7666667,0
baseline,19,4,61.9255287,0
baseline,19,5,60.16953588,0
baseline,19,6,58.48338085,0
baseline,19,7,56.8538389,0
baseline,19,8,55.26928371,0
baseline,19,9,53.71930607,0
baseline,19,10,52.19440625,0
baseline,19,11,50.68573849,0
baseline,19,12,49.18489206,0
baseline,19,13,47.68369614,0
baseline,19,14,46.17403867,0
baseline,19,15,44.6476903,0
baseline,19,16,43.09612531,0
baseline,19,17,41.51033104,0
baseline,19,18,39.88059697,0
baseline,19,19,38.1962728,0
baseline,19,20,36.44548245,0
baseline,19,21,34.61477754,0
baseline,19,22,32.68870842,0
baseline,19,23,30.64928295,0
baseline,19,24,28.4752725,0
baseline,19,25,26.14130749,0
baseline,19,26,23.61668051,0
baseline,19,27,20.86373733,0
baseline,19,28,17.83567808,0
baseline,19,29,14.47349959,0
baseline,19,30,10.70166158,0
baseline,19,31,6.42181465,0
baseline,19,32,1.50350982,1
baseline,19,33,0.0,1
baseline,19,34,0.0,1
baseline,19,35,0.0,1
baseline,19,36,0.0,1
baseline,19,37,0.0,1
baseline,19,38,0.0,1
baseline,19,39,0.0,1
baseline,19,40,0.0,1
baseline,19,41,0.0,1
baseline,19,42,0.0,1
baseline,19,43,0.0,1
baseline,19,44,0.0,1
baseline,19,45,0.0,1
baseline,19,46,0.0,1
baseline,19,47,0.0,1
baseline,19,48,0.0,1
baseline,19,49,0.0,1
baseline,19,50,0.0,1
baseline,20,0,70.0,0
baseline,20,1,67.78,0
baseline,20,2,65.71096888,0
baseline,20,3,63.7666667,0
baseline,20,4,61.9255287,0
baseline,20,5,60.16953588,0
baseline,20,6,58.48338085,0
baseline,20,7,56.8538389,0
baseline,20,8,55.26928371,0
baseline,20,9,53.71930607,0
baseline,20,10,52.19440625,0
baseline,20,11,50.68573849,0
baseline,20,12,49.18489206,0
baseline,20,13,47.68369614,0
baseline,20,14,46.17403867,0
baseline,20,15,44.6476903,0
baseline,20,16,43.09612531,0
baseline,20,17,41.51033104,0
baseline,20,18,39.88059697,0
baseline,20,19,38.1962728,0
baseline,20,20,36.44548245,0
baseline,20,21,34.61477754,0
baseline,20,22,32.68870842,0
baseline,20,23,30.64928295,0
baseline,20,24,28.4752725,0
baseline,20,25,26.14130749,0
baseline,20,26,23.61668051,0
baseline,20,27,18.50206928,0
baseline,20,28,15.21625392,0
baseline,20,29,11.53841774,0
baseline,20,30,7.37568978,0
baseline,20,31,2.6053925,1
baseline,20,32,0.0,1
baseline,20,33,0.0,1
baseline,20,34,0.0,1
baseline,20,35,0.0,1
baseline,20,36,0.0,1
baseline,20,37,0.0,1
baseline,20,38,0.0,1
baseline,20,39,0.0,1
baseline,20,40,0.0,1
baseline,20,41,0.0,1
baseline,20,42,0.0,1
baseline,20,43,0.0,1
baseline,20,44,0.0,1
baseline,20,45,0.0,1
baseline,20,46,0.0,1
baseline,20,47,0.0,1
baseline,20,48,0.0,1
baseline,20,49,0.0,1
baseline,20,50,0.0,1
baseline,21,0,70.0,0
baseline,21,1,67.78,0
baseline,21,2,65.71096888,0
baseline,21,3,63.7666667,0
baseline,21,4,61.9255287,0
baseline,21,5,60.16953588,0
baseline,21,6,58.48338085,0
baseline,21,7,56.8538389,0
baseline,21,8,55.26928371,0
baseline,21,9,53.71930607,0
baseline,21,10,52.19440625,0
baseline,21,11,45.46629787,0
baseline,21,12,43.92929985,0
baseline,21,13,42.36296373,0
baseline,21,14,40.75797995,0
baseline,21,15,39.10423306,0
baseline,21,16,37.39054114,0
baseline,21,17,35.60434392,0
baseline,21,18,30.17088668,0
baseline,21,19,27.96313796,0
baseline,21,20,25.58901604,0
baseline,21,21,23.01640299,0
baseline,21,22,20.20579688,0
baseline,21,23,15.08736702,0
baseline,21,24,11.39336153,0
baseline,21,25,7.21051097,0
baseline,21,26,2.4148183,1
baseline,21,27,0.0,1
baseline,21,28,0.0,1
baseline,21,29,0.0,1
baseline,21,30,0.0,1
baseline,21,31,0.0,1
baseline,21,32,0.0,1
baseline,21,33,0.0,1
baseline,21,34,0.0,1
baseline,21,35,0.0,1
baseline,21,36,0.0,1
baseline,21,37,0.0,1
baseline,21,38,0.0,1
baseline,21,39,0.0,1
baseline,21,40,0.0,1
baseline,21,41,0.0,1
baseline,21,42,0.0,1
baseline,21,43,0.0,1
baseline,21,44,0.0,1
baseline,21,45,0.0,1
baseline,21,46,0.0,1
baseline,21,47,0.0,1
baseline,21,48,0.0,1
baseline,21,49,0.0,1
baseline,21,50,0.0,1
baseline,22,0,70.0,0
baseline,22,1,67.78,0
baseline,22,2,65.71096888,0
baseline,22,3,57.19556981,0
baseline,22,4,55.60237261,0
baseline,22,5,54.04587677,0
baseline,22,6,52.51641235,0
baseline,22,7,51.00501416,0
baseline,22,8,49.50319606,0
baseline,22,9,48.0027518,0
baseline,22,10,46.4955716,0
baseline,22,11,44.97346576,0
baseline,22,12,43.42798688,0
baseline,22,13,41.85024244,0
baseline,22,14,40.23068905,0
baseline,22,15,38.55889806,0
baseline,22,16,36.8232802,0
baseline,22,17,35.0107535,0
baseline,22,18,29.60525863,0
baseline,22,19,27.35655677,0
baseline,22,20,24.93365084,0
baseline,22,21,22.30267149,0
baseline,22,22,19.42181588,0
baseline,22,23,16.23877026,0
baseline,22,24,12.68709311,0
baseline,22,25,8.68103768,0
baseline,22,26,4.10797571,1
baseline,22,27,0.0,1
baseline,22,28,0.0,1
baseline,22,29,0.0,1
baseline,22,30,0.0,1
baseline,22,31,0.0,1
baseline,22,32,0.0,1
baseline,22,33,0.0,1
baseline,22,34,0.0,1
baseline,22,35,0.0,1
baseline,22,36,0.0,1
baseline,22,37,0.0,1
baseline,22,38,0.0,1
baseline,22,39,0.0,1
baseline,22,40,0.0,1
baseline,22,41,0.0,1
baseline,22,42,0.0,1
baseline,22,43,0.0,1
baseline,22,44,0.0,1
baseline,22,45,0.0,1
baseline,22,46,0.0,1
baseline,22,47,0.0,1
baseline,22,48,0.0,1
baseline,22,49,0.0,1
baseline,22,50,0.0,1
baseline,23,0,70.0,0
baseline,23,1,67.78,0
baseline,23,2,65.71096888,0
baseline,23,3,63.7666667,0
baseline,23,4,61.9255287,0
baseline,23,5,60.16953588,0
baseline,23,6,58.48338085,0
baseline,23,7,56.8538389,0
baseline,23,8,55.26928371,0
baseline,23,9,53.71930607,0
baseline,23,10,52.19440625,0
baseline,23,11,50.68573849,0
baseline,23,12,49.18489206,0
baseline,23,13,42.76520694,0
baseline,23,14,41.17099092,0
baseline,23,15,39.5306784,0
baseline,23,16,37.83338635,0
baseline,23,17,36.06693867,0
baseline,23,18,34.21750431,0
baseline,23,19,32.26914741,0
baseline,23,20,30.20325777,0
baseline,23,21,27.99781796,0
baseline,23,22,25.62644514,0
baseline,23,23,23.05711882,0
baseline,23,24,20.25046489,0
baseline,23,25,17.15740218,0
baseline,23,26,13.71585697,0
baseline,23,27,9.8460867,0
baseline,23,28,5.44388055,0
baseline,23,29,0.37043454,1
baseline,23,30,0.0,1
baseline,23,31,0.0,1
baseline,23,32,0.0,1
baseline,23,33,0.0,1
baseline,23,34,0.0,1
baseline,23,35,0.0,1
baseline,23,36,0.0,1
baseline,23,37,0.0,1
baseline,23,38,0.0,1
baseline,23,39,0.0,1
baseline,23,40,0.0,1
baseline,23,41,0.0,1
baseline,23,42,0.0,1
baseline,23,43,0.0,1
baseline,23,44,0.0,1
baseline,23,45,0.0,1
baseline,23,46,0.0,1
baseline,23,47,0.0,1
baseline,23,48,0.0,1
baseline,23,49,0.0,1
baseline,23,50,0.0,1
baseline,24,0,70.0,0
baseline,24,1,67.78,0
baseline,24,2,65.71096888,0
baseline,24,3,63.7666667,0
baseline,24,4,61.9255287,0
baseline,24,5,60.16953588,0
baseline,24,6,58.48338085,0
baseline,24,7,56.8538389,0
baseline,24,8,55.26928371,0
baseline,24,9,53.71930607,0
baseline,24,10,52.19440625,0
baseline,24,11,50.68573849,0
baseline,24,12,49.18489206,0
baseline,24,13,47.68369614,0
baseline,24,14,46.17403867,0
baseline,24,15,44.6476903,0
baseline,24,16,43.09612531,0
baseline,24,17,41.51033104,0
baseline,24,18,39.88059697,0
baseline,24,19,38.1962728,0
baseline,24,20,36.44548245,0
baseline,24,21,34.61477754,0
baseline,24,22,32.68870842,0
baseline,24,23,30.64928295,0
baseline,24,24,28.4752725,0
baseline,24,25,26.14130749,0
baseline,24,26,23.61668051,0
baseline,24,27,20.86373733,0
baseline,24,28,17.83567808,0
baseline,24,29,14.47349959,0
baseline,24,30,10.70166158,0
baseline,24,31,6.42181465,0
baseline,24,32,1.50350982,1
baseline,24,33,0.0,1
baseline,24,34,0.0,1
baseline,24,35,0.0,1
baseline,24,36,0.0,1
baseline,24,37,0.0,1
baseline,24,38,0.0,1
baseline,24,39,0.0,1
baseline,24,40,0.0,1
baseline,24,41,0.0,1
baseline,24,42,0.0,1
baseline,24,43,0.0,1
baseline,24,44,0.0,1
baseline,24,45,0.0,1
baseline,24,46,0.0,1
baseline,24,47,0.0,1
baseline,24,48,0.0,1
baseline,24,49,0.0,1
baseline,24,50,0.0,1
baseline,25,0,70.0,0
baseline,25,1,67.78,0
baseline,25,2,65.71096888,0
baseline,25,3,63.7666667,0
baseline,25,4,61.9255287,0
baseline,25,5,60.16953588,0
baseline,25,6,58.48338085,0
baseline,25,7,51.00550081,0
baseline,25,8,49.50368096,0
baseline,25,9,48.00323756,0
baseline,25,10,46.49606085,0
baseline,25,11,44.97396119,0
baseline,25,12,43.42849127,0
baseline,25,13,41.85075876,0
baseline,25,14,40.23122052,0
baseline,25,15,38.55944823,0
baseline,25,16,36.82385302,0
baseline,25,17,35.01135349,0
baseline,25,18,33.10696635,0
baseline,25,19,31.0932921,0
baseline,25,20,28.94985761,0
baseline,25,21,26.65226232,0
baseline,25,22,24.17105198,0
baseline,25,23,21.47020978,0
baseline,25,24,18.50510171,0
baseline,25,25,15.21963019,0
baseline,25,26,11.54221677,0
baseline,25,27,7.3800148,0
baseline,25,28,2.61038116,1
baseline,25,29,0.0,1
baseline,25,30,0.0,1
baseline,25,31,0.0,1
baseline,25,32,0.0,1
baseline,25,33,0.0,1
baseline,25,34,0.0,1
baseline,25,35,0.0,1
baseline,25,36,0.0,1
baseline,25,37,0.0,1
baseline,25,38,0.0,1
baseline,25,39,0.0,1
baseline,25,40,0.0,1
baseline,25,41,0.0,1
baseline,25,42,0.0,1
baseline,25,43,0.0,1
baseline,25,44,0.0,1
baseline,25,45,0.0,1
baseline,25,46,0.0,1
baseline,25,47,0.0,1
baseline,25,48,0.0,1
baseline,25,49,0.0,1
baseline,25,50,0.0,1
baseline,26,0,70.0,0
baseline,26,1,67.78,0
baseline,26,2,65.71096888,0
baseline,26,3,63.7666667,0
baseline,26,4,61.9255287,0
baseline,26,5,60.16953588,0
baseline,26,6,58.48338085,0
baseline,26,7,56.8538389,0
baseline,26,8,49.58389982,0
baseline,26,9,48.08358816,0
baseline,26,10,46.57697742,0
baseline,26,11,45.05588667,0
baseline,26,12,43.51188701,0
baseline,26,13,41.93611491,0
baseline,26,14,40.31906768,0
baseline,26,15,38.65037086,0
baseline,26,16,36.91850552,0
baseline,26,17,35.11047962,0
baseline,26,18,29.70037559,0
baseline,26,19,27.45864104,0
baseline,26,20,25.04403788,0
baseline,26,21,22.4229978,0
baseline,26,22,19.55411391,0
baseline,26,23,16.38560034,0
baseline,26,24,12.85173019,0
baseline,26,25,8.86774108,0
baseline,26,26,4.32238818,1
baseline,26,27,0.0,1
baseline,26,28,0.0,1
baseline,26,29,0.0,1
baseline,26,30,0.0,1
baseline,26,31,0.0,1
baseline,26,32,0.0,1
baseline,26,33,0.0,1
baseline,26,34,0.0,1
baseline,26,35,0.0,1
baseline,26,36,0.0,1
baseline,26,37,0.0,1
baseline,26,38,0.0,1
baseline,26,39,0.0,1
baseline,26,40,0.0,1
baseline,26,41,0.0,1
baseline,26,42,0.0,1
baseline,26,43,0.0,1
baseline,26,44,0.0,1
baseline,26,45,0.0,1
baseline,26,46,0.0,1
baseline,26,47,0.0,1
baseline,26,48,0.0,1
baseline,26,49,0.0,1
baseline,26,50,0.0,1
baseline,27,0,70.0,0
baseline,27,1,67.78,0
baseline,27,2,65.71096888,0
baseline,27,3,63.7666667,0
baseline,27,4,61.9255287,0
baseline,27,5,60.16953588,0
baseline,27,6,58.48338085,0
baseline,27,7,56.8538389,0
baseline,27,8,55.26928371,0
baseline,27,9,53.71930607,0
baseline,27,10,52.19440625,0
baseline,27,11,50.68573849,0
baseline,27,12,49.18489206,0
baseline,27,13,47.68369614,0
baseline,27,14,46.17403867,0
baseline,27,15,44.6476903,0
baseline,27,16,43.09612531,0
baseline,27,17,41.51033104,0
baseline,27,18,39.88059697,0
baseline,27,19,38.1962728,0
baseline,27,20,36.44548245,0
baseline,27,21,34.61477754,0
baseline,27,22,29.22723066,0
baseline,27,23,26.95051636,0
baseline,27,24,24.49421471,0
baseline,27,25,21.82323356,0
baseline,27,26,18.89415926,0
baseline,27,27,15.65252726,0
baseline,27,28,12.02897927,0
baseline,27,29,7.93374213,0
baseline,27,30,3.24851603,1
baseline,27,31,0.0,1
baseline,27,32,0.0,1
baseline,27,33,0.0,1
baseline,27,34,0.0,1
baseline,27,35,0.0,1
baseline,27,36,0.0,1
baseline,27,37,0.0,1
baseline,27,38,0.0,1
baseline,27,39,0.0,1
baseline,27,40,0.0,1
baseline,27,41,0.0,1
baseline,27,42,0.0,1
baseline,27,43,0.0,1
baseline,27,44,0.0,1
baseline,27,45,0.0,1
baseline,27,46,0.0,1
baseline,27,47,0.0,1
baseline,27,48,0.0,1
baseline,27,49,0.0,1
baseline,27,50,0.0,1
baseline,28,0,70.0,0
baseline,28,1,67.78,0
baseline,28,2,65.71096888,0
baseline,28,3,63.7666667,0
baseline,28,4,61.9255287,0
baseline,28,5,60.16953588,0
baseline,28,6,58.48338085,0
baseline,28,7,56.8538389,0
baseline,28,8,55.26928371,0
baseline,28,9,53.71930607,0
baseline,28,10,52.19440625,0
baseline,28,11,50.68573849,0
baseline,28,12,49.18489206,0
baseline,28,13,42.76520694,0
baseline,28,14,41.17099092,0
baseline,28,15,39.5306784,0
baseline,28,16,37.83338635,0
baseline,28,17,36.06693867,0
baseline,28,18,34.21750431,0
baseline,28,19,32.26914741,0
baseline,28,20,30.20325777,0
baseline,28,21,27.99781796,0
baseline,28,22,25.62644514,0
baseline,28,23,23.05711882,0
baseline,28,24,20.25046489,0
baseline,28,25,17.15740218,0
baseline,28,26,13.71585697,0
baseline,28,27,9.8460867,0
baseline,28,28,4.45927188,1
baseline,28,29,0.0,1
baseline,28,30,0.0,1
baseline,28,31,0.0,1
baseline,28,32,0.0,1
baseline,28,33,0.0,1
baseline,28,34,0.0,1
baseline,28,35,0.0,1
baseline,28,36,0.0,1
baseline,28,37,0.0,1
baseline,28,38,0.0,1
baseline,28,39,0.0,1
baseline,28,40,0.0,1
baseline,28,41,0.0,1
baseline,28,42,0.0,1
baseline,28,43,0.0,1
baseline,28,44,0.0,1
baseline,28,45,0.0,1
baseline,28,46,0.0,1
baseline,28,47,0.0,1
baseline,28,48,0.0,1
baseline,28,49,0.0,1
baseline,28,50,0.0,1
baseline,29,0,70.0,0
baseline,29,1,67.78,0
baseline,29,2,65.71096888,0
baseline,29,3,63.7666667,0
baseline,29,4,61.9255287,0
baseline,29,5,60.16953588,0
baseline,29,6,58.48338085,0
baseline,29,7,56.8538389,0
baseline,29,8,55.26928371,0
baseline,29,9,53.71930607,0
baseline,29,10,52.19440625,0
baseline,29,11,50.68573849,0
baseline,29,12,49.18489206,0
baseline,29,13,47.68369614,0
baseline,29,14,46.17403867,0
baseline,29,15,44.6476903,0
baseline,29,16,43.09612531,0
baseline,29,17,41.51033104,0
baseline,29,18,39.88059697,0
baseline,29,19,38.1962728,0
baseline,29,20,36.44548245,0
baseline,29,21,34.61477754,0
baseline,29,22,32.68870842,0
baseline,29,23,30.64928295,0
baseline,29,24,28.4752725,0
baseline,29,25,26.14130749,0
baseline,29,26,23.61668051,0
baseline,29,27,20.86373733,0
baseline,29,28,17.83567808,0
baseline,29,29,14.47349959,0
baseline,29,30,10.70166158,0
baseline,29,31,6.42181465,0
baseline,29,32,1.50350982,1
baseline,29,33,0.0,1
baseline,29,34,0.0,1
baseline,29,35,0.0,1
baseline,29,36,0.0,1
baseline,29,37,0.0,1
baseline,29,38,0.0,1
baseline,29,39,0.0,1
baseline,29,40,0.0,1
baseline,29,41,0.0,1
baseline,29,42,0.0,1
baseline,29,43,0.0,1
baseline,29,44,0.0,1
baseline,29,45,0.0,1
baseline,29,46,0.0,1
baseline,29,47,0.0,1
baseline,29,48,0.0,1
baseline,29,49,0.0,1
baseline,29,50,0.0,1
baseline,30,0,70.0,0
baseline,30,1,67.78,0
baseline,30,2,65.71096888,0
baseline,30,3,57.19556981,0
baseline,30,4,55.60237261,0
baseline,30,5,54.04587677,0
baseline,30,6,52.51641235,0
baseline,30,7,51.00501416,0
baseline,30,8,49.50319606,0
baseline,30,9,48.0027518,0
baseline,30,10,46.4955716,0
baseline,30,11,44.97346576,0
baseline,30,12,43.42798688,0
baseline,30,13,41.85024244,0
baseline,30,14,40.23068905,0
baseline,30,15,38.55889806,0
baseline,30,16,36.8232802,0
baseline,30,17,35.0107535,0
baseline,30,18,33.10633398,0
baseline,30,19,31.09262127,0
baseline,30,20,28.94914112,0
baseline,30,21,26.65149153,0
baseline,30,22,24.17021641,0
baseline,30,23,19.05227487,0
baseline,30,24,15.82830383,0
baseline,30,25,12.22643515,0
baseline,30,26,8.15811919,0
baseline,30,27,3.50678181,1
baseline,30,28,0.0,1
baseline,30,29,0.0,1
baseline,30,30,0.0,1
baseline,30,31,0.0,1
baseline,30,32,0.0,1
baseline,30,33,0.0,1
baseline,30,34,0.0,1
baseline,30,35,0.0,1
baseline,30,36,0.0,1
baseline,30,37,0.0,1
baseline,30,38,0.0,1
baseline,30,39,0.0,1
baseline,30,40,0.0,1
baseline,30,41,0.0,1
baseline,30,42,0.0,1
baseline,30,43,0.0,1
baseline,30,44,0.0,1
baseline,30,45,0.0,1
baseline,30,46,0.0,1
baseline,30,47,0.0,1
baseline,30,48,0.0,1
baseline,30,49,0.0,1
baseline,30,50,0.0,1
baseline,31,0,70.0,0
baseline,31,1,60.78,0
baseline,31,2,59.07082488,0
baseline,31,3,57.42272112,0
baseline,31,4,55.8235469,0
baseline,31,5,54.26250225,0
baseline,31,6,52.72979818,0
baseline,31,7,51.21638495,0
baseline,31,8,49.71372168,0
baseline,31,9,48.21357416,0
baseline,31,10,46.70782979,0
baseline,31,11,45.1883207,0
baseline,31,12,43.64664663,0
baseline,31,13,42.07398945,0
baseline,31,14,40.4609105,0
baseline,31,15,38.79712088,0
baseline,31,16,37.07121278,0
baseline,31,17,35.27033641,0
baseline,31,18,29.85276939,0
baseline,31,19,27.62212977,0
baseline,31,20,25.22074543,0
baseline,31,21,22.61552481,0
baseline,31,22,19.76568774,0
baseline,31,23,16.6202832,0
baseline,31,24,13.11471331,0
baseline,31,25,9.16576943,0
baseline,31,26,4.66438754,1
baseline,31,27,0.0,1
baseline,31,28,0.0,1
baseline,31,29,0.0,1
baseline,31,30,0.0,1
baseline,31,31,0.0,1
baseline,31,32,0.0,1
baseline,31,33,0.0,1
baseline,31,34,0.0,1
baseline,31,35,0.0,1
baseline,31,36,0.0,1
baseline,31,37,0.0,1
baseline,31,38,0.0,1
baseline,31,39,0.0,1
baseline,31,40,0.0,1
baseline,31,41,0.0,1
baseline,31,42,0.0,1
baseline,31,43,0.0,1
baseline,31,44,0.0,1
baseline,31,45,0.0,1
baseline,31,46,0.0,1
baseline,31,47,0.0,1
baseline,31,48,0.0,1
baseline,31,49,0.0,1
baseline,31,50,0.0,1
baseline,32,0,70.0,0
baseline,32,1,67.78,0
baseline,32,2,65.71096888,0
baseline,32,3,63.7666667,0
baseline,32,4,61.9255287,0
baseline,32,5,60.16953588,0
baseline,32,6,58.48338085,0
baseline,32,7,56.8538389,0
baseline,32,8,55.26928371,0
baseline,32,9,53.71930607,0
baseline,32,10,52.19440625,0
baseline,32,11,50.68573849,0
baseline,32,12,49.18489206,0
baseline,32,13,47.68369614,0
baseline,32,14,41.40566905,0
baseline,32,15,39.77271651,0
baseline,32,16,38.08444132,0
baseline,32,17,32.52043222,0
baseline,32,18,30.4704687,0
baseline,32,19,28.28394403,0
baseline,32,20,25.93508727,0
baseline,32,21,23.39267123,0
baseline,32,22,20.61836133,0
baseline,32,23,17.56445609,0
baseline,32,24,14.17073997,0
baseline,32,25,10.3600154,0
baseline,32,26,6.03162431,0
baseline,32,27,1.05183181,1
baseline,32,28,0.0,1
baseline,32,29,0.0,1
baseline,32,30,0.0,1
baseline,32,31,0.0,1
baseline,32,32,0.0,1
baseline,32,33,0.0,1
baseline,32,34,0.0,1
baseline,32,35,0.0,1
baseline,32,36,0.0,1
baseline,32,37,0.0,1
baseline,32,38,0.0,1
baseline,32,39,0.0,1
baseline,32,40,0.0,1
baseline,32,41,0.0,1
baseline,32,42,0.0,1
baseline,32,43,0.0,1
baseline,32,44,0.0,1
baseline,32,45,0.0,1
baseline,32,46,0.0,1
baseline,32,47,0.0,1
baseline,32,48,0.0,1
baseline,32,49,0.0,1
baseline,32,50,0.0,1
baseline,33,0,70.0,0
baseline,33,1,67.78,0
baseline,33,2,65.71096888,0
baseline,33,3,63.7666667,0
baseline,33,4,61.9255287,0
baseline,33,5,60.16953588,0
baseline,33,6,58.48338085,0
baseline,33,7,56.8538389,0
baseline,33,8,55.26928371,0
baseline,33,9,53.71930607,0
baseline,33,10,52.19440625,0
baseline,33,11,50.68573849,0
baseline,33,12,49.18489206,0
baseline,33,13,47.68369614,0
baseline,33,14,46.17403867,0
baseline,33,15,44.6476903,0
baseline,33,16,43.09612531,0
baseline,33,17,41.51033104,0
baseline,33,18,39.88059697,0
baseline,33,19,38.1962728,0
baseline,33,20,36.44548245,0
baseline,33,21,34.61477754,0
baseline,33,22,32.68870842,0
baseline,33,23,30.64928295,0
baseline,33,24,28.4752725,0
baseline,33,25,26.14130749,0
baseline,33,26,23.61668051,0
baseline,33,27,20.86373733,0
baseline,33,28,17.83567808,0
baseline,33,29,14.47349959,0
baseline,33,30,10.70166158,0
baseline,33,31,6.42181465,0
baseline,33,32,1.50350982,1
baseline,33,33,0.0,1
baseline,33,34,0.0,1
baseline,33,35,0.0,1
baseline,33,36,0.0,1
baseline,33,37,0.0,1
baseline,33,38,0.0,1
baseline,33,39,0.0,1
baseline,33,40,0.0,1
baseline,33,41,0.0,1
baseline,33,42,0.0,1
baseline,33,43,0.0,1
baseline,33,44,0.0,1
baseline,33,45,0.0,1
baseline,33,46,0.0,1
baseline,33,47,0.0,1
baseline,33,48,0.0,1
baseline,33,49,0.0,1
baseline,33,50,0.0,1
baseline,34,0,70.0,0
baseline,34,1,67.78,0
baseline,34,2,65.71096888,0
baseline,34,3,63.7666667,0
baseline,34,4,61.9255287,0
baseline,34,5,60.16953588,0
baseline,34,6,58.48338085,0
baseline,34,7,56.8538389,0
baseline,34,8,55.26928371,0
baseline,34,9,53.71930607,0
baseline,34,10,52.19440625,0
baseline,34,11,50.68573849,0
baseline,34,12,49.18489206,0
baseline,34,13,47.68369614,0
baseline,34,14,46.17403867,0
baseline,34,15,44.6476903,0
baseline,34,16,43.09612531,0
baseline,34,17,41.51033104,0
baseline,34,18,39.88059697,0
baseline,34,19,38.1962728,0
baseline,34,20,36.44548245,0
baseline,34,21,34.61477754,0
baseline,34,22,32.68870842,0
baseline,34,23,30.64928295,0
baseline,34,24,28.4752725,0
baseline,34,25,26.14130749,0
baseline,34,26,23.61668051,0
baseline,34,27,20.86373733,0
baseline,34,28,17.83567808,0
baseline,34,29,14.47349959,0
baseline,34,30,10.70166158,0
baseline,34,31,6.42181465,0
baseline,34,32,1.50350982,1
baseline,34,33,0.0,1
baseline,34,34,0.0,1
baseline,34,35,0.0,1
baseline,34,36,0.0,1
baseline,34,37,0.0,1
baseline,34,38,0.0,1
baseline,34,39,0.0,1
baseline,34,40,0.0,1
baseline,34,41,0.0,1
baseline,34,42,0.0,1
baseline,34,43,0.0,1
baseline,34,44,0.0,1
baseline,34,45,0.0,1
baseline,34,46,0.0,1
baseline,34,47,0.0,1
baseline,34,48,0.0,1
baseline,34,49,0.0,1
baseline,34,50,0.0,1
baseline,35,0,70.0,0
baseline,35,1,67.78,0
baseline,35,2,65.71096888,0
baseline,35,3,63.7666667,0
baseline,35,4,61.9255287,0
baseline,35,5,60.16953588,0
baseline,35,6,58.48338085,0
baseline,35,7,56.8538389,0
baseline,35,8,55.26928371,0
baseline,35,9,53.71930607,0
baseline,35,10,52.19440625,0
baseline,35,11,50.68573849,0
baseline,35,12,49.18489206,0
baseline,35,13,47.68369614,0
baseline,35,14,46.17403867,0
baseline,35,15,44.6476903,0
baseline,35,16,43.09612531,0
baseline,35,17,41.51033104,0
baseline,35,18,35.72956387,0
baseline,35,19,33.86300224,0
baseline,35,20,31.89427739,0
baseline,35,21,26.61477871,0
baseline,35,22,24.13041527,0
baseline,35,23,21.42579153,0
baseline,35,24,18.45611783,0
baseline,35,25,15.16508812,0
baseline,35,26,11.48084017,0
baseline,35,27,7.31013395,0
baseline,35,28,2.52976956,1
baseline,35,29,0.0,1
baseline,35,30,0.0,1
baseline,35,31,0.0,1
baseline,35,32,0.0,1
baseline,35,33,0.0,1
baseline,35,34,0.0,1
baseline,35,35,0.0,1
baseline,35,36,0.0,1
baseline,35,37,0.0,1
baseline,35,38,0.0,1
baseline,35,39,0.0,1
baseline,35,40,0.0,1
baseline,35,41,0.0,1
baseline,35,42,0.0,1
baseline,35,43,0.0,1
baseline,35,44,0.0,1
baseline,35,45,0.0,1
baseline,35,46,0.0,1
baseline,35,47,0.0,1
baseline,35,48,0.0,1
baseline,35,49,0.0,1
baseline,35,50,0.0,1
baseline,36,0,70.0,0
baseline,36,1,67.78,0
baseline,36,2,65.71096888,0
baseline,36,3,63.7666667,0
baseline,36,4,61.9255287,0
baseline,36,5,60.16953588,0
baseline,36,6,58.48338085,0
baseline,36,7,51.00550081,0
baseline,36,8,49.50368096,0
baseline,36,9,48.00323756,0
baseline,36,10,46.49606085,0
baseline,36,11,44.97396119,0
baseline,36,12,43.42849127,0
baseline,36,13,41.85075876,0
baseline,36,14,40.23122052,0
baseline,36,15,38.55944823,0
baseline,36,16,36.82385302,0
baseline,36,17,35.01135349,0
baseline,36,18,33.10696635,0
baseline,36,19,31.0932921,0
baseline,36,20,28.94985761,0
baseline,36,21,26.65226232,0
baseline,36,22,24.17105198,0
baseline,36,23,21.47020978,0
baseline,36,24,18.50510171,0
baseline,36,25,15.21963019,0
baseline,36,26,11.54221677,0
baseline,36,27,7.3800148,0
baseline,36,28,2.61038116,1
baseline,36,29,0.0,1
baseline,36,30,0.0,1
baseline,36,31,0.0,1
baseline,36,32,0.0,1
baseline,36,33,0.0,1
baseline,36,34,0.0,1
baseline,36,35,0.0,1
baseline,36,36,0.0,1
baseline,36,37,0.0,1
baseline,36,38,0.0,1
baseline,36,39,0.0,1
baseline,36,40,0.0,1
baseline,36,41,0.0,1
baseline,36,42,0.0,1
baseline,36,43,0.0,1
baseline,36,44,0.0,1
baseline,36,45,0.0,1
baseline,36,46,0.0,1
baseline,36,47,0.0,1
baseline,36,48,0.0,1
baseline,36,49,0.0,1
baseline,36,50,0.0,1
baseline,37,0,70.0,0
baseline,37,1,67.78,0
baseline,37,2,65.71096888,0
baseline,37,3,63.7666667,0
baseline,37,4,61.9255287,0
baseline,37,5,60.16953588,0
baseline,37,6,58.48338085,0
baseline,37,7,56.8538389,0
baseline,37,8,55.26928371,0
baseline,37,9,53.71930607,0
baseline,37,10,52.19440625,0
baseline,37,11,50.68573849,0
baseline,37,12,49.18489206,0
baseline,37,13,47.68369614,0
baseline,37,14,46.17403867,0
baseline,37,15,44.6476903,0
baseline,37,16,43.09612531,0
baseline,37,17,41.51033104,0
baseline,37,18,39.88059697,0
baseline,37,19,38.1962728,0
baseline,37,20,36.44548245,0
baseline,37,21,34.61477754,0
baseline,37,22,32.68870842,0
baseline,37,23,30.64928295,0
baseline,37,24,28.4752725,0
baseline,37,25,26.14130749,0
baseline,37,26,23.61668051,0
baseline,37,27,20.86373733,0
baseline,37,28,17.83567808,0
baseline,37,29,12.68993179,0
baseline,37,30,8.68425764,0
baseline,37,31,4.11167462,1
baseline,37,32,0.0,1
baseline,37,33,0.0,1
baseline,37,34,0.0,1
baseline,37,35,0.0,1
baseline,37,36,0.0,1
baseline,37,37,0.0,1
baseline,37,38,0.0,1
baseline,37,39,0.0,1
baseline,37,40,0.0,1
baseline,37,41,0.0,1
baseline,37,42,0.0,1
baseline,37,43,0.0,1
baseline,37,44,0.0,1
baseline,37,45,0.0,1
baseline,37,46,0.0,1
baseline,37,47,0.0,1
baseline,37,48,0.0,1
baseline,37,49,0.0,1
baseline,37,50,0.0,1
baseline,38,0,70.0,0
baseline,38,1,67.78,0
baseline,38,2,65.71096888,0
baseline,38,3,63.7666667,0
baseline,38,4,61.9255287,0
baseline,38,5,60.16953588,0
baseline,38,6,58.48338085,0
baseline,38,7,56.8538389,0
baseline,38,8,55.26928371,0
baseline,38,9,53.71930607,0
baseline,38,10,52.19440625,0
baseline,38,11,50.68573849,0
baseline,38,12,49.18489206,0
baseline,38,13,47.68369614,0
baseline,38,14,46.17403867,0
baseline,38,15,44.6476903,0
baseline,38,16,43.09612531,0
baseline,38,17,41.51033104,0
baseline,38,18,39.88059697,0
baseline,38,19,38.1962728,0
baseline,38,20,36.44548245,0
baseline,38,21,30.9702293,0
baseline,38,22,28.81839139,0
baseline,38,23,26.51080241,0
baseline,38,24,24.01766608,0
baseline,38,25,21.30251907,0
baseline,38,26,18.32013732,0
baseline,38,27,13.18161893,0
baseline,38,28,9.2415512,0
baseline,38,29,4.75129913,1
baseline,38,30,0.0,1
baseline,38,31,0.0,1
baseline,38,32,0.0,1
baseline,38,33,0.0,1
baseline,38,34,0.0,1
baseline,38,35,0.0,1
baseline,38,36,0.0,1
baseline,38,37,0.0,1
baseline,38,38,0.0,1
baseline,38,39,0.0,1
baseline,38,40,0.0,1
baseline,38,41,0.0,1
baseline,38,42,0.0,1
baseline,38,43,0.0,1
baseline,38,44,0.0,1
baseline,38,45,0.0,1
baseline,38,46,0.0,1
baseline,38,47,0.0,1
baseline,38,48,0.0,1
baseline,38,49,0.0,1
baseline,38,50,0.0,1
baseline,39,0,70.0,0
baseline,39,1,67.78,0
baseline,39,2,65.71096888,0
baseline,39,3,63.7666667,0
baseline,39,4,61.9255287,0
baseline,39,5,60.16953588,0
baseline,39,6,58.48338085,0
baseline,39,7,56.8538389,0
baseline,39,8,55.26928371,0
baseline,39,9,53.71930607,0
baseline,39,10,52.19440625,0
baseline,39,11,50.68573849,0
baseline,39,12,49.18489206,0
baseline,39,13,47.68369614,0
baseline,39,14,41.40566905,0
baseline,39,15,39.77271651,0
baseline,39,16,38.08444132,0
baseline,39,17,36.32887635,0
baseline,39,18,34.49245703,0
baseline,39,19,32.55958603,0
baseline,39,20,30.51208356,0
baseline,39,21,28.32848156,0
baseline,39,22,25.98310308,0
baseline,39,23,23.44484268,0
baseline,39,24,20.67552519,0
baseline,39,25,15.56010799,0
baseline,39,26,11.9251169,0
baseline,39,27,6.62315111,0
baseline,39,28,1.73635927,1
baseline,39,29,0.0,1
baseline,39,30,0.0,1
baseline,39,31,0.0,1
baseline,39,32,0.0,1
baseline,39,33,0.0,1
baseline,39,34,0.0,1
baseline,39,35,0.0,1
baseline,39,36,0.0,1
baseline,39,37,0.0,1
baseline,39,38,0.0,1
baseline,39,39,0.0,1
baseline,39,40,0.0,1
baseline,39,41,0.0,1
baseline,39,42,0.0,1
baseline,39,43,0.0,1
baseline,39,44,0.0,1
baseline,39,45,0.0,1
baseline,39,46,0.0,1
baseline,39,47,0.0,1
baseline,39,48,0.0,1
baseline,39,49,0.0,1
baseline,39,50,0.0,1
baseline,40,0,70.0,0
baseline,40,1,67.78,0
baseline,40,2,65.71096888,0
baseline,40,3,57.19556981,0
baseline,40,4,55.60237261,0
baseline,40,5,54.04587677,0
baseline,40,6,52.51641235,0
baseline,40,7,51.00501416,0
baseline,40,8,49.50319606,0
baseline,40,9,48.0027518,0
baseline,40,10,46.4955716,0
baseline,40,11,40.3239086,0
baseline,40,12,38.65538046,0
baseline,40,13,36.92371976,0
baseline,40,14,35.11593937,0
baseline,40,15,33.2171759,0
baseline,40,16,31.21018216,0
baseline,40,17,29.07467911,0
baseline,40,18,26.78651481,0
baseline,40,19,24.3165562,0
baseline,40,20,21.62920548,0
baseline,40,21,18.68038192,0
baseline,40,22,15.41472866,0
baseline,40,23,11.76167487,0
baseline,40,24,7.62976975,0
baseline,40,25,2.89834421,1
baseline,40,26,0.0,1
baseline,40,27,0.0,1
baseline,40,28,0.0,1
baseline,40,29,0.0,1
baseline,40,30,0.0,1
baseline,40,31,0.0,1
baseline,40,32,0.0,1
baseline,40,33,0.0,1
baseline,40,34,0.0,1
baseline,40,35,0.0,1
baseline,40,36,0.0,1
baseline,40,37,0.0,1
baseline,40,38,0.0,1
baseline,40,39,0.0,1
baseline,40,40,0.0,1
baseline,40,41,0.0,1
baseline,40,42,0.0,1
baseline,40,43,0.0,1
baseline,40,44,0.0,1
baseline,40,45,0.0,1
baseline,40,46,0.0,1
baseline,40,47,0.0,1
baseline,40,48,0.0,1
baseline,40,49,0.0,1
baseline,40,50,0.0,1
baseline,41,0,70.0,0
baseline,41,1,67.78,0
baseline,41,2,65.71096888,0
baseline,41,3,63.7666667,0
baseline,41,4,61.9255287,0
baseline,41,5,60.16953588,0
baseline,41,6,58.48338085,0
baseline,41,7,56.8538389,0
baseline,41,8,55.26928371,0
baseline,41,9,53.71930607,0
baseline,41,10,52.19440625,0
baseline,41,11,50.68573849,0
baseline,41,12,49.18489206,0
baseline,41,13,47.68369614,0
baseline,41,14,46.17403867,0
baseline,41,15,44.6476903,0
baseline,41,16,43.09612531,0
baseline,41,17,41.51033104,0
baseline,41,18,39.88059697,0
baseline,41,19,38.1962728,0
baseline,41,20,36.44548245,0
baseline,41,21,34.61477754,0
baseline,41,22,32.68870842,0
baseline,41,23,27.38041211,0
baseline,41,24,24.95944974,0
baseline,41,25,22.33079726,0
baseline,41,26,19.45274466,0
baseline,41,27,16.273102,0
baseline,41,28,12.72559543,0
baseline,41,29,8.72470921,0
baseline,41,30,4.15813987,1
baseline,41,31,0.0,1
baseline,41,32,0.0,1
baseline,41,33,0.0,1
baseline,41,34,0.0,1
baseline,41,35,0.0,1
baseline,41,36,0.0,1
baseline,41,37,0.0,1
baseline,41,38,0.0,1
baseline,41,39,0.0,1
baseline,41,40,0.0,1
baseline,41,41,0.0,1
baseline,41,42,0.0,1
baseline,41,43,0.0,1
baseline,41,44,0.0,1
baseline,41,45,0.0,1
baseline,41,46,0.0,1
baseline,41,47,0.0,1
baseline,41,48,0.0,1
baseline,41,49,0.0,1
baseline,41,50,0.0,1
baseline,42,0,70.0,0
baseline,42,1,67.78,0
baseline,42,2,58.93296888,0
baseline,42,3,57.2893326,0
baseline,42,4,55.69369074,0
baseline,42,5,54.13533813,0
baseline,42,6,52.60455629,0
baseline,42,7,51.09234561,0
baseline,42,8,49.59019781,0
baseline,42,9,48.08989552,0
baseline,42,10,41.77433867,0
baseline,42,11,40.15254797,0
baseline,42,12,38.47799781,0
baseline,42,13,32.89123626,0
baseline,42,14,30.86435863,0
baseline,42,15,28.70524764,0
baseline,42,16,26.38900798,0
baseline,42,17,23.88554588,0
baseline,42,18,21.1580094,0
baseline,42,19,18.16066064,0
baseline,42,20,13.01985622,0
baseline,42,21,9.05830036,0
baseline,42,22,4.54109937,1
baseline,42,23,0.0,1
baseline,42,24,0.0,1
baseline,42,25,0.0,1
baseline,42,26,0.0,1
baseline,42,27,0.0,1
baseline,42,28,0.0,1
baseline,42,29,0.0,1
baseline,42,30,0.0,1
baseline,42,31,0.0,1
baseline,42,32,0.0,1
baseline,42,33,0.0,1
baseline,42,34,0.0,1
baseline,42,35,0.0,1
baseline,42,36,0.0,1
baseline,42,37,0.0,1
baseline,42,38,0.0,1
baseline,42,39,0.0,1
baseline,42,40,0.0,1
baseline,42,41,0.0,1
baseline,42,42,0.0,1
baseline,42,43,0.0,1
baseline,42,44,0.0,1
baseline,42,45,0.0,1
baseline,42,46,0.0,1
baseline,42,47,0.0,1
baseline,42,48,0.0,1
baseline,42,49,0.0,1
baseline,42,50,0.0,1
baseline,43,0,70.0,0
baseline,43,1,60.78,0
baseline,43,2,59.07082488,0
baseline,43,3,57.42272112,0
baseline,43,4,55.8235469,0
baseline,43,5,54.26250225,0
baseline,43,6,52.72979818,0
baseline,43,7,51.21638495,0
baseline,43,8,49.71372168,0
baseline,43,9,43.24220199,0
baseline,43,10,41.65999989,0
baseline,43,11,40.03479981,0
baseline,43,12,38.35605042,0
baseline,43,13,36.61200361,0
baseline,43,14,34.7893744,0
baseline,43,15,32.87292077,0
baseline,43,16,30.84491445,0
baseline,43,17,28.68446331,0
baseline,43,18,26.36662952,0
baseline,43,19,23.86126436,0
baseline,43,20,21.13144406,0
baseline,43,21,18.13133572,0
baseline,43,22,14.80323454,0
baseline,43,23,11.0733724,0
baseline,43,24,6.8458642,0
baseline,43,25,1.99376121,1
baseline,43,26,0.0,1
baseline,43,27,0.0,1
baseline,43,28,0.0,1
baseline,43,29,0.0,1
baseline,43,30,0.0,1
baseline,43,31,0.0,1
baseline,43,32,0.0,1
baseline,43,33,0.0,1
baseline,43,34,0.0,1
baseline,43,35,0.0,1
baseline,43,36,0.0,1
baseline,43,37,0.0,1
baseline,43,38,0.0,1
baseline,43,39,0.0,1
baseline,43,40,0.0,1
baseline,43,41,0.0,1
baseline,43,42,0.0,1
baseline,43,43,0.0,1
baseline,43,44,0.0,1
baseline,43,45,0.0,1
baseline,43,46,0.0,1
baseline,43,47,0.0,1
baseline,43,48,0.0,1
baseline,43,49,0.0,1
baseline,43,50,0.0,1
baseline,44,0,70.0,0
baseline,44,1,67.78,0
baseline,44,2,65.71096888,0
baseline,44,3,63.7666667,0
baseline,44,4,61.9255287,0
baseline,44,5,60.16953588,0
baseline,44,6,52.46642726,0
baseline,44,7,50.95547739,0
baseline,44,8,44.35828636,0
baseline,44,9,42.80099428,0
baseline,44,10,41.20770805,0
baseline,44,11,39.56856014,0
baseline,44,12,37.87269325,0
baseline,44,13,36.10796443,0
baseline,44,14,34.26058485,0
baseline,44,15,32.31467231,0
baseline,44,16,30.25168484,0
baseline,44,17,28.04969213,0
baseline,44,18,25.6824233,0
baseline,44,19,23.11800314,0
baseline,44,20,20.31724798,0
baseline,44,21,17.2313296,0
baseline,44,22,13.79851523,0
baseline,44,23,9.93952973,0
baseline,44,24,5.55081543,0
baseline,44,25,0.49450141,1
baseline,44,26,0.0,1
baseline,44,27,0.0,1
baseline,44,28,0.0,1
baseline,44,29,0.0,1
baseline,44,30,0.0,1
baseline,44,31,0.0,1
baseline,44,32,0.0,1
baseline,44,33,0.0,1
baseline,44,34,0.0,1
baseline,44,35,0.0,1
baseline,44,36,0.0,1
baseline,44,37,0.0,1
baseline,44,38,0.0,1
baseline,44,39,0.0,1
baseline,44,40,0.0,1
baseline,44,41,0.0,1
baseline,44,42,0.0,1
baseline,44,43,0.0,1
baseline,44,44,0.0,1
baseline,44,45,0.0,1
baseline,44,46,0.0,1
baseline,44,47,0.0,1
baseline,44,48,0.0,1
baseline,44,49,0.0,1
baseline,44,50,0.0,1
baseline,45,0,70.0,0
baseline,45,1,67.78,0
baseline,45,2,65.71096888,0
baseline,45,3,63.7666667,0
baseline,45,4,61.9255287,0
baseline,45,5,60.16953588,0
baseline,45,6,52.46642726,0
baseline,45,7,50.95547739,0
baseline,45,8,49.4538341,0
baseline,45,9,47.95329717,0
baseline,45,10,46.44575698,0
baseline,45,11,40.27844252,0
baseline,45,12,38.6083269,0
baseline,45,13,36.87474051,0
baseline,45,14,35.06465013,0
baseline,45,15,33.16313371,0
baseline,45,16,31.15286959,0
baseline,45,17,29.0134838,0
baseline,45,18,26.72070285,0
baseline,45,19,24.24523664,0
baseline,45,20,21.55128253,0
baseline,45,21,18.59448939,0
baseline,45,22,15.31913841,0
baseline,45,23,11.65416652,0
baseline,45,24,7.50744122,0
baseline,45,25,2.75732963,1
baseline,45,26,0.0,1
baseline,45,27,0.0,1
baseline,45,28,0.0,1
baseline,45,29,0.0,1
baseline,45,30,0.0,1
baseline,45,31,0.0,1
baseline,45,32,0.0,1
baseline,45,33,0.0,1
baseline,45,34,0.0,1
baseline,45,35,0.0,1
baseline,45,36,0.0,1
baseline,45,37,0.0,1
baseline,45,38,0.0,1
baseline,45,39,0.0,1
baseline,45,40,0.0,1
baseline,45,41,0.0,1
baseline,45,42,0.0,1
baseline,45,43,0.0,1
baseline,45,44,0.0,1
baseline,45,45,0.0,1
baseline,45,46,0.0,1
baseline,45,47,0.0,1
baseline,45,48,0.0,1
baseline,45,49,0.0,1
baseline,45,50,0.0,1
baseline,46,0,70.0,0
baseline,46,1,67.78,0
baseline,46,2,65.71096888,0
baseline,46,3,63.7666667,0
baseline,46,4,61.9255287,0
baseline,46,5,60.16953588,0
baseline,46,6,58.48338085,0
baseline,46,7,56.8538389,0
baseline,46,8,55.26928371,0
baseline,46,9,48.1923777,0
baseline,46,10,46.68649621,0
baseline,46,11,45.16673345,0
baseline,46,12,43.62468461,0
baseline,46,13,42.05152425,0
baseline,46,14,40.43780337,0
baseline,46,15,38.77321928,0
baseline,46,16,37.04634619,0
baseline,46,17,35.24431133,0
baseline,46,18,33.3523967,0
baseline,46,19,31.35353985,0
baseline,46,20,29.22769699,0
baseline,46,21,26.95101756,0
baseline,46,22,24.4947575,0
baseline,46,23,21.82382619,0
baseline,46,24,18.894812,0
baseline,46,25,15.65325311,0
baseline,46,26,12.02979487,0
baseline,46,27,7.9346692,0
baseline,46,28,3.24958351,1
baseline,46,29,0.0,1
baseline,46,30,0.0,1
baseline,46,31,0.0,1
baseline,46,32,0.0,1
baseline,46,33,0.0,1
baseline,46,34,0.0,1
baseline,46,35,0.0,1
baseline,46,36,0.0,1
baseline,46,37,0.0,1
baseline,46,38,0.0,1
baseline,46,39,0.0,1
baseline,46,40,0.0,1
baseline,46,41,0.0,1
baseline,46,42,0.0,1
baseline,46,43,0.0,1
baseline,46,44,0.0,1
baseline,46,45,0.0,1
baseline,46,46,0.0,1
baseline,46,47,0.0,1
baseline,46,48,0.0,1
baseline,46,49,0.0,1
baseline,46,50,0.0,1
baseline,47,0,70.0,0
baseline,47,1,67.78,0
baseline,47,2,65.71096888,0
baseline,47,3,63.7666667,0
baseline,47,4,61.9255287,0
baseline,47,5,60.16953588,0
baseline,47,6,58.48338085,0
baseline,47,7,51.00550081,0
baseline,47,8,49.50368096,0
baseline,47,9,43.05286946,0
baseline,47,10,41.46599674,0
baseline,47,11,39.83490416,0
baseline,47,12,38.14891165,0
baseline,47,13,36.39610472,0
baseline,47,14,34.56298598,0
baseline,47,15,32.63404345,0
baseline,47,16,30.59120585,0
baseline,47,17,28.41314353,0
baseline,47,18,26.07435726,0
baseline,47,19,23.54397177,0
baseline,47,20,20.7841132,0
baseline,47,21,17.74769072,0
baseline,47,22,12.60054103,0
baseline,47,23,8.58284588,0
baseline,47,24,3.9951607,1
baseline,47,25,0.0,1
baseline,47,26,0.0,1
baseline,47,27,0.0,1
baseline,47,28,0.0,1
baseline,47,29,0.0,1
baseline,47,30,0.0,1
baseline,47,31,0.0,1
baseline,47,32,0.0,1
baseline,47,33,0.0,1
baseline,47,34,0.0,1
baseline,47,35,0.0,1
baseline,47,36,0.0,1
baseline,47,37,0.0,1
baseline,47,38,0.0,1
baseline,47,39,0.0,1
baseline,47,40,0.0,1
baseline,47,41,0.0,1
baseline,47,42,0.0,1
baseline,47,43,0.0,1
baseline,47,44,0.0,1
baseline,47,45,0.0,1
baseline,47,46,0.0,1
baseline,47,47,0.0,1
baseline,47,48,0.0,1
baseline,47,49,0.0,1
baseline,47,50,0.0,1
baseline,48,0,70.0,0
baseline,48,1,67.78,0
baseline,48,2,65.71096888,0
baseline,48,3,63.7666667,0
baseline,48,4,61.9255287,0
baseline,48,5,60.16953588,0
baseline,48,6,58.48338085,0
baseline,48,7,56.8538389,0
baseline,48,8,55.26928371,0
baseline,48,9,53.71930607,0
baseline,48,10,52.19440625,0
baseline,48,11,50.68573849,0
baseline,48,12,49.18489206,0
baseline,48,13,47.68369614,0
baseline,48,14,46.17403867,0
baseline,48,15,44.6476903,0
baseline,48,16,43.09612531,0
baseline,48,17,41.51033104,0
baseline,48,18,39.88059697,0
baseline,48,19,38.1962728,0
baseline,48,20,36.44548245,0
baseline,48,21,34.61477754,0
baseline,48,22,32.68870842,0
baseline,48,23,30.64928295,0
baseline,48,24,28.4752725,0
baseline,48,25,26.14130749,0
baseline,48,26,23.61668051,0
baseline,48,27,20.86373733,0
baseline,48,28,17.83567808,0
baseline,48,29,14.47349959,0
baseline,48,30,10.70166158,0
baseline,48,31,6.42181465,0
baseline,48,32,1.50350982,1
baseline,48,33,0.0,1
baseline,48,34,0.0,1
baseline,48,35,0.0,1
baseline,48,36,0.0,1
baseline,48,37,0.0,1
baseline,48,38,0.0,1
baseline,48,39,0.0,1
baseline,48,40,0.0,1
baseline,48,41,0.0,1
baseline,48,42,0.0,1
baseline,48,43,0.0,1
baseline,48,44,0.0,1
baseline,48,45,0.0,1
baseline,48,46,0.0,1
baseline,48,47,0.0,1
baseline,48,48,0.0,1
baseline,48,49,0.0,1
baseline,48,50,0.0,1
baseline,49,0,70.0,0
baseline,49,1,67.78,0
baseline,49,2,65.71096888,0
baseline,49,3,63.7666667,0
baseline,49,4,61.9255287,0
baseline,49,5,60.16953588,0
baseline,49,6,52.46642726,0
baseline,49,7,45.70883466,0
baseline,49,8,44.17568928,0
baseline,49,9,42.61462861,0
baseline,49,10,41.01644993,0
baseline,49,11,39.37118242,0
baseline,49,12,37.66783325,0
baseline,49,13,35.89408504,0
baseline,49,14,34.03592674,0
baseline,49,15,32.07719379,0
baseline,49,16,29.99898522,0
baseline,49,17,27.77891216,0
baseline,49,18,25.39011402,0
baseline,49,19,22.79995034,0
baseline,49,20,19.96823348,0
baseline,49,21,16.84480088,0
baseline,49,22,13.36611986,0
baseline,49,23,9.45044575,0
baseline,49,24,4.99076632,1
baseline,49,25,0.0,1
baseline,49,26,0.0,1
baseline,49,27,0.0,1
baseline,49,28,0.0,1
baseline,49,29,0.0,1
baseline,49,30,0.0,1
baseline,49,31,0.0,1
baseline,49,32,0.0,1
baseline,49,33,0.0,1
baseline,49,34,0.0,1
baseline,49,35,0.0,1
baseline,49,36,0.0,1
baseline,49,37,0.0,1
baseline,49,38,0.0,1
baseline,49,39,0.0,1
baseline,49,40,0.0,1
baseline,49,41,0.0,1
baseline,49,42,0.0,1
baseline,49,43,0.0,1
baseline,49,44,0.0,1
baseline,49,45,0.0,1
baseline,49,46,0.0,1
baseline,49,47,0.0,1
baseline,49,48,0.0,1
baseline,49,49,0.0,1
baseline,49,50,0.0,1
baseline,50,0,70.0,0
baseline,50,1,67.78,0
baseline,50,2,65.71096888,0
baseline,50,3,63.7666667,0
baseline,50,4,61.9255287,0
baseline,50,5,60.16953588,0
baseline,50,6,58.48338085,0
baseline,50,7,56.8538389,0
baseline,50,8,55.26928371,0
baseline,50,9,53.71930607,0
baseline,50,10,52.19440625,0
baseline,50,11,50.68573849,0
baseline,50,12,49.18489206,0
baseline,50,13,47.68369614,0
baseline,50,14,46.17403867,0
baseline,50,15,44.6476903,0
baseline,50,16,43.09612531,0
baseline,50,17,41.51033104,0
baseline,50,18,39.88059697,0
baseline,50,19,38.1962728,0
baseline,50,20,36.44548245,0
baseline,50,21,34.61477754,0
baseline,50,22,32.68870842,0
baseline,50,23,30.64928295,0
baseline,50,24,28.4752725,0
baseline,50,25,26.14130749,0
baseline,50,26,23.61668051,0
baseline,50,27,20.86373733,0
baseline,50,28,17.83567808,0
baseline,50,29,14.47349959,0
baseline,50,30,10.70166158,0
baseline,50,31,6.42181465,0
baseline,50,32,1.50350982,1
baseline,50,33,0.0,1
baseline,50,34,0.0,1
baseline,50,35,0.0,1
baseline,50,36,0.0,1
baseline,50,37,0.0,1
baseline,50,38,0.0,1
baseline,50,39,0.0,1
baseline,50,40,0.0,1
baseline,50,41,0.0,1
baseline,50,42,0.0,1
baseline,50,43,0.0,1
baseline,50,44,0.0,1
baseline,50,45,0.0,1
baseline,50,46,0.0,1
baseline,50,47,0.0,1
baseline,50,48,0.0,1
baseline,50,49,0.0,1
baseline,50,50,0.0,1
baseline,51,0,70.0,0
baseline,51,1,67.78,0
baseline,51,2,65.71096888,0
baseline,51,3,63.7666667,0
baseline,51,4,61.9255287,0
baseline,51,5,60.16953588,0
baseline,51,6,58.48338085,0
baseline,51,7,56.8538389,0
baseline,51,8,55.26928371,0
baseline,51,9,53.71930607,0
baseline,51,10,52.19440625,0
baseline,51,11,50.68573849,0
baseline,51,12,49.18489206,0
baseline,51,13,47.68369614,0
baseline,51,14,46.17403867,0
baseline,51,15,44.6476903,0
baseline,51,16,43.09612531,0
baseline,51,17,41.51033104,0
baseline,51,18,39.88059697,0
baseline,51,19,34.2082131,0
baseline,51,20,32.25932814,0
baseline,51,21,30.19281156,0
baseline,51,22,27.98662707,0
baseline,51,23,25.61436761,0
baseline,51,24,23.04398129,0
baseline,51,25,20.23605279,0
baseline,51,26,17.1414462,0
baseline,51,27,13.69801399,0
baseline,51,28,9.82591245,0
baseline,51,29,5.4207893,0
baseline,51,30,0.34363845,1
baseline,51,31,0.0,1
baseline,51,32,0.0,1
baseline,51,33,0.0,1
baseline,51,34,0.0,1
baseline,51,35,0.0,1
baseline,51,36,0.0,1
baseline,51,37,0.0,1
baseline,51,38,0.0,1
baseline,51,39,0.0,1
baseline,51,40,0.0,1
baseline,51,41,0.0,1
baseline,51,42,0.0,1
baseline,51,43,0.0,1
baseline,51,44,0.0,1
baseline,51,45,0.0,1
baseline,51,46,0.0,1
baseline,51,47,0.0,1
baseline,51,48,0.0,1
baseline,51,49,0.0,1
baseline,51,50,0.0,1
baseline,52,0,70.0,0
baseline,52,1,67.78,0
baseline,52,2,65.71096888,0
baseline,52,3,63.7666667,0
baseline,52,4,61.9255287,0
baseline,52,5,60.16953588,0
baseline,52,6,58.48338085,0
baseline,52,7,56.8538389,0
baseline,52,8,55.26928371,0
baseline,52,9,53.71930607,0
baseline,52,10,52.19440625,0
baseline,52,11,50.68573849,0
baseline,52,12,49.18489206,0
baseline,52,13,47.68369614,0
baseline,52,14,41.40566905,0
baseline,52,15,39.77271651,0
baseline,52,16,34.10716967,0
baseline,52,17,32.15252197,0
baseline,52,18,30.07916352,0
baseline,52,19,27.86485201,0
baseline,52,20,25.48291542,0
baseline,52,21,22.90095803,0
baseline,52,22,20.07911349,0
baseline,52,23,16.96764648,0
baseline,52,24,13.503601,0
baseline,52,25,9.60602415,0
baseline,52,26,5.16901224,0
baseline,52,27,0.0513408,1
baseline,52,28,0.0,1
baseline,52,29,0.0,1
baseline,52,30,0.0,1
baseline,52,31,0.0,1
baseline,52,32,0.0,1
baseline,52,33,0.0,1
baseline,52,34,0.0,1
baseline,52,35,0.0,1
baseline,52,36,0.0,1
baseline,52,37,0.0,1
baseline,52,38,0.0,1
baseline,52,39,0.0,1
baseline,52,40,0.0,1
baseline,52,41,0.0,1
baseline,52,42,0.0,1
baseline,52,43,0.0,1
baseline,52,44,0.0,1
baseline,52,45,0.0,1
baseline,52,46,0.0,1
baseline,52,47,0.0,1
baseline,52,48,0.0,1
baseline,52,49,0.0,1
baseline,52,50,0.0,1
baseline,53,0,70.0,0
baseline,53,1,67.78,0
baseline,53,2,65.71096888,0
baseline,53,3,63.7666667,0
baseline,53,4,61.9255287,0
baseline,53,5,60.16953588,0
baseline,53,6,58.48338085,0
baseline,53,7,56.8538389,0
baseline,53,8,55.26928371,0
baseline,53,9,53.71930607,0
baseline,53,10,46.82247564,0
baseline,53,11,45.30430165,0
baseline,53,12,43.7646124,0
baseline,53,13,42.19462829,0
baseline,53,14,40.5849654,0
baseline,53,15,38.92540823,0
baseline,53,16,37.20464438,0
baseline,53,17,35.40994635,0
baseline,53,18,33.52678095,0
baseline,53,19,31.53832045,0
baseline,53,20,29.42481995,0
baseline,53,21,27.16281149,0
baseline,53,22,24.72404457,0
baseline,53,23,22.0740715,0
baseline,53,24,19.17032804,0
baseline,53,25,15.95948442,0
baseline,53,26,12.37372236,0
baseline,53,27,8.32539618,0
baseline,53,28,3.69920549,1
baseline,53,29,0.0,1
baseline,53,30,0.0,1
baseline,53,31,0.0,1
baseline,53,32,0.0,1
baseline,53,33,0.0,1
baseline,53,34,0.0,1
baseline,53,35,0.0,1
baseline,53,36,0.0,1
baseline,53,37,0.0,1
baseline,53,38,0.0,1
baseline,53,39,0.0,1
baseline,53,40,0.0,1
baseline,53,41,0.0,1
baseline,53,42,0.0,1
baseline,53,43,0.0,1
baseline,53,44,0.0,1
baseline,53,45,0.0,1
baseline,53,46,0.0,1
baseline,53,47,0.0,1
baseline,53,48,0.0,1
baseline,53,49,0.0,1
baseline,53,50,0.0,1
baseline,54,0,70.0,0
baseline,54,1,67.78,0
baseline,54,2,65.71096888,0
baseline,54,3,63.7666667,0
baseline,54,4,61.9255287,0
baseline,54,5,60.16953588,0
baseline,54,6,58.48338085,0
baseline,54,7,56.8538389,0
baseline,54,8,55.26928371,0
baseline,54,9,53.71930607,0
baseline,54,10,52.19440625,0
baseline,54,11,50.68573849,0
baseline,54,12,49.18489206,0
baseline,54,13,47.68369614,0
baseline,54,14,46.17403867,0
baseline,54,15,44.6476903,0
baseline,54,16,43.09612531,0
baseline,54,17,41.51033104,0
baseline,54,18,39.88059697,0
baseline,54,19,38.1962728,0
baseline,54,20,36.44548245,0
baseline,54,21,34.61477754,0
baseline,54,22,32.68870842,0
baseline,54,23,30.64928295,0
baseline,54,24,28.4752725,0
baseline,54,25,26.14130749,0
baseline,54,26,23.61668051,0
baseline,54,27,20.86373733,0
baseline,54,28,15.74930435,0
baseline,54,29,12.13770607,0
baseline,54,30,8.05731013,0
baseline,54,31,2.5850385,1
baseline,54,32,0.0,1
baseline,54,33,0.0,1
baseline,54,34,0.0,1
baseline,54,35,0.0,1
baseline,54,36,0.0,1
baseline,54,37,0.0,1
baseline,54,38,0.0,1
baseline,54,39,0.0,1
baseline,54,40,0.0,1
baseline,54,41,0.0,1
baseline,54,42,0.0,1
baseline,54,43,0.0,1
baseline,54,44,0.0,1
baseline,54,45,0.0,1
baseline,54,46,0.0,1
baseline,54,47,0.0,1
baseline,54,48,0.0,1
baseline,54,49,0.0,1
baseline,54,50,0.0,1
baseline,55,0,70.0,0
baseline,55,1,67.78,0
baseline,55,2,65.71096888,0
baseline,55,3,63.7666667,0
baseline,55,4,61.9255287,0
baseline,55,5,60.16953588,0
baseline,55,6,58.48338085,0
baseline,55,7,56.8538389,0
baseline,55,8,55.26928371,0
baseline,55,9,53.71930607,0
baseline,55,10,52.19440625,0
baseline,55,11,50.68573849,0
baseline,55,12,49.18489206,0
baseline,55,13,47.68369614,0
baseline,55,14,46.17403867,0
baseline,55,15,44.6476903,0
baseline,55,16,43.09612531,0
baseline,55,17,41.51033104,0
baseline,55,18,39.88059697,0
baseline,55,19,38.1962728,0
baseline,55,20,32.62585517,0
baseline,55,21,30.58250553,0
baseline,55,22,28.40383516,0
baseline,55,23,26.06432536,0
baseline,55,24,23.53307562,0
baseline,55,25,20.77217907,0
baseline,55,26,17.73450114,0
baseline,55,27,14.36058879,0
baseline,55,28,10.57428705,0
baseline,55,29,6.27639074,0
baseline,55,30,1.33523353,1
baseline,55,31,0.0,1
baseline,55,32,0.0,1
baseline,55,33,0.0,1
baseline,55,34,0.0,1
baseline,55,35,0.0,1
baseline,55,36,0.0,1
baseline,55,37,0.0,1
baseline,55,38,0.0,1
baseline,55,39,0.0,1
baseline,55,40,0.0,1
baseline,55,41,0.0,1
baseline,55,42,0.0,1
baseline,55,43,0.0,1
baseline,55,44,0.0,1
baseline,55,45,0.0,1
baseline,55,46,0.0,1
baseline,55,47,0.0,1
baseline,55,48,0.0,1
baseline,55,49,0.0,1
baseline,55,50,0.0,1
baseline,56,0,70.0,0
baseline,56,1,67.78,0
baseline,56,2,65.71096888,0
baseline,56,3,63.7666667,0
baseline,56,4,61.9255287,0
baseline,56,5,60.16953588,0
baseline,56,6,58.48338085,0
baseline,56,7,56.8538389,0
baseline,56,8,55.26928371,0
baseline,56,9,53.71930607,0
baseline,56,10,52.19440625,0
baseline,56,11,50.68573849,0
baseline,56,12,49.18489206,0
baseline,56,13,47.68369614,0
baseline,56,14,46.17403867,0
baseline,56,15,44.6476903,0
baseline,56,16,43.09612531,0
baseline,56,17,41.51033104,0
baseline,56,18,39.88059697,0
baseline,56,19,34.2082131,0
baseline,56,20,32.25932814,0
baseline,56,21,30.19281156,0
baseline,56,22,27.98662707,0
baseline,56,23,25.61436761,0
baseline,56,24,23.04398129,0
baseline,56,25,20.23605279,0
baseline,56,26,17.1414462,0
baseline,56,27,13.69801399,0
baseline,56,28,9.82591245,0
baseline,56,29,5.4207893,0
baseline,56,30,0.34363845,1
baseline,56,31,0.0,1
baseline,56,32,0.0,1
baseline,56,33,0.0,1
baseline,56,34,0.0,1
baseline,56,35,0.0,1
baseline,56,36,0.0,1
baseline,56,37,0.0,1
baseline,56,38,0.0,1
baseline,56,39,0.0,1
baseline,56,40,0.0,1
baseline,56,41,0.0,1
baseline,56,42,0.0,1
baseline,56,43,0.0,1
baseline,56,44,0.0,1
baseline,56,45,0.0,1
baseline,56,46,0.0,1
baseline,56,47,0.0,1
baseline,56,48,0.0,1
baseline,56,49,0.0,1
baseline,56,50,0.0,1
baseline,57,0,70.0,0
baseline,57,1,60.78,0
baseline,57,2,59.07082488,0
baseline,57,3,51.51563864,0
baseline,57,4,50.01150375,0
baseline,57,5,48.51150351,0
baseline,57,6,47.00751539,0
baseline,57,7,45.49139646,0
baseline,57,8,43.95480694,0
baseline,57,9,42.3890271,0
baseline,57,10,36.54585595,0
baseline,57,11,34.72003077,0
baseline,57,12,32.79977134,0
baseline,57,13,30.76724518,0
baseline,57,14,28.60142724,0
baseline,57,15,26.27720919,0
baseline,57,16,23.76422174,0
baseline,57,17,21.02525283,0
baseline,57,18,18.01408808,0
baseline,57,19,14.67251067,0
baseline,57,20,10.92605396,0
baseline,57,21,6.6778621,0
baseline,57,22,1.79960836,1
baseline,57,23,0.0,1
baseline,57,24,0.0,1
baseline,57,25,0.0,1
baseline,57,26,0.0,1
baseline,57,27,0.0,1
baseline,57,28,0.0,1
baseline,57,29,0.0,1
baseline,57,30,0.0,1
baseline,57,31,0.0,1
baseline,57,32,0.0,1
baseline,57,33,0.0,1
baseline,57,34,0.0,1
baseline,57,35,0.0,1
baseline,57,36,0.0,1
baseline,57,37,0.0,1
baseline,57,38,0.0,1
baseline,57,39,0.0,1
baseline,57,40,0.0,1
baseline,57,41,0.0,1
baseline,57,42,0.0,1
baseline,57,43,0.0,1
baseline,57,44,0.0,1
baseline,57,45,0.0,1
baseline,57,46,0.0,1
baseline,57,47,0.0,1
baseline,57,48,0.0,1
baseline,57,49,0.0,1
baseline,57,50,0.0,1
baseline,58,0,70.0,0
baseline,58,1,67.78,0
baseline,58,2,65.71096888,0
baseline,58,3,63.7666667,0
baseline,58,4,61.9255287,0
baseline,58,5,53.97698301,0
baseline,58,6,52.4485135,0
baseline,58,7,50.93772211,0
baseline,58,8,49.43613932,0
baseline,58,9,47.93556704,0
baseline,58,10,46.42789564,0
baseline,58,11,44.90492777,0
baseline,58,12,43.3582002,0
baseline,58,13,41.77879589,0
baseline,58,14,40.15713714,0
baseline,58,15,38.48274963,0
baseline,58,16,36.74398493,0
baseline,58,17,34.92768545,0
baseline,58,18,33.01877105,0
baseline,58,19,30.9997192,0
baseline,58,20,28.84989999,0
baseline,58,21,26.54471188,0
baseline,58,22,24.05444091,0
baseline,58,23,21.34273124,0
baseline,58,24,16.23022782,0
baseline,58,25,12.6775123,0
baseline,58,26,8.67016974,0
baseline,58,27,4.09549097,1
baseline,58,28,0.0,1
baseline,58,29,0.0,1
baseline,58,30,0.0,1
baseline,58,31,0.0,1
baseline,58,32,0.0,1
baseline,58,33,0.0,1
baseline,58,34,0.0,1
baseline,58,35,0.0,1
baseline,58,36,0.0,1
baseline,58,37,0.0,1
baseline,58,38,0.0,1
baseline,58,39,0.0,1
baseline,58,40,0.0,1
baseline,58,41,0.0,1
baseline,58,42,0.0,1
baseline,58,43,0.0,1
baseline,58,44,0.0,1
baseline,58,45,0.0,1
baseline,58,46,0.0,1
baseline,58,47,0.0,1
baseline,58,48,0.0,1
baseline,58,49,0.0,1
baseline,58,50,0.0,1
baseline,59,0,70.0,0
baseline,59,1,67.78,0
baseline,59,2,65.71096888,0
baseline,59,3,63.7666667,0
baseline,59,4,55.54886203,0
baseline,59,5,53.99344026,0
baseline,59,6,52.46473465,0
baseline,59,7,50.9537998,0
baseline,59,8,44.3567823,0
baseline,59,9,42.79945967,0
baseline,59,10,41.20613366,0
baseline,59,11,39.56693591,0
baseline,59,12,37.87100802,0
baseline,59,13,36.10620561,0
baseline,59,14,34.25873807,0
baseline,59,15,32.31272089,0
baseline,59,16,30.24960917,0
baseline,59,17,28.04746888,0
baseline,59,18,25.68002436,0
baseline,59,19,23.11539417,0
baseline,59,20,20.31438652,0
baseline,59,21,17.22816235,0
baseline,59,22,13.79497433,0
baseline,59,23,9.93552734,0
baseline,59,24,4.55268307,1
baseline,59,25,0.0,1
baseline,59,26,0.0,1
baseline,59,27,0.0,1
baseline,59,28,0.0,1
baseline,59,29,0.0,1
baseline,59,30,0.0,1
baseline,59,31,0.0,1
baseline,59,32,0.0,1
baseline,59,33,0.0,1
baseline,59,34,0.0,1
baseline,59,35,0.0,1
baseline,59,36,0.0,1
baseline,59,37,0.0,1
baseline,59,38,0.0,1
baseline,59,39,0.0,1
baseline,59,40,0.0,1
baseline,59,41,0.0,1
baseline,59,42,0.0,1
baseline,59,43,0.0,1
baseline,59,44,0.0,1
baseline,59,45,0.0,1
baseline,59,46,0.0,1
baseline,59,47,0.0,1
baseline,59,48,0.0,1
baseline,59,49,0.0,1
baseline,59,50,0.0,1
baseline,60,0,70.0,0
baseline,60,1,67.78,0
baseline,60,2,65.71096888,0
baseline,60,3,63.7666667,0
baseline,60,4,61.9255287,0
baseline,60,5,60.16953588,0
baseline,60,6,58.48338085,0
baseline,60,7,56.8538389,0
baseline,60,8,55.26928371,0
baseline,60,9,53.71930607,0
baseline,60,10,52.19440625,0
baseline,60,11,50.68573849,0
baseline,60,12,49.18489206,0
baseline,60,13,47.68369614,0
baseline,60,14,46.17403867,0
baseline,60,15,40.03028644,0
baseline,60,16,38.3513751,0
baseline,60,17,36.60713227,0
baseline,60,18,34.78426824,0
baseline,60,19,32.86753495,0
baseline,60,20,30.8391965,0
baseline,60,21,28.678351,0
baseline,60,22,26.36004811,0
baseline,60,23,23.85412292,0
baseline,60,24,21.12363053,0
baseline,60,25,18.12271004,0
baseline,60,26,14.79361913,0
baseline,60,27,9.58317656,0
baseline,60,28,5.14284125,0
baseline,60,29,0.02094481,1
baseline,60,30,0.0,1
baseline,60,31,0.0,1
baseline,60,32,0.0,1
baseline,60,33,0.0,1
baseline,60,34,0.0,1
baseline,60,35,0.0,1
baseline,60,36,0.0,1
baseline,60,37,0.0,1
baseline,60,38,0.0,1
baseline,60,39,0.0,1
baseline,60,40,0.0,1
baseline,60,41,0.0,1
baseline,60,42,0.0,1
baseline,60,43,0.0,1
baseline,60,44,0.0,1
baseline,60,45,0.0,1
baseline,60,46,0.0,1
baseline,60,47,0.0,1
baseline,60,48,0.0,1
baseline,60,49,0.0,1
baseline,60,50,0.0,1
high_extraction,1,0,70.0,0
high_extraction,1,1,63.78,0
high_extraction,1,2,57.93820088,0
high_extraction,1,3,52.32477382,0
high_extraction,1,4,46.81504559,0
high_extraction,1,5,41.29678651,0
high_extraction,1,6,35.66044384,0
high_extraction,1,7,29.79032267,0
high_extraction,1,8,23.55514677,0
high_extraction,1,9,16.7963523,0
high_extraction,1,10,7.63224907,0
high_extraction,1,11,0.0,1
high_extraction,1,12,0.0,1
high_extraction,1,13,0.0,1
high_extraction,1,14,0.0,1
high_extraction,1,15,0.0,1
high_extraction,1,16,0.0,1
high_extraction,1,17,0.0,1
high_extraction,1,18,0.0,1
high_extraction,1,19,0.0,1
high_extraction,1,20,0.0,1
high_extraction,1,21,0.0,1
high_extraction,1,22,0.0,1
high_extraction,1,23,0.0,1
high_extraction,1,24,0.0,1
high_extraction,1,25,0.0,1
high_extraction,1,26,0.0,1
high_extraction,1,27,0.0,1
high_extraction,1,28,0.0,1
high_extraction,1,29,0.0,1
high_extraction,1,30,0.0,1
high_extraction,1,31,0.0,1
high_extraction,1,32,0.0,1
high_extraction,1,33,0.0,1
high_extraction,1,34,0.0,1
high_extraction,1,35,0.0,1
high_extraction,1,36,0.0,1
high_extraction,1,37,0.0,1
high_extraction,1,38,0.0,1
high_extraction,1,39,0.0,1
high_extraction,1,40,0.0,1
high_extraction,1,41,0.0,1
high_extraction,1,42,0.0,1
high_extraction,1,43,0.0,1
high_extraction,1,44,0.0,1
high_extraction,1,45,0.0,1
high_extraction,1,46,0.0,1
high_extraction,1,47,0.0,1
high_extraction,1,48,0.0,1
high_extraction,1,49,0.0,1
high_extraction,1,50,0.0,1
high_extraction,2,0,70.0,0
high_extraction,2,1,63.78,0
high_extraction,2,2,57.93820088,0
high_extraction,2,3,52.32477382,0
high_extraction,2,4,46.81504559,0
high_extraction,2,5,41.29678651,0
high_extraction,2,6,35.66044384,0
high_extraction,2,7,29.79032267,0
high_extraction,2,8,23.55514677,0
high_extraction,2,9,16.7963523,0
high_extraction,2,10,9.3118843,0
high_extraction,2,11,0.83194333,1
high_extraction,2,12,0.0,1
high_extraction,2,13,0.0,1
high_extraction,2,14,0.0,1
high_extraction,2,15,0.0,1
high_extraction,2,16,0.0,1
high_extraction,2,17,0.0,1
high_extraction,2,18,0.0,1
high_extraction,2,19,0.0,1
high_extraction,2,20,0.0,1
high_extraction,2,21,0.0,1
high_extraction,2,22,0.0,1
high_extraction,2,23,0.0,1
high_extraction,2,24,0.0,1
high_extraction,2,25,0.0,1
high_extraction,2,26,0.0,1
high_extraction,2,27,0.0,1
high_extraction,2,28,0.0,1
high_extraction,2,29,0.0,1
high_extraction,2,30,0.0,1
high_extraction,2,31,0.0,1
high_extraction,2,32,0.0,1
high_extraction,2,33,0.0,1
high_extraction,2,34,0.0,1
high_extraction,2,35,0.0,1
high_extraction,2,36,0.0,1
high_extraction,2,37,0.0,1
high_extraction,2,38,0.0,1
high_extraction,2,39,0.0,1
high_extraction,2,40,0.0,1
high_extraction,2,41,0.0,1
high_extraction,2,42,0.0,1
high_extraction,2,43,0.0,1
high_extraction,2,44,0.0,1
high_extraction,2,45,0.0,1
high_extraction,2,46,0.0,1
high_extraction,2,47,0.0,1
high_extraction,2,48,0.0,1
high_extraction,2,49,0.0,1
high_extraction,2,50,0.0,1
high_extraction,3,0,70.0,0
high_extraction,3,1,63.78,0
high_extraction,3,2,57.93820088,0
high_extraction,3,3,52.32477382,0
high_extraction,3,4,46.81504559,0
high_extraction,3,5,41.29678651,0
high_extraction,3,6,35.66044384,0
high_extraction,3,7,26.22427829,0
high_extraction,3,8,19.70676539,0
high_extraction,3,9,12.55494128,0
high_extraction,3,10,4.53110292,1
high_extraction,3,11,0.0,1
high_extraction,3,12,0.0,1
high_extraction,3,13,0.0,1
high_extraction,3,14,0.0,1
high_extraction,3,15,0.0,1
high_extraction,3,16,0.0,1
high_extraction,3,17,0.0,1
high_extraction,3,18,0.0,1
high_extraction,3,19,0.0,1
high_extraction,3,20,0.0,1
high_extraction,3,21,0.0,1
high_extraction,3,22,0.0,1
high_extraction,3,23,0.0,1
high_extraction,3,24,0.0,1
high_extraction,3,25,0.0,1
high_extraction,3,26,0.0,1
high_extraction,3,27,0.0,1
high_extraction,3,28,0.0,1
high_extraction,3,29,0.0,1
high_extraction,3,30,0.0,1
high_extraction,3,31,0.0,1
high_extraction,3,32,0.0,1
high_extraction,3,33,0.0,1
high_extraction,3,34,0.0,1
high_extraction,3,35,0.0,1
high_extraction,3,36,0.0,1
high_extraction,3,37,0.0,1
high_extraction,3,38,0.0,1
high_extraction,3,39,0.0,1
high_extraction,3,40,0.0,1
high_extraction,3,41,0.0,1
high_extraction,3,42,0.0,1
high_extraction,3,43,0.0,1
high_extraction,3,44,0.0,1
high_extraction,3,45,0.0,1
high_extraction,3,46,0.0,1
high_extraction,3,47,0.0,1
high_extraction,3,48,0.0,1
high_extraction,3,49,0.0,1
high_extraction,3,50,0.0,1
high_extraction,4,0,70.0,0
high_extraction,4,1,63.78,0
high_extraction,4,2,57.93820088,0
high_extraction,4,3,52.32477382,0
high_extraction,4,4,46.81504559,0
high_extraction,4,5,41.29678651,0
high_extraction,4,6,35.66044384,0
high_extraction,4,7,29.79032267,0
high_extraction,4,8,23.55514677,0
high_extraction,4,9,16.7963523,0
high_extraction,4,10,9.3118843,0
high_extraction,4,11,0.83194333,1
high_extraction,4,12,0.0,1
high_extraction,4,13,0.0,1
high_extraction,4,14,0.0,1
high_extraction,4,15,0.0,1
high_extraction,4,16,0.0,1
high_extraction,4,17,0.0,1
high_extraction,4,18,0.0,1
high_extraction,4,19,0.0,1
high_extraction,4,20,0.0,1
high_extraction,4,21,0.0,1
high_extraction,4,22,0.0,1
high_extraction,4,23,0.0,1
high_extraction,4,24,0.0,1
high_extraction,4,25,0.0,1
high_extraction,4,26,0.0,1
high_extraction,4,27,0.0,1
high_extraction,4,28,0.0,1
high_extraction,4,29,0.0,1
high_extraction,4,30,0.0,1
high_extraction,4,31,0.0,1
high_extraction,4,32,0.0,1
high_extraction,4,33,0.0,1
high_extraction,4,34,0.0,1
high_extraction,4,35,0.0,1
high_extraction,4,36,0.0,1
high_extraction,4,37,0.0,1
high_extraction,4,38,0.0,1
high_extraction,4,39,0.0,1
high_extraction,4,40,0.0,1
high_extraction,4,41,0.0,1
high_extraction,4,42,0.0,1
high_extraction,4,43,0.0,1
high_extraction,4,44,0.0,1
high_extraction,4,45,0.0,1
high_extraction,4,46,0.0,1
high_extraction,4,47,0.0,1
high_extraction,4,48,0.0,1
high_extraction,4,49,0.0,1
high_extraction,4,50,0.0,1
high_extraction,5,0,70.0,0
high_extraction,5,1,63.78,0
high_extraction,5,2,57.93820088,0
high_extraction,5,3,52.32477382,0
high_extraction,5,4,46.81504559,0
high_extraction,5,5,41.29678651,0
high_extraction,5,6,35.66044384,0
high_extraction,5,7,26.22427829,0
high_extraction,5,8,19.70676539,0
high_extraction,5,9,12.55494128,0
high_extraction,5,10,4.53110292,1
high_extraction,5,11,0.0,1
high_extraction,5,12,0.0,1
high_extraction,5,13,0.0,1
high_extraction,5,14,0.0,1
high_extraction,5,15,0.0,1
high_extraction,5,16,0.0,1
high_extraction,5,17,0.0,1
high_extraction,5,18,0.0,1
high_extraction,5,19,0.0,1
high_extraction,5,20,0.0,1
high_extraction,5,21,0.0,1
high_extraction,5,22,0.0,1
high_extraction,5,23,0.0,1
high_extraction,5,24,0.0,1
high_extraction,5,25,0.0,1
high_extraction,5,26,0.0,1
high_extraction,5,27,0.0,1
high_extraction,5,28,0.0,1
high_extraction,5,29,0.0,1
high_extraction,5,30,0.0,1
high_extraction,5,31,0.0,1
high_extraction,5,32,0.0,1
high_extraction,5,33,0.0,1
high_extraction,5,34,0.0,1
high_extraction,5,35,0.0,1
high_extraction,5,36,0.0,1
high_extraction,5,37,0.0,1
high_extraction,5,38,0.0,1
high_extraction,5,39,0.0,1
high_extraction,5,40,0.0,1
high_extraction,5,41,0.0,1
high_extraction,5,42,0.0,1
high_extraction,5,43,0.0,1
high_extraction,5,44,0.0,1
high_extraction,5,45,0.0,1
high_extraction,5,46,0.0,1
high_extraction,5,47,0.0,1
high_extraction,5,48,0.0,1
high_extraction,5,49,0.0,1
high_extraction,5,50,0.0,1
high_extraction,6,0,70.0,0
high_extraction,6,1,63.78,0
high_extraction,6,2,57.93820088,0
high_extraction,6,3,52.32477382,0
high_extraction,6,4,46.81504559,0
high_extraction,6,5,36.61528195,0
high_extraction,6,6,30.79281073,0
high_extraction,6,7,24.62876171,0
high_extraction,6,8,17.97010219,0
high_extraction,6,9,10.62345636,0
high_extraction,6,10,2.33253442,1
high_extraction,6,11,0.0,1
high_extraction,6,12,0.0,1
high_extraction,6,13,0.0,1
high_extraction,6,14,0.0,1
high_extraction,6,15,0.0,1
high_extraction,6,16,0.0,1
high_extraction,6,17,0.0,1
high_extraction,6,18,0.0,1
high_extraction,6,19,0.0,1
high_extraction,6,20,0.0,1
high_extraction,6,21,0.0,1
high_extraction,6,22,0.0,1
high_extraction,6,23,0.0,1
high_extraction,6,24,0.0,1
high_extraction,6,25,0.0,1
high_extraction,6,26,0.0,1
high_extraction,6,27,0.0,1
high_extraction,6,28,0.0,1
high_extraction,6,29,0.0,1
high_extraction,6,30,0.0,1
high_extraction,6,31,0.0,1
high_extraction,6,32,0.0,1
high_extraction,6,33,0.0,1
high_extraction,6,34,0.0,1
high_extraction,6,35,0.0,1
high_extraction,6,36,0.0,1
high_extraction,6,37,0.0,1
high_extraction,6,38,0.0,1
high_extraction,6,39,0.0,1
high_extraction,6,40,0.0,1
high_extraction,6,41,0.0,1
high_extraction,6,42,0.0,1
high_extraction,6,43,0.0,1
high_extraction,6,44,0.0,1
high_extraction,6,45,0.0,1
high_extraction,6,46,0.0,1
high_extraction,6,47,0.0,1
high_extraction,6,48,0.0,1
high_extraction,6,49,0.0,1
high_extraction,6,50,0.0,1
high_extraction,7,0,70.0,0
high_extraction,7,1,63.78,0
high_extraction,7,2,57.93820088,0
high_extraction,7,3,52.32477382,0
high_extraction,7,4,46.81504559,0
high_extraction,7,5,41.29678651,0
high_extraction,7,6,35.66044384,0
high_extraction,7,7,29.79032267,0
high_extraction,7,8,23.55514677,0
high_extraction,7,9,14.44083762,0
high_extraction,7,10,6.66482037,0
high_extraction,7,11,0.0,1
high_extraction,7,12,0.0,1
high_extraction,7,13,0.0,1
high_extraction,7,14,0.0,1
high_extraction,7,15,0.0,1
high_extraction,7,16,0.0,1
high_extraction,7,17,0.0,1
high_extraction,7,18,0.0,1
high_extraction,7,19,0.0,1
high_extraction,7,20,0.0,1
high_extraction,7,21,0.0,1
high_extraction,7,22,0.0,1
high_extraction,7,23,0.0,1
high_extraction,7,24,0.0,1
high_extraction,7,25,0.0,1
high_extraction,7,26,0.0,1
high_extraction,7,27,0.0,1
high_extraction,7,28,0.0,1
high_extraction,7,29,0.0,1
high_extraction,7,30,0.0,1
high_extraction,7,31,0.0,1
high_extraction,7,32,0.0,1
high_extraction,7,33,0.0,1
high_extraction,7,34,0.0,1
high_extraction,7,35,0.0,1
high_extraction,7,36,0.0,1
high_extraction,7,37,0.0,1
high_extraction,7,38,0.0,1
high_extraction,7,39,0.0,1
high_extraction,7,40,0.0,1
high_extraction,7,41,0.0,1
high_extraction,7,42,0.0,1
high_extraction,7,43,0.0,1
high_extraction,7,44,0.0,1
high_extraction,7,45,0.0,1
high_extraction,7,46,0.0,1
high_extraction,7,47,0.0,1
high_extraction,7,48,0.0,1
high_extraction,7,49,0.0,1
high_extraction,7,50,0.0,1
high_extraction,8,0,70.0,0
high_extraction,8,1,63.78,0
high_extraction,8,2,57.93820088,0
high_extraction,8,3,52.32477382,0
high_extraction,8,4,46.81504559,0
high_extraction,8,5,41.29678651,0
high_extraction,8,6,35.66044384,0
high_extraction,8,7,29.79032267,0
high_extraction,8,8,23.55514677,0
high_extraction,8,9,16.7963523,0
high_extraction,8,10,9.3118843,0
high_extraction,8,11,0.83194333,1
high_extraction,8,12,0.0,1
high_extraction,8,13,0.0,1
high_extraction,8,14,0.0,1
high_extraction,8,15,0.0,1
high_extraction,8,16,0.0,1
high_extraction,8,17,0.0,1
high_extraction,8,18,0.0,1
high_extraction,8,19,0.0,1
high_extraction,8,20,0.0,1
high_extraction,8,21,0.0,1
high_extraction,8,22,0.0,1
high_extraction,8,23,0.0,1
high_extraction,8,24,0.0,1
high_extraction,8,25,0.0,1
high_extraction,8,26,0.0,1
high_extraction,8,27,0.0,1
high_extraction,8,28,0.0,1
high_extraction,8,29,0.0,1
high_extraction,8,30,0.0,1
high_extraction,8,31,0.0,1
high_extraction,8,32,0.0,1
high_extraction,8,33,0.0,1
high_extraction,8,34,0.0,1
high_extraction,8,35,0.0,1
high_extraction,8,36,0.0,1
high_extraction,8,37,0.0,1
high_extraction,8,38,0.0,1
high_extraction,8,39,0.0,1
high_extraction,8,40,0.0,1
high_extraction,8,41,0.0,1
high_extraction,8,42,0.0,1
high_extraction,8,43,0.0,1
high_extraction,8,44,0.0,1
high_extraction,8,45,0.0,1
high_extraction,8,46,0.0,1
high_extraction,8,47,0.0,1
high_extraction,8,48,0.0,1
high_extraction,8,49,0.0,1
high_extraction,8,50,0.0,1
high_extraction,9,0,70.0,0
high_extraction,9,1,63.78,0
high_extraction,9,2,57.93820088,0
high_extraction,9,3,52.32477382,0
high_extraction,9,4,46.81504559,0
high_extraction,9,5,36.61528195,0
high_extraction,9,6,30.79281073,0
high_extraction,9,7,24.62876171,0
high_extraction,9,8,17.97010219,0
high_extraction,9,9,10.62345636,0
high_extraction,9,10,2.33253442,1
high_extraction,9,11,0.0,1
high_extraction,9,12,0.0,1
high_extraction,9,13,0.0,1
high_extraction,9,14,0.0,1
high_extraction,9,15,0.0,1
high_extraction,9,16,0.0,1
high_extraction,9,17,0.0,1
high_extraction,9,18,0.0,1
high_extraction,9,19,0.0,1
high_extraction,9,20,0.0,1
high_extraction,9,21,0.0,1
high_extraction,9,22,0.0,1
high_extraction,9,23,0.0,1
high_extraction,9,24,0.0,1
high_extraction,9,25,0.0,1
high_extraction,9,26,0.0,1
high_extraction,9,27,0.0,1
high_extraction,9,28,0.0,1
high_extraction,9,29,0.0,1
high_extraction,9,30,0.0,1
high_extraction,9,31,0.0,1
high_extraction,9,32,0.0,1
high_extraction,9,33,0.0,1
high_extraction,9,34,0.0,1
high_extraction,9,35,0.0,1
high_extraction,9,36,0.0,1
high_extraction,9,37,0.0,1
high_extraction,9,38,0.0,1
high_extraction,9,39,0.0,1
high_extraction,9,40,0.0,1
high_extraction,9,41,0.0,1
high_extraction,9,42,0.0,1
high_extraction,9,43,0.0,1
high_extraction,9,44,0.0,1
high_extraction,9,45,0.0,1
high_extraction,9,46,0.0,1
high_extraction,9,47,0.0,1
high_extraction,9,48,0.0,1
high_extraction,9,49,0.0,1
high_extraction,9,50,0.0,1
high_extraction,10,0,70.0,0
high_extraction,10,1,63.78,0
high_extraction,10,2,57.93820088,0
high_extraction,10,3,52.32477382,0
high_extraction,10,4,46.81504559,0
high_extraction,10,5,41.29678651,0
high_extraction,10,6,35.66044384,0
high_extraction,10,7,29.79032267,0
high_extraction,10,8,23.55514677,0
high_extraction,10,9,16.7963523,0
high_extraction,10,10,9.3118843,0
high_extraction,10,11,0.83194333,1
high_extraction,10,12,0.0,1
high_extraction,10,13,0.0,1
high_extraction,10,14,0.0,1
high_extraction,10,15,0.0,1
high_extraction,10,16,0.0,1
high_extraction,10,17,0.0,1
high_extraction,10,18,0.0,1
high_extraction,10,19,0.0,1
high_extraction,10,20,0.0,1
high_extraction,10,21,0.0,1
high_extraction,10,22,0.0,1
high_extraction,10,23,0.0,1
high_extraction,10,24,0.0,1
high_extraction,10,25,0.0,1
high_extraction,10,26,0.0,1
high_extraction,10,27,0.0,1
high_extraction,10,28,0.0,1
high_extraction,10,29,0.0,1
high_extraction,10,30,0.0,1
high_extraction,10,31,0.0,1
high_extraction,10,32,0.0,1
high_extraction,10,33,0.0,1
high_extraction,10,34,0.0,1
high_extraction,10,35,0.0,1
high_extraction,10,36,0.0,1
high_extraction,10,37,0.0,1
high_extraction,10,38,0.0,1
high_extraction,10,39,0.0,1
high_extraction,10,40,0.0,1
high_extraction,10,41,0.0,1
high_extraction,10,42,0.0,1
high_extraction,10,43,0.0,1
high_extraction,10,44,0.0,1
high_extraction,10,45,0.0,1
high_extraction,10,46,0.0,1
high_extraction,10,47,0.0,1
high_extraction,10,48,0.0,1
high_extraction,10,49,0.0,1
high_extraction,10,50,0.0,1
high_extraction,11,0,70.0,0
high_extraction,11,1,63.78,0
high_extraction,11,2,57.93820088,0
high_extraction,11,3,52.32477382,0
high_extraction,11,4,46.81504559,0
high_extraction,11,5,41.29678651,0
high_extraction,11,6,35.66044384,0
high_extraction,11,7,29.79032267,0
high_extraction,11,8,23.55514677,0
high_extraction,11,9,16.7963523,0
high_extraction,11,10,9.3118843,0
high_extraction,11,11,0.83194333,1
high_extraction,11,12,0.0,1
high_extraction,11,13,0.0,1
high_extraction,11,14,0.0,1
high_extraction,11,15,0.0,1
high_extraction,11,16,0.0,1
high_extraction,11,17,0.0,1
high_extraction,11,18,0.0,1
high_extraction,11,19,0.0,1
high_extraction,11,20,0.0,1
high_extraction,11,21,0.0,1
high_extraction,11,22,0.0,1
high_extraction,11,23,0.0,1
high_extraction,11,24,0.0,1
high_extraction,11,25,0.0,1
high_extraction,11,26,0.0,1
high_extraction,11,27,0.0,1
high_extraction,11,28,0.0,1
high_extraction,11,29,0.0,1
high_extraction,11,30,0.0,1
high_extraction,11,31,0.0,1
high_extraction,11,32,0.0,1
high_extraction,11,33,0.0,1
high_extraction,11,34,0.0,1
high_extraction,11,35,0.0,1
high_extraction,11,36,0.0,1
high_extraction,11,37,0.0,1
high_extraction,11,38,0.0,1
high_extraction,11,39,0.0,1
high_extraction,11,40,0.0,1
high_extraction,11,41,0.0,1
high_extraction,11,42,0.0,1
high_extraction,11,43,0.0,1
high_extraction,11,44,0.0,1
high_extraction,11,45,0.0,1
high_extraction,11,46,0.0,1
high_extraction,11,47,0.0,1
high_extraction,11,48,0.0,1
high_extraction,11,49,0.0,1
high_extraction,11,50,0.0,1
high_extraction,12,0,70.0,0
high_extraction,12,1,63.78,0
high_extraction,12,2,57.93820088,0
high_extraction,12,3,52.32477382,0
high_extraction,12,4,46.81504559,0
high_extraction,12,5,36.61528195,0
high_extraction,12,6,30.79281073,0
high_extraction,12,7,24.62876171,0
high_extraction,12,8,17.97010219,0
high_extraction,12,9,10.62345636,0
high_extraction,12,10,2.33253442,1
high_extraction,12,11,0.0,1
high_extraction,12,12,0.0,1
high_extraction,12,13,0.0,1
high_extraction,12,14,0.0,1
high_extraction,12,15,0.0,1
high_extraction,12,16,0.0,1
high_extraction,12,17,0.0,1
high_extraction,12,18,0.0,1
high_extraction,12,19,0.0,1
high_extraction,12,20,0.0,1
high_extraction,12,21,0.0,1
high_extraction,12,22,0.0,1
high_extraction,12,23,0.0,1
high_extraction,12,24,0.0,1
high_extraction,12,25,0.0,1
high_extraction,12,26,0.0,1
high_extraction,12,27,0.0,1
high_extraction,12,28,0.0,1
high_extraction,12,29,0.0,1
high_extraction,12,30,0.0,1
high_extraction,12,31,0.0,1
high_extraction,12,32,0.0,1
high_extraction,12,33,0.0,1
high_extraction,12,34,0.0,1
high_extraction,12,35,0.0,1
high_extraction,12,36,0.0,1
high_extraction,12,37,0.0,1
high_extraction,12,38,0.0,1
high_extraction,12,39,0.0,1
high_extraction,12,40,0.0,1
high_extraction,12,41,0.0,1
high_extraction,12,42,0.0,1
high_extraction,12,43,0.0,1
high_extraction,12,44,0.0,1
high_extraction,12,45,0.0,1
high_extraction,12,46,0.0,1
high_extraction,12,47,0.0,1
high_extraction,12,48,0.0,1
high_extraction,12,49,0.0,1
high_extraction,12,50,0.0,1
high_extraction,13,0,70.0,0
high_extraction,13,1,63.78,0
high_extraction,13,2,57.93820088,0
high_extraction,13,3,52.32477382,0
high_extraction,13,4,46.81504559,0
high_extraction,13,5,41.29678651,0
high_extraction,13,6,35.66044384,0
high_extraction,13,7,29.79032267,0
high_extraction,13,8,23.55514677,0
high_extraction,13,9,16.7963523,0
high_extraction,13,10,9.3118843,0
high_extraction,13,11,0.83194333,1
high_extraction,13,12,0.0,1
high_extraction,13,13,0.0,1
high_extraction,13,14,0.0,1
high_extraction,13,15,0.0,1
high_extraction,13,16,0.0,1
high_extraction,13,17,0.0,1
high_extraction,13,18,0.0,1
high_extraction,13,19,0.0,1
high_extraction,13,20,0.0,1
high_extraction,13,21,0.0,1
high_extraction,13,22,0.0,1
high_extraction,13,23,0.0,1
high_extraction,13,24,0.0,1
high_extraction,13,25,0.0,1
high_extraction,13,26,0.0,1
high_extraction,13,27,0.0,1
high_extraction,13,28,0.0,1
high_extraction,13,29,0.0,1
high_extraction,13,30,0.0,1
high_extraction,13,31,0.0,1
high_extraction,13,32,0.0,1
high_extraction,13,33,0.0,1
high_extraction,13,34,0.0,1
high_extraction,13,35,0.0,1
high_extraction,13,36,0.0,1
high_extraction,13,37,0.0,1
high_extraction,13,38,0.0,1
high_extraction,13,39,0.0,1
high_extraction,13,40,0.0,1
high_extraction,13,41,0.0,1
high_extraction,13,42,0.0,1
high_extraction,13,43,0.0,1
high_extraction,13,44,0.0,1
high_extraction,13,45,0.0,1
high_extraction,13,46,0.0,1
high_extraction,13,47,0.0,1
high_extraction,13,48,0.0,1
high_extraction,13,49,0.0,1
high_extraction,13,50,0.0,1
high_extraction,14,0,70.0,0
high_extraction,14,1,63.78,0
high_extraction,14,2,57.93820088,0
high_extraction,14,3,52.32477382,0
high_extraction,14,4,46.81504559,0
high_extraction,14,5,41.29678651,0
high_extraction,14,6,35.66044384,0
high_extraction,14,7,29.79032267,0
high_extraction,14,8,23.55514677,0
high_extraction,14,9,16.7963523,0
high_extraction,14,10,9.3118843,0
high_extraction,14,11,0.83194333,1
high_extraction,14,12,0.0,1
high_extraction,14,13,0.0,1
high_extraction,14,14,0.0,1
high_extraction,14,15,0.0,1
high_extraction,14,16,0.0,1
high_extraction,14,17,0.0,1
high_extraction,14,18,0.0,1
high_extraction,14,19,0.0,1
high_extraction,14,20,0.0,1
high_extraction,14,21,0.0,1
high_extraction,14,22,0.0,1
high_extraction,14,23,0.0,1
high_extraction,14,24,0.0,1
high_extraction,14,25,0.0,1
high_extraction,14,26,0.0,1
high_extraction,14,27,0.0,1
high_extraction,14,28,0.0,1
high_extraction,14,29,0.0,1
high_extraction,14,30,0.0,1
high_extraction,14,31,0.0,1
high_extraction,14,32,0.0,1
high_extraction,14,33,0.0,1
high_extraction,14,34,0.0,1
high_extraction,14,35,0.0,1
high_extraction,14,36,0.0,1
high_extraction,14,37,0.0,1
high_extraction,14,38,0.0,1
high_extraction,14,39,0.0,1
high_extraction,14,40,0.0,1
high_extraction,14,41,0.0,1
high_extraction,14,42,0.0,1
high_extraction,14,43,0.0,1
high_extraction,14,44,0.0,1
high_extraction,14,45,0.0,1
high_extraction,14,46,0.0,1
high_extraction,14,47,0.0,1
high_extraction,14,48,0.0,1
high_extraction,14,49,0.0,1
high_extraction,14,50,0.0,1
high_extraction,15,0,70.0,0
high_extraction,15,1,63.78,0
high_extraction,15,2,51.56020088,0
high_extraction,15,3,46.05581927,0
high_extraction,15,4,40.52781746,0
high_extraction,15,5,34.86631743,0
high_extraction,15,6,25.46743466,0
high_extraction,15,7,18.88411048,0
high_extraction,15,8,11.64135304,0
high_extraction,15,9,3.4928586,1
high_extraction,15,10,0.0,1
high_extraction,15,11,0.0,1
high_extraction,15,12,0.0,1
high_extraction,15,13,0.0,1
high_extraction,15,14,0.0,1
high_extraction,15,15,0.0,1
high_extraction,15,16,0.0,1
high_extraction,15,17,0.0,1
high_extraction,15,18,0.0,1
high_extraction,15,19,0.0,1
high_extraction,15,20,0.0,1
high_extraction,15,21,0.0,1
high_extraction,15,22,0.0,1
high_extraction,15,23,0.0,1
high_extraction,15,24,0.0,1
high_extraction,15,25,0.0,1
high_extraction,15,26,0.0,1
high_extraction,15,27,0.0,1
high_extraction,15,28,0.0,1
high_extraction,15,29,0.0,1
high_extraction,15,30,0.0,1
high_extraction,15,31,0.0,1
high_extraction,15,32,0.0,1
high_extraction,15,33,0.0,1
high_extraction,15,34,0.0,1
high_extraction,15,35,0.0,1
high_extraction,15,36,0.0,1
high_extraction,15,37,0.0,1
high_extraction,15,38,0.0,1
high_extraction,15,39,0.0,1
high_extraction,15,40,0.0,1
high_extraction,15,41,0.0,1
high_extraction,15,42,0.0,1
high_extraction,15,43,0.0,1
high_extraction,15,44,0.0,1
high_extraction,15,45,0.0,1
high_extraction,15,46,0.0,1
high_extraction,15,47,0.0,1
high_extraction,15,48,0.0,1
high_extraction,15,49,0.0,1
high_extraction,15,50,0.0,1
high_extraction,16,0,70.0,0
high_extraction,16,1,63.78,0
high_extraction,16,2,57.93820088,0
high_extraction,16,3,52.32477382,0
high_extraction,16,4,46.81504559,0
high_extraction,16,5,41.29678651,0
high_extraction,16,6,35.66044384,0
high_extraction,16,7,29.79032267,0
high_extraction,16,8,23.55514677,0
high_extraction,16,9,14.44083762,0
high_extraction,16,10,6.66482037,0
high_extraction,16,11,0.0,1
high_extraction,16,12,0.0,1
high_extraction,16,13,0.0,1
high_extraction,16,14,0.0,1
high_extraction,16,15,0.0,1
high_extraction,16,16,0.0,1
high_extraction,16,17,0.0,1
high_extraction,16,18,0.0,1
high_extraction,16,19,0.0,1
high_extraction,16,20,0.0,1
high_extraction,16,21,0.0,1
high_extraction,16,22,0.0,1
high_extraction,16,23,0.0,1
high_extraction,16,24,0.0,1
high_extraction,16,25,0.0,1
high_extraction,16,26,0.0,1
high_extraction,16,27,0.0,1
high_extraction,16,28,0.0,1
high_extraction,16,29,0.0,1
high_extraction,16,30,0.0,1
high_extraction,16,31,0.0,1
high_extraction,16,32,0.0,1
high_extraction,16,33,0.0,1
high_extraction,16,34,0.0,1
high_extraction,16,35,0.0,1
high_extraction,16,36,0.0,1
high_extraction,16,37,0.0,1
high_extraction,16,38,0.0,1
high_extraction,16,39,0.0,1
high_extraction,16,40,0.0,1
high_extraction,16,41,0.0,1
high_extraction,16,42,0.0,1
high_extraction,16,43,0.0,1
high_extraction,16,44,0.0,1
high_extraction,16,45,0.0,1
high_extraction,16,46,0.0,1
high_extraction,16,47,0.0,1
high_extraction,16,48,0.0,1
high_extraction,16,49,0.0,1
high_extraction,16,50,0.0,1
high_extraction,17,0,70.0,0
high_extraction,17,1,63.78,0
high_extraction,17,2,57.93820088,0
high_extraction,17,3,52.32477382,0
high_extraction,17,4,46.81504559,0
high_extraction,17,5,41.29678651,0
high_extraction,17,6,35.66044384,0
high_extraction,17,7,29.79032267,0
high_extraction,17,8,23.55514677,0
high_extraction,17,9,14.44083762,0
high_extraction,17,10,6.66482037,0
high_extraction,17,11,0.0,1
high_extraction,17,12,0.0,1
high_extraction,17,13,0.0,1
high_extraction,17,14,0.0,1
high_extraction,17,15,0.0,1
high_extraction,17,16,0.0,1
high_extraction,17,17,0.0,1
high_extraction,17,18,0.0,1
high_extraction,17,19,0.0,1
high_extraction,17,20,0.0,1
high_extraction,17,21,0.0,1
high_extraction,17,22,0.0,1
high_extraction,17,23,0.0,1
high_extraction,17,24,0.0,1
high_extraction,17,25,0.0,1
high_extraction,17,26,0.0,1
high_extraction,17,27,0.0,1
high_extraction,17,28,0.0,1
high_extraction,17,29,0.0,1
high_extraction,17,30,0.0,1
high_extraction,17,31,0.0,1
high_extraction,17,32,0.0,1
high_extraction,17,33,0.0,1
high_extraction,17,34,0.0,1
high_extraction,17,35,0.0,1
high_extraction,17,36,0.0,1
high_extraction,17,37,0.0,1
high_extraction,17,38,0.0,1
high_extraction,17,39,0.0,1
high_extraction,17,40,0.0,1
high_extraction,17,41,0.0,1
high_extraction,17,42,0.0,1
high_extraction,17,43,0.0,1
high_extraction,17,44,0.0,1
high_extraction,17,45,0.0,1
high_extraction,17,46,0.0,1
high_extraction,17,47,0.0,1
high_extraction,17,48,0.0,1
high_extraction,17,49,0.0,1
high_extraction,17,50,0.0,1
high_extraction,18,0,70.0,0
high_extraction,18,1,63.78,0
high_extraction,18,2,57.93820088,0
high_extraction,18,3,52.32477382,0
high_extraction,18,4,46.81504559,0
high_extraction,18,5,41.29678651,0
high_extraction,18,6,35.66044384,0
high_extraction,18,7,29.79032267,0
high_extraction,18,8,23.55514677,0
high_extraction,18,9,16.7963523,0
high_extraction,18,10,9.3118843,0
high_extraction,18,11,0.83194333,1
high_extraction,18,12,0.0,1
high_extraction,18,13,0.0,1
high_extraction,18,14,0.0,1
high_extraction,18,15,0.0,1
high_extraction,18,16,0.0,1
high_extraction,18,17,0.0,1
high_extraction,18,18,0.0,1
high_extraction,18,19,0.0,1
high_extraction,18,20,0.0,1
high_extraction,18,21,0.0,1
high_extraction,18,22,0.0,1
high_extraction,18,23,0.0,1
high_extraction,18,24,0.0,1
high_extraction,18,25,0.0,1
high_extraction,18,26,0.0,1
high_extraction,18,27,0.0,1
high_extraction,18,28,0.0,1
high_extraction,18,29,0.0,1
high_extraction,18,30,0.0,1
high_extraction,18,31,0.0,1
high_extraction,18,32,0.0,1
high_extraction,18,33,0.0,1
high_extraction,18,34,0.0,1
high_extraction,18,35,0.0,1
high_extraction,18,36,0.0,1
high_extraction,18,37,0.0,1
high_extraction,18,38,0.0,1
high_extraction,18,39,0.0,1
high_extraction,18,40,0.0,1
high_extraction,18,41,0.0,1
high_extraction,18,42,0.0,1
high_extraction,18,43,0.0,1
high_extraction,18,44,0.0,1
high_extraction,18,45,0.0,1
high_extraction,18,46,0.0,1
high_extraction,18,47,0.0,1
high_extraction,18,48,0.0,1
high_extraction,18,49,0.0,1
high_extraction,18,50,0.0,1
high_extraction,19,0,70.0,0
high_extraction,19,1,63.78,0
high_extraction,19,2,57.93820088,0
high_extraction,19,3,52.32477382,0
high_extraction,19,4,46.81504559,0
high_extraction,19,5,41.29678651,0
high_extraction,19,6,35.66044384,0
high_extraction,19,7,29.79032267,0
high_extraction,19,8,23.55514677,0
high_extraction,19,9,16.7963523,0
high_extraction,19,10,9.3118843,0
high_extraction,19,11,0.83194333,1
high_extraction,19,12,0.0,1
high_extraction,19,13,0.0,1
high_extraction,19,14,0.0,1
high_extraction,19,15,0.0,1
high_extraction,19,16,0.0,1
high_extraction,19,17,0.0,1
high_extraction,19,18,0.0,1
high_extraction,19,19,0.0,1
high_extraction,19,20,0.0,1
high_extraction,19,21,0.0,1
high_extraction,19,22,0.0,1
high_extraction,19,23,0.0,1
high_extraction,19,24,0.0,1
high_extraction,19,25,0.0,1
high_extraction,19,26,0.0,1
high_extraction,19,27,0.0,1
high_extraction,19,28,0.0,1
high_extraction,19,29,0.0,1
high_extraction,19,30,0.0,1
high_extraction,19,31,0.0,1
high_extraction,19,32,0.0,1
high_extraction,19,33,0.0,1
high_extraction,19,34,0.0,1
high_extraction,19,35,0.0,1
high_extraction,19,36,0.0,1
high_extraction,19,37,0.0,1
high_extraction,19,38,0.0,1
high_extraction,19,39,0.0,1
high_extraction,19,40,0.0,1
high_extraction,19,41,0.0,1
high_extraction,19,42,0.0,1
high_extraction,19,43,0.0,1
high_extraction,19,44,0.0,1
high_extraction,19,45,0.0,1
high_extraction,19,46,0.0,1
high_extraction,19,47,0.0,1
high_extraction,19,48,0.0,1
high_extraction,19,49,0.0,1
high_extraction,19,50,0.0,1
high_extraction,20,0,70.0,0
high_extraction,20,1,63.78,0
high_extraction,20,2,57.93820088,0
high_extraction,20,3,52.32477382,0
high_extraction,20,4,46.81504559,0
high_extraction,20,5,41.29678651,0
high_extraction,20,6,35.66044384,0
high_extraction,20,7,29.79032267,0
high_extraction,20,8,23.55514677,0
high_extraction,20,9,16.7963523,0
high_extraction,20,10,9.3118843,0
high_extraction,20,11,0.83194333,1
high_extraction,20,12,0.0,1
high_extraction,20,13,0.0,1
high_extraction,20,14,0.0,1
high_extraction,20,15,0.0,1
high_extraction,20,16,0.0,1
high_extraction,20,17,0.0,1
high_extraction,20,18,0.0,1
high_extraction,20,19,0.0,1
high_extraction,20,20,0.0,1
high_extraction,20,21,0.0,1
high_extraction,20,22,0.0,1
high_extraction,20,23,0.0,1
high_extraction,20,24,0.0,1
high_extraction,20,25,0.0,1
high_extraction,20,26,0.0,1
high_extraction,20,27,0.0,1
high_extraction,20,28,0.0,1
high_extraction,20,29,0.0,1
high_extraction,20,30,0.0,1
high_extraction,20,31,0.0,1
high_extraction,20,32,0.0,1
high_extraction,20,33,0.0,1
high_extraction,20,34,0.0,1
high_extraction,20,35,0.0,1
high_extraction,20,36,0.0,1
high_extraction,20,37,0.0,1
high_extraction,20,38,0.0,1
high_extraction,20,39,0.0,1
high_extraction,20,40,0.0,1
high_extraction,20,41,0.0,1
high_extraction,20,42,0.0,1
high_extraction,20,43,0.0,1
high_extraction,20,44,0.0,1
high_extraction,20,45,0.0,1
high_extraction,20,46,0.0,1
high_extraction,20,47,0.0,1
high_extraction,20,48,0.0,1
high_extraction,20,49,0.0,1
high_extraction,20,50,0.0,1
high_extraction,21,0,70.0,0
high_extraction,21,1,63.78,0
high_extraction,21,2,57.93820088,0
high_extraction,21,3,52.32477382,0
high_extraction,21,4,46.81504559,0
high_extraction,21,5,41.29678651,0
high_extraction,21,6,35.66044384,0
high_extraction,21,7,29.79032267,0
high_extraction,21,8,23.55514677,0
high_extraction,21,9,16.7963523,0
high_extraction,21,10,9.3118843,0
high_extraction,21,11,0.0,1
high_extraction,21,12,0.0,1
high_extraction,21,13,0.0,1
high_extraction,21,14,0.0,1
high_extraction,21,15,0.0,1
high_extraction,21,16,0.0,1
high_extraction,21,17,0.0,1
high_extraction,21,18,0.0,1
high_extraction,21,19,0.0,1
high_extraction,21,20,0.0,1
high_extraction,21,21,0.0,1
high_extraction,21,22,0.0,1
high_extraction,21,23,0.0,1
high_extraction,21,24,0.0,1
high_extraction,21,25,0.0,1
high_extraction,21,26,0.0,1
high_extraction,21,27,0.0,1
high_extraction,21,28,0.0,1
high_extraction,21,29,0.0,1
high_extraction,21,30,0.0,1
high_extraction,21,31,0.0,1
high_extraction,21,32,0.0,1
high_extraction,21,33,0.0,1
high_extraction,21,34,0.0,1
high_extraction,21,35,0.0,1
high_extraction,21,36,0.0,1
high_extraction,21,37,0.0,1
high_extraction,21,38,0.0,1
high_extraction,21,39,0.0,1
high_extraction,21,40,0.0,1
high_extraction,21,41,0.0,1
high_extraction,21,42,0.0,1
high_extraction,21,43,0.0,1
high_extraction,21,44,0.0,1
high_extraction,21,45,0.0,1
high_extraction,21,46,0.0,1
high_extraction,21,47,0.0,1
high_extraction,21,48,0.0,1
high_extraction,21,49,0.0,1
high_extraction,21,50,0.0,1
high_extraction,22,0,70.0,0
high_extraction,22,1,63.78,0
high_extraction,22,2,57.93820088,0
high_extraction,22,3,46.53095373,0
high_extraction,22,4,41.00929202,0
high_extraction,22,5,35.36379293,0
high_extraction,22,6,29.47819953,0
high_extraction,22,7,23.2201398,0
high_extraction,22,8,16.42925015,0
high_extraction,22,9,8.90065871,0
high_extraction,22,10,0.36017818,1
high_extraction,22,11,0.0,1
high_extraction,22,12,0.0,1
high_extraction,22,13,0.0,1
high_extraction,22,14,0.0,1
high_extraction,22,15,0.0,1
high_extraction,22,16,0.0,1
high_extraction,22,17,0.0,1
high_extraction,22,18,0.0,1
high_extraction,22,19,0.0,1
high_extraction,22,20,0.0,1
high_extraction,22,21,0.0,1
high_extraction,22,22,0.0,1
high_extraction,22,23,0.0,1
high_extraction,22,24,0.0,1
high_extraction,22,25,0.0,1
high_extraction,22,26,0.0,1
high_extraction,22,27,0.0,1
high_extraction,22,28,0.0,1
high_extraction,22,29,0.0,1
high_extraction,22,30,0.0,1
high_extraction,22,31,0.0,1
high_extraction,22,32,0.0,1
high_extraction,22,33,0.0,1
high_extraction,22,34,0.0,1
high_extraction,22,35,0.0,1
high_extraction,22,36,0.0,1
high_extraction,22,37,0.0,1
high_extraction,22,38,0.0,1
high_extraction,22,39,0.0,1
high_extraction,22,40,0.0,1
high_extraction,22,41,0.0,1
high_extraction,22,42,0.0,1
high_extraction,22,43,0.0,1
high_extraction,22,44,0.0,1
high_extraction,22,45,0.0,1
high_extraction,22,46,0.0,1
high_extraction,22,47,0.0,1
high_extraction,22,48,0.0,1
high_extraction,22,49,0.0,1
high_extraction,22,50,0.0,1
high_extraction,23,0,70.0,0
high_extraction,23,1,63.78,0
high_extraction,23,2,57.93820088,0
high_extraction,23,3,52.32477382,0
high_extraction,23,4,46.81504559,0
high_extraction,23,5,41.29678651,0
high_extraction,23,6,35.66044384,0
high_extraction,23,7,29.79032267,0
high_extraction,23,8,23.55514677,0
high_extraction,23,9,16.7963523,0
high_extraction,23,10,9.3118843,0
high_extraction,23,11,0.83194333,1
high_extraction,23,12,0.0,1
high_extraction,23,13,0.0,1
high_extraction,23,14,0.0,1
high_extraction,23,15,0.0,1
high_extraction,23,16,0.0,1
high_extraction,23,17,0.0,1
high_extraction,23,18,0.0,1
high_extraction,23,19,0.0,1
high_extraction,23,20,0.0,1
high_extraction,23,21,0.0,1
high_extraction,23,22,0.0,1
high_extraction,23,23,0.0,1
high_extraction,23,24,0.0,1
high_extraction,23,25,0.0,1
high_extraction,23,26,0.0,1
high_extraction,23,27,0.0,1
high_extraction,23,28,0.0,1
high_extraction,23,29,0.0,1
high_extraction,23,30,0.0,1
high_extraction,23,31,0.0,1
high_extraction,23,32,0.0,1
high_extraction,23,33,0.0,1
high_extraction,23,34,0.0,1
high_extraction,23,35,0.0,1
high_extraction,23,36,0.0,1
high_extraction,23,37,0.0,1
high_extraction,23,38,0.0,1
high_extraction,23,39,0.0,1
high_extraction,23,40,0.0,1
high_extraction,23,41,0.0,1
high_extraction,23,42,0.0,1
high_extraction,23,43,0.0,1
high_extraction,23,44,0.0,1
high_extraction,23,45,0.0,1
high_extraction,23,46,0.0,1
high_extraction,23,47,0.0,1
high_extraction,23,48,0.0,1
high_extraction,23,49,0.0,1
high_extraction,23,50,0.0,1
high_extraction,24,0,70.0,0
high_extraction,24,1,63.78,0
high_extraction,24,2,57.93820088,0
high_extraction,24,3,52.32477382,0
high_extraction,24,4,46.81504559,0
high_extraction,24,5,41.29678651,0
high_extraction,24,6,35.66044384,0
high_extraction,24,7,29.79032267,0
high_extraction,24,8,23.55514677,0
high_extraction,24,9,16.7963523,0
high_extraction,24,10,9.3118843,0
high_extraction,24,11,0.83194333,1
high_extraction,24,12,0.0,1
high_extraction,24,13,0.0,1
high_extraction,24,14,0.0,1
high_extraction,24,15,0.0,1
high_extraction,24,16,0.0,1
high_extraction,24,17,0.0,1
high_extraction,24,18,0.0,1
high_extraction,24,19,0.0,1
high_extraction,24,20,0.0,1
high_extraction,24,21,0.0,1
high_extraction,24,22,0.0,1
high_extraction,24,23,0.0,1
high_extraction,24,24,0.0,1
high_extraction,24,25,0.0,1
high_extraction,24,26,0.0,1
high_extraction,24,27,0.0,1
high_extraction,24,28,0.0,1
high_extraction,24,29,0.0,1
high_extraction,24,30,0.0,1
high_extraction,24,31,0.0,1
high_extraction,24,32,0.0,1
high_extraction,24,33,0.0,1
high_extraction,24,34,0.0,1
high_extraction,24,35,0.0,1
high_extraction,24,36,0.0,1
high_extraction,24,37,0.0,1
high_extraction,24,38,0.0,1
high_extraction,24,39,0.0,1
high_extraction,24,40,0.0,1
high_extraction,24,41,0.0,1
high_extraction,24,42,0.0,1
high_extraction,24,43,0.0,1
high_extraction,24,44,0.0,1
high_extraction,24,45,0.0,1
high_extraction,24,46,0.0,1
high_extraction,24,47,0.0,1
high_extraction,24,48,0.0,1
high_extraction,24,49,0.0,1
high_extraction,24,50,0.0,1
high_extraction,25,0,70.0,0
high_extraction,25,1,63.78,0
high_extraction,25,2,57.93820088,0
high_extraction,25,3,52.32477382,0
high_extraction,25,4,46.81504559,0
high_extraction,25,5,41.29678651,0
high_extraction,25,6,35.66044384,0
high_extraction,25,7,26.22427829,0
high_extraction,25,8,19.70676539,0
high_extraction,25,9,12.55494128,0
high_extraction,25,10,4.53110292,1
high_extraction,25,11,0.0,1
high_extraction,25,12,0.0,1
high_extraction,25,13,0.0,1
high_extraction,25,14,0.0,1
high_extraction,25,15,0.0,1
high_extraction,25,16,0.0,1
high_extraction,25,17,0.0,1
high_extraction,25,18,0.0,1
high_extraction,25,19,0.0,1
high_extraction,25,20,0.0,1
high_extraction,25,21,0.0,1
high_extraction,25,22,0.0,1
high_extraction,25,23,0.0,1
high_extraction,25,24,0.0,1
high_extraction,25,25,0.0,1
high_extraction,25,26,0.0,1
high_extraction,25,27,0.0,1
high_extraction,25,28,0.0,1
high_extraction,25,29,0.0,1
high_extraction,25,30,0.0,1
high_extraction,25,31,0.0,1
high_extraction,25,32,0.0,1
high_extraction,25,33,0.0,1
high_extraction,25,34,0.0,1
high_extraction,25,35,0.0,1
high_extraction,25,36,0.0,1
high_extraction,25,37,0.0,1
high_extraction,25,38,0.0,1
high_extraction,25,39,0.0,1
high_extraction,25,40,0.0,1
high_extraction,25,41,0.0,1
high_extraction,25,42,0.0,1
high_extraction,25,43,0.0,1
high_extraction,25,44,0.0,1
high_extraction,25,45,0.0,1
high_extraction,25,46,0.0,1
high_extraction,25,47,0.0,1
high_extraction,25,48,0.0,1
high_extraction,25,49,0.0,1
high_extraction,25,50,0.0,1
high_extraction,26,0,70.0,0
high_extraction,26,1,63.78,0
high_extraction,26,2,57.93820088,0
high_extraction,26,3,52.32477382,0
high_extraction,26,4,46.81504559,0
high_extraction,26,5,41.29678651,0
high_extraction,26,6,35.66044384,0
high_extraction,26,7,29.79032267,0
high_extraction,26,8,20.5761145,0
high_extraction,26,9,13.51773743,0
high_extraction,26,10,5.62201757,0
high_extraction,26,11,0.0,1
high_extraction,26,12,0.0,1
high_extraction,26,13,0.0,1
high_extraction,26,14,0.0,1
high_extraction,26,15,0.0,1
high_extraction,26,16,0.0,1
high_extraction,26,17,0.0,1
high_extraction,26,18,0.0,1
high_extraction,26,19,0.0,1
high_extraction,26,20,0.0,1
high_extraction,26,21,0.0,1
high_extraction,26,22,0.0,1
high_extraction,26,23,0.0,1
high_extraction,26,24,0.0,1
high_extraction,26,25,0.0,1
high_extraction,26,26,0.0,1
high_extraction,26,27,0.0,1
high_extraction,26,28,0.0,1
high_extraction,26,29,0.0,1
high_extraction,26,30,0.0,1
high_extraction,26,31,0.0,1
high_extraction,26,32,0.0,1
high_extraction,26,33,0.0,1
high_extraction,26,34,0.0,1
high_extraction,26,35,0.0,1
high_extraction,26,36,0.0,1
high_extraction,26,37,0.0,1
high_extraction,26,38,0.0,1
high_extraction,26,39,0.0,1
high_extraction,26,40,0.0,1
high_extraction,26,41,0.0,1
high_extraction,26,42,0.0,1
high_extraction,26,43,0.0,1
high_extraction,26,44,0.0,1
high_extraction,26,45,0.0,1
high_extraction,26,46,0.0,1
high_extraction,26,47,0.0,1
high_extraction,26,48,0.0,1
high_extraction,26,49,0.0,1
high_extraction,26,50,0.0,1
high_extraction,27,0,70.0,0
high_extraction,27,1,63.78,0
high_extraction,27,2,57.93820088,0
high_extraction,27,3,52.32477382,0
high_extraction,27,4,46.81504559,0
high_extraction,27,5,41.29678651,0
high_extraction,27,6,35.66044384,0
high_extraction,27,7,29.79032267,0
high_extraction,27,8,23.55514677,0
high_extraction,27,9,16.7963523,0
high_extraction,27,10,9.3118843,0
high_extraction,27,11,0.83194333,1
high_extraction,27,12,0.0,1
high_extraction,27,13,0.0,1
high_extraction,27,14,0.0,1
high_extraction,27,15,0.0,1
high_extraction,27,16,0.0,1
high_extraction,27,17,0.0,1
high_extraction,27,18,0.0,1
high_extraction,27,19,0.0,1
high_extraction,27,20,0.0,1
high_extraction,27,21,0.0,1
high_extraction,27,22,0.0,1
high_extraction,27,23,0.0,1
high_extraction,27,24,0.0,1
high_extraction,27,25,0.0,1
high_extraction,27,26,0.0,1
high_extraction,27,27,0.0,1
high_extraction,27,28,0.0,1
high_extraction,27,29,0.0,1
high_extraction,27,30,0.0,1
high_extraction,27,31,0.0,1
high_extraction,27,32,0.0,1
high_extraction,27,33,0.0,1
high_extraction,27,34,0.0,1
high_extraction,27,35,0.0,1
high_extraction,27,36,0.0,1
high_extraction,27,37,0.0,1
high_extraction,27,38,0.0,1
high_extraction,27,39,0.0,1
high_extraction,27,40,0.0,1
high_extraction,27,41,0.0,1
high_extraction,27,42,0.0,1
high_extraction,27,43,0.0,1
high_extraction,27,44,0.0,1
high_extraction,27,45,0.0,1
high_extraction,27,46,0.0,1
high_extraction,27,47,0.0,1
high_extraction,27,48,0.0,1
high_extraction,27,49,0.0,1
high_extraction,27,50,0.0,1
high_extraction,28,0,70.0,0
high_extraction,28,1,63.78,0
high_extraction,28,2,57.93820088,0
high_extraction,28,3,52.32477382,0
high_extraction,28,4,46.81504559,0
high_extraction,28,5,41.29678651,0
high_extraction,28,6,35.66044384,0
high_extraction,28,7,29.79032267,0
high_extraction,28,8,23.55514677,0
high_extraction,28,9,16.7963523,0
high_extraction,28,10,9.3118843,0
high_extraction,28,11,0.83194333,1
high_extraction,28,12,0.0,1
high_extraction,28,13,0.0,1
high_extraction,28,14,0.0,1
high_extraction,28,15,0.0,1
high_extraction,28,16,0.0,1
high_extraction,28,17,0.0,1
high_extraction,28,18,0.0,1
high_extraction,28,19,0.0,1
high_extraction,28,20,0.0,1
high_extraction,28,21,0.0,1
high_extraction,28,22,0.0,1
high_extraction,28,23,0.0,1
high_extraction,28,24,0.0,1
high_extraction,28,25,0.0,1
high_extraction,28,26,0.0,1
high_extraction,28,27,0.0,1
high_extraction,28,28,0.0,1
high_extraction,28,29,0.0,1
high_extraction,28,30,0.0,1
high_extraction,28,31,0.0,1
high_extraction,28,32,0.0,1
high_extraction,28,33,0.0,1
high_extraction,28,34,0.0,1
high_extraction,28,35,0.0,1
high_extraction,28,36,0.0,1
high_extraction,28,37,0.0,1
high_extraction,28,38,0.0,1
high_extraction,28,39,0.0,1
high_extraction,28,40,0.0,1
high_extraction,28,41,0.0,1
high_extraction,28,42,0.0,1
high_extraction,28,43,0.0,1
high_extraction,28,44,0.0,1
high_extraction,28,45,0.0,1
high_extraction,28,46,0.0,1
high_extraction,28,47,0.0,1
high_extraction,28,48,0.0,1
high_extraction,28,49,0.0,1
high_extraction,28,50,0.0,1
high_extraction,29,0,70.0,0
high_extraction,29,1,63.78,0
high_extraction,29,2,57.93820088,0
high_extraction,29,3,52.32477382,0
high_extraction,29,4,46.81504559,0
high_extraction,29,5,41.29678651,0
high_extraction,29,6,35.66044384,0
high_extraction,29,7,29.79032267,0
high_extraction,29,8,23.55514677,0
high_extraction,29,9,16.7963523,0
high_extraction,29,10,9.3118843,0
high_extraction,29,11,0.83194333,1
high_extraction,29,12,0.0,1
high_extraction,29,13,0.0,1
high_extraction,29,14,0.0,1
high_extraction,29,15,0.0,1
high_extraction,29,16,0.0,1
high_extraction,29,17,0.0,1
high_extraction,29,18,0.0,1
high_extraction,29,19,0.0,1
high_extraction,29,20,0.0,1
high_extraction,29,21,0.0,1
high_extraction,29,22,0.0,1
high_extraction,29,23,0.0,1
high_extraction,29,24,0.0,1
high_extraction,29,25,0.0,1
high_extraction,29,26,0.0,1
high_extraction,29,27,0.0,1
high_extraction,29,28,0.0,1
high_extraction,29,29,0.0,1
high_extraction,29,30,0.0,1
high_extraction,29,31,0.0,1
high_extraction,29,32,0.0,1
high_extraction,29,33,0.0,1
high_extraction,29,34,0.0,1
high_extraction,29,35,0.0,1
high_extraction,29,36,0.0,1
high_extraction,29,37,0.0,1
high_extraction,29,38,0.0,1
high_extraction,29,39,0.0,1
high_extraction,29,40,0.0,1
high_extraction,29,41,0.0,1
high_extraction,29,42,0.0,1
high_extraction,29,43,0.0,1
high_extraction,29,44,0.0,1
high_extraction,29,45,0.0,1
high_extraction,29,46,0.0,1
high_extraction,29,47,0.0,1
high_extraction,29,48,0.0,1
high_extraction,29,49,0.0,1
high_extraction,29,50,0.0,1
high_extraction,30,0,70.0,0
high_extraction,30,1,63.78,0
high_extraction,30,2,57.93820088,0
high_extraction,30,3,46.53095373,0
high_extraction,30,4,41.00929202,0
high_extraction,30,5,35.36379293,0
high_extraction,30,6,29.47819953,0
high_extraction,30,7,23.2201398,0
high_extraction,30,8,16.42925015,0
high_extraction,30,9,8.90065871,0
high_extraction,30,10,0.36017818,1
high_extraction,30,11,0.0,1
high_extraction,30,12,0.0,1
high_extraction,30,13,0.0,1
high_extraction,30,14,0.0,1
high_extraction,30,15,0.0,1
high_extraction,30,16,0.0,1
high_extraction,30,17,0.0,1
high_extraction,30,18,0.0,1
high_extraction,30,19,0.0,1
high_extraction,30,20,0.0,1
high_extraction,30,21,0.0,1
high_extraction,30,22,0.0,1
high_extraction,30,23,0.0,1
high_extraction,30,24,0.0,1
high_extraction,30,25,0.0,1
high_extraction,30,26,0.0,1
high_extraction,30,27,0.0,1
high_extraction,30,28,0.0,1
high_extraction,30,29,0.0,1
high_extraction,30,30,0.0,1
high_extraction,30,31,0.0,1
high_extraction,30,32,0.0,1
high_extraction,30,33,0.0,1
high_extraction,30,34,0.0,1
high_extraction,30,35,0.0,1
high_extraction,30,36,0.0,1
high_extraction,30,37,0.0,1
high_extraction,30,38,0.0,1
high_extraction,30,39,0.0,1
high_extraction,30,40,0.0,1
high_extraction,30,41,0.0,1
high_extraction,30,42,0.0,1
high_extraction,30,43,0.0,1
high_extraction,30,44,0.0,1
high_extraction,30,45,0.0,1
high_extraction,30,46,0.0,1
high_extraction,30,47,0.0,1
high_extraction,30,48,0.0,1
high_extraction,30,49,0.0,1
high_extraction,30,50,0.0,1
high_extraction,31,0,70.0,0
high_extraction,31,1,56.78,0
high_extraction,31,2,51.19725688,0
high_extraction,31,3,45.69467672,0
high_extraction,31,4,40.16131226,0
high_extraction,31,5,34.48707266,0
high_extraction,31,6,28.55390102,0
high_extraction,31,7,22.22601773,0
high_extraction,31,8,15.33750836,0
high_extraction,31,9,7.67482937,0
high_extraction,31,10,0.0,1
high_extraction,31,11,0.0,1
high_extraction,31,12,0.0,1
high_extraction,31,13,0.0,1
high_extraction,31,14,0.0,1
high_extraction,31,15,0.0,1
high_extraction,31,16,0.0,1
high_extraction,31,17,0.0,1
high_extraction,31,18,0.0,1
high_extraction,31,19,0.0,1
high_extraction,31,20,0.0,1
high_extraction,31,21,0.0,1
high_extraction,31,22,0.0,1
high_extraction,31,23,0.0,1
high_extraction,31,24,0.0,1
high_extraction,31,25,0.0,1
high_extraction,31,26,0.0,1
high_extraction,31,27,0.0,1
high_extraction,31,28,0.0,1
high_extraction,31,29,0.0,1
high_extraction,31,30,0.0,1
high_extraction,31,31,0.0,1
high_extraction,31,32,0.0,1
high_extraction,31,33,0.0,1
high_extraction,31,34,0.0,1
high_extraction,31,35,0.0,1
high_extraction,31,36,0.0,1
high_extraction,31,37,0.0,1
high_extraction,31,38,0.0,1
high_extraction,31,39,0.0,1
high_extraction,31,40,0.0,1
high_extraction,31,41,0.0,1
high_extraction,31,42,0.0,1
high_extraction,31,43,0.0,1
high_extraction,31,44,0.0,1
high_extraction,31,45,0.0,1
high_extraction,31,46,0.0,1
high_extraction,31,47,0.0,1
high_extraction,31,48,0.0,1
high_extraction,31,49,0.0,1
high_extraction,31,50,0.0,1
high_extraction,32,0,70.0,0
high_extraction,32,1,63.78,0
high_extraction,32,2,57.93820088,0
high_extraction,32,3,52.32477382,0
high_extraction,32,4,46.81504559,0
high_extraction,32,5,41.29678651,0
high_extraction,32,6,35.66044384,0
high_extraction,32,7,29.79032267,0
high_extraction,32,8,23.55514677,0
high_extraction,32,9,16.7963523,0
high_extraction,32,10,9.3118843,0
high_extraction,32,11,0.83194333,1
high_extraction,32,12,0.0,1
high_extraction,32,13,0.0,1
high_extraction,32,14,0.0,1
high_extraction,32,15,0.0,1
high_extraction,32,16,0.0,1
high_extraction,32,17,0.0,1
high_extraction,32,18,0.0,1
high_extraction,32,19,0.0,1
high_extraction,32,20,0.0,1
high_extraction,32,21,0.0,1
high_extraction,32,22,0.0,1
high_extraction,32,23,0.0,1
high_extraction,32,24,0.0,1
high_extraction,32,25,0.0,1
high_extraction,32,26,0.0,1
high_extraction,32,27,0.0,1
high_extraction,32,28,0.0,1
high_extraction,32,29,0.0,1
high_extraction,32,30,0.0,1
high_extraction,32,31,0.0,1
high_extraction,32,32,0.0,1
high_extraction,32,33,0.0,1
high_extraction,32,34,0.0,1
high_extraction,32,35,0.0,1
high_extraction,32,36,0.0,1
high_extraction,32,37,0.0,1
high_extraction,32,38,0.0,1
high_extraction,32,39,0.0,1
high_extraction,32,40,0.0,1
high_extraction,32,41,0.0,1
high_extraction,32,42,0.0,1
high_extraction,32,43,0.0,1
high_extraction,32,44,0.0,1
high_extraction,32,45,0.0,1
high_extraction,32,46,0.0,1
high_extraction,32,47,0.0,1
high_extraction,32,48,0.0,1
high_extraction,32,49,0.0,1
high_extraction,32,50,0.0,1
high_extraction,33,0,70.0,0
high_extraction,33,1,63.78,0
high_extraction,33,2,57.93820088,0
high_extraction,33,3,52.32477382,0
high_extraction,33,4,46.81504559,0
high_extraction,33,5,41.29678651,0
high_extraction,33,6,35.66044384,0
high_extraction,33,7,29.79032267,0
high_extraction,33,8,23.55514677,0
high_extraction,33,9,16.7963523,0
high_extraction,33,10,9.3118843,0
high_extraction,33,11,0.83194333,1
high_extraction,33,12,0.0,1
high_extraction,33,13,0.0,1
high_extraction,33,14,0.0,1
high_extraction,33,15,0.0,1
high_extraction,33,16,0.0,1
high_extraction,33,17,0.0,1
high_extraction,33,18,0.0,1
high_extraction,33,19,0.0,1
high_extraction,33,20,0.0,1
high_extraction,33,21,0.0,1
high_extraction,33,22,0.0,1
high_extraction,33,23,0.0,1
high_extraction,33,24,0.0,1
high_extraction,33,25,0.0,1
high_extraction,33,26,0.0,1
high_extraction,33,27,0.0,1
high_extraction,33,28,0.0,1
high_extraction,33,29,0.0,1
high_extraction,33,30,0.0,1
high_extraction,33,31,0.0,1
high_extraction,33,32,0.0,1
high_extraction,33,33,0.0,1
high_extraction,33,34,0.0,1
high_extraction,33,35,0.0,1
high_extraction,33,36,0.0,1
high_extraction,33,37,0.0,1
high_extraction,33,38,0.0,1
high_extraction,33,39,0.0,1
high_extraction,33,40,0.0,1
high_extraction,33,41,0.0,1
high_extraction,33,42,0.0,1
high_extraction,33,43,0.0,1
high_extraction,33,44,0.0,1
high_extraction,33,45,0.0,1
high_extraction,33,46,0.0,1
high_extraction,33,47,0.0,1
high_extraction,33,48,0.0,1
high_extraction,33,49,0.0,1
high_extraction,33,50,0.0,1
high_extraction,34,0,70.0,0
high_extraction,34,1,63.78,0
high_extraction,34,2,57.93820088,0
high_extraction,34,3,52.32477382,0
high_extraction,34,4,46.81504559,0
high_extraction,34,5,41.29678651,0
high_extraction,34,6,35.66044384,0
high_extraction,34,7,29.79032267,0
high_extraction,34,8,23.55514677,0
high_extraction,34,9,16.7963523,0
high_extraction,34,10,9.3118843,0
high_extraction,34,11,0.83194333,1
high_extraction,34,12,0.0,1
high_extraction,34,13,0.0,1
high_extraction,34,14,0.0,1
high_extraction,34,15,0.0,1
high_extraction,34,16,0.0,1
high_extraction,34,17,0.0,1
high_extraction,34,18,0.0,1
high_extraction,34,19,0.0,1
high_extraction,34,20,0.0,1
high_extraction,34,21,0.0,1
high_extraction,34,22,0.0,1
high_extraction,34,23,0.0,1
high_extraction,34,24,0.0,1
high_extraction,34,25,0.0,1
high_extraction,34,26,0.0,1
high_extraction,34,27,0.0,1
high_extraction,34,28,0.0,1
high_extraction,34,29,0.0,1
high_extraction,34,30,0.0,1
high_extraction,34,31,0.0,1
high_extraction,34,32,0.0,1
high_extraction,34,33,0.0,1
high_extraction,34,34,0.0,1
high_extraction,34,35,0.0,1
high_extraction,34,36,0.0,1
high_extraction,34,37,0.0,1
high_extraction,34,38,0.0,1
high_extraction,34,39,0.0,1
high_extraction,34,40,0.0,1
high_extraction,34,41,0.0,1
high_extraction,34,42,0.0,1
high_extraction,34,43,0.0,1
high_extraction,34,44,0.0,1
high_extraction,34,45,0.0,1
high_extraction,34,46,0.0,1
high_extraction,34,47,0.0,1
high_extraction,34,48,0.0,1
high_extraction,34,49,0.0,1
high_extraction,34,50,0.0,1
high_extraction,35,0,70.0,0
high_extraction,35,1,63.78,0
high_extraction,35,2,57.93820088,0
high_extraction,35,3,52.32477382,0
high_extraction,35,4,46.81504559,0
high_extraction,35,5,41.29678651,0
high_extraction,35,6,35.66044384,0
high_extraction,35,7,29.79032267,0
high_extraction,35,8,23.55514677,0
high_extraction,35,9,16.7963523,0
high_extraction,35,10,9.3118843,0
high_extraction,35,11,0.83194333,1
high_extraction,35,12,0.0,1
high_extraction,35,13,0.0,1
high_extraction,35,14,0.0,1
high_extraction,35,15,0.0,1
high_extraction,35,16,0.0,1
high_extraction,35,17,0.0,1
high_extraction,35,18,0.0,1
high_extraction,35,19,0.0,1
high_extraction,35,20,0.0,1
high_extraction,35,21,0.0,1
high_extraction,35,22,0.0,1
high_extraction,35,23,0.0,1
high_extraction,35,24,0.0,1
high_extraction,35,25,0.0,1
high_extraction,35,26,0.0,1
high_extraction,35,27,0.0,1
high_extraction,35,28,0.0,1
high_extraction,35,29,0.0,1
high_extraction,35,30,0.0,1
high_extraction,35,31,0.0,1
high_extraction,35,32,0.0,1
high_extraction,35,33,0.0,1
high_extraction,35,34,0.0,1
high_extraction,35,35,0.0,1
high_extraction,35,36,0.0,1
high_extraction,35,37,0.0,1
high_extraction,35,38,0.0,1
high_extraction,35,39,0.0,1
high_extraction,35,40,0.0,1
high_extraction,35,41,0.0,1
high_extraction,35,42,0.0,1
high_extraction,35,43,0.0,1
high_extraction,35,44,0.0,1
high_extraction,35,45,0.0,1
high_extraction,35,46,0.0,1
high_extraction,35,47,0.0,1
high_extraction,35,48,0.0,1
high_extraction,35,49,0.0,1
high_extraction,35,50,0.0,1
high_extraction,36,0,70.0,0
high_extraction,36,1,63.78,0
high_extraction,36,2,57.93820088,0
high_extraction,36,3,52.32477382,0
high_extraction,36,4,46.81504559,0
high_extraction,36,5,41.29678651,0
high_extraction,36,6,35.66044384,0
high_extraction,36,7,26.22427829,0
high_extraction,36,8,19.70676539,0
high_extraction,36,9,12.55494128,0
high_extraction,36,10,4.53110292,1
high_extraction,36,11,0.0,1
high_extraction,36,12,0.0,1
high_extraction,36,13,0.0,1
high_extraction,36,14,0.0,1
high_extraction,36,15,0.0,1
high_extraction,36,16,0.0,1
high_extraction,36,17,0.0,1
high_extraction,36,18,0.0,1
high_extraction,36,19,0.0,1
high_extraction,36,20,0.0,1
high_extraction,36,21,0.0,1
high_extraction,36,22,0.0,1
high_extraction,36,23,0.0,1
high_extraction,36,24,0.0,1
high_extraction,36,25,0.0,1
high_extraction,36,26,0.0,1
high_extraction,36,27,0.0,1
high_extraction,36,28,0.0,1
high_extraction,36,29,0.0,1
high_extraction,36,30,0.0,1
high_extraction,36,31,0.0,1
high_extraction,36,32,0.0,1
high_extraction,36,33,0.0,1
high_extraction,36,34,0.0,1
high_extraction,36,35,0.0,1
high_extraction,36,36,0.0,1
high_extraction,36,37,0.0,1
high_extraction,36,38,0.0,1
high_extraction,36,39,0.0,1
high_extraction,36,40,0.0,1
high_extraction,36,41,0.0,1
high_extraction,36,42,0.0,1
high_extraction,36,43,0.0,1
high_extraction,36,44,0.0,1
high_extraction,36,45,0.0,1
high_extraction,36,46,0.0,1
high_extraction,36,47,0.0,1
high_extraction,36,48,0.0,1
high_extraction,36,49,0.0,1
high_extraction,36,50,0.0,1
high_extraction,37,0,70.0,0
high_extraction,37,1,63.78,0
high_extraction,37,2,57.93820088,0
high_extraction,37,3,52.32477382,0
high_extraction,37,4,46.81504559,0
high_extraction,37,5,41.29678651,0
high_extraction,37,6,35.66044384,0
high_extraction,37,7,29.79032267,0
high_extraction,37,8,23.55514677,0
high_extraction,37,9,16.7963523,0
high_extraction,37,10,9.3118843,0
high_extraction,37,11,0.83194333,1
high_extraction,37,12,0.0,1
high_extraction,37,13,0.0,1
high_extraction,37,14,0.0,1
high_extraction,37,15,0.0,1
high_extraction,37,16,0.0,1
high_extraction,37,17,0.0,1
high_extraction,37,18,0.0,1
high_extraction,37,19,0.0,1
high_extraction,37,20,0.0,1
high_extraction,37,21,0.0,1
high_extraction,37,22,0.0,1
high_extraction,37,23,0.0,1
high_extraction,37,24,0.0,1
high_extraction,37,25,0.0,1
high_extraction,37,26,0.0,1
high_extraction,37,27,0.0,1
high_extraction,37,28,0.0,1
high_extraction,37,29,0.0,1
high_extraction,37,30,0.0,1
high_extraction,37,31,0.0,1
high_extraction,37,32,0.0,1
high_extraction,37,33,0.0,1
high_extraction,37,34,0.0,1
high_extraction,37,35,0.0,1
high_extraction,37,36,0.0,1
high_extraction,37,37,0.0,1
high_extraction,37,38,0.0,1
high_extraction,37,39,0.0,1
high_extraction,37,40,0.0,1
high_extraction,37,41,0.0,1
high_extraction,37,42,0.0,1
high_extraction,37,43,0.0,1
high_extraction,37,44,0.0,1
high_extraction,37,45,0.0,1
high_extraction,37,46,0.0,1
high_extraction,37,47,0.0,1
high_extraction,37,48,0.0,1
high_extraction,37,49,0.0,1
high_extraction,37,50,0.0,1
high_extraction,38,0,70.0,0
high_extraction,38,1,63.78,0
high_extraction,38,2,57.93820088,0
high_extraction,38,3,52.32477382,0
high_extraction,38,4,46.81504559,0
high_extraction,38,5,41.29678651,0
high_extraction,38,6,35.66044384,0
high_extraction,38,7,29.79032267,0
high_extraction,38,8,23.55514677,0
high_extraction,38,9,16.7963523,0
high_extraction,38,10,9.3118843,0
high_extraction,38,11,0.83194333,1
high_extraction,38,12,0.0,1
high_extraction,38,13,0.0,1
high_extraction,38,14,0.0,1
high_extraction,38,15,0.0,1
high_extraction,38,16,0.0,1
high_extraction,38,17,0.0,1
high_extraction,38,18,0.0,1
high_extraction,38,19,0.0,1
high_extraction,38,20,0.0,1
high_extraction,38,21,0.0,1
high_extraction,38,22,0.0,1
high_extraction,38,23,0.0,1
high_extraction,38,24,0.0,1
high_extraction,38,25,0.0,1
high_extraction,38,26,0.0,1
high_extraction,38,27,0.0,1
high_extraction,38,28,0.0,1
high_extraction,38,29,0.0,1
high_extraction,38,30,0.0,1
high_extraction,38,31,0.0,1
high_extraction,38,32,0.0,1
high_extraction,38,33,0.0,1
high_extraction,38,34,0.0,1
high_extraction,38,35,0.0,1
high_extraction,38,36,0.0,1
high_extraction,38,37,0.0,1
high_extraction,38,38,0.0,1
high_extraction,38,39,0.0,1
high_extraction,38,40,0.0,1
high_extraction,38,41,0.0,1
high_extraction,38,42,0.0,1
high_extraction,38,43,0.0,1
high_extraction,38,44,0.0,1
high_extraction,38,45,0.0,1
high_extraction,38,46,0.0,1
high_extraction,38,47,0.0,1
high_extraction,38,48,0.0,1
high_extraction,38,49,0.0,1
high_extraction,38,50,0.0,1
high_extraction,39,0,70.0,0
high_extraction,39,1,63.78,0
high_extraction,39,2,57.93820088,0
high_extraction,39,3,52.32477382,0
high_extraction,39,4,46.81504559,0
high_extraction,39,5,41.29678651,0
high_extraction,39,6,35.66044384,0
high_extraction,39,7,29.79032267,0
high_extraction,39,8,23.55514677,0
high_extraction,39,9,16.7963523,0
high_extraction,39,10,9.3118843,0
high_extraction,39,11,0.83194333,1
high_extraction,39,12,0.0,1
high_extraction,39,13,0.0,1
high_extraction,39,14,0.0,1
high_extraction,39,15,0.0,1
high_extraction,39,16,0.0,1
high_extraction,39,17,0.0,1
high_extraction,39,18,0.0,1
high_extraction,39,19,0.0,1
high_extraction,39,20,0.0,1
high_extraction,39,21,0.0,1
high_extraction,39,22,0.0,1
high_extraction,39,23,0.0,1
high_extraction,39,24,0.0,1
high_extraction,39,25,0.0,1
high_extraction,39,26,0.0,1
high_extraction,39,27,0.0,1
high_extraction,39,28,0.0,1
high_extraction,39,29,0.0,1
high_extraction,39,30,0.0,1
high_extraction,39,31,0.0,1
high_extraction,39,32,0.0,1
high_extraction,39,33,0.0,1
high_extraction,39,34,0.0,1
high_extraction,39,35,0.0,1
high_extraction,39,36,0.0,1
high_extraction,39,37,0.0,1
high_extraction,39,38,0.0,1
high_extraction,39,39,0.0,1
high_extraction,39,40,0.0,1
high_extraction,39,41,0.0,1
high_extraction,39,42,0.0,1
high_extraction,39,43,0.0,1
high_extraction,39,44,0.0,1
high_extraction,39,45,0.0,1
high_extraction,39,46,0.0,1
high_extraction,39,47,0.0,1
high_extraction,39,48,0.0,1
high_extraction,39,49,0.0,1
high_extraction,39,50,0.0,1
high_extraction,40,0,70.0,0
high_extraction,40,1,63.78,0
high_extraction,40,2,57.93820088,0
high_extraction,40,3,46.53095373,0
high_extraction,40,4,41.00929202,0
high_extraction,40,5,35.36379293,0
high_extraction,40,6,29.47819953,0
high_extraction,40,7,23.2201398,0
high_extraction,40,8,16.42925015,0
high_extraction,40,9,8.90065871,0
high_extraction,40,10,0.36017818,1
high_extraction,40,11,0.0,1
high_extraction,40,12,0.0,1
high_extraction,40,13,0.0,1
high_extraction,40,14,0.0,1
high_extraction,40,15,0.0,1
high_extraction,40,16,0.0,1
high_extraction,40,17,0.0,1
high_extraction,40,18,0.0,1
high_extraction,40,19,0.0,1
high_extraction,40,20,0.0,1
high_extraction,40,21,0.0,1
high_extraction,40,22,0.0,1
high_extraction,40,23,0.0,1
high_extraction,40,24,0.0,1
high_extraction,40,25,0.0,1
high_extraction,40,26,0.0,1
high_extraction,40,27,0.0,1
high_extraction,40,28,0.0,1
high_extraction,40,29,0.0,1
high_extraction,40,30,0.0,1
high_extraction,40,31,0.0,1
high_extraction,40,32,0.0,1
high_extraction,40,33,0.0,1
high_extraction,40,34,0.0,1
high_extraction,40,35,0.0,1
high_extraction,40,36,0.0,1
high_extraction,40,37,0.0,1
high_extraction,40,38,0.0,1
high_extraction,40,39,0.0,1
high_extraction,40,40,0.0,1
high_extraction,40,41,0.0,1
high_extraction,40,42,0.0,1
high_extraction,40,43,0.0,1
high_extraction,40,44,0.0,1
high_extraction,40,45,0.0,1
high_extraction,40,46,0.0,1
high_extraction,40,47,0.0,1
high_extraction,40,48,0.0,1
high_extraction,40,49,0.0,1
high_extraction,40,50,0.0,1
high_extraction,41,0,70.0,0
high_extraction,41,1,63.78,0
high_extraction,41,2,57.93820088,0
high_extraction,41,3,52.32477382,0
high_extraction,41,4,46.81504559,0
high_extraction,41,5,41.29678651,0
high_extraction,41,6,35.66044384,0
high_extraction,41,7,29.79032267,0
high_extraction,41,8,23.55514677,0
high_extraction,41,9,16.7963523,0
high_extraction,41,10,9.3118843,0
high_extraction,41,11,0.83194333,1
high_extraction,41,12,0.0,1
high_extraction,41,13,0.0,1
high_extraction,41,14,0.0,1
high_extraction,41,15,0.0,1
high_extraction,41,16,0.0,1
high_extraction,41,17,0.0,1
high_extraction,41,18,0.0,1
high_extraction,41,19,0.0,1
high_extraction,41,20,0.0,1
high_extraction,41,21,0.0,1
high_extraction,41,22,0.0,1
high_extraction,41,23,0.0,1
high_extraction,41,24,0.0,1
high_extraction,41,25,0.0,1
high_extraction,41,26,0.0,1
high_extraction,41,27,0.0,1
high_extraction,41,28,0.0,1
high_extraction,41,29,0.0,1
high_extraction,41,30,0.0,1
high_extraction,41,31,0.0,1
high_extraction,41,32,0.0,1
high_extraction,41,33,0.0,1
high_extraction,41,34,0.0,1
high_extraction,41,35,0.0,1
high_extraction,41,36,0.0,1
high_extraction,41,37,0.0,1
high_extraction,41,38,0.0,1
high_extraction,41,39,0.0,1
high_extraction,41,40,0.0,1
high_extraction,41,41,0.0,1
high_extraction,41,42,0.0,1
high_extraction,41,43,0.0,1
high_extraction,41,44,0.0,1
high_extraction,41,45,0.0,1
high_extraction,41,46,0.0,1
high_extraction,41,47,0.0,1
high_extraction,41,48,0.0,1
high_extraction,41,49,0.0,1
high_extraction,41,50,0.0,1
high_extraction,42,0,70.0,0
high_extraction,42,1,63.78,0
high_extraction,42,2,51.56020088,0
high_extraction,42,3,46.05581927,0
high_extraction,42,4,40.52781746,0
high_extraction,42,5,34.86631743,0
high_extraction,42,6,28.9540664,0
high_extraction,42,7,22.65679002,0
high_extraction,42,8,15.81101798,0
high_extraction,42,9,8.2070223,0
high_extraction,42,10,0.0,1
high_extraction,42,11,0.0,1
high_extraction,42,12,0.0,1
high_extraction,42,13,0.0,1
high_extraction,42,14,0.0,1
high_extraction,42,15,0.0,1
high_extraction,42,16,0.0,1
high_extraction,42,17,0.0,1
high_extraction,42,18,0.0,1
high_extraction,42,19,0.0,1
high_extraction,42,20,0.0,1
high_extraction,42,21,0.0,1
high_extraction,42,22,0.0,1
high_extraction,42,23,0.0,1
high_extraction,42,24,0.0,1
high_extraction,42,25,0.0,1
high_extraction,42,26,0.0,1
high_extraction,42,27,0.0,1
high_extraction,42,28,0.0,1
high_extraction,42,29,0.0,1
high_extraction,42,30,0.0,1
high_extraction,42,31,0.0,1
high_extraction,42,32,0.0,1
high_extraction,42,33,0.0,1
high_extraction,42,34,0.0,1
high_extraction,42,35,0.0,1
high_extraction,42,36,0.0,1
high_extraction,42,37,0.0,1
high_extraction,42,38,0.0,1
high_extraction,42,39,0.0,1
high_extraction,42,40,0.0,1
high_extraction,42,41,0.0,1
high_extraction,42,42,0.0,1
high_extraction,42,43,0.0,1
high_extraction,42,44,0.0,1
high_extraction,42,45,0.0,1
high_extraction,42,46,0.0,1
high_extraction,42,47,0.0,1
high_extraction,42,48,0.0,1
high_extraction,42,49,0.0,1
high_extraction,42,50,0.0,1
high_extraction,43,0,70.0,0
high_extraction,43,1,56.78,0
high_extraction,43,2,51.19725688,0
high_extraction,43,3,45.69467672,0
high_extraction,43,4,40.16131226,0
high_extraction,43,5,34.48707266,0
high_extraction,43,6,28.55390102,0
high_extraction,43,7,22.22601773,0
high_extraction,43,8,15.33750836,0
high_extraction,43,9,6.14107854,0
high_extraction,43,10,0.0,1
high_extraction,43,11,0.0,1
high_extraction,43,12,0.0,1
high_extraction,43,13,0.0,1
high_extraction,43,14,0.0,1
high_extraction,43,15,0.0,1
high_extraction,43,16,0.0,1
high_extraction,43,17,0.0,1
high_extraction,43,18,0.0,1
high_extraction,43,19,0.0,1
high_extraction,43,20,0.0,1
high_extraction,43,21,0.0,1
high_extraction,43,22,0.0,1
high_extraction,43,23,0.0,1
high_extraction,43,24,0.0,1
high_extraction,43,25,0.0,1
high_extraction,43,26,0.0,1
high_extraction,43,27,0.0,1
high_extraction,43,28,0.0,1
high_extraction,43,29,0.0,1
high_extraction,43,30,0.0,1
high_extraction,43,31,0.0,1
high_extraction,43,32,0.0,1
high_extraction,43,33,0.0,1
high_extraction,43,34,0.0,1
high_extraction,43,35,0.0,1
high_extraction,43,36,0.0,1
high_extraction,43,37,0.0,1
high_extraction,43,38,0.0,1
high_extraction,43,39,0.0,1
high_extraction,43,40,0.0,1
high_extraction,43,41,0.0,1
high_extraction,43,42,0.0,1
high_extraction,43,43,0.0,1
high_extraction,43,44,0.0,1
high_extraction,43,45,0.0,1
high_extraction,43,46,0.0,1
high_extraction,43,47,0.0,1
high_extraction,43,48,0.0,1
high_extraction,43,49,0.0,1
high_extraction,43,50,0.0,1
high_extraction,44,0,70.0,0
high_extraction,44,1,63.78,0
high_extraction,44,2,57.93820088,0
high_extraction,44,3,52.32477382,0
high_extraction,44,4,46.81504559,0
high_extraction,44,5,41.29678651,0
high_extraction,44,6,31.53076519,0
high_extraction,44,7,25.41676245,0
high_extraction,44,8,16.28728218,0
high_extraction,44,9,8.74149696,0
high_extraction,44,10,0.17742163,1
high_extraction,44,11,0.0,1
high_extraction,44,12,0.0,1
high_extraction,44,13,0.0,1
high_extraction,44,14,0.0,1
high_extraction,44,15,0.0,1
high_extraction,44,16,0.0,1
high_extraction,44,17,0.0,1
high_extraction,44,18,0.0,1
high_extraction,44,19,0.0,1
high_extraction,44,20,0.0,1
high_extraction,44,21,0.0,1
high_extraction,44,22,0.0,1
high_extraction,44,23,0.0,1
high_extraction,44,24,0.0,1
high_extraction,44,25,0.0,1
high_extraction,44,26,0.0,1
high_extraction,44,27,0.0,1
high_extraction,44,28,0.0,1
high_extraction,44,29,0.0,1
high_extraction,44,30,0.0,1
high_extraction,44,31,0.0,1
high_extraction,44,32,0.0,1
high_extraction,44,33,0.0,1
high_extraction,44,34,0.0,1
high_extraction,44,35,0.0,1
high_extraction,44,36,0.0,1
high_extraction,44,37,0.0,1
high_extraction,44,38,0.0,1
high_extraction,44,39,0.0,1
high_extraction,44,40,0.0,1
high_extraction,44,41,0.0,1
high_extraction,44,42,0.0,1
high_extraction,44,43,0.0,1
high_extraction,44,44,0.0,1
high_extraction,44,45,0.0,1
high_extraction,44,46,0.0,1
high_extraction,44,47,0.0,1
high_extraction,44,48,0.0,1
high_extraction,44,49,0.0,1
high_extraction,44,50,0.0,1
high_extraction,45,0,70.0,0
high_extraction,45,1,63.78,0
high_extraction,45,2,57.93820088,0
high_extraction,45,3,52.32477382,0
high_extraction,45,4,46.81504559,0
high_extraction,45,5,41.29678651,0
high_extraction,45,6,31.53076519,0
high_extraction,45,7,25.41676245,0
high_extraction,45,8,18.82895842,0
high_extraction,45,9,11.58001753,0
high_extraction,45,10,3.42304643,1
high_extraction,45,11,0.0,1
high_extraction,45,12,0.0,1
high_extraction,45,13,0.0,1
high_extraction,45,14,0.0,1
high_extraction,45,15,0.0,1
high_extraction,45,16,0.0,1
high_extraction,45,17,0.0,1
high_extraction,45,18,0.0,1
high_extraction,45,19,0.0,1
high_extraction,45,20,0.0,1
high_extraction,45,21,0.0,1
high_extraction,45,22,0.0,1
high_extraction,45,23,0.0,1
high_extraction,45,24,0.0,1
high_extraction,45,25,0.0,1
high_extraction,45,26,0.0,1
high_extraction,45,27,0.0,1
high_extraction,45,28,0.0,1
high_extraction,45,29,0.0,1
high_extraction,45,30,0.0,1
high_extraction,45,31,0.0,1
high_extraction,45,32,0.0,1
high_extraction,45,33,0.0,1
high_extraction,45,34,0.0,1
high_extraction,45,35,0.0,1
high_extraction,45,36,0.0,1
high_extraction,45,37,0.0,1
high_extraction,45,38,0.0,1
high_extraction,45,39,0.0,1
high_extraction,45,40,0.0,1
high_extraction,45,41,0.0,1
high_extraction,45,42,0.0,1
high_extraction,45,43,0.0,1
high_extraction,45,44,0.0,1
high_extraction,45,45,0.0,1
high_extraction,45,46,0.0,1
high_extraction,45,47,0.0,1
high_extraction,45,48,0.0,1
high_extraction,45,49,0.0,1
high_extraction,45,50,0.0,1
high_extraction,46,0,70.0,0
high_extraction,46,1,63.78,0
high_extraction,46,2,57.93820088,0
high_extraction,46,3,52.32477382,0
high_extraction,46,4,46.81504559,0
high_extraction,46,5,41.29678651,0
high_extraction,46,6,35.66044384,0
high_extraction,46,7,29.79032267,0
high_extraction,46,8,23.55514677,0
high_extraction,46,9,14.44083762,0
high_extraction,46,10,6.66482037,0
high_extraction,46,11,0.0,1
high_extraction,46,12,0.0,1
high_extraction,46,13,0.0,1
high_extraction,46,14,0.0,1
high_extraction,46,15,0.0,1
high_extraction,46,16,0.0,1
high_extraction,46,17,0.0,1
high_extraction,46,18,0.0,1
high_extraction,46,19,0.0,1
high_extraction,46,20,0.0,1
high_extraction,46,21,0.0,1
high_extraction,46,22,0.0,1
high_extraction,46,23,0.0,1
high_extraction,46,24,0.0,1
high_extraction,46,25,0.0,1
high_extraction,46,26,0.0,1
high_extraction,46,27,0.0,1
high_extraction,46,28,0.0,1
high_extraction,46,29,0.0,1
high_extraction,46,30,0.0,1
high_extraction,46,31,0.0,1
high_extraction,46,32,0.0,1
high_extraction,46,33,0.0,1
high_extraction,46,34,0.0,1
high_extraction,46,35,0.0,1
high_extraction,46,36,0.0,1
high_extraction,46,37,0.0,1
high_extraction,46,38,0.0,1
high_extraction,46,39,0.0,1
high_extraction,46,40,0.0,1
high_extraction,46,41,0.0,1
high_extraction,46,42,0.0,1
high_extraction,46,43,0.0,1
high_extraction,46,44,0.0,1
high_extraction,46,45,0.0,1
high_extraction,46,46,0.0,1
high_extraction,46,47,0.0,1
high_extraction,46,48,0.0,1
high_extraction,46,49,0.0,1
high_extraction,46,50,0.0,1
high_extraction,47,0,70.0,0
high_extraction,47,1,63.78,0
high_extraction,47,2,57.93820088,0
high_extraction,47,3,52.32477382,0
high_extraction,47,4,46.81504559,0
high_extraction,47,5,41.29678651,0
high_extraction,47,6,35.66044384,0
high_extraction,47,7,26.22427829,0
high_extraction,47,8,19.70676539,0
high_extraction,47,9,10.58426474,0
high_extraction,47,10,2.2877844,1
high_extraction,47,11,0.0,1
high_extraction,47,12,0.0,1
high_extraction,47,13,0.0,1
high_extraction,47,14,0.0,1
high_extraction,47,15,0.0,1
high_extraction,47,16,0.0,1
high_extraction,47,17,0.0,1
high_extraction,47,18,0.0,1
high_extraction,47,19,0.0,1
high_extraction,47,20,0.0,1
high_extraction,47,21,0.0,1
high_extraction,47,22,0.0,1
high_extraction,47,23,0.0,1
high_extraction,47,24,0.0,1
high_extraction,47,25,0.0,1
high_extraction,47,26,0.0,1
high_extraction,47,27,0.0,1
high_extraction,47,28,0.0,1
high_extraction,47,29,0.0,1
high_extraction,47,30,0.0,1
high_extraction,47,31,0.0,1
high_extraction,47,32,0.0,1
high_extraction,47,33,0.0,1
high_extraction,47,34,0.0,1
high_extraction,47,35,0.0,1
high_extraction,47,36,0.0,1
high_extraction,47,37,0.0,1
high_extraction,47,38,0.0,1
high_extraction,47,39,0.0,1
high_extraction,47,40,0.0,1
high_extraction,47,41,0.0,1
high_extraction,47,42,0.0,1
high_extraction,47,43,0.0,1
high_extraction,47,44,0.0,1
high_extraction,47,45,0.0,1
high_extraction,47,46,0.0,1
high_extraction,47,47,0.0,1
high_extraction,47,48,0.0,1
high_extraction,47,49,0.0,1
high_extraction,47,50,0.0,1
high_extraction,48,0,70.0,0
high_extraction,48,1,63.78,0
high_extraction,48,2,57.93820088,0
high_extraction,48,3,52.32477382,0
high_extraction,48,4,46.81504559,0
high_extraction,48,5,41.29678651,0
high_extraction,48,6,35.66044384,0
high_extraction,48,7,29.79032267,0
high_extraction,48,8,23.55514677,0
high_extraction,48,9,16.7963523,0
high_extraction,48,10,9.3118843,0
high_extraction,48,11,0.83194333,1
high_extraction,48,12,0.0,1
high_extraction,48,13,0.0,1
high_extraction,48,14,0.0,1
high_extraction,48,15,0.0,1
high_extraction,48,16,0.0,1
high_extraction,48,17,0.0,1
high_extraction,48,18,0.0,1
high_extraction,48,19,0.0,1
high_extraction,48,20,0.0,1
high_extraction,48,21,0.0,1
high_extraction,48,22,0.0,1
high_extraction,48,23,0.0,1
high_extraction,48,24,0.0,1
high_extraction,48,25,0.0,1
high_extraction,48,26,0.0,1
high_extraction,48,27,0.0,1
high_extraction,48,28,0.0,1
high_extraction,48,29,0.0,1
high_extraction,48,30,0.0,1
high_extraction,48,31,0.0,1
high_extraction,48,32,0.0,1
high_extraction,48,33,0.0,1
high_extraction,48,34,0.0,1
high_extraction,48,35,0.0,1
high_extraction,48,36,0.0,1
high_extraction,48,37,0.0,1
high_extraction,48,38,0.0,1
high_extraction,48,39,0.0,1
high_extraction,48,40,0.0,1
high_extraction,48,41,0.0,1
high_extraction,48,42,0.0,1
high_extraction,48,43,0.0,1
high_extraction,48,44,0.0,1
high_extraction,48,45,0.0,1
high_extraction,48,46,0.0,1
high_extraction,48,47,0.0,1
high_extraction,48,48,0.0,1
high_extraction,48,49,0.0,1
high_extraction,48,50,0.0,1
high_extraction,49,0,70.0,0
high_extraction,49,1,63.78,0
high_extraction,49,2,57.93820088,0
high_extraction,49,3,52.32477382,0
high_extraction,49,4,46.81504559,0
high_extraction,49,5,41.29678651,0
high_extraction,49,6,31.53076519,0
high_extraction,49,7,22.26368593,0
high_extraction,49,8,15.37894032,0
high_extraction,49,9,7.72142832,0
high_extraction,49,10,0.0,1
high_extraction,49,11,0.0,1
high_extraction,49,12,0.0,1
high_extraction,49,13,0.0,1
high_extraction,49,14,0.0,1
high_extraction,49,15,0.0,1
high_extraction,49,16,0.0,1
high_extraction,49,17,0.0,1
high_extraction,49,18,0.0,1
high_extraction,49,19,0.0,1
high_extraction,49,20,0.0,1
high_extraction,49,21,0.0,1
high_extraction,49,22,0.0,1
high_extraction,49,23,0.0,1
high_extraction,49,24,0.0,1
high_extraction,49,25,0.0,1
high_extraction,49,26,0.0,1
high_extraction,49,27,0.0,1
high_extraction,49,28,0.0,1
high_extraction,49,29,0.0,1
high_extraction,49,30,0.0,1
high_extraction,49,31,0.0,1
high_extraction,49,32,0.0,1
high_extraction,49,33,0.0,1
high_extraction,49,34,0.0,1
high_extraction,49,35,0.0,1
high_extraction,49,36,0.0,1
high_extraction,49,37,0.0,1
high_extraction,49,38,0.0,1
high_extraction,49,39,0.0,1
high_extraction,49,40,0.0,1
high_extraction,49,41,0.0,1
high_extraction,49,42,0.0,1
high_extraction,49,43,0.0,1
high_extraction,49,44,0.0,1
high_extraction,49,45,0.0,1
high_extraction,49,46,0.0,1
high_extraction,49,47,0.0,1
high_extraction,49,48,0.0,1
high_extraction,49,49,0.0,1
high_extraction,49,50,0.0,1
high_extraction,50,0,70.0,0
high_extraction,50,1,63.78,0
high_extraction,50,2,57.93820088,0
high_extraction,50,3,52.32477382,0
high_extraction,50,4,46.81504559,0
high_extraction,50,5,41.29678651,0
high_extraction,50,6,35.66044384,0
high_extraction,50,7,29.79032267,0
high_extraction,50,8,23.55514677,0
high_extraction,50,9,16.7963523,0
high_extraction,50,10,9.3118843,0
high_extraction,50,11,0.83194333,1
high_extraction,50,12,0.0,1
high_extraction,50,13,0.0,1
high_extraction,50,14,0.0,1
high_extraction,50,15,0.0,1
high_extraction,50,16,0.0,1
high_extraction,50,17,0.0,1
high_extraction,50,18,0.0,1
high_extraction,50,19,0.0,1
high_extraction,50,20,0.0,1
high_extraction,50,21,0.0,1
high_extraction,50,22,0.0,1
high_extraction,50,23,0.0,1
high_extraction,50,24,0.0,1
high_extraction,50,25,0.0,1
high_extraction,50,26,0.0,1
high_extraction,50,27,0.0,1
high_extraction,50,28,0.0,1
high_extraction,50,29,0.0,1
high_extraction,50,30,0.0,1
high_extraction,50,31,0.0,1
high_extraction,50,32,0.0,1
high_extraction,50,33,0.0,1
high_extraction,50,34,0.0,1
high_extraction,50,35,0.0,1
high_extraction,50,36,0.0,1
high_extraction,50,37,0.0,1
high_extraction,50,38,0.0,1
high_extraction,50,39,0.0,1
high_extraction,50,40,0.0,1
high_extraction,50,41,0.0,1
high_extraction,50,42,0.0,1
high_extraction,50,43,0.0,1
high_extraction,50,44,0.0,1
high_extraction,50,45,0.0,1
high_extraction,50,46,0.0,1
high_extraction,50,47,0.0,1
high_extraction,50,48,0.0,1
high_extraction,50,49,0.0,1
high_extraction,50,50,0.0,1
high_extraction,51,0,70.0,0
high_extraction,51,1,63.78,0
high_extraction,51,2,57.93820088,0
high_extraction,51,3,52.32477382,0
high_extraction,51,4,46.81504559,0
high_extraction,51,5,41.29678651,0
high_extraction,51,6,35.66044384,0
high_extraction,51,7,29.79032267,0
high_extraction,51,8,23.55514677,0
high_extraction,51,9,16.7963523,0
high_extraction,51,10,9.3118843,0
high_extraction,51,11,0.83194333,1
high_extraction,51,12,0.0,1
high_extraction,51,13,0.0,1
high_extraction,51,14,0.0,1
high_extraction,51,15,0.0,1
high_extraction,51,16,0.0,1
high_extraction,51,17,0.0,1
high_extraction,51,18,0.0,1
high_extraction,51,19,0.0,1
high_extraction,51,20,0.0,1
high_extraction,51,21,0.0,1
high_extraction,51,22,0.0,1
high_extraction,51,23,0.0,1
high_extraction,51,24,0.0,1
high_extraction,51,25,0.0,1
high_extraction,51,26,0.0,1
high_extraction,51,27,0.0,1
high_extraction,51,28,0.0,1
high_extraction,51,29,0.0,1
high_extraction,51,30,0.0,1
high_extraction,51,31,0.0,1
high_extraction,51,32,0.0,1
high_extraction,51,33,0.0,1
high_extraction,51,34,0.0,1
high_extraction,51,35,0.0,1
high_extraction,51,36,0.0,1
high_extraction,51,37,0.0,1
high_extraction,51,38,0.0,1
high_extraction,51,39,0.0,1
high_extraction,51,40,0.0,1
high_extraction,51,41,0.0,1
high_extraction,51,42,0.0,1
high_extraction,51,43,0.0,1
high_extraction,51,44,0.0,1
high_extraction,51,45,0.0,1
high_extraction,51,46,0.0,1
high_extraction,51,47,0.0,1
high_extraction,51,48,0.0,1
high_extraction,51,49,0.0,1
high_extraction,51,50,0.0,1
high_extraction,52,0,70.0,0
high_extraction,52,1,63.78,0
high_extraction,52,2,57.93820088,0
high_extraction,52,3,52.32477382,0
high_extraction,52,4,46.81504559,0
high_extraction,52,5,41.29678651,0
high_extraction,52,6,35.66044384,0
high_extraction,52,7,29.79032267,0
high_extraction,52,8,23.55514677,0
high_extraction,52,9,16.7963523,0
high_extraction,52,10,9.3118843,0
high_extraction,52,11,0.83194333,1
high_extraction,52,12,0.0,1
high_extraction,52,13,0.0,1
high_extraction,52,14,0.0,1
high_extraction,52,15,0.0,1
high_extraction,52,16,0.0,1
high_extraction,52,17,0.0,1
high_extraction,52,18,0.0,1
high_extraction,52,19,0.0,1
high_extraction,52,20,0.0,1
high_extraction,52,21,0.0,1
high_extraction,52,22,0.0,1
high_extraction,52,23,0.0,1
high_extraction,52,24,0.0,1
high_extraction,52,25,0.0,1
high_extraction,52,26,0.0,1
high_extraction,52,27,0.0,1
high_extraction,52,28,0.0,1
high_extraction,52,29,0.0,1
high_extraction,52,30,0.0,1
high_extraction,52,31,0.0,1
high_extraction,52,32,0.0,1
high_extraction,52,33,0.0,1
high_extraction,52,34,0.0,1
high_extraction,52,35,0.0,1
high_extraction,52,36,0.0,1
high_extraction,52,37,0.0,1
high_extraction,52,38,0.0,1
high_extraction,52,39,0.0,1
high_extraction,52,40,0.0,1
high_extraction,52,41,0.0,1
high_extraction,52,42,0.0,1
high_extraction,52,43,0.0,1
high_extraction,52,44,0.0,1
high_extraction,52,45,0.0,1
high_extraction,52,46,0.0,1
high_extraction,52,47,0.0,1
high_extraction,52,48,0.0,1
high_extraction,52,49,0.0,1
high_extraction,52,50,0.0,1
high_extraction,53,0,70.0,0
high_extraction,53,1,63.78,0
high_extraction,53,2,57.93820088,0
high_extraction,53,3,52.32477382,0
high_extraction,53,4,46.81504559,0
high_extraction,53,5,41.29678651,0
high_extraction,53,6,35.66044384,0
high_extraction,53,7,29.79032267,0
high_extraction,53,8,23.55514677,0
high_extraction,53,9,16.7963523,0
high_extraction,53,10,7.63224907,0
high_extraction,53,11,0.0,1
high_extraction,53,12,0.0,1
high_extraction,53,13,0.0,1
high_extraction,53,14,0.0,1
high_extraction,53,15,0.0,1
high_extraction,53,16,0.0,1
high_extraction,53,17,0.0,1
high_extraction,53,18,0.0,1
high_extraction,53,19,0.0,1
high_extraction,53,20,0.0,1
high_extraction,53,21,0.0,1
high_extraction,53,22,0.0,1
high_extraction,53,23,0.0,1
high_extraction,53,24,0.0,1
high_extraction,53,25,0.0,1
high_extraction,53,26,0.0,1
high_extraction,53,27,0.0,1
high_extraction,53,28,0.0,1
high_extraction,53,29,0.0,1
high_extraction,53,30,0.0,1
high_extraction,53,31,0.0,1
high_extraction,53,32,0.0,1
high_extraction,53,33,0.0,1
high_extraction,53,34,0.0,1
high_extraction,53,35,0.0,1
high_extraction,53,36,0.0,1
high_extraction,53,37,0.0,1
high_extraction,53,38,0.0,1
high_extraction,53,39,0.0,1
high_extraction,53,40,0.0,1
high_extraction,53,41,0.0,1
high_extraction,53,42,0.0,1
high_extraction,53,43,0.0,1
high_extraction,53,44,0.0,1
high_extraction,53,45,0.0,1
high_extraction,53,46,0.0,1
high_extraction,53,47,0.0,1
high_extraction,53,48,0.0,1
high_extraction,53,49,0.0,1
high_extraction,53,50,0.0,1
high_extraction,54,0,70.0,0
high_extraction,54,1,63.78,0
high_extraction,54,2,57.93820088,0
high_extraction,54,3,52.32477382,0
high_extraction,54,4,46.81504559,0
high_extraction,54,5,41.29678651,0
high_extraction,54,6,35.66044384,0
high_extraction,54,7,29.79032267,0
high_extraction,54,8,23.55514677,0
high_extraction,54,9,16.7963523,0
high_extraction,54,10,9.3118843,0
high_extraction,54,11,0.83194333,1
high_extraction,54,12,0.0,1
high_extraction,54,13,0.0,1
high_extraction,54,14,0.0,1
high_extraction,54,15,0.0,1
high_extraction,54,16,0.0,1
high_extraction,54,17,0.0,1
high_extraction,54,18,0.0,1
high_extraction,54,19,0.0,1
high_extraction,54,20,0.0,1
high_extraction,54,21,0.0,1
high_extraction,54,22,0.0,1
high_extraction,54,23,0.0,1
high_extraction,54,24,0.0,1
high_extraction,54,25,0.0,1
high_extraction,54,26,0.0,1
high_extraction,54,27,0.0,1
high_extraction,54,28,0.0,1
high_extraction,54,29,0.0,1
high_extraction,54,30,0.0,1
high_extraction,54,31,0.0,1
high_extraction,54,32,0.0,1
high_extraction,54,33,0.0,1
high_extraction,54,34,0.0,1
high_extraction,54,35,0.0,1
high_extraction,54,36,0.0,1
high_extraction,54,37,0.0,1
high_extraction,54,38,0.0,1
high_extraction,54,39,0.0,1
high_extraction,54,40,0.0,1
high_extraction,54,41,0.0,1
high_extraction,54,42,0.0,1
high_extraction,54,43,0.0,1
high_extraction,54,44,0.0,1
high_extraction,54,45,0.0,1
high_extraction,54,46,0.0,1
high_extraction,54,47,0.0,1
high_extraction,54,48,0.0,1
high_extraction,54,49,0.0,1
high_extraction,54,50,0.0,1
high_extraction,55,0,70.0,0
high_extraction,55,1,63.78,0
high_extraction,55,2,57.93820088,0
high_extraction,55,3,52.32477382,0
high_extraction,55,4,46.81504559,0
high_extraction,55,5,41.29678651,0
high_extraction,55,6,35.66044384,0
high_extraction,55,7,29.79032267,0
high_extraction,55,8,23.55514677,0
high_extraction,55,9,16.7963523,0
high_extraction,55,10,9.3118843,0
high_extraction,55,11,0.83194333,1
high_extraction,55,12,0.0,1
high_extraction,55,13,0.0,1
high_extraction,55,14,0.0,1
high_extraction,55,15,0.0,1
high_extraction,55,16,0.0,1
high_extraction,55,17,0.0,1
high_extraction,55,18,0.0,1
high_extraction,55,19,0.0,1
high_extraction,55,20,0.0,1
high_extraction,55,21,0.0,1
high_extraction,55,22,0.0,1
high_extraction,55,23,0.0,1
high_extraction,55,24,0.0,1
high_extraction,55,25,0.0,1
high_extraction,55,26,0.0,1
high_extraction,55,27,0.0,1
high_extraction,55,28,0.0,1
high_extraction,55,29,0.0,1
high_extraction,55,30,0.0,1
high_extraction,55,31,0.0,1
high_extraction,55,32,0.0,1
high_extraction,55,33,0.0,1
high_extraction,55,34,0.0,1
high_extraction,55,35,0.0,1
high_extraction,55,36,0.0,1
high_extraction,55,37,0.0,1
high_extraction,55,38,0.0,1
high_extraction,55,39,0.0,1
high_extraction,55,40,0.0,1
high_extraction,55,41,0.0,1
high_extraction,55,42,0.0,1
high_extraction,55,43,0.0,1
high_extraction,55,44,0.0,1
high_extraction,55,45,0.0,1
high_extraction,55,46,0.0,1
high_extraction,55,47,0.0,1
high_extraction,55,48,0.0,1
high_extraction,55,49,0.0,1
high_extraction,55,50,0.0,1
high_extraction,56,0,70.0,0
high_extraction,56,1,63.78,0
high_extraction,56,2,57.93820088,0
high_extraction,56,3,52.32477382,0
high_extraction,56,4,46.81504559,0
high_extraction,56,5,41.29678651,0
high_extraction,56,6,35.66044384,0
high_extraction,56,7,29.79032267,0
high_extraction,56,8,23.55514677,0
high_extraction,56,9,16.7963523,0
high_extraction,56,10,9.3118843,0
high_extraction,56,11,0.83194333,1
high_extraction,56,12,0.0,1
high_extraction,56,13,0.0,1
high_extraction,56,14,0.0,1
high_extraction,56,15,0.0,1
high_extraction,56,16,0.0,1
high_extraction,56,17,0.0,1
high_extraction,56,18,0.0,1
high_extraction,56,19,0.0,1
high_extraction,56,20,0.0,1
high_extraction,56,21,0.0,1
high_extraction,56,22,0.0,1
high_extraction,56,23,0.0,1
high_extraction,56,24,0.0,1
high_extraction,56,25,0.0,1
high_extraction,56,26,0.0,1
high_extraction,56,27,0.0,1
high_extraction,56,28,0.0,1
high_extraction,56,29,0.0,1
high_extraction,56,30,0.0,1
high_extraction,56,31,0.0,1
high_extraction,56,32,0.0,1
high_extraction,56,33,0.0,1
high_extraction,56,34,0.0,1
high_extraction,56,35,0.0,1
high_extraction,56,36,0.0,1
high_extraction,56,37,0.0,1
high_extraction,56,38,0.0,1
high_extraction,56,39,0.0,1
high_extraction,56,40,0.0,1
high_extraction,56,41,0.0,1
high_extraction,56,42,0.0,1
high_extraction,56,43,0.0,1
high_extraction,56,44,0.0,1
high_extraction,56,45,0.0,1
high_extraction,56,46,0.0,1
high_extraction,56,47,0.0,1
high_extraction,56,48,0.0,1
high_extraction,56,49,0.0,1
high_extraction,56,50,0.0,1
high_extraction,57,0,70.0,0
high_extraction,57,1,56.78,0
high_extraction,57,2,51.19725688,0
high_extraction,57,3,40.57495103,0
high_extraction,57,4,34.91505424,0
high_extraction,57,5,29.00545418,0
high_extraction,57,6,22.71206647,0
high_extraction,57,7,15.8717301,0
high_extraction,57,8,8.27520024,0
high_extraction,57,9,0.0,1
high_extraction,57,10,0.0,1
high_extraction,57,11,0.0,1
high_extraction,57,12,0.0,1
high_extraction,57,13,0.0,1
high_extraction,57,14,0.0,1
high_extraction,57,15,0.0,1
high_extraction,57,16,0.0,1
high_extraction,57,17,0.0,1
high_extraction,57,18,0.0,1
high_extraction,57,19,0.0,1
high_extraction,57,20,0.0,1
high_extraction,57,21,0.0,1
high_extraction,57,22,0.0,1
high_extraction,57,23,0.0,1
high_extraction,57,24,0.0,1
high_extraction,57,25,0.0,1
high_extraction,57,26,0.0,1
high_extraction,57,27,0.0,1
high_extraction,57,28,0.0,1
high_extraction,57,29,0.0,1
high_extraction,57,30,0.0,1
high_extraction,57,31,0.0,1
high_extraction,57,32,0.0,1
high_extraction,57,33,0.0,1
high_extraction,57,34,0.0,1
high_extraction,57,35,0.0,1
high_extraction,57,36,0.0,1
high_extraction,57,37,0.0,1
high_extraction,57,38,0.0,1
high_extraction,57,39,0.0,1
high_extraction,57,40,0.0,1
high_extraction,57,41,0.0,1
high_extraction,57,42,0.0,1
high_extraction,57,43,0.0,1
high_extraction,57,44,0.0,1
high_extraction,57,45,0.0,1
high_extraction,57,46,0.0,1
high_extraction,57,47,0.0,1
high_extraction,57,48,0.0,1
high_extraction,57,49,0.0,1
high_extraction,57,50,0.0,1
high_extraction,58,0,70.0,0
high_extraction,58,1,63.78,0
high_extraction,58,2,57.93820088,0
high_extraction,58,3,52.32477382,0
high_extraction,58,4,46.81504559,0
high_extraction,58,5,36.61528195,0
high_extraction,58,6,30.79281073,0
high_extraction,58,7,24.62876171,0
high_extraction,58,8,17.97010219,0
high_extraction,58,9,10.62345636,0
high_extraction,58,10,2.33253442,1
high_extraction,58,11,0.0,1
high_extraction,58,12,0.0,1
high_extraction,58,13,0.0,1
high_extraction,58,14,0.0,1
high_extraction,58,15,0.0,1
high_extraction,58,16,0.0,1
high_extraction,58,17,0.0,1
high_extraction,58,18,0.0,1
high_extraction,58,19,0.0,1
high_extraction,58,20,0.0,1
high_extraction,58,21,0.0,1
high_extraction,58,22,0.0,1
high_extraction,58,23,0.0,1
high_extraction,58,24,0.0,1
high_extraction,58,25,0.0,1
high_extraction,58,26,0.0,1
high_extraction,58,27,0.0,1
high_extraction,58,28,0.0,1
high_extraction,58,29,0.0,1
high_extraction,58,30,0.0,1
high_extraction,58,31,0.0,1
high_extraction,58,32,0.0,1
high_extraction,58,33,0.0,1
high_extraction,58,34,0.0,1
high_extraction,58,35,0.0,1
high_extraction,58,36,0.0,1
high_extraction,58,37,0.0,1
high_extraction,58,38,0.0,1
high_extraction,58,39,0.0,1
high_extraction,58,40,0.0,1
high_extraction,58,41,0.0,1
high_extraction,58,42,0.0,1
high_extraction,58,43,0.0,1
high_extraction,58,44,0.0,1
high_extraction,58,45,0.0,1
high_extraction,58,46,0.0,1
high_extraction,58,47,0.0,1
high_extraction,58,48,0.0,1
high_extraction,58,49,0.0,1
high_extraction,58,50,0.0,1
high_extraction,59,0,70.0,0
high_extraction,59,1,63.78,0
high_extraction,59,2,57.93820088,0
high_extraction,59,3,52.32477382,0
high_extraction,59,4,41.58256821,0
high_extraction,59,5,35.95503252,0
high_extraction,59,6,30.09996252,0
high_extraction,59,7,23.88714184,0
high_extraction,59,8,14.7710412,0
high_extraction,59,9,7.03709803,0
high_extraction,59,10,0.0,1
high_extraction,59,11,0.0,1
high_extraction,59,12,0.0,1
high_extraction,59,13,0.0,1
high_extraction,59,14,0.0,1
high_extraction,59,15,0.0,1
high_extraction,59,16,0.0,1
high_extraction,59,17,0.0,1
high_extraction,59,18,0.0,1
high_extraction,59,19,0.0,1
high_extraction,59,20,0.0,1
high_extraction,59,21,0.0,1
high_extraction,59,22,0.0,1
high_extraction,59,23,0.0,1
high_extraction,59,24,0.0,1
high_extraction,59,25,0.0,1
high_extraction,59,26,0.0,1
high_extraction,59,27,0.0,1
high_extraction,59,28,0.0,1
high_extraction,59,29,0.0,1
high_extraction,59,30,0.0,1
high_extraction,59,31,0.0,1
high_extraction,59,32,0.0,1
high_extraction,59,33,0.0,1
high_extraction,59,34,0.0,1
high_extraction,59,35,0.0,1
high_extraction,59,36,0.0,1
high_extraction,59,37,0.0,1
high_extraction,59,38,0.0,1
high_extraction,59,39,0.0,1
high_extraction,59,40,0.0,1
high_extraction,59,41,0.0,1
high_extraction,59,42,0.0,1
high_extraction,59,43,0.0,1
high_extraction,59,44,0.0,1
high_extraction,59,45,0.0,1
high_extraction,59,46,0.0,1
high_extraction,59,47,0.0,1
high_extraction,59,48,0.0,1
high_extraction,59,49,0.0,1
high_extraction,59,50,0.0,1
high_extraction,60,0,70.0,0
high_extraction,60,1,63.78,0
high_extraction,60,2,57.93820088,0
high_extraction,60,3,52.32477382,0
high_extraction,60,4,46.81504559,0
high_extraction,60,5,41.29678651,0
high_extraction,60,6,35.66044384,0
high_extraction,60,7,29.79032267,0
high_extraction,60,8,23.55514677,0
high_extraction,60,9,16.7963523,0
high_extraction,60,10,9.3118843,0
high_extraction,60,11,0.83194333,1
high_extraction,60,12,0.0,1
high_extraction,60,13,0.0,1
high_extraction,60,14,0.0,1
high_extraction,60,15,0.0,1
high_extraction,60,16,0.0,1
high_extraction,60,17,0.0,1
high_extraction,60,18,0.0,1
high_extraction,60,19,0.0,1
high_extraction,60,20,0.0,1
high_extraction,60,21,0.0,1
high_extraction,60,22,0.0,1
high_extraction,60,23,0.0,1
high_extraction,60,24,0.0,1
high_extraction,60,25,0.0,1
high_extraction,60,26,0.0,1
high_extraction,60,27,0.0,1
high_extraction,60,28,0.0,1
high_extraction,60,29,0.0,1
high_extraction,60,30,0.0,1
high_extraction,60,31,0.0,1
high_extraction,60,32,0.0,1
high_extraction,60,33,0.0,1
high_extraction,60,34,0.0,1
high_extraction,60,35,0.0,1
high_extraction,60,36,0.0,1
high_extraction,60,37,0.0,1
high_extraction,60,38,0.0,1
high_extraction,60,39,0.0,1
high_extraction,60,40,0.0,1
high_extraction,60,41,0.0,1
high_extraction,60,42,0.0,1
high_extraction,60,43,0.0,1
high_extraction,60,44,0.0,1
high_extraction,60,45,0.0,1
high_extraction,60,46,0.0,1
high_extraction,60,47,0.0,1
high_extraction,60,48,0.0,1
high_extraction,60,49,0.0,1
high_extraction,60,50,0.0,1
adaptive_policy,1,0,70.0,0
adaptive_policy,1,1,67.78,0
adaptive_policy,1,2,65.71096888,0
adaptive_policy,1,3,63.7666667,0
adaptive_policy,1,4,61.9255287,0
adaptive_policy,1,5,60.16953588,0
adaptive_policy,1,6,58.48338085,0
adaptive_policy,1,7,56.8538389,0
adaptive_policy,1,8,55.26928371,0
adaptive_policy,1,9,53.71930607,0
adaptive_policy,1,10,46.82247564,0
adaptive_policy,1,11,45.30430165,0
adaptive_policy,1,12,43.7646124,0
adaptive_policy,1,13,42.19462829,0
adaptive_policy,1,14,36.36550257,0
adaptive_policy,1,15,38.43088344,0
adaptive_policy,1,16,40.58996341,0
adaptive_policy,1,17,38.9305756,0
adaptive_policy,1,18,41.11001771,0
adaptive_policy,1,19,39.4677605,0
adaptive_policy,1,20,37.72131393,0
adaptive_policy,1,21,36.0778035,0
adaptive_policy,1,22,38.1289139,0
adaptive_policy,1,23,40.27525306,0
adaptive_policy,1,24,38.6050258,0
adaptive_policy,1,25,40.77130401,0
adaptive_policy,1,26,39.11800012,0
adaptive_policy,1,27,37.39304785,0
adaptive_policy,1,28,39.50696441,0
adaptive_policy,1,29,41.70877758,0
adaptive_policy,1,30,40.08503771,0
adaptive_policy,1,31,38.40808605,0
adaptive_policy,1,32,40.56621561,0
adaptive_policy,1,33,38.90602229,0
adaptive_policy,1,34,41.08448488,0
adaptive_policy,1,35,39.44140934,0
adaptive_policy,1,36,37.6965975,0
adaptive_policy,1,37,39.82412482,0
adaptive_policy,1,38,42.03773763,0
adaptive_policy,1,39,40.42362191,0
adaptive_policy,1,40,38.75854928,0
adaptive_policy,1,41,40.9310829,0
adaptive_policy,1,42,39.28304143,0
adaptive_policy,1,43,41.47630567,0
adaptive_policy,1,44,39.84552961,0
adaptive_policy,1,45,42.05992573,0
adaptive_policy,1,46,40.44644513,0
adaptive_policy,1,47,38.78215839,0
adaptive_policy,1,48,40.95564644,0
adaptive_policy,1,49,39.30840584,0
adaptive_policy,1,50,41.50264751,0
adaptive_policy,2,0,70.0,0
adaptive_policy,2,1,67.78,0
adaptive_policy,2,2,65.71096888,0
adaptive_policy,2,3,63.7666667,0
adaptive_policy,2,4,61.9255287,0
adaptive_policy,2,5,60.16953588,0
adaptive_policy,2,6,58.48338085,0
adaptive_policy,2,7,56.8538389,0
adaptive_policy,2,8,55.26928371,0
adaptive_policy,2,9,53.71930607,0
adaptive_policy,2,10,52.19440625,0
adaptive_policy,2,11,50.68573849,0
adaptive_policy,2,12,49.18489206,0
adaptive_policy,2,13,47.68369614,0
adaptive_policy,2,14,46.17403867,0
adaptive_policy,2,15,44.6476903,0
adaptive_policy,2,16,43.09612531,0
adaptive_policy,2,17,41.51033104,0
adaptive_policy,2,18,39.88059697,0
adaptive_policy,2,19,42.0962728,0
adaptive_policy,2,20,40.48382878,0
adaptive_policy,2,21,34.77244237,0
adaptive_policy,2,22,33.27781681,0
adaptive_policy,2,23,35.17448027,0
adaptive_policy,2,24,37.17884741,0
adaptive_policy,2,25,39.28295989,0
adaptive_policy,2,26,41.47622099,0
adaptive_policy,2,27,39.84544233,0
adaptive_policy,2,28,42.05983526,0
adaptive_policy,2,29,40.44635207,0
adaptive_policy,2,30,34.73742692,0
adaptive_policy,2,31,36.71812387,0
adaptive_policy,2,32,38.80058905,0
adaptive_policy,2,33,40.9748208,0
adaptive_policy,2,34,39.32820386,0
adaptive_policy,2,35,41.52320684,0
adaptive_policy,2,36,39.893866,0
adaptive_policy,2,37,42.1100249,0
adaptive_policy,2,38,40.49797183,0
adaptive_policy,2,39,38.83545245,0
adaptive_policy,2,40,41.01108764,0
adaptive_policy,2,41,39.36564665,0
adaptive_policy,2,42,41.56208561,0
adaptive_policy,2,43,39.93392849,0
adaptive_policy,2,44,42.15154205,0
adaptive_policy,2,45,40.54066513,0
adaptive_policy,2,46,38.8796029,0
adaptive_policy,2,47,41.05700908,0
adaptive_policy,2,48,39.41305033,0
adaptive_policy,2,49,41.61130002,0
adaptive_policy,2,50,39.9846335,0
adaptive_policy,3,0,70.0,0
adaptive_policy,3,1,67.78,0
adaptive_policy,3,2,65.71096888,0
adaptive_policy,3,3,63.7666667,0
adaptive_policy,3,4,61.9255287,0
adaptive_policy,3,5,60.16953588,0
adaptive_policy,3,6,58.48338085,0
adaptive_policy,3,7,51.00550081,0
adaptive_policy,3,8,49.50368096,0
adaptive_policy,3,9,48.00323756,0
adaptive_policy,3,10,46.49606085,0
adaptive_policy,3,11,44.97396119,0
adaptive_policy,3,12,43.42849127,0
adaptive_policy,3,13,41.85075876,0
adaptive_policy,3,14,40.23122052,0
adaptive_policy,3,15,38.55944823,0
adaptive_policy,3,16,40.72385302,0
adaptive_policy,3,17,39.0689686,0
adaptive_policy,3,18,41.25389119,0
adaptive_policy,3,19,39.61620124,0
adaptive_policy,3,20,41.82211934,0
adaptive_policy,3,21,40.20173942,0
adaptive_policy,3,22,38.52892878,0
adaptive_policy,3,23,40.69207493,0
adaptive_policy,3,24,39.03612748,0
adaptive_policy,3,25,41.21975578,0
adaptive_policy,3,26,35.45901336,0
adaptive_policy,3,27,37.47842084,0
adaptive_policy,3,28,39.59619894,0
adaptive_policy,3,29,41.8013686,0
adaptive_policy,3,30,40.180377,0
adaptive_policy,3,31,38.50681201,0
adaptive_policy,3,32,40.66904394,0
adaptive_policy,3,33,39.0123238,0
adaptive_policy,3,34,41.19501155,0
adaptive_policy,3,35,39.55546148,0
adaptive_policy,3,36,41.75910238,0
adaptive_policy,3,37,40.13686007,0
adaptive_policy,3,38,38.46175332,0
adaptive_policy,3,39,40.62211728,0
adaptive_policy,3,40,38.96381684,0
adaptive_policy,3,41,41.14458163,0
adaptive_policy,3,42,39.50342845,0
adaptive_policy,3,43,41.70510803,0
adaptive_policy,3,44,40.08125861,0
adaptive_policy,3,45,38.40417203,0
adaptive_policy,3,46,40.56213822,0
adaptive_policy,3,47,38.9018064,0
adaptive_policy,3,48,41.08010058,0
adaptive_policy,3,49,39.43688429,0
adaptive_policy,3,50,41.63604135,0
adaptive_policy,4,0,70.0,0
adaptive_policy,4,1,67.78,0
adaptive_policy,4,2,65.71096888,0
adaptive_policy,4,3,63.7666667,0
adaptive_policy,4,4,61.9255287,0
adaptive_policy,4,5,60.16953588,0
adaptive_policy,4,6,58.48338085,0
adaptive_policy,4,7,56.8538389,0
adaptive_policy,4,8,55.26928371,0
adaptive_policy,4,9,53.71930607,0
adaptive_policy,4,10,52.19440625,0
adaptive_policy,4,11,50.68573849,0
adaptive_policy,4,12,49.18489206,0
adaptive_policy,4,13,47.68369614,0
adaptive_policy,4,14,46.17403867,0
adaptive_policy,4,15,44.6476903,0
adaptive_policy,4,16,43.09612531,0
adaptive_policy,4,17,41.51033104,0
adaptive_policy,4,18,39.88059697,0
adaptive_policy,4,19,42.0962728,0
adaptive_policy,4,20,40.48382878,0
adaptive_policy,4,21,38.82082525,0
adaptive_policy,4,22,40.99587214,0
adaptive_policy,4,23,39.34993837,0
adaptive_policy,4,24,41.54577551,0
adaptive_policy,4,25,39.91712246,0
adaptive_policy,4,26,42.13412651,0
adaptive_policy,4,27,40.52275697,0
adaptive_policy,4,28,38.86108433,0
adaptive_policy,4,29,41.03774853,0
adaptive_policy,4,30,39.39316902,0
adaptive_policy,4,31,41.59066026,0
adaptive_policy,4,32,39.96336967,0
adaptive_policy,4,33,42.18204857,0
adaptive_policy,4,34,40.57203191,0
adaptive_policy,4,35,38.91203606,0
adaptive_policy,4,36,41.09073876,0
adaptive_policy,4,37,39.44786388,0
adaptive_policy,4,38,41.64743824,0
adaptive_policy,4,39,40.02186072,0
adaptive_policy,4,40,38.34264685,0
adaptive_policy,4,41,40.49803786,0
adaptive_policy,4,42,38.83552075,0
adaptive_policy,4,43,41.01115867,0
adaptive_policy,4,44,39.36571999,0
adaptive_policy,4,45,41.56216175,0
adaptive_policy,4,46,39.93400694,0
adaptive_policy,4,47,42.15162335,0
adaptive_policy,4,48,36.32558639,0
adaptive_policy,4,49,34.75644649,0
adaptive_policy,4,50,36.73818783,0
adaptive_policy,5,0,70.0,0
adaptive_policy,5,1,67.78,0
adaptive_policy,5,2,65.71096888,0
adaptive_policy,5,3,63.7666667,0
adaptive_policy,5,4,61.9255287,0
adaptive_policy,5,5,60.16953588,0
adaptive_policy,5,6,58.48338085,0
adaptive_policy,5,7,51.00550081,0
adaptive_policy,5,8,49.50368096,0
adaptive_policy,5,9,48.00323756,0
adaptive_policy,5,10,46.49606085,0
adaptive_policy,5,11,44.97396119,0
adaptive_policy,5,12,43.42849127,0
adaptive_policy,5,13,41.85075876,0
adaptive_policy,5,14,40.23122052,0
adaptive_policy,5,15,38.55944823,0
adaptive_policy,5,16,40.72385302,0
adaptive_policy,5,17,34.99658329,0
adaptive_policy,5,18,36.99139877,0
adaptive_policy,5,19,39.0867961,0
adaptive_policy,5,20,41.27241967,0
adaptive_policy,5,21,39.63531248,0
adaptive_policy,5,22,41.84194434,0
adaptive_policy,5,23,40.22214737,0
adaptive_policy,5,24,38.55005584,0
adaptive_policy,5,25,40.71407364,0
adaptive_policy,5,26,39.05886247,0
adaptive_policy,5,27,37.33750094,0
adaptive_policy,5,28,39.44889095,0
adaptive_policy,5,29,41.64850433,0
adaptive_policy,5,30,40.02295887,0
adaptive_policy,5,31,38.34378444,0
adaptive_policy,5,32,40.49922319,0
adaptive_policy,5,33,38.83674662,0
adaptive_policy,5,34,41.01243381,0
adaptive_policy,5,35,39.36703639,0
adaptive_policy,5,36,41.56352854,0
adaptive_policy,5,37,39.93541525,0
adaptive_policy,5,38,42.15308269,0
adaptive_policy,5,39,40.54224929,0
adaptive_policy,5,40,38.881241,0
adaptive_policy,5,41,41.05871276,0
adaptive_policy,5,42,39.41480885,0
adaptive_policy,5,43,41.61312556,0
adaptive_policy,5,44,39.98651417,0
adaptive_policy,5,45,42.20602835,0
adaptive_policy,5,46,40.59668556,0
adaptive_policy,5,47,38.93752538,0
adaptive_policy,5,48,41.11724436,0
adaptive_policy,5,49,35.3634939,0
adaptive_policy,5,50,37.37788474,0
adaptive_policy,6,0,70.0,0
adaptive_policy,6,1,67.78,0
adaptive_policy,6,2,65.71096888,0
adaptive_policy,6,3,63.7666667,0
adaptive_policy,6,4,61.9255287,0
adaptive_policy,6,5,53.97698301,0
adaptive_policy,6,6,52.4485135,0
adaptive_policy,6,7,50.93772211,0
adaptive_policy,6,8,49.43613932,0
adaptive_policy,6,9,47.93556704,0
adaptive_policy,6,10,46.42789564,0
adaptive_policy,6,11,44.90492777,0
adaptive_policy,6,12,43.3582002,0
adaptive_policy,6,13,41.77879589,0
adaptive_policy,6,14,40.15713714,0
adaptive_policy,6,15,38.48274963,0
adaptive_policy,6,16,40.64398493,0
adaptive_policy,6,17,38.9864219,0
adaptive_policy,6,18,41.16808387,0
adaptive_policy,6,19,39.52767894,0
adaptive_policy,6,20,41.73027382,0
adaptive_policy,6,21,40.10717475,0
adaptive_policy,6,22,38.43101237,0
adaptive_policy,6,23,40.59009771,0
adaptive_policy,6,24,38.93071444,0
adaptive_policy,6,25,41.11016209,0
adaptive_policy,6,26,39.4679095,0
adaptive_policy,6,27,41.66824463,0
adaptive_policy,6,28,40.04329196,0
adaptive_policy,6,29,38.3648471,0
adaptive_policy,6,30,40.52116889,0
adaptive_policy,6,31,38.85944206,0
adaptive_policy,6,32,41.0360404,0
adaptive_policy,6,33,39.39140577,0
adaptive_policy,6,34,41.58882969,0
adaptive_policy,6,35,39.96148367,0
adaptive_policy,6,36,42.18009441,0
adaptive_policy,6,37,40.57002275,0
adaptive_policy,6,38,38.9099587,0
adaptive_policy,6,39,41.08857847,0
adaptive_policy,6,40,39.44563429,0
adaptive_policy,6,41,41.64512395,0
adaptive_policy,6,42,40.01947683,0
adaptive_policy,6,43,38.34017732,0
adaptive_policy,6,44,40.49546468,0
adaptive_policy,6,45,34.78331307,0
adaptive_policy,6,46,36.76652746,0
adaptive_policy,6,47,38.85130282,0
adaptive_policy,6,48,41.02757462,0
adaptive_policy,6,49,39.38266666,0
adaptive_policy,6,50,41.57975668,0
adaptive_policy,7,0,70.0,0
adaptive_policy,7,1,67.78,0
adaptive_policy,7,2,65.71096888,0
adaptive_policy,7,3,63.7666667,0
adaptive_policy,7,4,61.9255287,0
adaptive_policy,7,5,60.16953588,0
adaptive_policy,7,6,58.48338085,0
adaptive_policy,7,7,56.8538389,0
adaptive_policy,7,8,55.26928371,0
adaptive_policy,7,9,48.1923777,0
adaptive_policy,7,10,46.68649621,0
adaptive_policy,7,11,45.16673345,0
adaptive_policy,7,12,43.62468461,0
adaptive_policy,7,13,42.05152425,0
adaptive_policy,7,14,40.43780337,0
adaptive_policy,7,15,38.77321928,0
adaptive_policy,7,16,40.94634619,0
adaptive_policy,7,17,39.29880263,0
adaptive_policy,7,18,41.4926745,0
adaptive_policy,7,19,39.86240025,0
adaptive_policy,7,20,42.07741258,0
adaptive_policy,7,21,40.46443127,0
adaptive_policy,7,22,34.75431942,0
adaptive_policy,7,23,36.73594402,0
adaptive_policy,7,24,38.81926069,0
adaptive_policy,7,25,40.99424462,0
adaptive_policy,7,26,39.34825808,0
adaptive_policy,7,27,41.54403079,0
adaptive_policy,7,28,39.91532464,0
adaptive_policy,7,29,42.13226342,0
adaptive_policy,7,30,40.52084112,0
adaptive_policy,7,31,38.85910311,0
adaptive_policy,7,32,41.03568786,0
adaptive_policy,7,33,39.39104185,0
adaptive_policy,7,34,41.58845186,0
adaptive_policy,7,35,39.96109441,0
adaptive_policy,7,36,42.17969108,0
adaptive_policy,7,37,40.56960807,0
adaptive_policy,7,38,38.90952994,0
adaptive_policy,7,39,41.08813259,0
adaptive_policy,7,40,39.44517411,0
adaptive_policy,7,41,41.64464628,0
adaptive_policy,7,42,40.01898479,0
adaptive_policy,7,43,38.3396676,0
adaptive_policy,7,44,40.49493356,0
adaptive_policy,7,45,38.83231025,0
adaptive_policy,7,46,41.00781912,0
adaptive_policy,7,47,39.36227234,0
adaptive_policy,7,48,41.5585821,0
adaptive_policy,7,49,39.93031853,0
adaptive_policy,7,50,42.14780126,0
adaptive_policy,8,0,70.0,0
adaptive_policy,8,1,67.78,0
adaptive_policy,8,2,65.71096888,0
adaptive_policy,8,3,63.7666667,0
adaptive_policy,8,4,61.9255287,0
adaptive_policy,8,5,60.16953588,0
adaptive_policy,8,6,58.48338085,0
adaptive_policy,8,7,56.8538389,0
adaptive_policy,8,8,55.26928371,0
adaptive_policy,8,9,53.71930607,0
adaptive_policy,8,10,52.19440625,0
adaptive_policy,8,11,50.68573849,0
adaptive_policy,8,12,49.18489206,0
adaptive_policy,8,13,47.68369614,0
adaptive_policy,8,14,46.17403867,0
adaptive_policy,8,15,44.6476903,0
adaptive_policy,8,16,43.09612531,0
adaptive_policy,8,17,37.20071851,0
adaptive_policy,8,18,39.30583961,0
adaptive_policy,8,19,41.49998249,0
adaptive_policy,8,20,39.86993196,0
adaptive_policy,8,21,42.08521906,0
adaptive_policy,8,22,40.47246029,0
adaptive_policy,8,23,38.80906707,0
adaptive_policy,8,24,40.98364051,0
adaptive_policy,8,25,39.33730998,0
adaptive_policy,8,26,41.53266265,0
adaptive_policy,8,27,39.90361021,0
adaptive_policy,8,28,42.12012345,0
adaptive_policy,8,29,40.50835703,0
adaptive_policy,8,30,38.84619272,0
adaptive_policy,8,31,41.02225937,0
adaptive_policy,8,32,39.37717968,0
adaptive_policy,8,33,41.57405992,0
adaptive_policy,8,34,39.94626628,0
adaptive_policy,8,35,42.16432667,0
adaptive_policy,8,36,40.55381067,0
adaptive_policy,8,37,38.89319578,0
adaptive_policy,8,38,41.0711458,0
adaptive_policy,8,39,39.42764182,0
adaptive_policy,8,40,41.62644725,0
adaptive_policy,8,41,40.00023776,0
adaptive_policy,8,42,38.32024632,0
adaptive_policy,8,43,40.47469636,0
adaptive_policy,8,44,38.81137982,0
adaptive_policy,8,45,40.98604642,0
adaptive_policy,8,46,39.33979397,0
adaptive_policy,8,47,41.53524199,0
adaptive_policy,8,48,39.90626816,0
adaptive_policy,8,49,42.122878,0
adaptive_policy,8,50,40.5111897,0
adaptive_policy,9,0,70.0,0
adaptive_policy,9,1,67.78,0
adaptive_policy,9,2,65.71096888,0
adaptive_policy,9,3,63.7666667,0
adaptive_policy,9,4,61.9255287,0
adaptive_policy,9,5,53.97698301,0
adaptive_policy,9,6,52.4485135,0
adaptive_policy,9,7,50.93772211,0
adaptive_policy,9,8,49.43613932,0
adaptive_policy,9,9,47.93556704,0
adaptive_policy,9,10,46.42789564,0
adaptive_policy,9,11,40.26213821,0
adaptive_policy,9,12,38.59145149,0
adaptive_policy,9,13,40.75717253,0
adaptive_policy,9,14,39.10339878,0
adaptive_policy,9,15,41.28967413,0
adaptive_policy,9,16,39.65310853,0
adaptive_policy,9,17,41.86040384,0
adaptive_policy,9,18,40.24114839,0
adaptive_policy,9,19,38.56972506,0
adaptive_policy,9,20,40.73455293,0
adaptive_policy,9,21,39.08002561,0
adaptive_policy,9,22,41.2653831,0
adaptive_policy,9,23,39.62805474,0
adaptive_policy,9,24,41.83441569,0
adaptive_policy,9,25,40.21439751,0
adaptive_policy,9,26,38.54203308,0
adaptive_policy,9,27,40.70572007,0
adaptive_policy,9,28,39.05022952,0
adaptive_policy,9,29,41.23441407,0
adaptive_policy,9,30,39.59611017,0
adaptive_policy,9,31,41.80127651,0
adaptive_policy,9,32,40.18028219,0
adaptive_policy,9,33,38.50671385,0
adaptive_policy,9,34,40.66894172,0
adaptive_policy,9,35,39.01221815,0
adaptive_policy,9,36,41.19490172,0
adaptive_policy,9,37,39.55534816,0
adaptive_policy,9,38,41.75898481,0
adaptive_policy,9,39,40.13673901,0
adaptive_policy,9,40,38.46162796,0
adaptive_policy,9,41,36.77582391,0
adaptive_policy,9,42,38.86104201,0
adaptive_policy,9,43,41.03770452,0
adaptive_policy,9,44,39.39312359,0
adaptive_policy,9,45,41.5906131,0
adaptive_policy,9,46,39.96332108,0
adaptive_policy,9,47,42.18199822,0
adaptive_policy,9,48,40.57198014,0
adaptive_policy,9,49,38.91198254,0
adaptive_policy,9,50,37.19948485,0
adaptive_policy,10,0,70.0,0
adaptive_policy,10,1,67.78,0
adaptive_policy,10,2,65.71096888,0
adaptive_policy,10,3,63.7666667,0
adaptive_policy,10,4,61.9255287,0
adaptive_policy,10,5,60.16953588,0
adaptive_policy,10,6,58.48338085,0
adaptive_policy,10,7,56.8538389,0
adaptive_policy,10,8,55.26928371,0
adaptive_policy,10,9,53.71930607,0
adaptive_policy,10,10,52.19440625,0
adaptive_policy,10,11,50.68573849,0
adaptive_policy,10,12,49.18489206,0
adaptive_policy,10,13,47.68369614,0
adaptive_policy,10,14,41.40566905,0
adaptive_policy,10,15,39.77271651,0
adaptive_policy,10,16,41.98444132,0
adaptive_policy,10,17,40.3687928,0
adaptive_policy,10,18,38.70182452,0
adaptive_policy,10,19,40.87205674,0
adaptive_policy,10,20,39.22208191,0
adaptive_policy,10,21,41.41298758,0
adaptive_policy,10,22,39.78026137,0
adaptive_policy,10,23,41.99226386,0
adaptive_policy,10,24,40.37684096,0
adaptive_policy,10,25,38.71015161,0
adaptive_policy,10,26,40.8807224,0
adaptive_policy,10,27,39.23103219,0
adaptive_policy,10,28,37.49918177,0
adaptive_policy,10,29,35.86797677,0
adaptive_policy,10,30,37.90849143,0
adaptive_policy,10,31,40.04532319,0
adaptive_policy,10,32,38.36695112,0
adaptive_policy,10,33,40.52336104,0
adaptive_policy,10,34,38.861709,0
adaptive_policy,10,35,41.03839825,0
adaptive_policy,10,36,39.3938397,0
adaptive_policy,10,37,41.59135656,0
adaptive_policy,10,38,39.96408705,0
adaptive_policy,10,39,42.18279186,0
adaptive_policy,10,40,40.57279612,0
adaptive_policy,10,41,38.91282621,0
adaptive_policy,10,42,41.09156045,0
adaptive_policy,10,43,39.44871192,0
adaptive_policy,10,44,37.7034473,0
adaptive_policy,10,45,39.83127793,0
adaptive_policy,10,46,42.04515269,0
adaptive_policy,10,47,40.43124942,0
adaptive_policy,10,48,38.76643964,0
adaptive_policy,10,49,40.93929246,0
adaptive_policy,10,50,39.2915189,0
adaptive_policy,11,0,70.0,0
adaptive_policy,11,1,67.78,0
adaptive_policy,11,2,65.71096888,0
adaptive_policy,11,3,63.7666667,0
adaptive_policy,11,4,61.9255287,0
adaptive_policy,11,5,60.16953588,0
adaptive_policy,11,6,58.48338085,0
adaptive_policy,11,7,56.8538389,0
adaptive_policy,11,8,55.26928371,0
adaptive_policy,11,9,53.71930607,0
adaptive_policy,11,10,52.19440625,0
adaptive_policy,11,11,50.68573849,0
adaptive_policy,11,12,49.18489206,0
adaptive_policy,11,13,47.68369614,0
adaptive_policy,11,14,46.17403867,0
adaptive_policy,11,15,44.6476903,0
adaptive_policy,11,16,38.63135628,0
adaptive_policy,11,17,40.79871337,0
adaptive_policy,11,18,39.14631876,0
adaptive_policy,11,19,41.33427444,0
adaptive_policy,11,20,39.6991038,0
adaptive_policy,11,21,41.90810857,0
adaptive_policy,11,22,36.09943604,0
adaptive_policy,11,23,38.15162982,0
adaptive_policy,11,24,40.29893884,0
adaptive_policy,11,25,38.62953979,0
adaptive_policy,11,26,40.79682253,0
adaptive_policy,11,27,35.06468302,0
adaptive_policy,11,28,37.06316837,0
adaptive_policy,11,29,39.16191747,0
adaptive_policy,11,30,41.35048221,0
adaptive_policy,11,31,39.71581672,0
adaptive_policy,11,32,41.92544076,0
adaptive_policy,11,33,40.30808345,0
adaptive_policy,11,34,38.6390036,0
adaptive_policy,11,35,40.80667357,0
adaptive_policy,11,36,39.15454252,0
adaptive_policy,11,37,41.34281941,0
adaptive_policy,11,38,39.70791522,0
adaptive_policy,11,39,41.9172466,0
adaptive_policy,11,40,40.29965098,0
adaptive_policy,11,41,38.63027679,0
adaptive_policy,11,42,40.7975897,0
adaptive_policy,11,43,39.14515786,0
adaptive_policy,11,44,41.33306818,0
adaptive_policy,11,45,39.69785991,0
adaptive_policy,11,46,41.90681855,0
adaptive_policy,11,47,40.28891929,0
adaptive_policy,11,48,38.61917013,0
adaptive_policy,11,49,40.78602821,0
adaptive_policy,11,50,39.13321312,0
adaptive_policy,12,0,70.0,0
adaptive_policy,12,1,67.78,0
adaptive_policy,12,2,65.71096888,0
adaptive_policy,12,3,63.7666667,0
adaptive_policy,12,4,61.9255287,0
adaptive_policy,12,5,53.97698301,0
adaptive_policy,12,6,52.4485135,0
adaptive_policy,12,7,50.93772211,0
adaptive_policy,12,8,49.43613932,0
adaptive_policy,12,9,47.93556704,0
adaptive_policy,12,10,46.42789564,0
adaptive_policy,12,11,44.90492777,0
adaptive_policy,12,12,43.3582002,0
adaptive_policy,12,13,41.77879589,0
adaptive_policy,12,14,40.15713714,0
adaptive_policy,12,15,38.48274963,0
adaptive_policy,12,16,40.64398493,0
adaptive_policy,12,17,38.9864219,0
adaptive_policy,12,18,41.16808387,0
adaptive_policy,12,19,39.52767894,0
adaptive_policy,12,20,41.73027382,0
adaptive_policy,12,21,40.10717475,0
adaptive_policy,12,22,38.43101237,0
adaptive_policy,12,23,40.59009771,0
adaptive_policy,12,24,34.87170467,0
adaptive_policy,12,25,36.8597471,0
adaptive_policy,12,26,38.94894785,0
adaptive_policy,12,27,41.1291215,0
adaptive_policy,12,28,39.48747502,0
adaptive_policy,12,29,41.6885513,0
adaptive_policy,12,30,40.06420697,0
adaptive_policy,12,31,38.386511,0
adaptive_policy,12,32,40.54373938,0
adaptive_policy,12,33,38.88278182,0
adaptive_policy,12,34,41.06031525,0
adaptive_policy,12,35,39.41646291,0
adaptive_policy,12,36,41.61484265,0
adaptive_policy,12,37,39.9882831,0
adaptive_policy,12,38,42.20786104,0
adaptive_policy,12,39,40.59856967,0
adaptive_policy,12,40,38.93947326,0
adaptive_policy,12,41,41.11926981,0
adaptive_policy,12,42,39.47730854,0
adaptive_policy,12,43,41.67799988,0
adaptive_policy,12,44,40.05333964,0
adaptive_policy,12,45,38.37525475,0
adaptive_policy,12,46,36.69448681,0
adaptive_policy,12,47,38.77582079,0
adaptive_policy,12,48,40.94905283,0
adaptive_policy,12,49,39.30159747,0
adaptive_policy,12,50,41.495577,0
adaptive_policy,13,0,70.0,0
adaptive_policy,13,1,67.78,0
adaptive_policy,13,2,65.71096888,0
adaptive_policy,13,3,63.7666667,0
adaptive_policy,13,4,61.9255287,0
adaptive_policy,13,5,60.16953588,0
adaptive_policy,13,6,58.48338085,0
adaptive_policy,13,7,56.8538389,0
adaptive_policy,13,8,55.26928371,0
adaptive_policy,13,9,53.71930607,0
adaptive_policy,13,10,52.19440625,0
adaptive_policy,13,11,50.68573849,0
adaptive_policy,13,12,49.18489206,0
adaptive_policy,13,13,47.68369614,0
adaptive_policy,13,14,46.17403867,0
adaptive_policy,13,15,44.6476903,0
adaptive_policy,13,16,43.09612531,0
adaptive_policy,13,17,37.20071851,0
adaptive_policy,13,18,39.30583961,0
adaptive_policy,13,19,41.49998249,0
adaptive_policy,13,20,39.86993196,0
adaptive_policy,13,21,42.08521906,0
adaptive_policy,13,22,40.47246029,0
adaptive_policy,13,23,38.80906707,0
adaptive_policy,13,24,40.98364051,0
adaptive_policy,13,25,39.33730998,0
adaptive_policy,13,26,41.53266265,0
adaptive_policy,13,27,39.90361021,0
adaptive_policy,13,28,42.12012345,0
adaptive_policy,13,29,40.50835703,0
adaptive_policy,13,30,38.84619272,0
adaptive_policy,13,31,41.02225937,0
adaptive_policy,13,32,39.37717968,0
adaptive_policy,13,33,41.57405992,0
adaptive_policy,13,34,39.94626628,0
adaptive_policy,13,35,42.16432667,0
adaptive_policy,13,36,40.55381067,0
adaptive_policy,13,37,38.89319578,0
adaptive_policy,13,38,41.0711458,0
adaptive_policy,13,39,39.42764182,0
adaptive_policy,13,40,41.62644725,0
adaptive_policy,13,41,40.00023776,0
adaptive_policy,13,42,38.32024632,0
adaptive_policy,13,43,40.47469636,0
adaptive_policy,13,44,38.81137982,0
adaptive_policy,13,45,40.98604642,0
adaptive_policy,13,46,39.33979397,0
adaptive_policy,13,47,41.53524199,0
adaptive_policy,13,48,39.90626816,0
adaptive_policy,13,49,42.122878,0
adaptive_policy,13,50,40.5111897,0
adaptive_policy,14,0,70.0,0
adaptive_policy,14,1,67.78,0
adaptive_policy,14,2,65.71096888,0
adaptive_policy,14,3,63.7666667,0
adaptive_policy,14,4,61.9255287,0
adaptive_policy,14,5,60.16953588,0
adaptive_policy,14,6,58.48338085,0
adaptive_policy,14,7,56.8538389,0
adaptive_policy,14,8,55.26928371,0
adaptive_policy,14,9,53.71930607,0
adaptive_policy,14,10,52.19440625,0
adaptive_policy,14,11,50.68573849,0
adaptive_policy,14,12,49.18489206,0
adaptive_policy,14,13,47.68369614,0
adaptive_policy,14,14,46.17403867,0
adaptive_policy,14,15,44.6476903,0
adaptive_policy,14,16,43.09612531,0
adaptive_policy,14,17,41.51033104,0
adaptive_policy,14,18,39.88059697,0
adaptive_policy,14,19,42.0962728,0
adaptive_policy,14,20,40.48382878,0
adaptive_policy,14,21,38.82082525,0
adaptive_policy,14,22,40.99587214,0
adaptive_policy,14,23,39.34993837,0
adaptive_policy,14,24,41.54577551,0
adaptive_policy,14,25,39.91712246,0
adaptive_policy,14,26,42.13412651,0
adaptive_policy,14,27,40.52275697,0
adaptive_policy,14,28,38.86108433,0
adaptive_policy,14,29,41.03774853,0
adaptive_policy,14,30,39.39316902,0
adaptive_policy,14,31,41.59066026,0
adaptive_policy,14,32,39.96336967,0
adaptive_policy,14,33,42.18204857,0
adaptive_policy,14,34,40.57203191,0
adaptive_policy,14,35,38.91203606,0
adaptive_policy,14,36,41.09073876,0
adaptive_policy,14,37,39.44786388,0
adaptive_policy,14,38,41.64743824,0
adaptive_policy,14,39,40.02186072,0
adaptive_policy,14,40,38.34264685,0
adaptive_policy,14,41,40.49803786,0
adaptive_policy,14,42,38.83552075,0
adaptive_policy,14,43,41.01115867,0
adaptive_policy,14,44,39.36571999,0
adaptive_policy,14,45,41.56216175,0
adaptive_policy,14,46,39.93400694,0
adaptive_policy,14,47,42.15162335,0
adaptive_policy,14,48,40.54074873,0
adaptive_policy,14,49,38.87968934,0
adaptive_policy,14,50,41.05709899,0
adaptive_policy,15,0,70.0,0
adaptive_policy,15,1,67.78,0
adaptive_policy,15,2,58.93296888,0
adaptive_policy,15,3,57.2893326,0
adaptive_policy,15,4,55.69369074,0
adaptive_policy,15,5,54.13533813,0
adaptive_policy,15,6,47.19102248,0
adaptive_policy,15,7,45.67681984,0
adaptive_policy,15,8,44.14317804,0
adaptive_policy,15,9,42.58143379,0
adaptive_policy,15,10,40.98237056,0
adaptive_policy,15,11,39.33599881,0
adaptive_policy,15,12,41.53130115,0
adaptive_policy,15,13,39.90220721,0
adaptive_policy,15,14,42.11866945,0
adaptive_policy,15,15,40.50686178,0
adaptive_policy,15,16,38.84464637,0
adaptive_policy,15,17,41.02065092,0
adaptive_policy,15,18,39.37551925,0
adaptive_policy,15,19,41.57233598,0
adaptive_policy,15,20,39.94449004,0
adaptive_policy,15,21,42.16248614,0
adaptive_policy,15,22,40.55191822,0
adaptive_policy,15,23,38.89123897,0
adaptive_policy,15,24,41.06911074,0
adaptive_policy,15,25,39.42554133,0
adaptive_policy,15,26,41.62426681,0
adaptive_policy,15,27,39.99799158,0
adaptive_policy,15,28,42.21791927,0
adaptive_policy,15,29,40.60890987,0
adaptive_policy,15,30,38.95016323,0
adaptive_policy,15,31,41.13038523,0
adaptive_policy,15,32,39.48877911,0
adaptive_policy,15,33,41.68990473,0
adaptive_policy,15,34,40.0656009,0
adaptive_policy,15,35,38.38795479,0
adaptive_policy,15,36,40.54524352,0
adaptive_policy,15,37,34.82981281,0
adaptive_policy,15,38,36.81557057,0
adaptive_policy,15,39,38.90267804,0
adaptive_policy,15,40,41.08100705,0
adaptive_policy,15,41,39.43781986,0
adaptive_policy,15,42,41.63701249,0
adaptive_policy,15,43,40.01112129,0
adaptive_policy,15,44,38.33152143,0
adaptive_policy,15,45,40.48644532,0
adaptive_policy,15,46,38.82353142,0
adaptive_policy,15,47,40.99868721,0
adaptive_policy,15,48,35.25297595,0
adaptive_policy,15,49,37.26152146,0
adaptive_policy,15,50,39.36943756,0
adaptive_policy,16,0,70.0,0
adaptive_policy,16,1,67.78,0
adaptive_policy,16,2,65.71096888,0
adaptive_policy,16,3,63.7666667,0
adaptive_policy,16,4,61.9255287,0
adaptive_policy,16,5,60.16953588,0
adaptive_policy,16,6,58.48338085,0
adaptive_policy,16,7,56.8538389,0
adaptive_policy,16,8,55.26928371,0
adaptive_policy,16,9,48.1923777,0
adaptive_policy,16,10,46.68649621,0
adaptive_policy,16,11,45.16673345,0
adaptive_policy,16,12,43.62468461,0
adaptive_policy,16,13,42.05152425,0
adaptive_policy,16,14,40.43780337,0
adaptive_policy,16,15,38.77321928,0
adaptive_policy,16,16,40.94634619,0
adaptive_policy,16,17,39.29880263,0
adaptive_policy,16,18,41.4926745,0
adaptive_policy,16,19,39.86240025,0
adaptive_policy,16,20,42.07741258,0
adaptive_policy,16,21,36.25669001,0
adaptive_policy,16,22,38.31670859,0
adaptive_policy,16,23,40.47100985,0
adaptive_policy,16,24,38.80756688,0
adaptive_policy,16,25,40.98207987,0
adaptive_policy,16,26,39.33569868,0
adaptive_policy,16,27,41.5309895,0
adaptive_policy,16,28,39.90188605,0
adaptive_policy,16,29,42.11833662,0
adaptive_policy,16,30,40.50651951,0
adaptive_policy,16,31,38.8442924,0
adaptive_policy,16,32,41.02028274,0
adaptive_policy,16,33,39.37513916,0
adaptive_policy,16,34,37.63442744,0
adaptive_policy,16,35,39.75919414,0
adaptive_policy,16,36,41.97042076,0
adaptive_policy,16,37,40.3543673,0
adaptive_policy,16,38,38.68689849,0
adaptive_policy,16,39,40.85652321,0
adaptive_policy,16,40,39.2060375,0
adaptive_policy,16,41,41.39632018,0
adaptive_policy,16,42,39.76307823,0
adaptive_policy,16,43,41.974448,0
adaptive_policy,16,44,40.35851093,0
adaptive_policy,16,45,38.69118597,0
adaptive_policy,16,46,36.99186668,0
adaptive_policy,16,47,39.08728592,0
adaptive_policy,16,48,41.27292873,0
adaptive_policy,16,49,39.63583754,0
adaptive_policy,16,50,41.84248898,0
adaptive_policy,17,0,70.0,0
adaptive_policy,17,1,67.78,0
adaptive_policy,17,2,65.71096888,0
adaptive_policy,17,3,63.7666667,0
adaptive_policy,17,4,61.9255287,0
adaptive_policy,17,5,60.16953588,0
adaptive_policy,17,6,58.48338085,0
adaptive_policy,17,7,56.8538389,0
adaptive_policy,17,8,55.26928371,0
adaptive_policy,17,9,48.1923777,0
adaptive_policy,17,10,46.68649621,0
adaptive_policy,17,11,45.16673345,0
adaptive_policy,17,12,43.62468461,0
adaptive_policy,17,13,42.05152425,0
adaptive_policy,17,14,40.43780337,0
adaptive_policy,17,15,38.77321928,0
adaptive_policy,17,16,40.94634619,0
adaptive_policy,17,17,39.29880263,0
adaptive_policy,17,18,41.4926745,0
adaptive_policy,17,19,39.86240025,0
adaptive_policy,17,20,42.07741258,0
adaptive_policy,17,21,40.46443127,0
adaptive_policy,17,22,38.80076254,0
adaptive_policy,17,23,40.97500129,0
adaptive_policy,17,24,39.3283902,0
adaptive_policy,17,25,41.52340034,0
adaptive_policy,17,26,39.89406541,0
adaptive_policy,17,27,42.11023156,0
adaptive_policy,17,28,40.49818436,0
adaptive_policy,17,29,38.83567226,0
adaptive_policy,17,30,41.01131628,0
adaptive_policy,17,31,39.36588269,0
adaptive_policy,17,32,41.56233068,0
adaptive_policy,17,33,39.93418101,0
adaptive_policy,17,34,42.15180372,0
adaptive_policy,17,35,40.54093419,0
adaptive_policy,17,36,38.87988113,0
adaptive_policy,17,37,41.05729845,0
adaptive_policy,17,38,39.41334901,0
adaptive_policy,17,39,37.67027518,0
adaptive_policy,17,40,39.79663538,0
adaptive_policy,17,41,42.00923981,0
adaptive_policy,17,42,40.39430576,0
adaptive_policy,17,43,38.72822091,0
adaptive_policy,17,44,40.8995255,0
adaptive_policy,17,45,39.25045196,0
adaptive_policy,17,46,41.44245695,0
adaptive_policy,17,47,39.81064017,0
adaptive_policy,17,48,42.02375867,0
adaptive_policy,17,49,40.40924191,0
adaptive_policy,17,50,38.74367316,0
adaptive_policy,18,0,70.0,0
adaptive_policy,18,1,67.78,0
adaptive_policy,18,2,65.71096888,0
adaptive_policy,18,3,63.7666667,0
adaptive_policy,18,4,61.9255287,0
adaptive_policy,18,5,60.16953588,0
adaptive_policy,18,6,58.48338085,0
adaptive_policy,18,7,56.8538389,0
adaptive_policy,18,8,55.26928371,0
adaptive_policy,18,9,53.71930607,0
adaptive_policy,18,10,52.19440625,0
adaptive_policy,18,11,50.68573849,0
adaptive_policy,18,12,49.18489206,0
adaptive_policy,18,13,47.68369614,0
adaptive_policy,18,14,46.17403867,0
adaptive_policy,18,15,44.6476903,0
adaptive_policy,18,16,43.09612531,0
adaptive_policy,18,17,41.51033104,0
adaptive_policy,18,18,39.88059697,0
adaptive_policy,18,19,42.0962728,0
adaptive_policy,18,20,40.48382878,0
adaptive_policy,18,21,38.82082525,0
adaptive_policy,18,22,40.99587214,0
adaptive_policy,18,23,39.34993837,0
adaptive_policy,18,24,41.54577551,0
adaptive_policy,18,25,39.91712246,0
adaptive_policy,18,26,42.13412651,0
adaptive_policy,18,27,36.30934432,0
adaptive_policy,18,28,38.37196303,0
adaptive_policy,18,29,40.52858279,0
adaptive_policy,18,30,38.86710885,0
adaptive_policy,18,31,41.04401457,0
adaptive_policy,18,32,39.39963715,0
adaptive_policy,18,33,41.59737531,0
adaptive_policy,18,34,39.97028792,0
adaptive_policy,18,35,42.1892167,0
adaptive_policy,18,36,40.5794017,0
adaptive_policy,18,37,38.91965589,0
adaptive_policy,18,38,41.09866264,0
adaptive_policy,18,39,39.45604179,0
adaptive_policy,18,40,41.65592669,0
adaptive_policy,18,41,40.03060428,0
adaptive_policy,18,42,38.35170435,0
adaptive_policy,18,43,40.50747533,0
adaptive_policy,18,44,38.84528088,0
adaptive_policy,18,45,41.02131092,0
adaptive_policy,18,46,39.37620057,0
adaptive_policy,18,47,41.57304337,0
adaptive_policy,18,48,39.94521889,0
adaptive_policy,18,49,42.16324137,0
adaptive_policy,18,50,40.55269475,0
adaptive_policy,19,0,70.0,0
adaptive_policy,19,1,67.78,0
adaptive_policy,19,2,65.71096888,0
adaptive_policy,19,3,63.7666667,0
adaptive_policy,19,4,61.9255287,0
adaptive_policy,19,5,60.16953588,0
adaptive_policy,19,6,58.48338085,0
adaptive_policy,19,7,56.8538389,0
adaptive_policy,19,8,55.26928371,0
adaptive_policy,19,9,53.71930607,0
adaptive_policy,19,10,52.19440625,0
adaptive_policy,19,11,50.68573849,0
adaptive_policy,19,12,49.18489206,0
adaptive_policy,19,13,47.68369614,0
adaptive_policy,19,14,46.17403867,0
adaptive_policy,19,15,44.6476903,0
adaptive_policy,19,16,43.09612531,0
adaptive_policy,19,17,41.51033104,0
adaptive_policy,19,18,39.88059697,0
adaptive_policy,19,19,42.0962728,0
adaptive_policy,19,20,40.48382878,0
adaptive_policy,19,21,38.82082525,0
adaptive_policy,19,22,40.99587214,0
adaptive_policy,19,23,39.34993837,0
adaptive_policy,19,24,41.54577551,0
adaptive_policy,19,25,39.91712246,0
adaptive_policy,19,26,42.13412651,0
adaptive_policy,19,27,40.52275697,0
adaptive_policy,19,28,38.86108433,0
adaptive_policy,19,29,41.03774853,0
adaptive_policy,19,30,39.39316902,0
adaptive_policy,19,31,41.59066026,0
adaptive_policy,19,32,39.96336967,0
adaptive_policy,19,33,42.18204857,0
adaptive_policy,19,34,40.57203191,0
adaptive_policy,19,35,38.91203606,0
adaptive_policy,19,36,41.09073876,0
adaptive_policy,19,37,39.44786388,0
adaptive_policy,19,38,41.64743824,0
adaptive_policy,19,39,40.02186072,0
adaptive_policy,19,40,38.34264685,0
adaptive_policy,19,41,40.49803786,0
adaptive_policy,19,42,38.83552075,0
adaptive_policy,19,43,41.01115867,0
adaptive_policy,19,44,35.26460412,0
adaptive_policy,19,45,37.27376672,0
adaptive_policy,19,46,39.38224409,0
adaptive_policy,19,47,41.57931796,0
adaptive_policy,19,48,39.95168377,0
adaptive_policy,19,49,42.16994018,0
adaptive_policy,19,50,40.55958247,0
adaptive_policy,20,0,70.0,0
adaptive_policy,20,1,67.78,0
adaptive_policy,20,2,65.71096888,0
adaptive_policy,20,3,63.7666667,0
adaptive_policy,20,4,61.9255287,0
adaptive_policy,20,5,60.16953588,0
adaptive_policy,20,6,58.48338085,0
adaptive_policy,20,7,56.8538389,0
adaptive_policy,20,8,55.26928371,0
adaptive_policy,20,9,53.71930607,0
adaptive_policy,20,10,52.19440625,0
adaptive_policy,20,11,50.68573849,0
adaptive_policy,20,12,49.18489206,0
adaptive_policy,20,13,47.68369614,0
adaptive_policy,20,14,46.17403867,0
adaptive_policy,20,15,44.6476903,0
adaptive_policy,20,16,43.09612531,0
adaptive_policy,20,17,41.51033104,0
adaptive_policy,20,18,39.88059697,0
adaptive_policy,20,19,42.0962728,0
adaptive_policy,20,20,40.48382878,0
adaptive_policy,20,21,38.82082525,0
adaptive_policy,20,22,40.99587214,0
adaptive_policy,20,23,39.34993837,0
adaptive_policy,20,24,41.54577551,0
adaptive_policy,20,25,39.91712246,0
adaptive_policy,20,26,42.13412651,0
adaptive_policy,20,27,36.30934432,0
adaptive_policy,20,28,38.37196303,0
adaptive_policy,20,29,40.52858279,0
adaptive_policy,20,30,38.86710885,0
adaptive_policy,20,31,41.04401457,0
adaptive_policy,20,32,39.39963715,0
adaptive_policy,20,33,41.59737531,0
adaptive_policy,20,34,39.97028792,0
adaptive_policy,20,35,38.19218791,0
adaptive_policy,20,36,40.34122394,0
adaptive_policy,20,37,38.67329842,0
adaptive_policy,20,38,40.84236892,0
adaptive_policy,20,39,39.19141695,0
adaptive_policy,20,40,37.46198941,0
adaptive_policy,20,41,39.57902633,0
adaptive_policy,20,42,41.78355229,0
adaptive_policy,20,43,40.16203426,0
adaptive_policy,20,44,38.48782024,0
adaptive_policy,20,45,40.64926573,0
adaptive_policy,20,46,38.99188051,0
adaptive_policy,20,47,41.17375886,0
adaptive_policy,20,48,39.5335343,0
adaptive_policy,20,49,41.73634987,0
adaptive_policy,20,50,40.11343163,0
adaptive_policy,21,0,70.0,0
adaptive_policy,21,1,67.78,0
adaptive_policy,21,2,65.71096888,0
adaptive_policy,21,3,63.7666667,0
adaptive_policy,21,4,61.9255287,0
adaptive_policy,21,5,60.16953588,0
adaptive_policy,21,6,58.48338085,0
adaptive_policy,21,7,56.8538389,0
adaptive_policy,21,8,55.26928371,0
adaptive_policy,21,9,53.71930607,0
adaptive_policy,21,10,52.19440625,0
adaptive_policy,21,11,45.46629787,0
adaptive_policy,21,12,43.92929985,0
adaptive_policy,21,13,42.36296373,0
adaptive_policy,21,14,40.75797995,0
adaptive_policy,21,15,39.10423306,0
adaptive_policy,21,16,41.29054114,0
adaptive_policy,21,17,39.65400272,0
adaptive_policy,21,18,37.89593106,0
adaptive_policy,21,19,40.03221579,0
adaptive_policy,21,20,38.35337369,0
adaptive_policy,21,21,40.50921466,0
adaptive_policy,21,22,38.84707965,0
adaptive_policy,21,23,37.13847395,0
adaptive_policy,21,24,39.24072002,0
adaptive_policy,21,25,41.43234823,0
adaptive_policy,21,26,39.80021984,0
adaptive_policy,21,27,42.01295592,0
adaptive_policy,21,28,40.39812874,0
adaptive_policy,21,29,38.73217607,0
adaptive_policy,21,30,40.90364113,0
adaptive_policy,21,31,39.25470239,0
adaptive_policy,21,32,41.44687183,0
adaptive_policy,21,33,39.81519102,0
adaptive_policy,21,34,42.02847642,0
adaptive_policy,21,35,40.41409509,0
adaptive_policy,21,36,38.74869385,0
adaptive_policy,21,37,40.92082845,0
adaptive_policy,21,38,35.18036917,0
adaptive_policy,21,39,37.18505054,0
adaptive_policy,21,40,39.28944927,0
adaptive_policy,21,41,41.48296065,0
adaptive_policy,21,42,39.85238873,0
adaptive_policy,21,43,42.0670355,0
adaptive_policy,21,44,40.45375803,0
adaptive_policy,21,45,38.78972271,0
adaptive_policy,21,46,40.96351614,0
adaptive_policy,21,47,39.31653167,0
adaptive_policy,21,48,41.51108597,0
adaptive_policy,21,49,39.88137498,0
adaptive_policy,21,50,42.09707915,0
adaptive_policy,22,0,70.0,0
adaptive_policy,22,1,67.78,0
adaptive_policy,22,2,65.71096888,0
adaptive_policy,22,3,57.19556981,0
adaptive_policy,22,4,55.60237261,0
adaptive_policy,22,5,54.04587677,0
adaptive_policy,22,6,52.51641235,0
adaptive_policy,22,7,51.00501416,0
adaptive_policy,22,8,49.50319606,0
adaptive_policy,22,9,48.0027518,0
adaptive_policy,22,10,46.4955716,0
adaptive_policy,22,11,44.97346576,0
adaptive_policy,22,12,43.42798688,0
adaptive_policy,22,13,41.85024244,0
adaptive_policy,22,14,40.23068905,0
adaptive_policy,22,15,38.55889806,0
adaptive_policy,22,16,40.7232802,0
adaptive_policy,22,17,39.06837665,0
adaptive_policy,22,18,37.34643828,0
adaptive_policy,22,19,39.45823556,0
adaptive_policy,22,20,41.65820372,0
adaptive_policy,22,21,40.0329497,0
adaptive_policy,22,22,38.35413394,0
adaptive_policy,22,23,40.51000679,0
adaptive_policy,22,24,38.84789884,0
adaptive_policy,22,25,41.02403399,0
adaptive_policy,22,26,39.37901165,0
adaptive_policy,22,27,41.57596194,0
adaptive_policy,22,28,39.94822599,0
adaptive_policy,22,29,42.1663573,0
adaptive_policy,22,30,40.55589858,0
adaptive_policy,22,31,38.89535468,0
adaptive_policy,22,32,41.07339102,0
adaptive_policy,22,33,39.42995919,0
adaptive_policy,22,34,41.62885282,0
adaptive_policy,22,35,40.00271583,0
adaptive_policy,22,36,38.32281359,0
adaptive_policy,22,37,40.47737156,0
adaptive_policy,22,38,38.81414674,0
adaptive_policy,22,39,40.98892478,0
adaptive_policy,22,40,39.34276572,0
adaptive_policy,22,41,37.60405119,0
adaptive_policy,22,42,39.72746401,0
adaptive_policy,22,43,37.96477262,0
adaptive_policy,22,44,40.10404856,0
adaptive_policy,22,45,38.42777482,0
adaptive_policy,22,46,40.58672531,0
adaptive_policy,22,47,38.92722778,0
adaptive_policy,22,48,41.10653646,0
adaptive_policy,22,49,39.46416782,0
adaptive_policy,22,50,41.66436105,0
adaptive_policy,23,0,70.0,0
adaptive_policy,23,1,67.78,0
adaptive_policy,23,2,65.71096888,0
adaptive_policy,23,3,63.7666667,0
adaptive_policy,23,4,61.9255287,0
adaptive_policy,23,5,60.16953588,0
adaptive_policy,23,6,58.48338085,0
adaptive_policy,23,7,56.8538389,0
adaptive_policy,23,8,55.26928371,0
adaptive_policy,23,9,53.71930607,0
adaptive_policy,23,10,52.19440625,0
adaptive_policy,23,11,50.68573849,0
adaptive_policy,23,12,49.18489206,0
adaptive_policy,23,13,42.76520694,0
adaptive_policy,23,14,41.17099092,0
adaptive_policy,23,15,39.5306784,0
adaptive_policy,23,16,41.73338635,0
adaptive_policy,23,17,40.11037993,0
adaptive_policy,23,18,38.43433167,0
adaptive_policy,23,19,40.59355524,0
adaptive_policy,23,20,38.93428908,0
adaptive_policy,23,21,41.11387915,0
adaptive_policy,23,22,39.47174549,0
adaptive_policy,23,23,41.67222604,0
adaptive_policy,23,24,40.04739276,0
adaptive_policy,23,25,38.36909486,0
adaptive_policy,23,26,40.52559454,0
adaptive_policy,23,27,38.86401869,0
adaptive_policy,23,28,41.04080055,0
adaptive_policy,23,29,39.39631949,0
adaptive_policy,23,30,41.59393102,0
adaptive_policy,23,31,39.96673943,0
adaptive_policy,23,32,42.18554006,0
adaptive_policy,23,33,40.57562164,0
adaptive_policy,23,34,38.91574761,0
adaptive_policy,23,35,41.09459844,0
adaptive_policy,23,36,39.45184732,0
adaptive_policy,23,37,41.65157297,0
adaptive_policy,23,38,40.02611975,0
adaptive_policy,23,39,38.34705884,0
adaptive_policy,23,40,40.50263497,0
adaptive_policy,23,41,38.84027507,0
adaptive_policy,23,42,41.01610404,0
adaptive_policy,23,43,39.37082535,0
adaptive_policy,23,44,41.56746251,0
adaptive_policy,23,45,35.78272242,0
adaptive_policy,23,46,37.81888665,0
adaptive_policy,23,47,39.95180351,0
adaptive_policy,23,48,42.17006426,0
adaptive_policy,23,49,40.55971005,0
adaptive_policy,23,50,38.89929572,0
adaptive_policy,24,0,70.0,0
adaptive_policy,24,1,67.78,0
adaptive_policy,24,2,65.71096888,0
adaptive_policy,24,3,63.7666667,0
adaptive_policy,24,4,61.9255287,0
adaptive_policy,24,5,60.16953588,0
adaptive_policy,24,6,58.48338085,0
adaptive_policy,24,7,56.8538389,0
adaptive_policy,24,8,55.26928371,0
adaptive_policy,24,9,53.71930607,0
adaptive_policy,24,10,52.19440625,0
adaptive_policy,24,11,50.68573849,0
adaptive_policy,24,12,49.18489206,0
adaptive_policy,24,13,47.68369614,0
adaptive_policy,24,14,46.17403867,0
adaptive_policy,24,15,44.6476903,0
adaptive_policy,24,16,43.09612531,0
adaptive_policy,24,17,41.51033104,0
adaptive_policy,24,18,39.88059697,0
adaptive_policy,24,19,42.0962728,0
adaptive_policy,24,20,40.48382878,0
adaptive_policy,24,21,38.82082525,0
adaptive_policy,24,22,40.99587214,0
adaptive_policy,24,23,39.34993837,0
adaptive_policy,24,24,41.54577551,0
adaptive_policy,24,25,39.91712246,0
adaptive_policy,24,26,42.13412651,0
adaptive_policy,24,27,40.52275697,0
adaptive_policy,24,28,38.86108433,0
adaptive_policy,24,29,41.03774853,0
adaptive_policy,24,30,39.39316902,0
adaptive_policy,24,31,41.59066026,0
adaptive_policy,24,32,39.96336967,0
adaptive_policy,24,33,42.18204857,0
adaptive_policy,24,34,40.57203191,0
adaptive_policy,24,35,38.91203606,0
adaptive_policy,24,36,41.09073876,0
adaptive_policy,24,37,39.44786388,0
adaptive_policy,24,38,41.64743824,0
adaptive_policy,24,39,40.02186072,0
adaptive_policy,24,40,38.34264685,0
adaptive_policy,24,41,40.49803786,0
adaptive_policy,24,42,38.83552075,0
adaptive_policy,24,43,41.01115867,0
adaptive_policy,24,44,39.36571999,0
adaptive_policy,24,45,41.56216175,0
adaptive_policy,24,46,39.93400694,0
adaptive_policy,24,47,42.15162335,0
adaptive_policy,24,48,40.54074873,0
adaptive_policy,24,49,38.87968934,0
adaptive_policy,24,50,41.05709899,0
adaptive_policy,25,0,70.0,0
adaptive_policy,25,1,67.78,0
adaptive_policy,25,2,65.71096888,0
adaptive_policy,25,3,63.7666667,0
adaptive_policy,25,4,61.9255287,0
adaptive_policy,25,5,60.16953588,0
adaptive_policy,25,6,58.48338085,0
adaptive_policy,25,7,51.00550081,0
adaptive_policy,25,8,49.50368096,0
adaptive_policy,25,9,48.00323756,0
adaptive_policy,25,10,46.49606085,0
adaptive_policy,25,11,44.97396119,0
adaptive_policy,25,12,43.42849127,0
adaptive_policy,25,13,41.85075876,0
adaptive_policy,25,14,40.23122052,0
adaptive_policy,25,15,38.55944823,0
adaptive_policy,25,16,40.72385302,0
adaptive_policy,25,17,39.0689686,0
adaptive_policy,25,18,41.25389119,0
adaptive_policy,25,19,39.61620124,0
adaptive_policy,25,20,41.82211934,0
adaptive_policy,25,21,40.20173942,0
adaptive_policy,25,22,38.52892878,0
adaptive_policy,25,23,40.69207493,0
adaptive_policy,25,24,39.03612748,0
adaptive_policy,25,25,41.21975578,0
adaptive_policy,25,26,39.58098894,0
adaptive_policy,25,27,41.78558852,0
adaptive_policy,25,28,40.16413072,0
adaptive_policy,25,29,38.48999093,0
adaptive_policy,25,30,40.65152638,0
adaptive_policy,25,31,38.99421725,0
adaptive_policy,25,32,41.17618819,0
adaptive_policy,25,33,39.53604082,0
adaptive_policy,25,34,41.73895082,0
adaptive_policy,25,35,40.11610994,0
adaptive_policy,25,36,38.44026563,0
adaptive_policy,25,37,36.75570964,0
adaptive_policy,25,38,38.83996943,0
adaptive_policy,25,39,41.01578613,0
adaptive_policy,25,40,39.37049715,0
adaptive_policy,25,41,41.56712175,0
adaptive_policy,25,42,39.93911757,0
adaptive_policy,25,43,42.15691913,0
adaptive_policy,25,44,40.54619408,0
adaptive_policy,25,45,38.88532007,0
adaptive_policy,25,46,41.06295508,0
adaptive_policy,25,47,39.41918769,0
adaptive_policy,25,48,41.61767122,0
adaptive_policy,25,49,39.99119704,0
adaptive_policy,25,50,38.21176029,0
adaptive_policy,26,0,70.0,0
adaptive_policy,26,1,67.78,0
adaptive_policy,26,2,65.71096888,0
adaptive_policy,26,3,63.7666667,0
adaptive_policy,26,4,61.9255287,0
adaptive_policy,26,5,60.16953588,0
adaptive_policy,26,6,58.48338085,0
adaptive_policy,26,7,56.8538389,0
adaptive_policy,26,8,49.58389982,0
adaptive_policy,26,9,48.08358816,0
adaptive_policy,26,10,46.57697742,0
adaptive_policy,26,11,45.05588667,0
adaptive_policy,26,12,43.51188701,0
adaptive_policy,26,13,41.93611491,0
adaptive_policy,26,14,40.31906768,0
adaptive_policy,26,15,38.65037086,0
adaptive_policy,26,16,40.81850552,0
adaptive_policy,26,17,39.1667658,0
adaptive_policy,26,18,37.43884309,0
adaptive_policy,26,19,39.5548343,0
adaptive_policy,26,20,41.75845162,0
adaptive_policy,26,21,40.13619,0
adaptive_policy,26,22,38.46105946,0
adaptive_policy,26,23,40.62139459,0
adaptive_policy,26,24,38.96306976,0
adaptive_policy,26,25,41.14380487,0
adaptive_policy,26,26,39.50262692,0
adaptive_policy,26,27,37.75401351,0
adaptive_policy,26,28,39.88407798,0
adaptive_policy,26,29,42.0998806,0
adaptive_policy,26,30,40.48753921,0
adaptive_policy,26,31,38.82466277,0
adaptive_policy,26,32,37.1173978,0
adaptive_policy,26,33,35.50692743,0
adaptive_policy,26,34,37.52883895,0
adaptive_policy,26,35,39.64888521,0
adaptive_policy,26,36,41.85602317,0
adaptive_policy,26,37,40.23663932,0
adaptive_policy,26,38,38.56505754,0
adaptive_policy,26,39,40.72969331,0
adaptive_policy,26,40,39.07500385,0
adaptive_policy,26,41,41.26016388,0
adaptive_policy,26,42,39.62267135,0
adaptive_policy,26,43,41.82883124,0
adaptive_policy,26,44,40.20864885,0
adaptive_policy,26,45,38.53608184,0
adaptive_policy,26,46,40.69952329,0
adaptive_policy,26,47,39.04382533,0
adaptive_policy,26,48,41.22775735,0
adaptive_policy,26,49,39.58924332,0
adaptive_policy,26,50,41.79415238,0
adaptive_policy,27,0,70.0,0
adaptive_policy,27,1,67.78,0
adaptive_policy,27,2,65.71096888,0
adaptive_policy,27,3,63.7666667,0
adaptive_policy,27,4,61.9255287,0
adaptive_policy,27,5,60.16953588,0
adaptive_policy,27,6,58.48338085,0
adaptive_policy,27,7,56.8538389,0
adaptive_policy,27,8,55.26928371,0
adaptive_policy,27,9,53.71930607,0
adaptive_policy,27,10,52.19440625,0
adaptive_policy,27,11,50.68573849,0
adaptive_policy,27,12,49.18489206,0
adaptive_policy,27,13,47.68369614,0
adaptive_policy,27,14,46.17403867,0
adaptive_policy,27,15,44.6476903,0
adaptive_policy,27,16,43.09612531,0
adaptive_policy,27,17,41.51033104,0
adaptive_policy,27,18,39.88059697,0
adaptive_policy,27,19,42.0962728,0
adaptive_policy,27,20,40.48382878,0
adaptive_policy,27,21,38.82082525,0
adaptive_policy,27,22,37.11378962,0
adaptive_policy,27,23,39.21489166,0
adaptive_policy,27,24,41.40551825,0
adaptive_policy,27,25,39.77256104,0
adaptive_policy,27,26,41.98428013,0
adaptive_policy,27,27,40.36862695,0
adaptive_policy,27,28,38.70165293,0
adaptive_policy,27,29,40.87187817,0
adaptive_policy,27,30,39.22189747,0
adaptive_policy,27,31,41.41279598,0
adaptive_policy,27,32,39.78006385,0
adaptive_policy,27,33,41.99205908,0
adaptive_policy,27,34,40.37663027,0
adaptive_policy,27,35,38.70993363,0
adaptive_policy,27,36,40.88049555,0
adaptive_policy,27,37,39.2307979,0
adaptive_policy,27,38,41.42204161,0
adaptive_policy,27,39,39.78959515,0
adaptive_policy,27,40,42.00194089,0
adaptive_policy,27,41,40.38679678,0
adaptive_policy,27,42,38.72045216,0
adaptive_policy,27,43,40.8914414,0
adaptive_policy,27,44,35.15295875,0
adaptive_policy,27,45,37.15617641,0
adaptive_policy,27,46,39.25924156,0
adaptive_policy,27,47,41.45158655,0
adaptive_policy,27,48,39.82005088,0
adaptive_policy,27,49,42.03351443,0
adaptive_policy,27,50,40.41927762,0
adaptive_policy,28,0,70.0,0
adaptive_policy,28,1,67.78,0
adaptive_policy,28,2,65.71096888,0
adaptive_policy,28,3,63.7666667,0
adaptive_policy,28,4,61.9255287,0
adaptive_policy,28,5,60.16953588,0
adaptive_policy,28,6,58.48338085,0
adaptive_policy,28,7,56.8538389,0
adaptive_policy,28,8,55.26928371,0
adaptive_policy,28,9,53.71930607,0
adaptive_policy,28,10,52.19440625,0
adaptive_policy,28,11,50.68573849,0
adaptive_policy,28,12,49.18489206,0
adaptive_policy,28,13,42.76520694,0
adaptive_policy,28,14,41.17099092,0
adaptive_policy,28,15,39.5306784,0
adaptive_policy,28,16,41.73338635,0
adaptive_policy,28,17,40.11037993,0
adaptive_policy,28,18,38.43433167,0
adaptive_policy,28,19,40.59355524,0
adaptive_policy,28,20,38.93428908,0
adaptive_policy,28,21,41.11387915,0
adaptive_policy,28,22,39.47174549,0
adaptive_policy,28,23,41.67222604,0
adaptive_policy,28,24,40.04739276,0
adaptive_policy,28,25,38.36909486,0
adaptive_policy,28,26,40.52559454,0
adaptive_policy,28,27,38.86401869,0
adaptive_policy,28,28,37.15439868,0
adaptive_policy,28,29,39.25738163,0
adaptive_policy,28,30,41.4496547,0
adaptive_policy,28,31,39.81805957,0
adaptive_policy,28,32,42.03145013,0
adaptive_policy,28,33,40.41715412,0
adaptive_policy,28,34,38.75185843,0
adaptive_policy,28,35,40.92412119,0
adaptive_policy,28,36,39.27585236,0
adaptive_policy,28,37,41.46883914,0
adaptive_policy,28,38,39.83783387,0
adaptive_policy,28,39,38.06816516,0
adaptive_policy,28,40,40.21190154,0
adaptive_policy,28,41,38.53944917,0
adaptive_policy,28,42,40.70302956,0
adaptive_policy,28,43,39.04744897,0
adaptive_policy,28,44,41.2315239,0
adaptive_policy,28,45,39.59312879,0
adaptive_policy,28,46,41.79818345,0
adaptive_policy,28,47,40.17709782,0
adaptive_policy,28,48,38.50341688,0
adaptive_policy,28,49,40.66550832,0
adaptive_policy,28,50,39.0086694,0
adaptive_policy,29,0,70.0,0
adaptive_policy,29,1,67.78,0
adaptive_policy,29,2,65.71096888,0
adaptive_policy,29,3,63.7666667,0
adaptive_policy,29,4,61.9255287,0
adaptive_policy,29,5,60.16953588,0
adaptive_policy,29,6,58.48338085,0
adaptive_policy,29,7,56.8538389,0
adaptive_policy,29,8,55.26928371,0
adaptive_policy,29,9,53.71930607,0
adaptive_policy,29,10,52.19440625,0
adaptive_policy,29,11,50.68573849,0
adaptive_policy,29,12,49.18489206,0
adaptive_policy,29,13,47.68369614,0
adaptive_policy,29,14,46.17403867,0
adaptive_policy,29,15,44.6476903,0
adaptive_policy,29,16,43.09612531,0
adaptive_policy,29,17,41.51033104,0
adaptive_policy,29,18,39.88059697,0
adaptive_policy,29,19,42.0962728,0
adaptive_policy,29,20,40.48382878,0
adaptive_policy,29,21,38.82082525,0
adaptive_policy,29,22,40.99587214,0
adaptive_policy,29,23,39.34993837,0
adaptive_policy,29,24,41.54577551,0
adaptive_policy,29,25,39.91712246,0
adaptive_policy,29,26,42.13412651,0
adaptive_policy,29,27,40.52275697,0
adaptive_policy,29,28,38.86108433,0
adaptive_policy,29,29,41.03774853,0
adaptive_policy,29,30,39.39316902,0
adaptive_policy,29,31,41.59066026,0
adaptive_policy,29,32,39.96336967,0
adaptive_policy,29,33,42.18204857,0
adaptive_policy,29,34,40.57203191,0
adaptive_policy,29,35,38.91203606,0
adaptive_policy,29,36,41.09073876,0
adaptive_policy,29,37,39.44786388,0
adaptive_policy,29,38,41.64743824,0
adaptive_policy,29,39,40.02186072,0
adaptive_policy,29,40,38.34264685,0
adaptive_policy,29,41,40.49803786,0
adaptive_policy,29,42,38.83552075,0
adaptive_policy,29,43,41.01115867,0
adaptive_policy,29,44,39.36571999,0
adaptive_policy,29,45,41.56216175,0
adaptive_policy,29,46,39.93400694,0
adaptive_policy,29,47,42.15162335,0
adaptive_policy,29,48,40.54074873,0
adaptive_policy,29,49,38.87968934,0
adaptive_policy,29,50,41.05709899,0
adaptive_policy,30,0,70.0,0
adaptive_policy,30,1,67.78,0
adaptive_policy,30,2,65.71096888,0
adaptive_policy,30,3,57.19556981,0
adaptive_policy,30,4,55.60237261,0
adaptive_policy,30,5,54.04587677,0
adaptive_policy,30,6,52.51641235,0
adaptive_policy,30,7,51.00501416,0
adaptive_policy,30,8,49.50319606,0
adaptive_policy,30,9,48.0027518,0
adaptive_policy,30,10,46.4955716,0
adaptive_policy,30,11,44.97346576,0
adaptive_policy,30,12,43.42798688,0
adaptive_policy,30,13,41.85024244,0
adaptive_policy,30,14,40.23068905,0
adaptive_policy,30,15,38.55889806,0
adaptive_policy,30,16,40.7232802,0
adaptive_policy,30,17,39.06837665,0
adaptive_policy,30,18,41.25327594,0
adaptive_policy,30,19,39.61556662,0
adaptive_policy,30,20,41.821461,0
adaptive_policy,30,21,40.2010617,0
adaptive_policy,30,22,38.52822715,0
adaptive_policy,30,23,36.8385216,0
adaptive_policy,30,24,38.92671748,0
adaptive_policy,30,25,41.10600583,0
adaptive_policy,30,26,39.46362019,0
adaptive_policy,30,27,41.66379265,0
adaptive_policy,30,28,40.03870641,0
adaptive_policy,30,29,38.36009715,0
adaptive_policy,30,30,40.51621994,0
adaptive_policy,30,31,38.85432419,0
adaptive_policy,30,32,41.03071723,0
adaptive_policy,30,33,39.38591077,0
adaptive_policy,30,34,41.58312476,0
adaptive_policy,30,35,39.95560594,0
adaptive_policy,30,36,42.17400421,0
adaptive_policy,30,37,40.56376103,0
adaptive_policy,30,38,38.90348434,0
adaptive_policy,30,39,41.08184555,0
adaptive_policy,30,40,39.43868529,0
adaptive_policy,30,41,41.63791083,0
adaptive_policy,30,42,40.01204666,0
adaptive_policy,30,43,38.33248008,0
adaptive_policy,30,44,40.48744425,0
adaptive_policy,30,45,38.82456456,0
adaptive_policy,30,46,40.99976191,0
adaptive_policy,30,47,39.3539542,0
adaptive_policy,30,48,41.54994527,0
adaptive_policy,30,49,39.92141911,0
adaptive_policy,30,50,42.13857908,0
adaptive_policy,31,0,70.0,0
adaptive_policy,31,1,60.78,0
adaptive_policy,31,2,59.07082488,0
adaptive_policy,31,3,57.42272112,0
adaptive_policy,31,4,55.8235469,0
adaptive_policy,31,5,54.26250225,0
adaptive_policy,31,6,52.72979818,0
adaptive_policy,31,7,51.21638495,0
adaptive_policy,31,8,49.71372168,0
adaptive_policy,31,9,48.21357416,0
adaptive_policy,31,10,46.70782979,0
adaptive_policy,31,11,45.1883207,0
adaptive_policy,31,12,43.64664663,0
adaptive_policy,31,13,42.07398945,0
adaptive_policy,31,14,40.4609105,0
adaptive_policy,31,15,38.79712088,0
adaptive_policy,31,16,40.97121278,0
adaptive_policy,31,17,39.32447859,0
adaptive_policy,31,18,37.58689056,0
adaptive_policy,31,19,39.70953705,0
adaptive_policy,31,20,41.91892852,0
adaptive_policy,31,21,40.30138183,0
adaptive_policy,31,22,38.63206808,0
adaptive_policy,31,23,40.7994543,0
adaptive_policy,31,24,39.14708423,0
adaptive_policy,31,25,41.33506982,0
adaptive_policy,31,26,39.699924,0
adaptive_policy,31,27,41.90895918,0
adaptive_policy,31,28,40.29112228,0
adaptive_policy,31,29,38.62145013,0
adaptive_policy,31,30,40.78840162,0
adaptive_policy,31,31,39.13566524,0
adaptive_policy,31,32,41.32320445,0
adaptive_policy,31,33,39.68768825,0
adaptive_policy,31,34,41.89626945,0
adaptive_policy,31,35,36.0884357,0
adaptive_policy,31,36,38.14007878,0
adaptive_policy,31,37,40.28689487,0
adaptive_policy,31,38,38.61707492,0
adaptive_policy,31,39,40.78384715,0
adaptive_policy,31,40,39.1309597,0
adaptive_policy,31,41,41.31831484,0
adaptive_policy,31,42,39.68264585,0
adaptive_policy,31,43,41.89103982,0
adaptive_policy,31,44,40.2726804,0
adaptive_policy,31,45,34.57509501,0
adaptive_policy,31,46,36.54682516,0
adaptive_policy,31,47,38.62104692,0
adaptive_policy,31,48,40.78798189,0
adaptive_policy,31,49,39.13523159,0
adaptive_policy,31,50,41.32275384,0
adaptive_policy,32,0,70.0,0
adaptive_policy,32,1,67.78,0
adaptive_policy,32,2,65.71096888,0
adaptive_policy,32,3,63.7666667,0
adaptive_policy,32,4,61.9255287,0
adaptive_policy,32,5,60.16953588,0
adaptive_policy,32,6,58.48338085,0
adaptive_policy,32,7,56.8538389,0
adaptive_policy,32,8,55.26928371,0
adaptive_policy,32,9,53.71930607,0
adaptive_policy,32,10,52.19440625,0
adaptive_policy,32,11,50.68573849,0
adaptive_policy,32,12,49.18489206,0
adaptive_policy,32,13,47.68369614,0
adaptive_policy,32,14,41.40566905,0
adaptive_policy,32,15,39.77271651,0
adaptive_policy,32,16,41.98444132,0
adaptive_policy,32,17,36.17034866,0
adaptive_policy,32,18,38.226082,0
adaptive_policy,32,19,40.37655674,0
adaptive_policy,32,20,38.70985755,0
adaptive_policy,32,21,40.88041638,0
adaptive_policy,32,22,39.23071613,0
adaptive_policy,32,23,41.42195668,0
adaptive_policy,32,24,39.78950759,0
adaptive_policy,32,25,42.00185011,0
adaptive_policy,32,26,40.38670339,0
adaptive_policy,32,27,38.72035554,0
adaptive_policy,32,28,37.0193053,0
adaptive_policy,32,29,35.41407759,0
adaptive_policy,32,30,33.88972139,0
adaptive_policy,32,31,35.82254745,0
adaptive_policy,32,32,37.86074716,0
adaptive_policy,32,33,39.99549654,0
adaptive_policy,32,34,42.21533438,0
adaptive_policy,32,35,40.60625254,0
adaptive_policy,32,36,38.94741606,0
adaptive_policy,32,37,41.12752876,0
adaptive_policy,32,38,39.48583141,0
adaptive_policy,32,39,41.68684548,0
adaptive_policy,32,40,40.06245011,0
adaptive_policy,32,41,38.38469129,0
adaptive_policy,32,42,40.54184358,0
adaptive_policy,32,43,38.88082148,0
adaptive_policy,32,44,41.05827644,0
adaptive_policy,32,45,39.41435849,0
adaptive_policy,32,46,41.61265804,0
adaptive_policy,32,47,39.98603253,0
adaptive_policy,32,48,42.20552935,0
adaptive_policy,32,49,40.59617256,0
adaptive_policy,32,50,38.93699501,0
adaptive_policy,33,0,70.0,0
adaptive_policy,33,1,67.78,0
adaptive_policy,33,2,65.71096888,0
adaptive_policy,33,3,63.7666667,0
adaptive_policy,33,4,61.9255287,0
adaptive_policy,33,5,60.16953588,0
adaptive_policy,33,6,58.48338085,0
adaptive_policy,33,7,56.8538389,0
adaptive_policy,33,8,55.26928371,0
adaptive_policy,33,9,53.71930607,0
adaptive_policy,33,10,52.19440625,0
adaptive_policy,33,11,50.68573849,0
adaptive_policy,33,12,49.18489206,0
adaptive_policy,33,13,47.68369614,0
adaptive_policy,33,14,46.17403867,0
adaptive_policy,33,15,44.6476903,0
adaptive_policy,33,16,43.09612531,0
adaptive_policy,33,17,41.51033104,0
adaptive_policy,33,18,39.88059697,0
adaptive_policy,33,19,42.0962728,0
adaptive_policy,33,20,40.48382878,0
adaptive_policy,33,21,38.82082525,0
adaptive_policy,33,22,40.99587214,0
adaptive_policy,33,23,39.34993837,0
adaptive_policy,33,24,41.54577551,0
adaptive_policy,33,25,39.91712246,0
adaptive_policy,33,26,42.13412651,0
adaptive_policy,33,27,40.52275697,0
adaptive_policy,33,28,38.86108433,0
adaptive_policy,33,29,41.03774853,0
adaptive_policy,33,30,39.39316902,0
adaptive_policy,33,31,41.59066026,0
adaptive_policy,33,32,39.96336967,0
adaptive_policy,33,33,42.18204857,0
adaptive_policy,33,34,40.57203191,0
adaptive_policy,33,35,38.91203606,0
adaptive_policy,33,36,41.09073876,0
adaptive_policy,33,37,39.44786388,0
adaptive_policy,33,38,41.64743824,0
adaptive_policy,33,39,35.8571169,0
adaptive_policy,33,40,37.89707884,0
adaptive_policy,33,41,40.03341358,0
adaptive_policy,33,42,38.35461446,0
adaptive_policy,33,43,40.51050745,0
adaptive_policy,33,44,38.84841661,0
adaptive_policy,33,45,37.13973089,0
adaptive_policy,33,46,39.24203515,0
adaptive_policy,33,47,41.43371429,0
adaptive_policy,33,48,39.80162804,0
adaptive_policy,33,49,42.01441582,0
adaptive_policy,33,50,40.39963062,0
adaptive_policy,34,0,70.0,0
adaptive_policy,34,1,67.78,0
adaptive_policy,34,2,65.71096888,0
adaptive_policy,34,3,63.7666667,0
adaptive_policy,34,4,61.9255287,0
adaptive_policy,34,5,60.16953588,0
adaptive_policy,34,6,58.48338085,0
adaptive_policy,34,7,56.8538389,0
adaptive_policy,34,8,55.26928371,0
adaptive_policy,34,9,53.71930607,0
adaptive_policy,34,10,52.19440625,0
adaptive_policy,34,11,50.68573849,0
adaptive_policy,34,12,49.18489206,0
adaptive_policy,34,13,47.68369614,0
adaptive_policy,34,14,46.17403867,0
adaptive_policy,34,15,44.6476903,0
adaptive_policy,34,16,43.09612531,0
adaptive_policy,34,17,41.51033104,0
adaptive_policy,34,18,39.88059697,0
adaptive_policy,34,19,42.0962728,0
adaptive_policy,34,20,40.48382878,0
adaptive_policy,34,21,38.82082525,0
adaptive_policy,34,22,40.99587214,0
adaptive_policy,34,23,39.34993837,0
adaptive_policy,34,24,41.54577551,0
adaptive_policy,34,25,39.91712246,0
adaptive_policy,34,26,42.13412651,0
adaptive_policy,34,27,40.52275697,0
adaptive_policy,34,28,38.86108433,0
adaptive_policy,34,29,41.03774853,0
adaptive_policy,34,30,39.39316902,0
adaptive_policy,34,31,41.59066026,0
adaptive_policy,34,32,39.96336967,0
adaptive_policy,34,33,42.18204857,0
adaptive_policy,34,34,40.57203191,0
adaptive_policy,34,35,38.91203606,0
adaptive_policy,34,36,41.09073876,0
adaptive_policy,34,37,39.44786388,0
adaptive_policy,34,38,41.64743824,0
adaptive_policy,34,39,40.02186072,0
adaptive_policy,34,40,38.34264685,0
adaptive_policy,34,41,40.49803786,0
adaptive_policy,34,42,38.83552075,0
adaptive_policy,34,43,41.01115867,0
adaptive_policy,34,44,39.36571999,0
adaptive_policy,34,45,41.56216175,0
adaptive_policy,34,46,39.93400694,0
adaptive_policy,34,47,42.15162335,0
adaptive_policy,34,48,40.54074873,0
adaptive_policy,34,49,38.87968934,0
adaptive_policy,34,50,41.05709899,0
adaptive_policy,35,0,70.0,0
adaptive_policy,35,1,67.78,0
adaptive_policy,35,2,65.71096888,0
adaptive_policy,35,3,63.7666667,0
adaptive_policy,35,4,61.9255287,0
adaptive_policy,35,5,60.16953588,0
adaptive_policy,35,6,58.48338085,0
adaptive_policy,35,7,56.8538389,0
adaptive_policy,35,8,55.26928371,0
adaptive_policy,35,9,53.71930607,0
adaptive_policy,35,10,52.19440625,0
adaptive_policy,35,11,50.68573849,0
adaptive_policy,35,12,49.18489206,0
adaptive_policy,35,13,47.68369614,0
adaptive_policy,35,14,46.17403867,0
adaptive_policy,35,15,44.6476903,0
adaptive_policy,35,16,43.09612531,0
adaptive_policy,35,17,41.51033104,0
adaptive_policy,35,18,35.72956387,0
adaptive_policy,35,19,37.76300224,0
adaptive_policy,35,20,39.89346284,0
adaptive_policy,35,21,38.12026079,0
adaptive_policy,35,22,40.26623002,0
adaptive_policy,35,23,38.59568672,0
adaptive_policy,35,24,40.76158167,0
adaptive_policy,35,25,39.1079546,0
adaptive_policy,35,26,41.29440862,0
adaptive_policy,35,27,39.65799144,0
adaptive_policy,35,28,41.86546859,0
adaptive_policy,35,29,40.24636151,0
adaptive_policy,35,30,38.57512127,0
adaptive_policy,35,31,40.74017114,0
adaptive_policy,35,32,39.08583116,0
adaptive_policy,35,33,41.27141681,0
adaptive_policy,35,34,39.63427812,0
adaptive_policy,35,35,41.84087138,0
adaptive_policy,35,36,40.22104289,0
adaptive_policy,35,37,38.54891249,0
adaptive_policy,35,38,40.71288316,0
adaptive_policy,35,39,39.05763219,0
adaptive_policy,35,40,41.24210845,0
adaptive_policy,35,41,39.60404725,0
adaptive_policy,35,42,41.80951075,0
adaptive_policy,35,43,40.18875934,0
adaptive_policy,35,44,38.51549055,0
adaptive_policy,35,45,40.67808142,0
adaptive_policy,35,46,39.02166472,0
adaptive_policy,35,47,41.2047218,0
adaptive_policy,35,48,39.56547935,0
adaptive_policy,35,49,41.76949675,0
adaptive_policy,35,50,40.14756262,0
adaptive_policy,36,0,70.0,0
adaptive_policy,36,1,67.78,0
adaptive_policy,36,2,65.71096888,0
adaptive_policy,36,3,63.7666667,0
adaptive_policy,36,4,61.9255287,0
adaptive_policy,36,5,60.16953588,0
adaptive_policy,36,6,58.48338085,0
adaptive_policy,36,7,51.00550081,0
adaptive_policy,36,8,49.50368096,0
adaptive_policy,36,9,48.00323756,0
adaptive_policy,36,10,46.49606085,0
adaptive_policy,36,11,44.97396119,0
adaptive_policy,36,12,43.42849127,0
adaptive_policy,36,13,41.85075876,0
adaptive_policy,36,14,40.23122052,0
adaptive_policy,36,15,38.55944823,0
adaptive_policy,36,16,40.72385302,0
adaptive_policy,36,17,39.0689686,0
adaptive_policy,36,18,41.25389119,0
adaptive_policy,36,19,39.61620124,0
adaptive_policy,36,20,41.82211934,0
adaptive_policy,36,21,40.20173942,0
adaptive_policy,36,22,38.52892878,0
adaptive_policy,36,23,40.69207493,0
adaptive_policy,36,24,39.03612748,0
adaptive_policy,36,25,41.21975578,0
adaptive_policy,36,26,39.58098894,0
adaptive_policy,36,27,41.78558852,0
adaptive_policy,36,28,40.16413072,0
adaptive_policy,36,29,38.48999093,0
adaptive_policy,36,30,40.65152638,0
adaptive_policy,36,31,38.99421725,0
adaptive_policy,36,32,41.17618819,0
adaptive_policy,36,33,39.53604082,0
adaptive_policy,36,34,41.73895082,0
adaptive_policy,36,35,40.11610994,0
adaptive_policy,36,36,38.44026563,0
adaptive_policy,36,37,40.59973621,0
adaptive_policy,36,38,38.94067928,0
adaptive_policy,36,39,41.12052384,0
adaptive_policy,36,40,39.47860267,0
adaptive_policy,36,41,41.67934303,0
adaptive_policy,36,42,40.05472303,0
adaptive_policy,36,43,38.37668767,0
adaptive_policy,36,44,40.53350517,0
adaptive_policy,36,45,38.87219902,0
adaptive_policy,36,46,41.0493087,0
adaptive_policy,36,47,39.40510193,0
adaptive_policy,36,48,41.60304857,0
adaptive_policy,36,49,39.97613274,0
adaptive_policy,36,50,42.1952725,0
adaptive_policy,37,0,70.0,0
adaptive_policy,37,1,67.78,0
adaptive_policy,37,2,65.71096888,0
adaptive_policy,37,3,63.7666667,0
adaptive_policy,37,4,61.9255287,0
adaptive_policy,37,5,60.16953588,0
adaptive_policy,37,6,58.48338085,0
adaptive_policy,37,7,56.8538389,0
adaptive_policy,37,8,55.26928371,0
adaptive_policy,37,9,53.71930607,0
adaptive_policy,37,10,52.19440625,0
adaptive_policy,37,11,50.68573849,0
adaptive_policy,37,12,49.18489206,0
adaptive_policy,37,13,47.68369614,0
adaptive_policy,37,14,46.17403867,0
adaptive_policy,37,15,44.6476903,0
adaptive_policy,37,16,43.09612531,0
adaptive_policy,37,17,41.51033104,0
adaptive_policy,37,18,39.88059697,0
adaptive_policy,37,19,42.0962728,0
adaptive_policy,37,20,40.48382878,0
adaptive_policy,37,21,38.82082525,0
adaptive_policy,37,22,40.99587214,0
adaptive_policy,37,23,39.34993837,0
adaptive_policy,37,24,41.54577551,0
adaptive_policy,37,25,39.91712246,0
adaptive_policy,37,26,42.13412651,0
adaptive_policy,37,27,40.52275697,0
adaptive_policy,37,28,38.86108433,0
adaptive_policy,37,29,37.1516401,0
adaptive_policy,37,30,39.25449546,0
adaptive_policy,37,31,41.4466569,0
adaptive_policy,37,32,39.81496948,0
adaptive_policy,37,33,38.04674981,0
adaptive_policy,37,34,40.18956547,0
adaptive_policy,37,35,38.51632514,0
adaptive_policy,37,36,40.67895052,0
adaptive_policy,37,37,39.02256299,0
adaptive_policy,37,38,37.30339927,0
adaptive_policy,37,39,39.41323266,0
adaptive_policy,37,40,41.6114893,0
adaptive_policy,37,41,39.9848285,0
adaptive_policy,37,42,42.20428192,0
adaptive_policy,37,43,40.59489012,0
adaptive_policy,37,44,38.93566915,0
adaptive_policy,37,45,41.1153142,0
adaptive_policy,37,46,39.47322645,0
adaptive_policy,37,47,41.67376312,0
adaptive_policy,37,48,40.04897592,0
adaptive_policy,37,49,38.37073474,0
adaptive_policy,37,50,40.52730308,0
adaptive_policy,38,0,70.0,0
adaptive_policy,38,1,67.78,0
adaptive_policy,38,2,65.71096888,0
adaptive_policy,38,3,63.7666667,0
adaptive_policy,38,4,61.9255287,0
adaptive_policy,38,5,60.16953588,0
adaptive_policy,38,6,58.48338085,0
adaptive_policy,38,7,56.8538389,0
adaptive_policy,38,8,55.26928371,0
adaptive_policy,38,9,53.71930607,0
adaptive_policy,38,10,52.19440625,0
adaptive_policy,38,11,50.68573849,0
adaptive_policy,38,12,49.18489206,0
adaptive_policy,38,13,47.68369614,0
adaptive_policy,38,14,46.17403867,0
adaptive_policy,38,15,44.6476903,0
adaptive_policy,38,16,43.09612531,0
adaptive_policy,38,17,41.51033104,0
adaptive_policy,38,18,39.88059697,0
adaptive_policy,38,19,42.0962728,0
adaptive_policy,38,20,40.48382878,0
adaptive_policy,38,21,34.77244237,0
adaptive_policy,38,22,36.75506105,0
adaptive_policy,38,23,38.83928992,0
adaptive_policy,38,24,41.01507931,0
adaptive_policy,38,25,39.36976747,0
adaptive_policy,38,26,41.56636415,0
adaptive_policy,38,27,35.78170055,0
adaptive_policy,38,28,37.81781248,0
adaptive_policy,38,29,39.95068223,0
adaptive_policy,38,30,42.16890241,0
adaptive_policy,38,31,40.55851545,0
adaptive_policy,38,32,38.89806052,0
adaptive_policy,38,33,41.07620501,0
adaptive_policy,38,34,39.4328636,0
adaptive_policy,38,35,41.63186773,0
adaptive_policy,38,36,40.00582158,0
adaptive_policy,38,37,38.3260311,0
adaptive_policy,38,38,40.48072431,0
adaptive_policy,38,39,38.81761441,0
adaptive_policy,38,40,40.99253207,0
adaptive_policy,38,41,39.34649,0
adaptive_policy,38,42,41.54219491,0
adaptive_policy,38,43,39.91343287,0
adaptive_policy,38,44,42.13030296,0
adaptive_policy,38,45,40.51882513,0
adaptive_policy,38,46,38.85701831,0
adaptive_policy,38,47,41.03351943,0
adaptive_policy,38,48,35.2854515,0
adaptive_policy,38,49,37.29571921,0
adaptive_policy,38,50,39.40520146,0
adaptive_policy,39,0,70.0,0
adaptive_policy,39,1,67.78,0
adaptive_policy,39,2,65.71096888,0
adaptive_policy,39,3,63.7666667,0
adaptive_policy,39,4,61.9255287,0
adaptive_policy,39,5,60.16953588,0
adaptive_policy,39,6,58.48338085,0
adaptive_policy,39,7,56.8538389,0
adaptive_policy,39,8,55.26928371,0
adaptive_policy,39,9,53.71930607,0
adaptive_policy,39,10,52.19440625,0
adaptive_policy,39,11,50.68573849,0
adaptive_policy,39,12,49.18489206,0
adaptive_policy,39,13,47.68369614,0
adaptive_policy,39,14,41.40566905,0
adaptive_policy,39,15,39.77271651,0
adaptive_policy,39,16,41.98444132,0
adaptive_policy,39,17,40.3687928,0
adaptive_policy,39,18,38.70182452,0
adaptive_policy,39,19,40.87205674,0
adaptive_policy,39,20,39.22208191,0
adaptive_policy,39,21,41.41298758,0
adaptive_policy,39,22,39.78026137,0
adaptive_policy,39,23,41.99226386,0
adaptive_policy,39,24,40.37684096,0
adaptive_policy,39,25,34.67246752,0
adaptive_policy,39,26,36.64958767,0
adaptive_policy,39,27,35.06380858,0
adaptive_policy,39,28,37.06224692,0
adaptive_policy,39,29,39.1609531,0
adaptive_policy,39,30,41.34948021,0
adaptive_policy,39,31,39.71478352,0
adaptive_policy,39,32,41.9243693,0
adaptive_policy,39,33,40.30698084,0
adaptive_policy,39,34,38.63786253,0
adaptive_policy,39,35,40.80548582,0
adaptive_policy,39,36,39.15331546,0
adaptive_policy,39,37,41.34154444,0
adaptive_policy,39,38,39.70660051,0
adaptive_policy,39,39,41.91588318,0
adaptive_policy,39,40,40.29824787,0
adaptive_policy,39,41,38.62882469,0
adaptive_policy,39,42,40.79607815,0
adaptive_policy,39,43,39.14359624,0
adaptive_policy,39,44,41.33144553,0
adaptive_policy,39,45,39.69618662,0
adaptive_policy,39,46,41.9050832,0
adaptive_policy,39,47,40.28713338,0
adaptive_policy,39,48,38.61732178,0
adaptive_policy,39,49,40.78410412,0
adaptive_policy,39,50,39.1312252,0
adaptive_policy,40,0,70.0,0
adaptive_policy,40,1,67.78,0
adaptive_policy,40,2,65.71096888,0
adaptive_policy,40,3,57.19556981,0
adaptive_policy,40,4,55.60237261,0
adaptive_policy,40,5,54.04587677,0
adaptive_policy,40,6,52.51641235,0
adaptive_policy,40,7,51.00501416,0
adaptive_policy,40,8,49.50319606,0
adaptive_policy,40,9,48.0027518,0
adaptive_policy,40,10,46.4955716,0
adaptive_policy,40,11,40.3239086,0
adaptive_policy,40,12,38.65538046,0
adaptive_policy,40,13,40.82371976,0
adaptive_policy,40,14,39.17215234,0
adaptive_policy,40,15,41.36111623,0
adaptive_policy,40,16,39.72678167,0
adaptive_policy,40,17,41.93681144,0
adaptive_policy,40,18,40.31978442,0
adaptive_policy,40,19,38.65111259,0
adaptive_policy,40,20,40.81927755,0
adaptive_policy,40,21,39.16756335,0
adaptive_policy,40,22,41.35634832,0
adaptive_policy,40,23,39.72186543,0
adaptive_policy,40,24,41.93171334,0
adaptive_policy,40,25,40.31453829,0
adaptive_policy,40,26,38.64568359,0
adaptive_policy,40,27,40.81362669,0
adaptive_policy,40,28,39.16172567,0
adaptive_policy,40,29,41.35028293,0
adaptive_policy,40,30,39.71561124,0
adaptive_policy,40,31,41.92522766,0
adaptive_policy,40,32,40.30786416,0
adaptive_policy,40,33,38.63877666,0
adaptive_policy,40,34,40.80643735,0
adaptive_policy,40,35,39.15429848,0
adaptive_policy,40,36,41.34256584,0
adaptive_policy,40,37,39.70765375,0
adaptive_policy,40,38,41.91697544,0
adaptive_policy,40,39,40.29937193,0
adaptive_policy,40,40,38.62998799,0
adaptive_policy,40,41,40.79728908,0
adaptive_policy,40,42,39.14484728,0
adaptive_policy,40,43,41.33274547,0
adaptive_policy,40,44,39.69752713,0
adaptive_policy,40,45,41.90647342,0
adaptive_policy,40,46,40.28856411,0
adaptive_policy,40,47,38.61880254,0
adaptive_policy,40,48,40.78564556,0
adaptive_policy,40,49,39.13281777,0
adaptive_policy,40,50,41.3202456,0
adaptive_policy,41,0,70.0,0
adaptive_policy,41,1,67.78,0
adaptive_policy,41,2,65.71096888,0
adaptive_policy,41,3,63.7666667,0
adaptive_policy,41,4,61.9255287,0
adaptive_policy,41,5,60.16953588,0
adaptive_policy,41,6,58.48338085,0
adaptive_policy,41,7,56.8538389,0
adaptive_policy,41,8,55.26928371,0
adaptive_policy,41,9,53.71930607,0
adaptive_policy,41,10,52.19440625,0
adaptive_policy,41,11,50.68573849,0
adaptive_policy,41,12,49.18489206,0
adaptive_policy,41,13,47.68369614,0
adaptive_policy,41,14,46.17403867,0
adaptive_policy,41,15,44.6476903,0
adaptive_policy,41,16,43.09612531,0
adaptive_policy,41,17,41.51033104,0
adaptive_policy,41,18,39.88059697,0
adaptive_policy,41,19,42.0962728,0
adaptive_policy,41,20,40.48382878,0
adaptive_policy,41,21,38.82082525,0
adaptive_policy,41,22,40.99587214,0
adaptive_policy,41,23,35.25035115,0
adaptive_policy,41,24,37.2587573,0
adaptive_policy,41,25,39.36654662,0
adaptive_policy,41,26,41.56302003,0
adaptive_policy,41,27,39.93489129,0
adaptive_policy,41,28,42.15253975,0
adaptive_policy,41,29,40.54169101,0
adaptive_policy,41,30,38.88066371,0
adaptive_policy,41,31,41.05811236,0
adaptive_policy,41,32,39.41418912,0
adaptive_policy,41,33,41.61248222,0
adaptive_policy,41,34,39.9858514,0
adaptive_policy,41,35,42.20534169,0
adaptive_policy,41,36,40.59597963,0
adaptive_policy,41,37,38.93679556,0
adaptive_policy,41,38,41.11648547,0
adaptive_policy,41,39,39.47443517,0
adaptive_policy,41,40,41.67501765,0
adaptive_policy,41,41,40.05026805,0
adaptive_policy,41,42,38.37207315,0
adaptive_policy,41,43,40.52869752,0
adaptive_policy,41,44,38.8672275,0
adaptive_policy,41,45,41.04413797,0
adaptive_policy,41,46,39.39976454,0
adaptive_policy,41,47,41.59750755,0
adaptive_policy,41,48,39.97042417,0
adaptive_policy,41,49,38.19231545,0
adaptive_policy,41,50,40.3413569,0
adaptive_policy,42,0,70.0,0
adaptive_policy,42,1,67.78,0
adaptive_policy,42,2,58.93296888,0
adaptive_policy,42,3,57.2893326,0
adaptive_policy,42,4,55.69369074,0
adaptive_policy,42,5,54.13533813,0
adaptive_policy,42,6,52.60455629,0
adaptive_policy,42,7,51.09234561,0
adaptive_policy,42,8,49.59019781,0
adaptive_policy,42,9,48.08989552,0
adaptive_policy,42,10,41.77433867,0
adaptive_policy,42,11,40.15254797,0
adaptive_policy,42,12,38.47799781,0
adaptive_policy,42,13,36.79123626,0
adaptive_policy,42,14,38.87718767,0
adaptive_policy,42,15,41.05449715,0
adaptive_policy,42,16,39.41045752,0
adaptive_policy,42,17,41.60860838,0
adaptive_policy,42,18,39.98186056,0
adaptive_policy,42,19,42.20120695,0
adaptive_policy,42,20,36.37160814,0
adaptive_policy,42,21,38.43728863,0
adaptive_policy,42,22,40.5966353,0
adaptive_policy,42,23,38.93747342,0
adaptive_policy,42,24,41.11719033,0
adaptive_policy,42,25,39.47516257,0
adaptive_policy,42,26,41.67577261,0
adaptive_policy,42,27,40.05104564,0
adaptive_policy,42,28,38.37287859,0
adaptive_policy,42,29,40.52953667,0
adaptive_policy,42,30,38.86809526,0
adaptive_policy,42,31,41.04504051,0
adaptive_policy,42,32,39.40069617,0
adaptive_policy,42,33,41.59847474,0
adaptive_policy,42,34,39.97142061,0
adaptive_policy,42,35,42.19039028,0
adaptive_policy,42,36,40.58060827,0
adaptive_policy,42,37,38.92090338,0
adaptive_policy,42,38,41.09995989,0
adaptive_policy,42,39,39.45738061,0
adaptive_policy,42,40,41.65731633,0
adaptive_policy,42,41,40.03203566,0
adaptive_policy,42,42,34.34998353,0
adaptive_policy,42,43,36.3091221,0
adaptive_policy,42,44,38.37172985,0
adaptive_policy,42,45,40.52833985,0
adaptive_policy,42,46,38.86685763,0
adaptive_policy,42,47,41.04375329,0
adaptive_policy,42,48,39.39936745,0
adaptive_policy,42,49,41.59709531,0
adaptive_policy,42,50,39.96999945,0
adaptive_policy,43,0,70.0,0
adaptive_policy,43,1,60.78,0
adaptive_policy,43,2,59.07082488,0
adaptive_policy,43,3,57.42272112,0
adaptive_policy,43,4,55.8235469,0
adaptive_policy,43,5,54.26250225,0
adaptive_policy,43,6,52.72979818,0
adaptive_policy,43,7,51.21638495,0
adaptive_policy,43,8,49.71372168,0
adaptive_policy,43,9,43.24220199,0
adaptive_policy,43,10,41.65999989,0
adaptive_policy,43,11,40.03479981,0
adaptive_policy,43,12,38.35605042,0
adaptive_policy,43,13,40.51200361,0
adaptive_policy,43,14,38.84996387,0
adaptive_policy,43,15,41.02618192,0
adaptive_policy,43,16,39.38122898,0
adaptive_policy,43,17,41.57826405,0
adaptive_policy,43,18,39.9505979,0
adaptive_policy,43,19,42.16881503,0
adaptive_policy,43,20,40.55842561,0
adaptive_policy,43,21,38.89796762,0
adaptive_policy,43,22,41.0761084,0
adaptive_policy,43,23,39.43276388,0
adaptive_policy,43,24,41.63176422,0
adaptive_policy,43,25,40.00571496,0
adaptive_policy,43,26,38.32592064,0
adaptive_policy,43,27,40.4806092,0
adaptive_policy,43,28,34.76943444,0
adaptive_policy,43,29,36.75188821,0
adaptive_policy,43,30,38.83596577,0
adaptive_policy,43,31,41.01162158,0
adaptive_policy,43,32,39.36619788,0
adaptive_policy,43,33,41.56265794,0
adaptive_policy,43,34,39.9345182,0
adaptive_policy,43,35,42.15215314,0
adaptive_policy,43,36,40.54129348,0
adaptive_policy,43,37,38.88025265,0
adaptive_policy,43,38,41.05768484,0
adaptive_policy,43,39,39.41374784,0
adaptive_policy,43,40,41.61202412,0
adaptive_policy,43,41,39.98537946,0
adaptive_policy,43,42,42.20485274,0
adaptive_policy,43,43,40.59547696,0
adaptive_policy,43,44,38.93627587,0
adaptive_policy,43,45,41.11594508,0
adaptive_policy,43,46,39.4738775,0
adaptive_policy,43,47,41.67443885,0
adaptive_policy,43,48,40.0496719,0
adaptive_policy,43,49,38.37145565,0
adaptive_policy,43,50,40.52805417,0
adaptive_policy,44,0,70.0,0
adaptive_policy,44,1,67.78,0
adaptive_policy,44,2,65.71096888,0
adaptive_policy,44,3,63.7666667,0
adaptive_policy,44,4,61.9255287,0
adaptive_policy,44,5,60.16953588,0
adaptive_policy,44,6,52.46642726,0
adaptive_policy,44,7,50.95547739,0
adaptive_policy,44,8,44.35828636,0
adaptive_policy,44,9,42.80099428,0
adaptive_policy,44,10,41.20770805,0
adaptive_policy,44,11,39.56856014,0
adaptive_policy,44,12,41.77269325,0
adaptive_policy,44,13,40.15085381,0
adaptive_policy,44,14,38.47624359,0
adaptive_policy,44,15,40.63720906,0
adaptive_policy,44,16,38.97941772,0
adaptive_policy,44,17,41.1608019,0
adaptive_policy,44,18,39.52016534,0
adaptive_policy,44,19,41.72247685,0
adaptive_policy,44,20,40.09914555,0
adaptive_policy,44,21,38.4226971,0
adaptive_policy,44,22,40.581436,0
adaptive_policy,44,23,38.92175918,0
adaptive_policy,44,24,41.10084982,0
adaptive_policy,44,25,39.45829905,0
adaptive_policy,44,26,41.65826962,0
adaptive_policy,44,27,35.86719062,0
adaptive_policy,44,28,37.90766528,0
adaptive_policy,44,29,40.04446107,0
adaptive_policy,44,30,38.36605811,0
adaptive_policy,44,31,40.52243063,0
adaptive_policy,44,32,38.86074685,0
adaptive_policy,44,33,41.03739752,0
adaptive_policy,44,34,35.28906693,0
adaptive_policy,44,35,37.29952614,0
adaptive_policy,44,36,39.40918247,0
adaptive_policy,44,37,41.60728472,0
adaptive_policy,44,38,35.81976844,0
adaptive_policy,44,39,37.8578263,0
adaptive_policy,44,40,39.99244802,0
adaptive_policy,44,41,42.21217604,0
adaptive_policy,44,42,40.60300568,0
adaptive_policy,44,43,38.94405937,0
adaptive_policy,44,44,41.12403849,0
adaptive_policy,44,45,39.48222965,0
adaptive_policy,44,46,41.68310736,0
adaptive_policy,44,47,40.05860009,0
adaptive_policy,44,48,38.38070352,0
adaptive_policy,44,49,40.53768902,0
adaptive_policy,44,50,38.87652543,0
adaptive_policy,45,0,70.0,0
adaptive_policy,45,1,67.78,0
adaptive_policy,45,2,65.71096888,0
adaptive_policy,45,3,63.7666667,0
adaptive_policy,45,4,61.9255287,0
adaptive_policy,45,5,60.16953588,0
adaptive_policy,45,6,52.46642726,0
adaptive_policy,45,7,50.95547739,0
adaptive_policy,45,8,49.4538341,0
adaptive_policy,45,9,47.95329717,0
adaptive_policy,45,10,46.44575698,0
adaptive_policy,45,11,40.27844252,0
adaptive_policy,45,12,38.6083269,0
adaptive_policy,45,13,40.77474051,0
adaptive_policy,45,14,39.12155077,0
adaptive_policy,45,15,41.30853758,0
adaptive_policy,45,16,39.67256285,0
adaptive_policy,45,17,41.88058213,0
adaptive_policy,45,18,40.26191722,0
adaptive_policy,45,19,38.59122276,0
adaptive_policy,45,20,40.7569344,0
adaptive_policy,45,21,39.10315273,0
adaptive_policy,45,22,41.28941843,0
adaptive_policy,45,23,39.65284481,0
adaptive_policy,45,24,41.8601303,0
adaptive_policy,45,25,40.24086683,0
adaptive_policy,45,26,38.56943361,0
adaptive_policy,45,27,40.73424948,0
adaptive_policy,45,28,39.07971204,0
adaptive_policy,45,29,41.2650572,0
adaptive_policy,45,30,39.6277186,0
adaptive_policy,45,31,41.834067,0
adaptive_policy,45,32,40.21403857,0
adaptive_policy,45,33,38.54166149,0
adaptive_policy,45,34,40.70533316,0
adaptive_policy,45,35,39.04982966,0
adaptive_policy,45,36,41.23399844,0
adaptive_policy,45,37,39.59568143,0
adaptive_policy,45,38,41.80083171,0
adaptive_policy,45,39,40.17982426,0
adaptive_policy,45,40,38.50623973,0
adaptive_policy,45,41,40.66844799,0
adaptive_policy,45,42,39.01170783,0
adaptive_policy,45,43,41.19437122,0
adaptive_policy,45,44,39.55480084,0
adaptive_policy,45,45,37.80293682,0
adaptive_policy,45,46,39.93515379,0
adaptive_policy,45,47,42.15281176,0
adaptive_policy,45,48,40.5419707,0
adaptive_policy,45,49,38.88095293,0
adaptive_policy,45,50,41.05841316,0
adaptive_policy,46,0,70.0,0
adaptive_policy,46,1,67.78,0
adaptive_policy,46,2,65.71096888,0
adaptive_policy,46,3,63.7666667,0
adaptive_policy,46,4,61.9255287,0
adaptive_policy,46,5,60.16953588,0
adaptive_policy,46,6,58.48338085,0
adaptive_policy,46,7,56.8538389,0
adaptive_policy,46,8,55.26928371,0
adaptive_policy,46,9,48.1923777,0
adaptive_policy,46,10,46.68649621,0
adaptive_policy,46,11,45.16673345,0
adaptive_policy,46,12,43.62468461,0
adaptive_policy,46,13,42.05152425,0
adaptive_policy,46,14,40.43780337,0
adaptive_policy,46,15,38.77321928,0
adaptive_policy,46,16,40.94634619,0
adaptive_policy,46,17,39.29880263,0
adaptive_policy,46,18,41.4926745,0
adaptive_policy,46,19,39.86240025,0
adaptive_policy,46,20,42.07741258,0
adaptive_policy,46,21,40.46443127,0
adaptive_policy,46,22,38.80076254,0
adaptive_policy,46,23,40.97500129,0
adaptive_policy,46,24,39.3283902,0
adaptive_policy,46,25,41.52340034,0
adaptive_policy,46,26,39.89406541,0
adaptive_policy,46,27,42.11023156,0
adaptive_policy,46,28,40.49818436,0
adaptive_policy,46,29,38.83567226,0
adaptive_policy,46,30,41.01131628,0
adaptive_policy,46,31,39.36588269,0
adaptive_policy,46,32,41.56233068,0
adaptive_policy,46,33,39.93418101,0
adaptive_policy,46,34,42.15180372,0
adaptive_policy,46,35,40.54093419,0
adaptive_policy,46,36,38.87988113,0
adaptive_policy,46,37,41.05729845,0
adaptive_policy,46,38,39.41334901,0
adaptive_policy,46,39,41.61161008,0
adaptive_policy,46,40,39.98495293,0
adaptive_policy,46,41,42.20441083,0
adaptive_policy,46,42,40.59502265,0
adaptive_policy,46,43,38.93580617,0
adaptive_policy,46,44,41.11545668,0
adaptive_policy,46,45,39.47337348,0
adaptive_policy,46,46,41.67391572,0
adaptive_policy,46,47,40.0491331,0
adaptive_policy,46,48,38.37089754,0
adaptive_policy,46,49,40.5274727,0
adaptive_policy,46,50,38.86596091,0
adaptive_policy,47,0,70.0,0
adaptive_policy,47,1,67.78,0
adaptive_policy,47,2,65.71096888,0
adaptive_policy,47,3,63.7666667,0
adaptive_policy,47,4,61.9255287,0
adaptive_policy,47,5,60.16953588,0
adaptive_policy,47,6,58.48338085,0
adaptive_policy,47,7,51.00550081,0
adaptive_policy,47,8,49.50368096,0
adaptive_policy,47,9,43.05286946,0
adaptive_policy,47,10,41.46599674,0
adaptive_policy,47,11,39.83490416,0
adaptive_policy,47,12,42.04891165,0
adaptive_policy,47,13,40.435116,0
adaptive_policy,47,14,38.77043939,0
adaptive_policy,47,15,40.94345393,0
adaptive_policy,47,16,39.29581608,0
adaptive_policy,47,17,41.48957289,0
adaptive_policy,47,18,39.85920362,0
adaptive_policy,47,19,42.07409927,0
adaptive_policy,47,20,40.46102344,0
adaptive_policy,47,21,38.79723771,0
adaptive_policy,47,22,37.09161055,0
adaptive_policy,47,23,39.19168282,0
adaptive_policy,47,24,41.38140732,0
adaptive_policy,47,25,39.74770307,0
adaptive_policy,47,26,41.9585058,0
adaptive_policy,47,27,40.34210767,0
adaptive_policy,47,28,38.67421288,0
adaptive_policy,47,29,40.84332066,0
adaptive_policy,47,30,39.19240007,0
adaptive_policy,47,31,37.46291247,0
adaptive_policy,47,32,39.57999105,0
adaptive_policy,47,33,41.7845532,0
adaptive_policy,47,34,40.16306478,0
adaptive_policy,47,35,38.48888725,0
adaptive_policy,47,36,40.65037696,0
adaptive_policy,47,37,38.99302915,0
adaptive_policy,47,38,41.17495301,0
adaptive_policy,47,39,39.5347664,0
adaptive_policy,47,40,41.73762839,0
adaptive_policy,47,41,40.11474818,0
adaptive_policy,47,42,38.43885541,0
adaptive_policy,47,43,40.5982673,0
adaptive_policy,47,44,38.93916066,0
adaptive_policy,47,45,41.11894476,0
adaptive_policy,47,46,39.4769731,0
adaptive_policy,47,47,41.67765173,0
adaptive_policy,47,48,40.05298106,0
adaptive_policy,47,49,38.37488333,0
adaptive_policy,47,50,40.53162532,0
adaptive_policy,48,0,70.0,0
adaptive_policy,48,1,67.78,0
adaptive_policy,48,2,65.71096888,0
adaptive_policy,48,3,63.7666667,0
adaptive_policy,48,4,61.9255287,0
adaptive_policy,48,5,60.16953588,0
adaptive_policy,48,6,58.48338085,0
adaptive_policy,48,7,56.8538389,0
adaptive_policy,48,8,55.26928371,0
adaptive_policy,48,9,53.71930607,0
adaptive_policy,48,10,52.19440625,0
adaptive_policy,48,11,50.68573849,0
adaptive_policy,48,12,49.18489206,0
adaptive_policy,48,13,47.68369614,0
adaptive_policy,48,14,46.17403867,0
adaptive_policy,48,15,44.6476903,0
adaptive_policy,48,16,43.09612531,0
adaptive_policy,48,17,41.51033104,0
adaptive_policy,48,18,39.88059697,0
adaptive_policy,48,19,42.0962728,0
adaptive_policy,48,20,40.48382878,0
adaptive_policy,48,21,38.82082525,0
adaptive_policy,48,22,40.99587214,0
adaptive_policy,48,23,39.34993837,0
adaptive_policy,48,24,41.54577551,0
adaptive_policy,48,25,39.91712246,0
adaptive_policy,48,26,42.13412651,0
adaptive_policy,48,27,40.52275697,0
adaptive_policy,48,28,38.86108433,0
adaptive_policy,48,29,41.03774853,0
adaptive_policy,48,30,39.39316902,0
adaptive_policy,48,31,41.59066026,0
adaptive_policy,48,32,39.96336967,0
adaptive_policy,48,33,42.18204857,0
adaptive_policy,48,34,40.57203191,0
adaptive_policy,48,35,38.91203606,0
adaptive_policy,48,36,41.09073876,0
adaptive_policy,48,37,39.44786388,0
adaptive_policy,48,38,41.64743824,0
adaptive_policy,48,39,40.02186072,0
adaptive_policy,48,40,38.34264685,0
adaptive_policy,48,41,40.49803786,0
adaptive_policy,48,42,38.83552075,0
adaptive_policy,48,43,41.01115867,0
adaptive_policy,48,44,39.36571999,0
adaptive_policy,48,45,41.56216175,0
adaptive_policy,48,46,39.93400694,0
adaptive_policy,48,47,42.15162335,0
adaptive_policy,48,48,40.54074873,0
adaptive_policy,48,49,38.87968934,0
adaptive_policy,48,50,41.05709899,0
adaptive_policy,49,0,70.0,0
adaptive_policy,49,1,67.78,0
adaptive_policy,49,2,65.71096888,0
adaptive_policy,49,3,63.7666667,0
adaptive_policy,49,4,61.9255287,0
adaptive_policy,49,5,60.16953588,0
adaptive_policy,49,6,52.46642726,0
adaptive_policy,49,7,45.70883466,0
adaptive_policy,49,8,44.17568928,0
adaptive_policy,49,9,42.61462861,0
adaptive_policy,49,10,41.01644993,0
adaptive_policy,49,11,39.37118242,0
adaptive_policy,49,12,41.56783325,0
adaptive_policy,49,13,39.93985066,0
adaptive_policy,49,14,42.15767877,0
adaptive_policy,49,15,40.54697517,0
adaptive_policy,49,16,38.88612775,0
adaptive_policy,49,17,41.06379507,0
adaptive_policy,49,18,39.4200547,0
adaptive_policy,49,19,41.61857127,0
adaptive_policy,49,20,39.99212424,0
adaptive_policy,49,21,42.2118406,0
adaptive_policy,49,22,40.60266083,0
adaptive_policy,49,23,38.94370286,0
adaptive_policy,49,24,41.12366779,0
adaptive_policy,49,25,39.4818471,0
adaptive_policy,49,26,41.68271033,0
adaptive_policy,49,27,40.05819117,0
adaptive_policy,49,28,38.38027996,0
adaptive_policy,49,29,40.53724775,0
adaptive_policy,49,30,38.87606913,0
adaptive_policy,49,31,41.05333382,0
adaptive_policy,49,32,39.40925671,0
adaptive_policy,49,33,41.6073618,0
adaptive_policy,49,34,39.98057632,0
adaptive_policy,49,35,42.19987639,0
adaptive_policy,49,36,40.59036092,0
adaptive_policy,49,37,38.93098656,0
adaptive_policy,49,38,41.11044506,0
adaptive_policy,49,39,39.46820152,0
adaptive_policy,49,40,41.66854772,0
adaptive_policy,49,41,40.04360414,0
adaptive_policy,49,42,38.36517047,0
adaptive_policy,49,43,40.52150581,0
adaptive_policy,49,44,38.85979047,0
adaptive_policy,49,45,41.03640279,0
adaptive_policy,49,46,39.39177985,0
adaptive_policy,49,47,41.58921805,0
adaptive_policy,49,48,39.9618838,0
adaptive_policy,49,49,42.180509,0
adaptive_policy,49,50,40.57044901,0
adaptive_policy,50,0,70.0,0
adaptive_policy,50,1,67.78,0
adaptive_policy,50,2,65.71096888,0
adaptive_policy,50,3,63.7666667,0
adaptive_policy,50,4,61.9255287,0
adaptive_policy,50,5,60.16953588,0
adaptive_policy,50,6,58.48338085,0
adaptive_policy,50,7,56.8538389,0
adaptive_policy,50,8,55.26928371,0
adaptive_policy,50,9,53.71930607,0
adaptive_policy,50,10,52.19440625,0
adaptive_policy,50,11,50.68573849,0
adaptive_policy,50,12,49.18489206,0
adaptive_policy,50,13,47.68369614,0
adaptive_policy,50,14,46.17403867,0
adaptive_policy,50,15,44.6476903,0
adaptive_policy,50,16,43.09612531,0
adaptive_policy,50,17,41.51033104,0
adaptive_policy,50,18,39.88059697,0
adaptive_policy,50,19,42.0962728,0
adaptive_policy,50,20,40.48382878,0
adaptive_policy,50,21,38.82082525,0
adaptive_policy,50,22,40.99587214,0
adaptive_policy,50,23,39.34993837,0
adaptive_policy,50,24,41.54577551,0
adaptive_policy,50,25,39.91712246,0
adaptive_policy,50,26,42.13412651,0
adaptive_policy,50,27,40.52275697,0
adaptive_policy,50,28,38.86108433,0
adaptive_policy,50,29,41.03774853,0
adaptive_policy,50,30,39.39316902,0
adaptive_policy,50,31,41.59066026,0
adaptive_policy,50,32,39.96336967,0
adaptive_policy,50,33,42.18204857,0
adaptive_policy,50,34,40.57203191,0
adaptive_policy,50,35,38.91203606,0
adaptive_policy,50,36,41.09073876,0
adaptive_policy,50,37,39.44786388,0
adaptive_policy,50,38,41.64743824,0
adaptive_policy,50,39,40.02186072,0
adaptive_policy,50,40,38.34264685,0
adaptive_policy,50,41,40.49803786,0
adaptive_policy,50,42,38.83552075,0
adaptive_policy,50,43,41.01115867,0
adaptive_policy,50,44,39.36571999,0
adaptive_policy,50,45,41.56216175,0
adaptive_policy,50,46,39.93400694,0
adaptive_policy,50,47,42.15162335,0
adaptive_policy,50,48,40.54074873,0
adaptive_policy,50,49,38.87968934,0
adaptive_policy,50,50,41.05709899,0
adaptive_policy,51,0,70.0,0
adaptive_policy,51,1,67.78,0
adaptive_policy,51,2,65.71096888,0
adaptive_policy,51,3,63.7666667,0
adaptive_policy,51,4,61.9255287,0
adaptive_policy,51,5,60.16953588,0
adaptive_policy,51,6,58.48338085,0
adaptive_policy,51,7,56.8538389,0
adaptive_policy,51,8,55.26928371,0
adaptive_policy,51,9,53.71930607,0
adaptive_policy,51,10,52.19440625,0
adaptive_policy,51,11,50.68573849,0
adaptive_policy,51,12,49.18489206,0
adaptive_policy,51,13,47.68369614,0
adaptive_policy,51,14,46.17403867,0
adaptive_policy,51,15,44.6476903,0
adaptive_policy,51,16,43.09612531,0
adaptive_policy,51,17,41.51033104,0
adaptive_policy,51,18,39.88059697,0
adaptive_policy,51,19,38.1082131,0
adaptive_policy,51,20,40.25366683,0
adaptive_policy,51,21,38.58268301,0
adaptive_policy,51,22,40.74804379,0
adaptive_policy,51,23,39.09396614,0
adaptive_policy,51,24,41.2798713,0
adaptive_policy,51,25,39.64299814,0
adaptive_policy,51,26,41.84991666,0
adaptive_policy,51,27,40.23035372,0
adaptive_policy,51,28,38.55855094,0
adaptive_policy,51,29,40.72291878,0
adaptive_policy,51,30,39.06800315,0
adaptive_policy,51,31,41.25288775,0
adaptive_policy,51,32,39.6151662,0
adaptive_policy,51,33,41.82104561,0
adaptive_policy,51,34,40.20063408,0
adaptive_policy,51,35,38.52778445,0
adaptive_policy,51,36,40.69088334,0
adaptive_policy,51,37,39.03489596,0
adaptive_policy,51,38,41.21847565,0
adaptive_policy,51,39,39.57966834,0
adaptive_policy,51,40,41.78421838,0
adaptive_policy,51,41,40.16272006,0
adaptive_policy,51,42,38.48853032,0
adaptive_policy,51,43,36.80115221,0
adaptive_policy,51,44,38.88757496,0
adaptive_policy,51,45,41.06530018,0
adaptive_policy,51,46,39.42160823,0
adaptive_policy,51,47,41.62018396,0
adaptive_policy,51,48,39.99378559,0
adaptive_policy,51,49,42.2135618,0
adaptive_policy,51,50,40.60443028,0
adaptive_policy,52,0,70.0,0
adaptive_policy,52,1,67.78,0
adaptive_policy,52,2,65.71096888,0
adaptive_policy,52,3,63.7666667,0
adaptive_policy,52,4,61.9255287,0
adaptive_policy,52,5,60.16953588,0
adaptive_policy,52,6,58.48338085,0
adaptive_policy,52,7,56.8538389,0
adaptive_policy,52,8,55.26928371,0
adaptive_policy,52,9,53.71930607,0
adaptive_policy,52,10,52.19440625,0
adaptive_policy,52,11,50.68573849,0
adaptive_policy,52,12,49.18489206,0
adaptive_policy,52,13,47.68369614,0
adaptive_policy,52,14,41.40566905,0
adaptive_policy,52,15,39.77271651,0
adaptive_policy,52,16,38.00716967,0
adaptive_policy,52,17,40.14827931,0
adaptive_policy,52,18,38.47357779,0
adaptive_policy,52,19,40.63443265,0
adaptive_policy,52,20,38.97654772,0
adaptive_policy,52,21,41.15781802,0
adaptive_policy,52,22,39.51708649,0
adaptive_policy,52,23,41.71928183,0
adaptive_policy,52,24,40.0958553,0
adaptive_policy,52,25,38.41928956,0
adaptive_policy,52,26,40.57788642,0
adaptive_policy,52,27,38.91808921,0
adaptive_policy,52,28,41.09703347,0
adaptive_policy,52,29,39.45436041,0
adaptive_policy,52,30,41.65418148,0
adaptive_policy,52,31,40.02880664,0
adaptive_policy,52,32,38.34984219,0
adaptive_policy,52,33,40.50553507,0
adaptive_policy,52,34,38.84327432,0
adaptive_policy,52,35,41.01922377,0
adaptive_policy,52,36,39.37404595,0
adaptive_policy,52,37,41.57080633,0
adaptive_policy,52,38,39.94291398,0
adaptive_policy,52,39,42.16085302,0
adaptive_policy,52,40,40.55023901,0
adaptive_policy,52,41,34.83447874,0
adaptive_policy,52,42,33.3370434,0
adaptive_policy,52,43,35.23726598,0
adaptive_policy,52,44,37.24497702,0
adaptive_policy,52,45,39.35213392,0
adaptive_policy,52,46,41.54805522,0
adaptive_policy,52,47,39.91947155,0
adaptive_policy,52,48,42.13656086,0
adaptive_policy,52,49,40.52526024,0
adaptive_policy,52,50,38.86367299,0
adaptive_policy,53,0,70.0,0
adaptive_policy,53,1,67.78,0
adaptive_policy,53,2,65.71096888,0
adaptive_policy,53,3,63.7666667,0
adaptive_policy,53,4,61.9255287,0
adaptive_policy,53,5,60.16953588,0
adaptive_policy,53,6,58.48338085,0
adaptive_policy,53,7,56.8538389,0
adaptive_policy,53,8,55.26928371,0
adaptive_policy,53,9,53.71930607,0
adaptive_policy,53,10,46.82247564,0
adaptive_policy,53,11,45.30430165,0
adaptive_policy,53,12,43.7646124,0
adaptive_policy,53,13,42.19462829,0
adaptive_policy,53,14,40.5849654,0
adaptive_policy,53,15,38.92540823,0
adaptive_policy,53,16,41.10464438,0
adaptive_policy,53,17,39.46221514,0
adaptive_policy,53,18,41.66233431,0
adaptive_policy,53,19,40.0372043,0
adaptive_policy,53,20,38.35854117,0
adaptive_policy,53,21,40.51459875,0
adaptive_policy,53,22,38.85264764,0
adaptive_policy,53,23,41.02897341,0
adaptive_policy,53,24,39.38411064,0
adaptive_policy,53,25,41.58125584,0
adaptive_policy,53,26,39.95368039,0
adaptive_policy,53,27,42.17200902,0
adaptive_policy,53,28,40.56170962,0
adaptive_policy,53,29,38.90136324,0
adaptive_policy,53,30,41.07963971,0
adaptive_policy,53,31,39.43640862,0
adaptive_policy,53,32,41.63554759,0
adaptive_policy,53,33,40.00961227,0
adaptive_policy,53,34,38.32995815,0
adaptive_policy,53,35,40.48481637,0
adaptive_policy,53,36,38.82184667,0
adaptive_policy,53,37,40.99693467,0
adaptive_policy,53,38,39.35103534,0
adaptive_policy,53,39,41.54691453,0
adaptive_policy,53,40,39.91829615,0
adaptive_policy,53,41,42.1353428,0
adaptive_policy,53,42,36.31047342,0
adaptive_policy,53,43,38.37314777,0
adaptive_policy,53,44,40.52981712,0
adaptive_policy,53,45,38.86838527,0
adaptive_policy,53,46,41.04534215,0
adaptive_policy,53,47,39.40100753,0
adaptive_policy,53,48,41.59879798,0
adaptive_policy,53,49,39.97175362,0
adaptive_policy,53,50,42.19073532,0
adaptive_policy,54,0,70.0,0
adaptive_policy,54,1,67.78,0
adaptive_policy,54,2,65.71096888,0
adaptive_policy,54,3,63.7666667,0
adaptive_policy,54,4,61.9255287,0
adaptive_policy,54,5,60.16953588,0
adaptive_policy,54,6,58.48338085,0
adaptive_policy,54,7,56.8538389,0
adaptive_policy,54,8,55.26928371,0
adaptive_policy,54,9,53.71930607,0
adaptive_policy,54,10,52.19440625,0
adaptive_policy,54,11,50.68573849,0
adaptive_policy,54,12,49.18489206,0
adaptive_policy,54,13,47.68369614,0
adaptive_policy,54,14,46.17403867,0
adaptive_policy,54,15,44.6476903,0
adaptive_policy,54,16,43.09612531,0
adaptive_policy,54,17,41.51033104,0
adaptive_policy,54,18,39.88059697,0
adaptive_policy,54,19,42.0962728,0
adaptive_policy,54,20,40.48382878,0
adaptive_policy,54,21,38.82082525,0
adaptive_policy,54,22,40.99587214,0
adaptive_policy,54,23,39.34993837,0
adaptive_policy,54,24,41.54577551,0
adaptive_policy,54,25,39.91712246,0
adaptive_policy,54,26,42.13412651,0
adaptive_policy,54,27,40.52275697,0
adaptive_policy,54,28,34.80880863,0
adaptive_policy,54,29,36.7934185,0
adaptive_policy,54,30,38.87947367,0
adaptive_policy,54,31,37.16892731,0
adaptive_policy,54,32,39.27258174,0
adaptive_policy,54,33,41.46544224,0
adaptive_policy,54,34,39.83433262,0
adaptive_policy,54,35,42.04831919,0
adaptive_policy,54,36,40.43450658,0
adaptive_policy,54,37,38.76980899,0
adaptive_policy,54,38,40.94279805,0
adaptive_policy,54,39,39.29513881,0
adaptive_policy,54,40,41.48886952,0
adaptive_policy,54,41,39.8584787,0
adaptive_policy,54,42,42.07334788,0
adaptive_policy,54,43,36.25291583,0
adaptive_policy,54,44,38.31274765,0
adaptive_policy,54,45,40.46688229,0
adaptive_policy,54,46,38.80329769,0
adaptive_policy,54,47,40.97763863,0
adaptive_policy,54,48,39.33111322,0
adaptive_policy,54,49,41.52622796,0
adaptive_policy,54,50,39.8969793,0
adaptive_policy,55,0,70.0,0
adaptive_policy,55,1,67.78,0
adaptive_policy,55,2,65.71096888,0
adaptive_policy,55,3,63.7666667,0
adaptive_policy,55,4,61.9255287,0
adaptive_policy,55,5,60.16953588,0
adaptive_policy,55,6,58.48338085,0
adaptive_policy,55,7,56.8538389,0
adaptive_policy,55,8,55.26928371,0
adaptive_policy,55,9,53.71930607,0
adaptive_policy,55,10,52.19440625,0
adaptive_policy,55,11,50.68573849,0
adaptive_policy,55,12,49.18489206,0
adaptive_policy,55,13,47.68369614,0
adaptive_policy,55,14,46.17403867,0
adaptive_policy,55,15,44.6476903,0
adaptive_policy,55,16,43.09612531,0
adaptive_policy,55,17,41.51033104,0
adaptive_policy,55,18,39.88059697,0
adaptive_policy,55,19,42.0962728,0
adaptive_policy,55,20,36.2742015,0
adaptive_policy,55,21,38.33508591,0
adaptive_policy,55,22,40.49015952,0
adaptive_policy,55,23,38.8273728,0
adaptive_policy,55,24,41.00268312,0
adaptive_policy,55,25,39.35697004,0
adaptive_policy,55,26,41.55307669,0
adaptive_policy,55,27,39.92464576,0
adaptive_policy,55,28,42.14192279,0
adaptive_policy,55,29,40.53077391,0
adaptive_policy,55,30,38.86937467,0
adaptive_policy,55,31,41.0463712,0
adaptive_policy,55,32,39.40206975,0
adaptive_policy,55,33,41.59990073,0
adaptive_policy,55,34,39.97288972,0
adaptive_policy,55,35,42.19191243,0
adaptive_policy,55,36,40.58217321,0
adaptive_policy,55,37,38.92252138,0
adaptive_policy,55,38,41.10164242,0
adaptive_policy,55,39,39.45911704,0
adaptive_policy,55,40,41.65911866,0
adaptive_policy,55,41,40.03389212,0
adaptive_policy,55,42,38.35511016,0
adaptive_policy,55,43,40.51102394,0
adaptive_policy,55,44,38.84895074,0
adaptive_policy,55,45,41.02512812,0
adaptive_policy,55,46,39.38014113,0
adaptive_policy,55,47,41.57713461,0
adaptive_policy,55,48,39.94943422,0
adaptive_policy,55,49,42.16760925,0
adaptive_policy,55,50,40.55718583,0
adaptive_policy,56,0,70.0,0
adaptive_policy,56,1,67.78,0
adaptive_policy,56,2,65.71096888,0
adaptive_policy,56,3,63.7666667,0
adaptive_policy,56,4,61.9255287,0
adaptive_policy,56,5,60.16953588,0
adaptive_policy,56,6,58.48338085,0
adaptive_policy,56,7,56.8538389,0
adaptive_policy,56,8,55.26928371,0
adaptive_policy,56,9,53.71930607,0
adaptive_policy,56,10,52.19440625,0
adaptive_policy,56,11,50.68573849,0
adaptive_policy,56,12,49.18489206,0
adaptive_policy,56,13,47.68369614,0
adaptive_policy,56,14,46.17403867,0
adaptive_policy,56,15,44.6476903,0
adaptive_policy,56,16,43.09612531,0
adaptive_policy,56,17,41.51033104,0
adaptive_policy,56,18,39.88059697,0
adaptive_policy,56,19,38.1082131,0
adaptive_policy,56,20,40.25366683,0
adaptive_policy,56,21,38.58268301,0
adaptive_policy,56,22,40.74804379,0
adaptive_policy,56,23,39.09396614,0
adaptive_policy,56,24,41.2798713,0
adaptive_policy,56,25,39.64299814,0
adaptive_policy,56,26,41.84991666,0
adaptive_policy,56,27,40.23035372,0
adaptive_policy,56,28,38.55855094,0
adaptive_policy,56,29,40.72291878,0
adaptive_policy,56,30,39.06800315,0
adaptive_policy,56,31,41.25288775,0
adaptive_policy,56,32,39.6151662,0
adaptive_policy,56,33,41.82104561,0
adaptive_policy,56,34,40.20063408,0
adaptive_policy,56,35,38.52778445,0
adaptive_policy,56,36,36.83810489,0
adaptive_policy,56,37,38.92628102,0
adaptive_policy,56,38,41.10555197,0
adaptive_policy,56,39,35.3525966,0
adaptive_policy,56,40,37.36641304,0
adaptive_policy,56,41,35.7424782,0
adaptive_policy,56,42,37.77657973,0
adaptive_policy,56,43,39.90763812,0
adaptive_policy,56,44,42.12429774,0
adaptive_policy,56,45,40.5126497,0
adaptive_policy,56,46,38.85063203,0
adaptive_policy,56,47,41.0268769,0
adaptive_policy,56,48,39.38194642,0
adaptive_policy,56,49,41.5790089,0
adaptive_policy,56,50,35.79346445,0
adaptive_policy,57,0,70.0,0
adaptive_policy,57,1,60.78,0
adaptive_policy,57,2,59.07082488,0
adaptive_policy,57,3,51.51563864,0
adaptive_policy,57,4,50.01150375,0
adaptive_policy,57,5,48.51150351,0
adaptive_policy,57,6,47.00751539,0
adaptive_policy,57,7,45.49139646,0
adaptive_policy,57,8,43.95480694,0
adaptive_policy,57,9,42.3890271,0
adaptive_policy,57,10,36.54585595,0
adaptive_policy,57,11,38.62003077,0
adaptive_policy,57,12,40.78692411,0
adaptive_policy,57,13,39.13413873,0
adaptive_policy,57,14,41.32161823,0
adaptive_policy,57,15,39.68605247,0
adaptive_policy,57,16,41.89457295,0
adaptive_policy,57,17,40.27631664,0
adaptive_policy,57,18,38.60612661,0
adaptive_policy,57,19,40.77244998,0
adaptive_policy,57,20,39.11918416,0
adaptive_policy,57,21,41.30607828,0
adaptive_policy,57,22,39.67002659,0
adaptive_policy,57,23,41.87795155,0
adaptive_policy,57,24,40.25920975,0
adaptive_policy,57,25,38.58842036,0
adaptive_policy,57,26,40.75401689,0
adaptive_policy,57,27,39.10013812,0
adaptive_policy,57,28,41.28628554,0
adaptive_policy,57,29,39.64961366,0
adaptive_policy,57,30,41.85677877,0
adaptive_policy,57,31,40.23741708,0
adaptive_policy,57,32,38.56586263,0
adaptive_policy,57,33,40.73053153,0
adaptive_policy,57,34,39.07587005,0
adaptive_policy,57,35,41.26106415,0
adaptive_policy,57,36,39.62359995,0
adaptive_policy,57,37,41.82979452,0
adaptive_policy,57,38,40.20964046,0
adaptive_policy,57,39,38.53710841,0
adaptive_policy,57,40,40.70059222,0
adaptive_policy,57,41,39.04493005,0
adaptive_policy,57,42,41.22890564,0
adaptive_policy,57,43,39.59042787,0
adaptive_policy,57,44,37.83633854,0
adaptive_policy,57,45,39.97002015,0
adaptive_policy,57,46,42.18893926,0
adaptive_policy,57,47,40.57911645,0
adaptive_policy,57,48,38.91936097,0
adaptive_policy,57,49,41.09835595,0
adaptive_policy,57,50,39.45572527,0
adaptive_policy,58,0,70.0,0
adaptive_policy,58,1,67.78,0
adaptive_policy,58,2,65.71096888,0
adaptive_policy,58,3,63.7666667,0
adaptive_policy,58,4,61.9255287,0
adaptive_policy,58,5,53.97698301,0
adaptive_policy,58,6,52.4485135,0
adaptive_policy,58,7,50.93772211,0
adaptive_policy,58,8,49.43613932,0
adaptive_policy,58,9,47.93556704,0
adaptive_policy,58,10,46.42789564,0
adaptive_policy,58,11,44.90492777,0
adaptive_policy,58,12,43.3582002,0
adaptive_policy,58,13,41.77879589,0
adaptive_policy,58,14,40.15713714,0
adaptive_policy,58,15,38.48274963,0
adaptive_policy,58,16,40.64398493,0
adaptive_policy,58,17,38.9864219,0
adaptive_policy,58,18,41.16808387,0
adaptive_policy,58,19,39.52767894,0
adaptive_policy,58,20,41.73027382,0
adaptive_policy,58,21,40.10717475,0
adaptive_policy,58,22,38.43101237,0
adaptive_policy,58,23,40.59009771,0
adaptive_policy,58,24,34.87170467,0
adaptive_policy,58,25,36.8597471,0
adaptive_policy,58,26,38.94894785,0
adaptive_policy,58,27,41.1291215,0
adaptive_policy,58,28,39.48747502,0
adaptive_policy,58,29,41.6885513,0
adaptive_policy,58,30,40.06420697,0
adaptive_policy,58,31,38.386511,0
adaptive_policy,58,32,40.54373938,0
adaptive_policy,58,33,38.88278182,0
adaptive_policy,58,34,41.06031525,0
adaptive_policy,58,35,39.41646291,0
adaptive_policy,58,36,41.61484265,0
adaptive_policy,58,37,39.9882831,0
adaptive_policy,58,38,42.20786104,0
adaptive_policy,58,39,40.59856967,0
adaptive_policy,58,40,38.93947326,0
adaptive_policy,58,41,41.11926981,0
adaptive_policy,58,42,39.47730854,0
adaptive_policy,58,43,41.67799988,0
adaptive_policy,58,44,40.05333964,0
adaptive_policy,58,45,38.37525475,0
adaptive_policy,58,46,40.53201229,0
adaptive_policy,58,47,38.87065526,0
adaptive_policy,58,48,41.0477031,0
adaptive_policy,58,49,39.40344458,0
adaptive_policy,58,50,41.601328,0
adaptive_policy,59,0,70.0,0
adaptive_policy,59,1,67.78,0
adaptive_policy,59,2,65.71096888,0
adaptive_policy,59,3,63.7666667,0
adaptive_policy,59,4,55.54886203,0
adaptive_policy,59,5,53.99344026,0
adaptive_policy,59,6,52.46473465,0
adaptive_policy,59,7,50.9537998,0
adaptive_policy,59,8,44.3567823,0
adaptive_policy,59,9,42.79945967,0
adaptive_policy,59,10,41.20613366,0
adaptive_policy,59,11,39.56693591,0
adaptive_policy,59,12,41.77100802,0
adaptive_policy,59,13,40.14911866,0
adaptive_policy,59,14,38.47444691,0
adaptive_policy,59,15,40.63533783,0
adaptive_policy,59,16,38.97748342,0
adaptive_policy,59,17,41.15879085,0
adaptive_policy,59,18,39.51809029,0
adaptive_policy,59,19,41.72032351,0
adaptive_policy,59,20,40.09692803,0
adaptive_policy,59,21,38.42040053,0
adaptive_policy,59,22,40.57904371,0
adaptive_policy,59,23,38.91928576,0
adaptive_policy,59,24,37.20634917,0
adaptive_policy,59,25,39.31172967,0
adaptive_policy,59,26,41.50609925,0
adaptive_policy,59,27,39.87623582,0
adaptive_policy,59,28,42.09175274,0
adaptive_policy,59,29,40.47918006,0
adaptive_policy,59,30,38.81601724,0
adaptive_policy,59,31,40.99087059,0
adaptive_policy,59,32,39.34477465,0
adaptive_policy,59,33,41.54041376,0
adaptive_policy,59,34,39.91159748,0
adaptive_policy,59,35,42.12840092,0
adaptive_policy,59,36,40.5168692,0
adaptive_policy,59,37,38.85499561,0
adaptive_policy,59,38,41.03141559,0
adaptive_policy,59,39,39.38663168,0
adaptive_policy,59,40,41.58387322,0
adaptive_policy,59,41,39.95637708,0
adaptive_policy,59,42,42.17480323,0
adaptive_policy,59,43,40.56458256,0
adaptive_policy,59,44,38.90433378,0
adaptive_policy,59,45,41.08272892,0
adaptive_policy,59,46,39.43959702,0
adaptive_policy,59,47,41.63885722,0
adaptive_policy,59,48,40.01302154,0
adaptive_policy,59,49,38.33349001,0
adaptive_policy,59,50,40.48849659,0
adaptive_policy,60,0,70.0,0
adaptive_policy,60,1,67.78,0
adaptive_policy,60,2,65.71096888,0
adaptive_policy,60,3,63.7666667,0
adaptive_policy,60,4,61.9255287,0
adaptive_policy,60,5,60.16953588,0
adaptive_policy,60,6,58.48338085,0
adaptive_policy,60,7,56.8538389,0
adaptive_policy,60,8,55.26928371,0
adaptive_policy,60,9,53.71930607,0
adaptive_policy,60,10,52.19440625,0
adaptive_policy,60,11,50.68573849,0
adaptive_policy,60,12,49.18489206,0
adaptive_policy,60,13,47.68369614,0
adaptive_policy,60,14,46.17403867,0
adaptive_policy,60,15,40.03028644,0
adaptive_policy,60,16,38.3513751,0
adaptive_policy,60,17,40.50713227,0
adaptive_policy,60,18,38.8449261,0
adaptive_policy,60,19,41.02094189,0
adaptive_policy,60,20,39.37581961,0
adaptive_policy,60,21,41.57264784,0
adaptive_policy,60,22,39.94481136,0
adaptive_policy,60,23,42.16281909,0
adaptive_policy,60,24,40.55226056,0
adaptive_policy,60,25,38.89159295,0
adaptive_policy,60,26,41.06947888,0
adaptive_policy,60,27,35.31897342,0
adaptive_policy,60,28,37.33101485,0
adaptive_policy,60,29,39.44210911,0
adaptive_policy,60,30,41.64146481,0
adaptive_policy,60,31,40.01570761,0
adaptive_policy,60,32,38.33627264,0
adaptive_policy,60,33,40.49139607,0
adaptive_policy,60,34,38.82865168,0
adaptive_policy,60,35,41.00401344,0
adaptive_policy,60,36,39.35834345,0
adaptive_policy,60,37,41.55450271,0
adaptive_policy,60,38,39.92611515,0
adaptive_policy,60,39,42.14344547,0
adaptive_policy,60,40,40.53233966,0
adaptive_policy,60,41,38.87099379,0
adaptive_policy,60,42,41.04805519,0
adaptive_policy,60,43,39.40380802,0
adaptive_policy,60,44,41.60170531,0
adaptive_policy,60,45,39.97474887,0
adaptive_policy,60,46,38.1963638,0
adaptive_policy,60,47,40.34557731,0
adaptive_policy,60,48,38.67780313,0
adaptive_policy,60,49,40.84705727,0
adaptive_policy,60,50,39.19625982,0
shock_stress,1,0,70.0,0
shock_stress,1,1,52.38,0
shock_stress,1,2,50.86980408,0
shock_stress,1,3,49.36844227,0
shock_stress,1,4,47.86772432,0
shock_stress,1,5,46.35954044,0
shock_stress,1,6,44.83568513,0
shock_stress,1,7,43.28767887,0
shock_stress,1,8,41.70657941,0
shock_stress,1,9,30.90732645,0
shock_stress,1,10,21.9515603,0
shock_stress,1,11,19.03547336,0
shock_stress,1,12,15.80962992,0
shock_stress,1,13,12.20546339,0
shock_stress,1,14,5.44909285,0
shock_stress,1,15,0.37648286,1
shock_stress,1,16,0.0,1
shock_stress,1,17,0.0,1
shock_stress,1,18,0.0,1
shock_stress,1,19,0.0,1
shock_stress,1,20,0.0,1
shock_stress,1,21,0.0,1
shock_stress,1,22,0.0,1
shock_stress,1,23,0.0,1
shock_stress,1,24,0.0,1
shock_stress,1,25,0.0,1
shock_stress,1,26,0.0,1
shock_stress,1,27,0.0,1
shock_stress,1,28,0.0,1
shock_stress,1,29,0.0,1
shock_stress,1,30,0.0,1
shock_stress,1,31,0.0,1
shock_stress,1,32,0.0,1
shock_stress,1,33,0.0,1
shock_stress,1,34,0.0,1
shock_stress,1,35,0.0,1
shock_stress,1,36,0.0,1
shock_stress,1,37,0.0,1
shock_stress,1,38,0.0,1
shock_stress,1,39,0.0,1
shock_stress,1,40,0.0,1
shock_stress,1,41,0.0,1
shock_stress,1,42,0.0,1
shock_stress,1,43,0.0,1
shock_stress,1,44,0.0,1
shock_stress,1,45,0.0,1
shock_stress,1,46,0.0,1
shock_stress,1,47,0.0,1
shock_stress,1,48,0.0,1
shock_stress,1,49,0.0,1
shock_stress,1,50,0.0,1
shock_stress,2,0,70.0,0
shock_stress,2,1,67.78,0
shock_stress,2,2,65.71096888,0
shock_stress,2,3,49.31025355,0
shock_stress,2,4,36.96114142,0
shock_stress,2,5,35.15512012,0
shock_stress,2,6,33.25845329,0
shock_stress,2,7,31.2539504,0
shock_stress,2,8,29.12140452,0
shock_stress,2,9,26.83675617,0
shock_stress,2,10,24.37099162,0
shock_stress,2,11,21.68866869,0
shock_stress,2,12,18.74591202,0
shock_stress,2,13,15.4876396,0
shock_stress,2,14,11.84365416,0
shock_stress,2,15,7.72302205,0
shock_stress,2,16,3.00580489,1
shock_stress,2,17,0.0,1
shock_stress,2,18,0.0,1
shock_stress,2,19,0.0,1
shock_stress,2,20,0.0,1
shock_stress,2,21,0.0,1
shock_stress,2,22,0.0,1
shock_stress,2,23,0.0,1
shock_stress,2,24,0.0,1
shock_stress,2,25,0.0,1
shock_stress,2,26,0.0,1
shock_stress,2,27,0.0,1
shock_stress,2,28,0.0,1
shock_stress,2,29,0.0,1
shock_stress,2,30,0.0,1
shock_stress,2,31,0.0,1
shock_stress,2,32,0.0,1
shock_stress,2,33,0.0,1
shock_stress,2,34,0.0,1
shock_stress,2,35,0.0,1
shock_stress,2,36,0.0,1
shock_stress,2,37,0.0,1
shock_stress,2,38,0.0,1
shock_stress,2,39,0.0,1
shock_stress,2,40,0.0,1
shock_stress,2,41,0.0,1
shock_stress,2,42,0.0,1
shock_stress,2,43,0.0,1
shock_stress,2,44,0.0,1
shock_stress,2,45,0.0,1
shock_stress,2,46,0.0,1
shock_stress,2,47,0.0,1
shock_stress,2,48,0.0,1
shock_stress,2,49,0.0,1
shock_stress,2,50,0.0,1
shock_stress,3,0,70.0,0
shock_stress,3,1,67.78,0
shock_stress,3,2,65.71096888,0
shock_stress,3,3,63.7666667,0
shock_stress,3,4,61.9255287,0
shock_stress,3,5,60.16953588,0
shock_stress,3,6,45.24608296,0
shock_stress,3,7,33.7512652,0
shock_stress,3,8,31.77602671,0
shock_stress,3,9,29.67822294,0
shock_stress,3,10,27.43486862,0
shock_stress,3,11,25.01833535,0
shock_stress,3,12,22.39498492,0
shock_stress,3,13,19.52331858,0
shock_stress,3,14,16.35142798,0
shock_stress,3,15,12.81342046,0
shock_stress,3,16,8.82430541,0
shock_stress,3,17,4.27251732,1
shock_stress,3,18,0.0,1
shock_stress,3,19,0.0,1
shock_stress,3,20,0.0,1
shock_stress,3,21,0.0,1
shock_stress,3,22,0.0,1
shock_stress,3,23,0.0,1
shock_stress,3,24,0.0,1
shock_stress,3,25,0.0,1
shock_stress,3,26,0.0,1
shock_stress,3,27,0.0,1
shock_stress,3,28,0.0,1
shock_stress,3,29,0.0,1
shock_stress,3,30,0.0,1
shock_stress,3,31,0.0,1
shock_stress,3,32,0.0,1
shock_stress,3,33,0.0,1
shock_stress,3,34,0.0,1
shock_stress,3,35,0.0,1
shock_stress,3,36,0.0,1
shock_stress,3,37,0.0,1
shock_stress,3,38,0.0,1
shock_stress,3,39,0.0,1
shock_stress,3,40,0.0,1
shock_stress,3,41,0.0,1
shock_stress,3,42,0.0,1
shock_stress,3,43,0.0,1
shock_stress,3,44,0.0,1
shock_stress,3,45,0.0,1
shock_stress,3,46,0.0,1
shock_stress,3,47,0.0,1
shock_stress,3,48,0.0,1
shock_stress,3,49,0.0,1
shock_stress,3,50,0.0,1
shock_stress,4,0,70.0,0
shock_stress,4,1,67.78,0
shock_stress,4,2,50.79936888,0
shock_stress,4,3,49.2982187,0
shock_stress,4,4,47.7973322,0
shock_stress,4,5,35.77318598,0
shock_stress,4,6,33.90886195,0
shock_stress,4,7,31.94279745,0
shock_stress,4,8,29.85588483,0
shock_stress,4,9,27.62547115,0
shock_stress,4,10,25.22435598,0
shock_stress,4,11,22.61945741,0
shock_stress,4,12,19.77000801,0
shock_stress,4,13,16.62507366,0
shock_stress,4,14,9.46256318,0
shock_stress,4,15,5.00465237,0
shock_stress,4,16,0.0,1
shock_stress,4,17,0.0,1
shock_stress,4,18,0.0,1
shock_stress,4,19,0.0,1
shock_stress,4,20,0.0,1
shock_stress,4,21,0.0,1
shock_stress,4,22,0.0,1
shock_stress,4,23,0.0,1
shock_stress,4,24,0.0,1
shock_stress,4,25,0.0,1
shock_stress,4,26,0.0,1
shock_stress,4,27,0.0,1
shock_stress,4,28,0.0,1
shock_stress,4,29,0.0,1
shock_stress,4,30,0.0,1
shock_stress,4,31,0.0,1
shock_stress,4,32,0.0,1
shock_stress,4,33,0.0,1
shock_stress,4,34,0.0,1
shock_stress,4,35,0.0,1
shock_stress,4,36,0.0,1
shock_stress,4,37,0.0,1
shock_stress,4,38,0.0,1
shock_stress,4,39,0.0,1
shock_stress,4,40,0.0,1
shock_stress,4,41,0.0,1
shock_stress,4,42,0.0,1
shock_stress,4,43,0.0,1
shock_stress,4,44,0.0,1
shock_stress,4,45,0.0,1
shock_stress,4,46,0.0,1
shock_stress,4,47,0.0,1
shock_stress,4,48,0.0,1
shock_stress,4,49,0.0,1
shock_stress,4,50,0.0,1
shock_stress,5,0,70.0,0
shock_stress,5,1,67.78,0
shock_stress,5,2,65.71096888,0
shock_stress,5,3,63.7666667,0
shock_stress,5,4,61.9255287,0
shock_stress,5,5,60.16953588,0
shock_stress,5,6,58.48338085,0
shock_stress,5,7,43.98749511,0
shock_stress,5,8,42.42242472,0
shock_stress,5,9,40.81906936,0
shock_stress,5,10,39.16734828,0
shock_stress,5,11,37.45612486,0
shock_stress,5,12,27.43254955,0
shock_stress,5,13,25.01582787,0
shock_stress,5,14,22.39225193,0
shock_stress,5,15,19.52031397,0
shock_stress,5,16,16.34809371,0
shock_stress,5,17,9.21310166,0
shock_stress,5,18,4.71867372,1
shock_stress,5,19,0.0,1
shock_stress,5,20,0.0,1
shock_stress,5,21,0.0,1
shock_stress,5,22,0.0,1
shock_stress,5,23,0.0,1
shock_stress,5,24,0.0,1
shock_stress,5,25,0.0,1
shock_stress,5,26,0.0,1
shock_stress,5,27,0.0,1
shock_stress,5,28,0.0,1
shock_stress,5,29,0.0,1
shock_stress,5,30,0.0,1
shock_stress,5,31,0.0,1
shock_stress,5,32,0.0,1
shock_stress,5,33,0.0,1
shock_stress,5,34,0.0,1
shock_stress,5,35,0.0,1
shock_stress,5,36,0.0,1
shock_stress,5,37,0.0,1
shock_stress,5,38,0.0,1
shock_stress,5,39,0.0,1
shock_stress,5,40,0.0,1
shock_stress,5,41,0.0,1
shock_stress,5,42,0.0,1
shock_stress,5,43,0.0,1
shock_stress,5,44,0.0,1
shock_stress,5,45,0.0,1
shock_stress,5,46,0.0,1
shock_stress,5,47,0.0,1
shock_stress,5,48,0.0,1
shock_stress,5,49,0.0,1
shock_stress,5,50,0.0,1
shock_stress,6,0,70.0,0
shock_stress,6,1,67.78,0
shock_stress,6,2,65.71096888,0
shock_stress,6,3,63.7666667,0
shock_stress,6,4,61.9255287,0
shock_stress,6,5,46.54591956,0
shock_stress,6,6,45.02444435,0
shock_stress,6,7,43.47988328,0
shock_stress,6,8,41.90336182,0
shock_stress,6,9,40.28536183,0
shock_stress,6,10,38.61548828,0
shock_stress,6,11,36.88219548,0
shock_stress,6,12,35.07245725,0
shock_stress,6,13,33.17136049,0
shock_stress,6,14,31.1615949,0
shock_stress,6,15,29.02280099,0
shock_stress,6,16,26.73072381,0
shock_stress,6,17,24.25609722,0
shock_stress,6,18,21.56314987,0
shock_stress,6,19,18.60757187,0
shock_stress,6,20,15.33369969,0
shock_stress,6,21,11.67054541,0
shock_stress,6,22,7.52608065,0
shock_stress,6,23,2.77881976,1
shock_stress,6,24,0.0,1
shock_stress,6,25,0.0,1
shock_stress,6,26,0.0,1
shock_stress,6,27,0.0,1
shock_stress,6,28,0.0,1
shock_stress,6,29,0.0,1
shock_stress,6,30,0.0,1
shock_stress,6,31,0.0,1
shock_stress,6,32,0.0,1
shock_stress,6,33,0.0,1
shock_stress,6,34,0.0,1
shock_stress,6,35,0.0,1
shock_stress,6,36,0.0,1
shock_stress,6,37,0.0,1
shock_stress,6,38,0.0,1
shock_stress,6,39,0.0,1
shock_stress,6,40,0.0,1
shock_stress,6,41,0.0,1
shock_stress,6,42,0.0,1
shock_stress,6,43,0.0,1
shock_stress,6,44,0.0,1
shock_stress,6,45,0.0,1
shock_stress,6,46,0.0,1
shock_stress,6,47,0.0,1
shock_stress,6,48,0.0,1
shock_stress,6,49,0.0,1
shock_stress,6,50,0.0,1
shock_stress,7,0,70.0,0
shock_stress,7,1,67.78,0
shock_stress,7,2,65.71096888,0
shock_stress,7,3,63.7666667,0
shock_stress,7,4,47.89686203,0
shock_stress,7,5,46.38890029,0
shock_stress,7,6,44.86542821,0
shock_stress,7,7,33.44757912,0
shock_stress,7,8,31.45441037,0
shock_stress,7,9,22.41535008,0
shock_stress,7,10,19.54570684,0
shock_stress,7,11,12.07621618,0
shock_stress,7,12,5.33066454,0
shock_stress,7,13,0.23903539,1
shock_stress,7,14,0.0,1
shock_stress,7,15,0.0,1
shock_stress,7,16,0.0,1
shock_stress,7,17,0.0,1
shock_stress,7,18,0.0,1
shock_stress,7,19,0.0,1
shock_stress,7,20,0.0,1
shock_stress,7,21,0.0,1
shock_stress,7,22,0.0,1
shock_stress,7,23,0.0,1
shock_stress,7,24,0.0,1
shock_stress,7,25,0.0,1
shock_stress,7,26,0.0,1
shock_stress,7,27,0.0,1
shock_stress,7,28,0.0,1
shock_stress,7,29,0.0,1
shock_stress,7,30,0.0,1
shock_stress,7,31,0.0,1
shock_stress,7,32,0.0,1
shock_stress,7,33,0.0,1
shock_stress,7,34,0.0,1
shock_stress,7,35,0.0,1
shock_stress,7,36,0.0,1
shock_stress,7,37,0.0,1
shock_stress,7,38,0.0,1
shock_stress,7,39,0.0,1
shock_stress,7,40,0.0,1
shock_stress,7,41,0.0,1
shock_stress,7,42,0.0,1
shock_stress,7,43,0.0,1
shock_stress,7,44,0.0,1
shock_stress,7,45,0.0,1
shock_stress,7,46,0.0,1
shock_stress,7,47,0.0,1
shock_stress,7,48,0.0,1
shock_stress,7,49,0.0,1
shock_stress,7,50,0.0,1
shock_stress,8,0,70.0,0
shock_stress,8,1,67.78,0
shock_stress,8,2,65.71096888,0
shock_stress,8,3,49.31025355,0
shock_stress,8,4,47.8093972,0
shock_stress,8,5,35.78269208,0
shock_stress,8,6,33.91885476,0
shock_stress,8,7,31.95336894,0
shock_stress,8,8,29.86714334,0
shock_stress,8,9,27.63754589,0
shock_stress,8,10,25.23740305,0
shock_stress,8,11,22.63366787,0
shock_stress,8,12,19.78561883,0
shock_stress,8,13,16.64238294,0
shock_stress,8,14,13.13946783,0
shock_stress,8,15,6.30312701,0
shock_stress,8,16,1.36617694,1
shock_stress,8,17,0.0,1
shock_stress,8,18,0.0,1
shock_stress,8,19,0.0,1
shock_stress,8,20,0.0,1
shock_stress,8,21,0.0,1
shock_stress,8,22,0.0,1
shock_stress,8,23,0.0,1
shock_stress,8,24,0.0,1
shock_stress,8,25,0.0,1
shock_stress,8,26,0.0,1
shock_stress,8,27,0.0,1
shock_stress,8,28,0.0,1
shock_stress,8,29,0.0,1
shock_stress,8,30,0.0,1
shock_stress,8,31,0.0,1
shock_stress,8,32,0.0,1
shock_stress,8,33,0.0,1
shock_stress,8,34,0.0,1
shock_stress,8,35,0.0,1
shock_stress,8,36,0.0,1
shock_stress,8,37,0.0,1
shock_stress,8,38,0.0,1
shock_stress,8,39,0.0,1
shock_stress,8,40,0.0,1
shock_stress,8,41,0.0,1
shock_stress,8,42,0.0,1
shock_stress,8,43,0.0,1
shock_stress,8,44,0.0,1
shock_stress,8,45,0.0,1
shock_stress,8,46,0.0,1
shock_stress,8,47,0.0,1
shock_stress,8,48,0.0,1
shock_stress,8,49,0.0,1
shock_stress,8,50,0.0,1
shock_stress,9,0,70.0,0
shock_stress,9,1,67.78,0
shock_stress,9,2,65.71096888,0
shock_stress,9,3,49.31025355,0
shock_stress,9,4,47.8093972,0
shock_stress,9,5,35.78269208,0
shock_stress,9,6,33.91885476,0
shock_stress,9,7,31.95336894,0
shock_stress,9,8,22.83740217,0
shock_stress,9,9,20.00935007,0
shock_stress,9,10,16.89035972,0
shock_stress,9,11,9.70123368,0
shock_stress,9,12,5.27805066,0
shock_stress,9,13,0.17795571,1
shock_stress,9,14,0.0,1
shock_stress,9,15,0.0,1
shock_stress,9,16,0.0,1
shock_stress,9,17,0.0,1
shock_stress,9,18,0.0,1
shock_stress,9,19,0.0,1
shock_stress,9,20,0.0,1
shock_stress,9,21,0.0,1
shock_stress,9,22,0.0,1
shock_stress,9,23,0.0,1
shock_stress,9,24,0.0,1
shock_stress,9,25,0.0,1
shock_stress,9,26,0.0,1
shock_stress,9,27,0.0,1
shock_stress,9,28,0.0,1
shock_stress,9,29,0.0,1
shock_stress,9,30,0.0,1
shock_stress,9,31,0.0,1
shock_stress,9,32,0.0,1
shock_stress,9,33,0.0,1
shock_stress,9,34,0.0,1
shock_stress,9,35,0.0,1
shock_stress,9,36,0.0,1
shock_stress,9,37,0.0,1
shock_stress,9,38,0.0,1
shock_stress,9,39,0.0,1
shock_stress,9,40,0.0,1
shock_stress,9,41,0.0,1
shock_stress,9,42,0.0,1
shock_stress,9,43,0.0,1
shock_stress,9,44,0.0,1
shock_stress,9,45,0.0,1
shock_stress,9,46,0.0,1
shock_stress,9,47,0.0,1
shock_stress,9,48,0.0,1
shock_stress,9,49,0.0,1
shock_stress,9,50,0.0,1
shock_stress,10,0,70.0,0
shock_stress,10,1,67.78,0
shock_stress,10,2,65.71096888,0
shock_stress,10,3,63.7666667,0
shock_stress,10,4,61.9255287,0
shock_stress,10,5,60.16953588,0
shock_stress,10,6,58.48338085,0
shock_stress,10,7,56.8538389,0
shock_stress,10,8,55.26928371,0
shock_stress,10,9,53.71930607,0
shock_stress,10,10,52.19440625,0
shock_stress,10,11,50.68573849,0
shock_stress,10,12,49.18489206,0
shock_stress,10,13,47.68369614,0
shock_stress,10,14,35.68362552,0
shock_stress,10,15,33.81470008,0
shock_stress,10,16,31.843165,0
shock_stress,10,17,29.74975781,0
shock_stress,10,18,27.51162766,0
shock_stress,10,19,25.10131925,0
shock_stress,10,20,22.48541951,0
shock_stress,10,21,19.62272566,0
shock_stress,10,22,16.46172382,0
shock_stress,10,23,9.31547584,0
shock_stress,10,24,4.83606093,1
shock_stress,10,25,0.0,1
shock_stress,10,26,0.0,1
shock_stress,10,27,0.0,1
shock_stress,10,28,0.0,1
shock_stress,10,29,0.0,1
shock_stress,10,30,0.0,1
shock_stress,10,31,0.0,1
shock_stress,10,32,0.0,1
shock_stress,10,33,0.0,1
shock_stress,10,34,0.0,1
shock_stress,10,35,0.0,1
shock_stress,10,36,0.0,1
shock_stress,10,37,0.0,1
shock_stress,10,38,0.0,1
shock_stress,10,39,0.0,1
shock_stress,10,40,0.0,1
shock_stress,10,41,0.0,1
shock_stress,10,42,0.0,1
shock_stress,10,43,0.0,1
shock_stress,10,44,0.0,1
shock_stress,10,45,0.0,1
shock_stress,10,46,0.0,1
shock_stress,10,47,0.0,1
shock_stress,10,48,0.0,1
shock_stress,10,49,0.0,1
shock_stress,10,50,0.0,1
shock_stress,11,0,70.0,0
shock_stress,11,1,67.78,0
shock_stress,11,2,65.71096888,0
shock_stress,11,3,63.7666667,0
shock_stress,11,4,61.9255287,0
shock_stress,11,5,60.16953588,0
shock_stress,11,6,58.48338085,0
shock_stress,11,7,56.8538389,0
shock_stress,11,8,55.26928371,0
shock_stress,11,9,53.71930607,0
shock_stress,11,10,52.19440625,0
shock_stress,11,11,39.20296912,0
shock_stress,11,12,37.49313254,0
shock_stress,11,13,27.46308426,0
shock_stress,11,14,25.04884163,0
shock_stress,11,15,22.42823309,0
shock_stress,11,16,14.62565761,0
shock_stress,11,17,10.87323823,0
shock_stress,11,18,6.61761196,0
shock_stress,11,19,1.72995509,1
shock_stress,11,20,0.0,1
shock_stress,11,21,0.0,1
shock_stress,11,22,0.0,1
shock_stress,11,23,0.0,1
shock_stress,11,24,0.0,1
shock_stress,11,25,0.0,1
shock_stress,11,26,0.0,1
shock_stress,11,27,0.0,1
shock_stress,11,28,0.0,1
shock_stress,11,29,0.0,1
shock_stress,11,30,0.0,1
shock_stress,11,31,0.0,1
shock_stress,11,32,0.0,1
shock_stress,11,33,0.0,1
shock_stress,11,34,0.0,1
shock_stress,11,35,0.0,1
shock_stress,11,36,0.0,1
shock_stress,11,37,0.0,1
shock_stress,11,38,0.0,1
shock_stress,11,39,0.0,1
shock_stress,11,40,0.0,1
shock_stress,11,41,0.0,1
shock_stress,11,42,0.0,1
shock_stress,11,43,0.0,1
shock_stress,11,44,0.0,1
shock_stress,11,45,0.0,1
shock_stress,11,46,0.0,1
shock_stress,11,47,0.0,1
shock_stress,11,48,0.0,1
shock_stress,11,49,0.0,1
shock_stress,11,50,0.0,1
shock_stress,12,0,70.0,0
shock_stress,12,1,67.78,0
shock_stress,12,2,65.71096888,0
shock_stress,12,3,63.7666667,0
shock_stress,12,4,47.89686203,0
shock_stress,12,5,35.85159064,0
shock_stress,12,6,33.99127116,0
shock_stress,12,7,32.02996824,0
shock_stress,12,8,29.94870857,0
shock_stress,12,9,27.72501085,0
shock_stress,12,10,25.3318956,0
shock_stress,12,11,22.73656792,0
shock_stress,12,12,19.89863741,0
shock_stress,12,13,12.38997153,0
shock_stress,12,14,8.34384589,0
shock_stress,12,15,3.72042258,1
shock_stress,12,16,0.0,1
shock_stress,12,17,0.0,1
shock_stress,12,18,0.0,1
shock_stress,12,19,0.0,1
shock_stress,12,20,0.0,1
shock_stress,12,21,0.0,1
shock_stress,12,22,0.0,1
shock_stress,12,23,0.0,1
shock_stress,12,24,0.0,1
shock_stress,12,25,0.0,1
shock_stress,12,26,0.0,1
shock_stress,12,27,0.0,1
shock_stress,12,28,0.0,1
shock_stress,12,29,0.0,1
shock_stress,12,30,0.0,1
shock_stress,12,31,0.0,1
shock_stress,12,32,0.0,1
shock_stress,12,33,0.0,1
shock_stress,12,34,0.0,1
shock_stress,12,35,0.0,1
shock_stress,12,36,0.0,1
shock_stress,12,37,0.0,1
shock_stress,12,38,0.0,1
shock_stress,12,39,0.0,1
shock_stress,12,40,0.0,1
shock_stress,12,41,0.0,1
shock_stress,12,42,0.0,1
shock_stress,12,43,0.0,1
shock_stress,12,44,0.0,1
shock_stress,12,45,0.0,1
shock_stress,12,46,0.0,1
shock_stress,12,47,0.0,1
shock_stress,12,48,0.0,1
shock_stress,12,49,0.0,1
shock_stress,12,50,0.0,1
shock_stress,13,0,70.0,0
shock_stress,13,1,67.78,0
shock_stress,13,2,65.71096888,0
shock_stress,13,3,63.7666667,0
shock_stress,13,4,61.9255287,0
shock_stress,13,5,60.16953588,0
shock_stress,13,6,58.48338085,0
shock_stress,13,7,43.98749511,0
shock_stress,13,8,42.42242472,0
shock_stress,13,9,40.81906936,0
shock_stress,13,10,30.18715302,0
shock_stress,13,11,27.98056499,0
shock_stress,13,12,25.60782506,0
shock_stress,13,13,23.0368643,0
shock_stress,13,14,20.22824507,0
shock_stress,13,15,17.13280176,0
shock_stress,13,16,13.68834687,0
shock_stress,13,17,6.80354548,0
shock_stress,13,18,1.94486485,1
shock_stress,13,19,0.0,1
shock_stress,13,20,0.0,1
shock_stress,13,21,0.0,1
shock_stress,13,22,0.0,1
shock_stress,13,23,0.0,1
shock_stress,13,24,0.0,1
shock_stress,13,25,0.0,1
shock_stress,13,26,0.0,1
shock_stress,13,27,0.0,1
shock_stress,13,28,0.0,1
shock_stress,13,29,0.0,1
shock_stress,13,30,0.0,1
shock_stress,13,31,0.0,1
shock_stress,13,32,0.0,1
shock_stress,13,33,0.0,1
shock_stress,13,34,0.0,1
shock_stress,13,35,0.0,1
shock_stress,13,36,0.0,1
shock_stress,13,37,0.0,1
shock_stress,13,38,0.0,1
shock_stress,13,39,0.0,1
shock_stress,13,40,0.0,1
shock_stress,13,41,0.0,1
shock_stress,13,42,0.0,1
shock_stress,13,43,0.0,1
shock_stress,13,44,0.0,1
shock_stress,13,45,0.0,1
shock_stress,13,46,0.0,1
shock_stress,13,47,0.0,1
shock_stress,13,48,0.0,1
shock_stress,13,49,0.0,1
shock_stress,13,50,0.0,1
shock_stress,14,0,70.0,0
shock_stress,14,1,52.38,0
shock_stress,14,2,50.86980408,0
shock_stress,14,3,49.36844227,0
shock_stress,14,4,47.86772432,0
shock_stress,14,5,46.35954044,0
shock_stress,14,6,44.83568513,0
shock_stress,14,7,43.28767887,0
shock_stress,14,8,41.70657941,0
shock_stress,14,9,40.08277392,0
shock_stress,14,10,38.40574145,0
shock_stress,14,11,36.66377316,0
shock_stress,14,12,34.84363425,0
shock_stress,14,13,25.26454696,0
shock_stress,14,14,22.66323021,0
shock_stress,14,15,19.81809204,0
shock_stress,14,16,16.67838642,0
shock_stress,14,17,13.17979254,0
shock_stress,14,18,9.23948272,0
shock_stress,14,19,4.74892714,1
shock_stress,14,20,0.0,1
shock_stress,14,21,0.0,1
shock_stress,14,22,0.0,1
shock_stress,14,23,0.0,1
shock_stress,14,24,0.0,1
shock_stress,14,25,0.0,1
shock_stress,14,26,0.0,1
shock_stress,14,27,0.0,1
shock_stress,14,28,0.0,1
shock_stress,14,29,0.0,1
shock_stress,14,30,0.0,1
shock_stress,14,31,0.0,1
shock_stress,14,32,0.0,1
shock_stress,14,33,0.0,1
shock_stress,14,34,0.0,1
shock_stress,14,35,0.0,1
shock_stress,14,36,0.0,1
shock_stress,14,37,0.0,1
shock_stress,14,38,0.0,1
shock_stress,14,39,0.0,1
shock_stress,14,40,0.0,1
shock_stress,14,41,0.0,1
shock_stress,14,42,0.0,1
shock_stress,14,43,0.0,1
shock_stress,14,44,0.0,1
shock_stress,14,45,0.0,1
shock_stress,14,46,0.0,1
shock_stress,14,47,0.0,1
shock_stress,14,48,0.0,1
shock_stress,14,49,0.0,1
shock_stress,14,50,0.0,1
shock_stress,15,0,70.0,0
shock_stress,15,1,67.78,0
shock_stress,15,2,50.79936888,0
shock_stress,15,3,49.2982187,0
shock_stress,15,4,47.7973322,0
shock_stress,15,5,46.28859906,0
shock_stress,15,6,34.58031317,0
shock_stress,15,7,32.65233304,0
shock_stress,15,8,30.61063825,0
shock_stress,15,9,28.43393302,0
shock_stress,15,10,26.09676158,0
shock_stress,15,11,23.56830493,0
shock_stress,15,12,20.81076282,0
shock_stress,15,13,17.777142,0
shock_stress,15,14,14.40817936,0
shock_stress,15,15,10.6279795,0
shock_stress,15,16,6.33769871,0
shock_stress,15,17,1.40618491,1
shock_stress,15,18,0.0,1
shock_stress,15,19,0.0,1
shock_stress,15,20,0.0,1
shock_stress,15,21,0.0,1
shock_stress,15,22,0.0,1
shock_stress,15,23,0.0,1
shock_stress,15,24,0.0,1
shock_stress,15,25,0.0,1
shock_stress,15,26,0.0,1
shock_stress,15,27,0.0,1
shock_stress,15,28,0.0,1
shock_stress,15,29,0.0,1
shock_stress,15,30,0.0,1
shock_stress,15,31,0.0,1
shock_stress,15,32,0.0,1
shock_stress,15,33,0.0,1
shock_stress,15,34,0.0,1
shock_stress,15,35,0.0,1
shock_stress,15,36,0.0,1
shock_stress,15,37,0.0,1
shock_stress,15,38,0.0,1
shock_stress,15,39,0.0,1
shock_stress,15,40,0.0,1
shock_stress,15,41,0.0,1
shock_stress,15,42,0.0,1
shock_stress,15,43,0.0,1
shock_stress,15,44,0.0,1
shock_stress,15,45,0.0,1
shock_stress,15,46,0.0,1
shock_stress,15,47,0.0,1
shock_stress,15,48,0.0,1
shock_stress,15,49,0.0,1
shock_stress,15,50,0.0,1
shock_stress,16,0,70.0,0
shock_stress,16,1,67.78,0
shock_stress,16,2,65.71096888,0
shock_stress,16,3,63.7666667,0
shock_stress,16,4,61.9255287,0
shock_stress,16,5,60.16953588,0
shock_stress,16,6,58.48338085,0
shock_stress,16,7,56.8538389,0
shock_stress,16,8,55.26928371,0
shock_stress,16,9,41.56006366,0
shock_stress,16,10,39.93184511,0
shock_stress,16,11,38.24938318,0
shock_stress,16,12,28.08598028,0
shock_stress,16,13,25.72157662,0
shock_stress,16,14,23.1605813,0
shock_stress,16,15,20.36394339,0
shock_stress,16,16,17.28301086,0
shock_stress,16,17,13.85628837,0
shock_stress,16,18,10.00482617,0
shock_stress,16,19,5.6255211,0
shock_stress,16,20,0.58115122,1
shock_stress,16,21,0.0,1
shock_stress,16,22,0.0,1
shock_stress,16,23,0.0,1
shock_stress,16,24,0.0,1
shock_stress,16,25,0.0,1
shock_stress,16,26,0.0,1
shock_stress,16,27,0.0,1
shock_stress,16,28,0.0,1
shock_stress,16,29,0.0,1
shock_stress,16,30,0.0,1
shock_stress,16,31,0.0,1
shock_stress,16,32,0.0,1
shock_stress,16,33,0.0,1
shock_stress,16,34,0.0,1
shock_stress,16,35,0.0,1
shock_stress,16,36,0.0,1
shock_stress,16,37,0.0,1
shock_stress,16,38,0.0,1
shock_stress,16,39,0.0,1
shock_stress,16,40,0.0,1
shock_stress,16,41,0.0,1
shock_stress,16,42,0.0,1
shock_stress,16,43,0.0,1
shock_stress,16,44,0.0,1
shock_stress,16,45,0.0,1
shock_stress,16,46,0.0,1
shock_stress,16,47,0.0,1
shock_stress,16,48,0.0,1
shock_stress,16,49,0.0,1
shock_stress,16,50,0.0,1
shock_stress,17,0,70.0,0
shock_stress,17,1,67.78,0
shock_stress,17,2,65.71096888,0
shock_stress,17,3,63.7666667,0
shock_stress,17,4,61.9255287,0
shock_stress,17,5,60.16953588,0
shock_stress,17,6,58.48338085,0
shock_stress,17,7,56.8538389,0
shock_stress,17,8,42.76143915,0
shock_stress,17,9,31.75960836,0
shock_stress,17,10,29.66072696,0
shock_stress,17,11,27.41609211,0
shock_stress,17,12,24.9980329,0
shock_stress,17,13,22.37285586,0
shock_stress,17,14,19.49898949,0
shock_stress,17,15,16.32442853,0
shock_stress,17,16,12.78314913,0
shock_stress,17,17,8.78997995,0
shock_stress,17,18,4.23310159,1
shock_stress,17,19,0.0,1
shock_stress,17,20,0.0,1
shock_stress,17,21,0.0,1
shock_stress,17,22,0.0,1
shock_stress,17,23,0.0,1
shock_stress,17,24,0.0,1
shock_stress,17,25,0.0,1
shock_stress,17,26,0.0,1
shock_stress,17,27,0.0,1
shock_stress,17,28,0.0,1
shock_stress,17,29,0.0,1
shock_stress,17,30,0.0,1
shock_stress,17,31,0.0,1
shock_stress,17,32,0.0,1
shock_stress,17,33,0.0,1
shock_stress,17,34,0.0,1
shock_stress,17,35,0.0,1
shock_stress,17,36,0.0,1
shock_stress,17,37,0.0,1
shock_stress,17,38,0.0,1
shock_stress,17,39,0.0,1
shock_stress,17,40,0.0,1
shock_stress,17,41,0.0,1
shock_stress,17,42,0.0,1
shock_stress,17,43,0.0,1
shock_stress,17,44,0.0,1
shock_stress,17,45,0.0,1
shock_stress,17,46,0.0,1
shock_stress,17,47,0.0,1
shock_stress,17,48,0.0,1
shock_stress,17,49,0.0,1
shock_stress,17,50,0.0,1
shock_stress,18,0,70.0,0
shock_stress,18,1,67.78,0
shock_stress,18,2,65.71096888,0
shock_stress,18,3,63.7666667,0
shock_stress,18,4,61.9255287,0
shock_stress,18,5,60.16953588,0
shock_stress,18,6,58.48338085,0
shock_stress,18,7,56.8538389,0
shock_stress,18,8,55.26928371,0
shock_stress,18,9,53.71930607,0
shock_stress,18,10,52.19440625,0
shock_stress,18,11,50.68573849,0
shock_stress,18,12,49.18489206,0
shock_stress,18,13,47.68369614,0
shock_stress,18,14,46.17403867,0
shock_stress,18,15,44.6476903,0
shock_stress,18,16,43.09612531,0
shock_stress,18,17,41.51033104,0
shock_stress,18,18,39.88059697,0
shock_stress,18,19,38.1962728,0
shock_stress,18,20,36.44548245,0
shock_stress,18,21,34.61477754,0
shock_stress,18,22,32.68870842,0
shock_stress,18,23,30.64928295,0
shock_stress,18,24,28.4752725,0
shock_stress,18,25,26.14130749,0
shock_stress,18,26,23.61668051,0
shock_stress,18,27,15.66806761,0
shock_stress,18,28,12.04644077,0
shock_stress,18,29,7.95358998,0
shock_stress,18,30,3.27136891,1
shock_stress,18,31,0.0,1
shock_stress,18,32,0.0,1
shock_stress,18,33,0.0,1
shock_stress,18,34,0.0,1
shock_stress,18,35,0.0,1
shock_stress,18,36,0.0,1
shock_stress,18,37,0.0,1
shock_stress,18,38,0.0,1
shock_stress,18,39,0.0,1
shock_stress,18,40,0.0,1
shock_stress,18,41,0.0,1
shock_stress,18,42,0.0,1
shock_stress,18,43,0.0,1
shock_stress,18,44,0.0,1
shock_stress,18,45,0.0,1
shock_stress,18,46,0.0,1
shock_stress,18,47,0.0,1
shock_stress,18,48,0.0,1
shock_stress,18,49,0.0,1
shock_stress,18,50,0.0,1
shock_stress,19,0,70.0,0
shock_stress,19,1,67.78,0
shock_stress,19,2,65.71096888,0
shock_stress,19,3,63.7666667,0
shock_stress,19,4,61.9255287,0
shock_stress,19,5,60.16953588,0
shock_stress,19,6,58.48338085,0
shock_stress,19,7,56.8538389,0
shock_stress,19,8,42.76143915,0
shock_stress,19,9,41.16712497,0
shock_stress,19,10,39.52668955,0
shock_stress,19,11,37.82924713,0
shock_stress,19,12,36.06261812,0
shock_stress,19,13,26.27919103,0
shock_stress,19,14,23.76637283,0
shock_stress,19,15,21.02760708,0
shock_stress,19,16,18.01668789,0
shock_stress,19,17,14.67540983,0
shock_stress,19,18,7.70073166,0
shock_stress,19,19,2.98012108,1
shock_stress,19,20,0.0,1
shock_stress,19,21,0.0,1
shock_stress,19,22,0.0,1
shock_stress,19,23,0.0,1
shock_stress,19,24,0.0,1
shock_stress,19,25,0.0,1
shock_stress,19,26,0.0,1
shock_stress,19,27,0.0,1
shock_stress,19,28,0.0,1
shock_stress,19,29,0.0,1
shock_stress,19,30,0.0,1
shock_stress,19,31,0.0,1
shock_stress,19,32,0.0,1
shock_stress,19,33,0.0,1
shock_stress,19,34,0.0,1
shock_stress,19,35,0.0,1
shock_stress,19,36,0.0,1
shock_stress,19,37,0.0,1
shock_stress,19,38,0.0,1
shock_stress,19,39,0.0,1
shock_stress,19,40,0.0,1
shock_stress,19,41,0.0,1
shock_stress,19,42,0.0,1
shock_stress,19,43,0.0,1
shock_stress,19,44,0.0,1
shock_stress,19,45,0.0,1
shock_stress,19,46,0.0,1
shock_stress,19,47,0.0,1
shock_stress,19,48,0.0,1
shock_stress,19,49,0.0,1
shock_stress,19,50,0.0,1
shock_stress,20,0,70.0,0
shock_stress,20,1,67.78,0
shock_stress,20,2,65.71096888,0
shock_stress,20,3,63.7666667,0
shock_stress,20,4,61.9255287,0
shock_stress,20,5,60.16953588,0
shock_stress,20,6,58.48338085,0
shock_stress,20,7,56.8538389,0
shock_stress,20,8,55.26928371,0
shock_stress,20,9,53.71930607,0
shock_stress,20,10,52.19440625,0
shock_stress,20,11,50.68573849,0
shock_stress,20,12,49.18489206,0
shock_stress,20,13,36.86301989,0
shock_stress,20,14,35.05237545,0
shock_stress,20,15,33.15019878,0
shock_stress,20,16,31.13915034,0
shock_stress,20,17,28.99883337,0
shock_stress,20,18,26.70494517,0
shock_stress,20,19,24.22815793,0
shock_stress,20,20,21.53261981,0
shock_stress,20,21,18.57391469,0
shock_stress,20,22,15.29623678,0
shock_stress,20,23,11.62840465,0
shock_stress,20,24,7.47812186,0
shock_stress,20,25,1.07833683,1
shock_stress,20,26,0.0,1
shock_stress,20,27,0.0,1
shock_stress,20,28,0.0,1
shock_stress,20,29,0.0,1
shock_stress,20,30,0.0,1
shock_stress,20,31,0.0,1
shock_stress,20,32,0.0,1
shock_stress,20,33,0.0,1
shock_stress,20,34,0.0,1
shock_stress,20,35,0.0,1
shock_stress,20,36,0.0,1
shock_stress,20,37,0.0,1
shock_stress,20,38,0.0,1
shock_stress,20,39,0.0,1
shock_stress,20,40,0.0,1
shock_stress,20,41,0.0,1
shock_stress,20,42,0.0,1
shock_stress,20,43,0.0,1
shock_stress,20,44,0.0,1
shock_stress,20,45,0.0,1
shock_stress,20,46,0.0,1
shock_stress,20,47,0.0,1
shock_stress,20,48,0.0,1
shock_stress,20,49,0.0,1
shock_stress,20,50,0.0,1
shock_stress,21,0,70.0,0
shock_stress,21,1,67.78,0
shock_stress,21,2,65.71096888,0
shock_stress,21,3,63.7666667,0
shock_stress,21,4,61.9255287,0
shock_stress,21,5,60.16953588,0
shock_stress,21,6,58.48338085,0
shock_stress,21,7,56.8538389,0
shock_stress,21,8,55.26928371,0
shock_stress,21,9,53.71930607,0
shock_stress,21,10,52.19440625,0
shock_stress,21,11,39.20296912,0
shock_stress,21,12,37.49313254,0
shock_stress,21,13,35.71157342,0
shock_stress,21,14,25.98754083,0
shock_stress,21,15,23.44966407,0
shock_stress,21,16,20.68080747,0
shock_stress,21,17,17.63350038,0
shock_stress,21,18,10.36846776,0
shock_stress,21,19,6.04128273,0
shock_stress,21,20,1.06301885,1
shock_stress,21,21,0.0,1
shock_stress,21,22,0.0,1
shock_stress,21,23,0.0,1
shock_stress,21,24,0.0,1
shock_stress,21,25,0.0,1
shock_stress,21,26,0.0,1
shock_stress,21,27,0.0,1
shock_stress,21,28,0.0,1
shock_stress,21,29,0.0,1
shock_stress,21,30,0.0,1
shock_stress,21,31,0.0,1
shock_stress,21,32,0.0,1
shock_stress,21,33,0.0,1
shock_stress,21,34,0.0,1
shock_stress,21,35,0.0,1
shock_stress,21,36,0.0,1
shock_stress,21,37,0.0,1
shock_stress,21,38,0.0,1
shock_stress,21,39,0.0,1
shock_stress,21,40,0.0,1
shock_stress,21,41,0.0,1
shock_stress,21,42,0.0,1
shock_stress,21,43,0.0,1
shock_stress,21,44,0.0,1
shock_stress,21,45,0.0,1
shock_stress,21,46,0.0,1
shock_stress,21,47,0.0,1
shock_stress,21,48,0.0,1
shock_stress,21,49,0.0,1
shock_stress,21,50,0.0,1
shock_stress,22,0,70.0,0
shock_stress,22,1,67.78,0
shock_stress,22,2,50.79936888,0
shock_stress,22,3,38.12235754,0
shock_stress,22,4,36.36841644,0
shock_stress,22,5,34.53394031,0
shock_stress,22,6,25.00591524,0
shock_stress,22,7,22.38144755,0
shock_stress,22,8,19.50843556,0
shock_stress,22,9,16.33491166,0
shock_stress,22,10,12.79490294,0
shock_stress,22,11,8.8033083,0
shock_stress,22,12,4.24840697,1
shock_stress,22,13,0.0,1
shock_stress,22,14,0.0,1
shock_stress,22,15,0.0,1
shock_stress,22,16,0.0,1
shock_stress,22,17,0.0,1
shock_stress,22,18,0.0,1
shock_stress,22,19,0.0,1
shock_stress,22,20,0.0,1
shock_stress,22,21,0.0,1
shock_stress,22,22,0.0,1
shock_stress,22,23,0.0,1
shock_stress,22,24,0.0,1
shock_stress,22,25,0.0,1
shock_stress,22,26,0.0,1
shock_stress,22,27,0.0,1
shock_stress,22,28,0.0,1
shock_stress,22,29,0.0,1
shock_stress,22,30,0.0,1
shock_stress,22,31,0.0,1
shock_stress,22,32,0.0,1
shock_stress,22,33,0.0,1
shock_stress,22,34,0.0,1
shock_stress,22,35,0.0,1
shock_stress,22,36,0.0,1
shock_stress,22,37,0.0,1
shock_stress,22,38,0.0,1
shock_stress,22,39,0.0,1
shock_stress,22,40,0.0,1
shock_stress,22,41,0.0,1
shock_stress,22,42,0.0,1
shock_stress,22,43,0.0,1
shock_stress,22,44,0.0,1
shock_stress,22,45,0.0,1
shock_stress,22,46,0.0,1
shock_stress,22,47,0.0,1
shock_stress,22,48,0.0,1
shock_stress,22,49,0.0,1
shock_stress,22,50,0.0,1
shock_stress,23,0,70.0,0
shock_stress,23,1,67.78,0
shock_stress,23,2,65.71096888,0
shock_stress,23,3,63.7666667,0
shock_stress,23,4,47.89686203,0
shock_stress,23,5,46.38890029,0
shock_stress,23,6,44.86542821,0
shock_stress,23,7,43.31797332,0
shock_stress,23,8,32.20765013,0
shock_stress,23,9,30.13782824,0
shock_stress,23,10,27.92771768,0
shock_stress,23,11,25.55078352,0
shock_stress,23,12,22.97480798,0
shock_stress,23,13,15.10570042,0
shock_stress,23,14,8.09074447,0
shock_stress,23,15,3.42925021,1
shock_stress,23,16,0.0,1
shock_stress,23,17,0.0,1
shock_stress,23,18,0.0,1
shock_stress,23,19,0.0,1
shock_stress,23,20,0.0,1
shock_stress,23,21,0.0,1
shock_stress,23,22,0.0,1
shock_stress,23,23,0.0,1
shock_stress,23,24,0.0,1
shock_stress,23,25,0.0,1
shock_stress,23,26,0.0,1
shock_stress,23,27,0.0,1
shock_stress,23,28,0.0,1
shock_stress,23,29,0.0,1
shock_stress,23,30,0.0,1
shock_stress,23,31,0.0,1
shock_stress,23,32,0.0,1
shock_stress,23,33,0.0,1
shock_stress,23,34,0.0,1
shock_stress,23,35,0.0,1
shock_stress,23,36,0.0,1
shock_stress,23,37,0.0,1
shock_stress,23,38,0.0,1
shock_stress,23,39,0.0,1
shock_stress,23,40,0.0,1
shock_stress,23,41,0.0,1
shock_stress,23,42,0.0,1
shock_stress,23,43,0.0,1
shock_stress,23,44,0.0,1
shock_stress,23,45,0.0,1
shock_stress,23,46,0.0,1
shock_stress,23,47,0.0,1
shock_stress,23,48,0.0,1
shock_stress,23,49,0.0,1
shock_stress,23,50,0.0,1
shock_stress,24,0,70.0,0
shock_stress,24,1,67.78,0
shock_stress,24,2,65.71096888,0
shock_stress,24,3,63.7666667,0
shock_stress,24,4,61.9255287,0
shock_stress,24,5,60.16953588,0
shock_stress,24,6,58.48338085,0
shock_stress,24,7,43.98749511,0
shock_stress,24,8,42.42242472,0
shock_stress,24,9,40.81906936,0
shock_stress,24,10,39.16734828,0
shock_stress,24,11,37.45612486,0
shock_stress,24,12,35.67289702,0
shock_stress,24,13,33.80341844,0
shock_stress,24,14,31.83122578,0
shock_stress,24,15,29.73703794,0
shock_stress,24,16,20.95583185,0
shock_stress,24,17,17.93741719,0
shock_stress,24,18,14.5870006,0
shock_stress,24,19,10.82965565,0
shock_stress,24,20,6.56788707,0
shock_stress,24,21,1.67245989,1
shock_stress,24,22,0.0,1
shock_stress,24,23,0.0,1
shock_stress,24,24,0.0,1
shock_stress,24,25,0.0,1
shock_stress,24,26,0.0,1
shock_stress,24,27,0.0,1
shock_stress,24,28,0.0,1
shock_stress,24,29,0.0,1
shock_stress,24,30,0.0,1
shock_stress,24,31,0.0,1
shock_stress,24,32,0.0,1
shock_stress,24,33,0.0,1
shock_stress,24,34,0.0,1
shock_stress,24,35,0.0,1
shock_stress,24,36,0.0,1
shock_stress,24,37,0.0,1
shock_stress,24,38,0.0,1
shock_stress,24,39,0.0,1
shock_stress,24,40,0.0,1
shock_stress,24,41,0.0,1
shock_stress,24,42,0.0,1
shock_stress,24,43,0.0,1
shock_stress,24,44,0.0,1
shock_stress,24,45,0.0,1
shock_stress,24,46,0.0,1
shock_stress,24,47,0.0,1
shock_stress,24,48,0.0,1
shock_stress,24,49,0.0,1
shock_stress,24,50,0.0,1
shock_stress,25,0,70.0,0
shock_stress,25,1,67.78,0
shock_stress,25,2,65.71096888,0
shock_stress,25,3,63.7666667,0
shock_stress,25,4,61.9255287,0
shock_stress,25,5,60.16953588,0
shock_stress,25,6,58.48338085,0
shock_stress,25,7,43.98749511,0
shock_stress,25,8,42.42242472,0
shock_stress,25,9,40.81906936,0
shock_stress,25,10,39.16734828,0
shock_stress,25,11,37.45612486,0
shock_stress,25,12,35.67289702,0
shock_stress,25,13,25.95538109,0
shock_stress,25,14,23.41472243,0
shock_stress,25,15,20.64252386,0
shock_stress,25,16,17.59117333,0
shock_stress,25,17,14.20057565,0
shock_stress,25,18,10.39369784,0
shock_stress,25,19,6.07011133,0
shock_stress,25,20,1.09640812,1
shock_stress,25,21,0.0,1
shock_stress,25,22,0.0,1
shock_stress,25,23,0.0,1
shock_stress,25,24,0.0,1
shock_stress,25,25,0.0,1
shock_stress,25,26,0.0,1
shock_stress,25,27,0.0,1
shock_stress,25,28,0.0,1
shock_stress,25,29,0.0,1
shock_stress,25,30,0.0,1
shock_stress,25,31,0.0,1
shock_stress,25,32,0.0,1
shock_stress,25,33,0.0,1
shock_stress,25,34,0.0,1
shock_stress,25,35,0.0,1
shock_stress,25,36,0.0,1
shock_stress,25,37,0.0,1
shock_stress,25,38,0.0,1
shock_stress,25,39,0.0,1
shock_stress,25,40,0.0,1
shock_stress,25,41,0.0,1
shock_stress,25,42,0.0,1
shock_stress,25,43,0.0,1
shock_stress,25,44,0.0,1
shock_stress,25,45,0.0,1
shock_stress,25,46,0.0,1
shock_stress,25,47,0.0,1
shock_stress,25,48,0.0,1
shock_stress,25,49,0.0,1
shock_stress,25,50,0.0,1
shock_stress,26,0,70.0,0
shock_stress,26,1,67.78,0
shock_stress,26,2,65.71096888,0
shock_stress,26,3,63.7666667,0
shock_stress,26,4,61.9255287,0
shock_stress,26,5,46.54591956,0
shock_stress,26,6,45.02444435,0
shock_stress,26,7,43.47988328,0
shock_stress,26,8,32.3377875,0
shock_stress,26,9,30.27627075,0
shock_stress,26,10,28.07602485,0
shock_stress,26,11,25.71083562,0
shock_stress,26,12,23.14890131,0
shock_stress,26,13,20.35113461,0
shock_stress,26,14,17.26883521,0
shock_stress,26,15,13.84044274,0
shock_stress,26,16,9.9869183,0
shock_stress,26,17,5.60503422,0
shock_stress,26,18,0.0,1
shock_stress,26,19,0.0,1
shock_stress,26,20,0.0,1
shock_stress,26,21,0.0,1
shock_stress,26,22,0.0,1
shock_stress,26,23,0.0,1
shock_stress,26,24,0.0,1
shock_stress,26,25,0.0,1
shock_stress,26,26,0.0,1
shock_stress,26,27,0.0,1
shock_stress,26,28,0.0,1
shock_stress,26,29,0.0,1
shock_stress,26,30,0.0,1
shock_stress,26,31,0.0,1
shock_stress,26,32,0.0,1
shock_stress,26,33,0.0,1
shock_stress,26,34,0.0,1
shock_stress,26,35,0.0,1
shock_stress,26,36,0.0,1
shock_stress,26,37,0.0,1
shock_stress,26,38,0.0,1
shock_stress,26,39,0.0,1
shock_stress,26,40,0.0,1
shock_stress,26,41,0.0,1
shock_stress,26,42,0.0,1
shock_stress,26,43,0.0,1
shock_stress,26,44,0.0,1
shock_stress,26,45,0.0,1
shock_stress,26,46,0.0,1
shock_stress,26,47,0.0,1
shock_stress,26,48,0.0,1
shock_stress,26,49,0.0,1
shock_stress,26,50,0.0,1
shock_stress,27,0,70.0,0
shock_stress,27,1,67.78,0
shock_stress,27,2,65.71096888,0
shock_stress,27,3,63.7666667,0
shock_stress,27,4,61.9255287,0
shock_stress,27,5,46.54591956,0
shock_stress,27,6,45.02444435,0
shock_stress,27,7,43.47988328,0
shock_stress,27,8,41.90336182,0
shock_stress,27,9,40.28536183,0
shock_stress,27,10,38.61548828,0
shock_stress,27,11,36.88219548,0
shock_stress,27,12,35.07245725,0
shock_stress,27,13,25.4554199,0
shock_stress,27,14,22.87103436,0
shock_stress,27,15,20.04626896,0
shock_stress,27,16,12.52108298,0
shock_stress,27,17,8.49267838,0
shock_stress,27,18,3.89153444,1
shock_stress,27,19,0.0,1
shock_stress,27,20,0.0,1
shock_stress,27,21,0.0,1
shock_stress,27,22,0.0,1
shock_stress,27,23,0.0,1
shock_stress,27,24,0.0,1
shock_stress,27,25,0.0,1
shock_stress,27,26,0.0,1
shock_stress,27,27,0.0,1
shock_stress,27,28,0.0,1
shock_stress,27,29,0.0,1
shock_stress,27,30,0.0,1
shock_stress,27,31,0.0,1
shock_stress,27,32,0.0,1
shock_stress,27,33,0.0,1
shock_stress,27,34,0.0,1
shock_stress,27,35,0.0,1
shock_stress,27,36,0.0,1
shock_stress,27,37,0.0,1
shock_stress,27,38,0.0,1
shock_stress,27,39,0.0,1
shock_stress,27,40,0.0,1
shock_stress,27,41,0.0,1
shock_stress,27,42,0.0,1
shock_stress,27,43,0.0,1
shock_stress,27,44,0.0,1
shock_stress,27,45,0.0,1
shock_stress,27,46,0.0,1
shock_stress,27,47,0.0,1
shock_stress,27,48,0.0,1
shock_stress,27,49,0.0,1
shock_stress,27,50,0.0,1
shock_stress,28,0,70.0,0
shock_stress,28,1,52.38,0
shock_stress,28,2,39.34620408,0
shock_stress,28,3,37.64189802,0
shock_stress,28,4,35.86699719,0
shock_stress,28,5,26.11672262,0
shock_stress,28,6,23.58998293,0
shock_stress,28,7,20.83450273,0
shock_stress,28,8,17.80337551,0
shock_stress,28,9,14.43745478,0
shock_stress,28,10,10.66100446,0
shock_stress,28,11,4.02998166,1
shock_stress,28,12,0.0,1
shock_stress,28,13,0.0,1
shock_stress,28,14,0.0,1
shock_stress,28,15,0.0,1
shock_stress,28,16,0.0,1
shock_stress,28,17,0.0,1
shock_stress,28,18,0.0,1
shock_stress,28,19,0.0,1
shock_stress,28,20,0.0,1
shock_stress,28,21,0.0,1
shock_stress,28,22,0.0,1
shock_stress,28,23,0.0,1
shock_stress,28,24,0.0,1
shock_stress,28,25,0.0,1
shock_stress,28,26,0.0,1
shock_stress,28,27,0.0,1
shock_stress,28,28,0.0,1
shock_stress,28,29,0.0,1
shock_stress,28,30,0.0,1
shock_stress,28,31,0.0,1
shock_stress,28,32,0.0,1
shock_stress,28,33,0.0,1
shock_stress,28,34,0.0,1
shock_stress,28,35,0.0,1
shock_stress,28,36,0.0,1
shock_stress,28,37,0.0,1
shock_stress,28,38,0.0,1
shock_stress,28,39,0.0,1
shock_stress,28,40,0.0,1
shock_stress,28,41,0.0,1
shock_stress,28,42,0.0,1
shock_stress,28,43,0.0,1
shock_stress,28,44,0.0,1
shock_stress,28,45,0.0,1
shock_stress,28,46,0.0,1
shock_stress,28,47,0.0,1
shock_stress,28,48,0.0,1
shock_stress,28,49,0.0,1
shock_stress,28,50,0.0,1
shock_stress,29,0,70.0,0
shock_stress,29,1,67.78,0
shock_stress,29,2,65.71096888,0
shock_stress,29,3,63.7666667,0
shock_stress,29,4,61.9255287,0
shock_stress,29,5,60.16953588,0
shock_stress,29,6,58.48338085,0
shock_stress,29,7,56.8538389,0
shock_stress,29,8,55.26928371,0
shock_stress,29,9,41.56006366,0
shock_stress,29,10,39.93184511,0
shock_stress,29,11,38.24938318,0
shock_stress,29,12,36.50084458,0
shock_stress,29,13,34.67283563,0
shock_stress,29,14,32.74997609,0
shock_stress,29,15,30.7143621,0
shock_stress,29,16,28.54487761,0
shock_stress,29,17,26.21629751,0
shock_stress,29,18,23.6981014,0
shock_stress,29,19,20.95287964,0
shock_stress,29,20,17.93415628,0
shock_stress,29,21,14.58336328,0
shock_stress,29,22,10.82555459,0
shock_stress,29,23,6.56320768,0
shock_stress,29,24,1.66704881,1
shock_stress,29,25,0.0,1
shock_stress,29,26,0.0,1
shock_stress,29,27,0.0,1
shock_stress,29,28,0.0,1
shock_stress,29,29,0.0,1
shock_stress,29,30,0.0,1
shock_stress,29,31,0.0,1
shock_stress,29,32,0.0,1
shock_stress,29,33,0.0,1
shock_stress,29,34,0.0,1
shock_stress,29,35,0.0,1
shock_stress,29,36,0.0,1
shock_stress,29,37,0.0,1
shock_stress,29,38,0.0,1
shock_stress,29,39,0.0,1
shock_stress,29,40,0.0,1
shock_stress,29,41,0.0,1
shock_stress,29,42,0.0,1
shock_stress,29,43,0.0,1
shock_stress,29,44,0.0,1
shock_stress,29,45,0.0,1
shock_stress,29,46,0.0,1
shock_stress,29,47,0.0,1
shock_stress,29,48,0.0,1
shock_stress,29,49,0.0,1
shock_stress,29,50,0.0,1
shock_stress,30,0,70.0,0
shock_stress,30,1,67.78,0
shock_stress,30,2,65.71096888,0
shock_stress,30,3,49.31025355,0
shock_stress,30,4,47.8093972,0
shock_stress,30,5,46.30075947,0
shock_stress,30,6,44.77612758,0
shock_stress,30,7,43.22700766,0
shock_stress,30,8,41.6444355,0
shock_stress,30,9,40.01876767,0
shock_stress,30,10,38.33944268,0
shock_stress,30,11,36.5946992,0
shock_stress,30,12,34.77123544,0
shock_stress,30,13,32.85378795,0
shock_stress,30,14,23.59676795,0
shock_stress,30,15,20.84193275,0
shock_stress,30,16,17.81158556,0
shock_stress,30,17,14.44661631,0
shock_stress,30,18,10.67133875,0
shock_stress,30,19,6.38720028,0
shock_stress,30,20,1.46346294,1
shock_stress,30,21,0.0,1
shock_stress,30,22,0.0,1
shock_stress,30,23,0.0,1
shock_stress,30,24,0.0,1
shock_stress,30,25,0.0,1
shock_stress,30,26,0.0,1
shock_stress,30,27,0.0,1
shock_stress,30,28,0.0,1
shock_stress,30,29,0.0,1
shock_stress,30,30,0.0,1
shock_stress,30,31,0.0,1
shock_stress,30,32,0.0,1
shock_stress,30,33,0.0,1
shock_stress,30,34,0.0,1
shock_stress,30,35,0.0,1
shock_stress,30,36,0.0,1
shock_stress,30,37,0.0,1
shock_stress,30,38,0.0,1
shock_stress,30,39,0.0,1
shock_stress,30,40,0.0,1
shock_stress,30,41,0.0,1
shock_stress,30,42,0.0,1
shock_stress,30,43,0.0,1
shock_stress,30,44,0.0,1
shock_stress,30,45,0.0,1
shock_stress,30,46,0.0,1
shock_stress,30,47,0.0,1
shock_stress,30,48,0.0,1
shock_stress,30,49,0.0,1
shock_stress,30,50,0.0,1
shock_stress,31,0,70.0,0
shock_stress,31,1,52.38,0
shock_stress,31,2,39.34620408,0
shock_stress,31,3,37.64189802,0
shock_stress,31,4,35.86699719,0
shock_stress,31,5,26.11672262,0
shock_stress,31,6,17.84430396,0
shock_stress,31,7,14.48312414,0
shock_stress,31,8,10.71251689,0
shock_stress,31,9,4.07745178,1
shock_stress,31,10,0.0,1
shock_stress,31,11,0.0,1
shock_stress,31,12,0.0,1
shock_stress,31,13,0.0,1
shock_stress,31,14,0.0,1
shock_stress,31,15,0.0,1
shock_stress,31,16,0.0,1
shock_stress,31,17,0.0,1
shock_stress,31,18,0.0,1
shock_stress,31,19,0.0,1
shock_stress,31,20,0.0,1
shock_stress,31,21,0.0,1
shock_stress,31,22,0.0,1
shock_stress,31,23,0.0,1
shock_stress,31,24,0.0,1
shock_stress,31,25,0.0,1
shock_stress,31,26,0.0,1
shock_stress,31,27,0.0,1
shock_stress,31,28,0.0,1
shock_stress,31,29,0.0,1
shock_stress,31,30,0.0,1
shock_stress,31,31,0.0,1
shock_stress,31,32,0.0,1
shock_stress,31,33,0.0,1
shock_stress,31,34,0.0,1
shock_stress,31,35,0.0,1
shock_stress,31,36,0.0,1
shock_stress,31,37,0.0,1
shock_stress,31,38,0.0,1
shock_stress,31,39,0.0,1
shock_stress,31,40,0.0,1
shock_stress,31,41,0.0,1
shock_stress,31,42,0.0,1
shock_stress,31,43,0.0,1
shock_stress,31,44,0.0,1
shock_stress,31,45,0.0,1
shock_stress,31,46,0.0,1
shock_stress,31,47,0.0,1
shock_stress,31,48,0.0,1
shock_stress,31,49,0.0,1
shock_stress,31,50,0.0,1
shock_stress,32,0,70.0,0
shock_stress,32,1,52.38,0
shock_stress,32,2,50.86980408,0
shock_stress,32,3,49.36844227,0
shock_stress,32,4,47.86772432,0
shock_stress,32,5,46.35954044,0
shock_stress,32,6,44.83568513,0
shock_stress,32,7,33.42382814,0
shock_stress,32,8,31.42924309,0
shock_stress,32,9,29.30847166,0
shock_stress,32,10,27.03782084,0
shock_stress,32,11,24.58874983,0
shock_stress,32,12,21.92643289,0
shock_stress,32,13,19.00780758,0
shock_stress,32,14,11.59716113,0
shock_stress,32,15,7.44256067,0
shock_stress,32,16,1.04515317,1
shock_stress,32,17,0.0,1
shock_stress,32,18,0.0,1
shock_stress,32,19,0.0,1
shock_stress,32,20,0.0,1
shock_stress,32,21,0.0,1
shock_stress,32,22,0.0,1
shock_stress,32,23,0.0,1
shock_stress,32,24,0.0,1
shock_stress,32,25,0.0,1
shock_stress,32,26,0.0,1
shock_stress,32,27,0.0,1
shock_stress,32,28,0.0,1
shock_stress,32,29,0.0,1
shock_stress,32,30,0.0,1
shock_stress,32,31,0.0,1
shock_stress,32,32,0.0,1
shock_stress,32,33,0.0,1
shock_stress,32,34,0.0,1
shock_stress,32,35,0.0,1
shock_stress,32,36,0.0,1
shock_stress,32,37,0.0,1
shock_stress,32,38,0.0,1
shock_stress,32,39,0.0,1
shock_stress,32,40,0.0,1
shock_stress,32,41,0.0,1
shock_stress,32,42,0.0,1
shock_stress,32,43,0.0,1
shock_stress,32,44,0.0,1
shock_stress,32,45,0.0,1
shock_stress,32,46,0.0,1
shock_stress,32,47,0.0,1
shock_stress,32,48,0.0,1
shock_stress,32,49,0.0,1
shock_stress,32,50,0.0,1
shock_stress,33,0,70.0,0
shock_stress,33,1,67.78,0
shock_stress,33,2,65.71096888,0
shock_stress,33,3,63.7666667,0
shock_stress,33,4,61.9255287,0
shock_stress,33,5,60.16953588,0
shock_stress,33,6,58.48338085,0
shock_stress,33,7,56.8538389,0
shock_stress,33,8,55.26928371,0
shock_stress,33,9,53.71930607,0
shock_stress,33,10,52.19440625,0
shock_stress,33,11,50.68573849,0
shock_stress,33,12,49.18489206,0
shock_stress,33,13,47.68369614,0
shock_stress,33,14,46.17403867,0
shock_stress,33,15,44.6476903,0
shock_stress,33,16,43.09612531,0
shock_stress,33,17,41.51033104,0
shock_stress,33,18,39.88059697,0
shock_stress,33,19,38.1962728,0
shock_stress,33,20,28.04230243,0
shock_stress,33,21,25.67444956,0
shock_stress,33,22,23.10933123,0
shock_stress,33,23,20.30773671,0
shock_stress,33,24,17.22080181,0
shock_stress,33,25,13.78674531,0
shock_stress,33,26,9.92622565,0
shock_stress,33,27,5.53559234,0
shock_stress,33,28,0.0,1
shock_stress,33,29,0.0,1
shock_stress,33,30,0.0,1
shock_stress,33,31,0.0,1
shock_stress,33,32,0.0,1
shock_stress,33,33,0.0,1
shock_stress,33,34,0.0,1
shock_stress,33,35,0.0,1
shock_stress,33,36,0.0,1
shock_stress,33,37,0.0,1
shock_stress,33,38,0.0,1
shock_stress,33,39,0.0,1
shock_stress,33,40,0.0,1
shock_stress,33,41,0.0,1
shock_stress,33,42,0.0,1
shock_stress,33,43,0.0,1
shock_stress,33,44,0.0,1
shock_stress,33,45,0.0,1
shock_stress,33,46,0.0,1
shock_stress,33,47,0.0,1
shock_stress,33,48,0.0,1
shock_stress,33,49,0.0,1
shock_stress,33,50,0.0,1
shock_stress,34,0,70.0,0
shock_stress,34,1,67.78,0
shock_stress,34,2,65.71096888,0
shock_stress,34,3,63.7666667,0
shock_stress,34,4,61.9255287,0
shock_stress,34,5,60.16953588,0
shock_stress,34,6,58.48338085,0
shock_stress,34,7,56.8538389,0
shock_stress,34,8,55.26928371,0
shock_stress,34,9,53.71930607,0
shock_stress,34,10,40.37615891,0
shock_stress,34,11,38.70944594,0
shock_stress,34,12,36.97998804,0
shock_stress,34,13,35.17485076,0
shock_stress,34,14,33.27923767,0
shock_stress,34,15,31.27598666,0
shock_stress,34,16,29.14492704,0
shock_stress,34,17,20.45016177,0
shock_stress,34,18,12.87937889,0
shock_stress,34,19,8.89908597,0
shock_stress,34,20,4.35837273,1
shock_stress,34,21,0.0,1
shock_stress,34,22,0.0,1
shock_stress,34,23,0.0,1
shock_stress,34,24,0.0,1
shock_stress,34,25,0.0,1
shock_stress,34,26,0.0,1
shock_stress,34,27,0.0,1
shock_stress,34,28,0.0,1
shock_stress,34,29,0.0,1
shock_stress,34,30,0.0,1
shock_stress,34,31,0.0,1
shock_stress,34,32,0.0,1
shock_stress,34,33,0.0,1
shock_stress,34,34,0.0,1
shock_stress,34,35,0.0,1
shock_stress,34,36,0.0,1
shock_stress,34,37,0.0,1
shock_stress,34,38,0.0,1
shock_stress,34,39,0.0,1
shock_stress,34,40,0.0,1
shock_stress,34,41,0.0,1
shock_stress,34,42,0.0,1
shock_stress,34,43,0.0,1
shock_stress,34,44,0.0,1
shock_stress,34,45,0.0,1
shock_stress,34,46,0.0,1
shock_stress,34,47,0.0,1
shock_stress,34,48,0.0,1
shock_stress,34,49,0.0,1
shock_stress,34,50,0.0,1
shock_stress,35,0,70.0,0
shock_stress,35,1,67.78,0
shock_stress,35,2,65.71096888,0
shock_stress,35,3,63.7666667,0
shock_stress,35,4,61.9255287,0
shock_stress,35,5,60.16953588,0
shock_stress,35,6,58.48338085,0
shock_stress,35,7,56.8538389,0
shock_stress,35,8,55.26928371,0
shock_stress,35,9,53.71930607,0
shock_stress,35,10,52.19440625,0
shock_stress,35,11,50.68573849,0
shock_stress,35,12,49.18489206,0
shock_stress,35,13,47.68369614,0
shock_stress,35,14,46.17403867,0
shock_stress,35,15,44.6476903,0
shock_stress,35,16,43.09612531,0
shock_stress,35,17,41.51033104,0
shock_stress,35,18,30.74832415,0
shock_stress,35,19,28.5811955,0
shock_stress,35,20,26.25541817,0
shock_stress,35,21,17.96437687,0
shock_stress,35,22,14.6170708,0
shock_stress,35,23,7.64780221,0
shock_stress,35,24,2.91912662,1
shock_stress,35,25,0.0,1
shock_stress,35,26,0.0,1
shock_stress,35,27,0.0,1
shock_stress,35,28,0.0,1
shock_stress,35,29,0.0,1
shock_stress,35,30,0.0,1
shock_stress,35,31,0.0,1
shock_stress,35,32,0.0,1
shock_stress,35,33,0.0,1
shock_stress,35,34,0.0,1
shock_stress,35,35,0.0,1
shock_stress,35,36,0.0,1
shock_stress,35,37,0.0,1
shock_stress,35,38,0.0,1
shock_stress,35,39,0.0,1
shock_stress,35,40,0.0,1
shock_stress,35,41,0.0,1
shock_stress,35,42,0.0,1
shock_stress,35,43,0.0,1
shock_stress,35,44,0.0,1
shock_stress,35,45,0.0,1
shock_stress,35,46,0.0,1
shock_stress,35,47,0.0,1
shock_stress,35,48,0.0,1
shock_stress,35,49,0.0,1
shock_stress,35,50,0.0,1
shock_stress,36,0,70.0,0
shock_stress,36,1,67.78,0
shock_stress,36,2,65.71096888,0
shock_stress,36,3,63.7666667,0
shock_stress,36,4,61.9255287,0
shock_stress,36,5,60.16953588,0
shock_stress,36,6,58.48338085,0
shock_stress,36,7,43.98749511,0
shock_stress,36,8,42.42242472,0
shock_stress,36,9,40.81906936,0
shock_stress,36,10,39.16734828,0
shock_stress,36,11,37.45612486,0
shock_stress,36,12,35.67289702,0
shock_stress,36,13,33.80341844,0
shock_stress,36,14,31.83122578,0
shock_stress,36,15,29.73703794,0
shock_stress,36,16,27.4979802,0
shock_stress,36,17,25.08656659,0
shock_stress,36,18,22.46934409,0
shock_stress,36,19,19.60505746,0
shock_stress,36,20,16.44212291,0
shock_stress,36,21,9.29781986,0
shock_stress,36,22,4.81581842,1
shock_stress,36,23,0.0,1
shock_stress,36,24,0.0,1
shock_stress,36,25,0.0,1
shock_stress,36,26,0.0,1
shock_stress,36,27,0.0,1
shock_stress,36,28,0.0,1
shock_stress,36,29,0.0,1
shock_stress,36,30,0.0,1
shock_stress,36,31,0.0,1
shock_stress,36,32,0.0,1
shock_stress,36,33,0.0,1
shock_stress,36,34,0.0,1
shock_stress,36,35,0.0,1
shock_stress,36,36,0.0,1
shock_stress,36,37,0.0,1
shock_stress,36,38,0.0,1
shock_stress,36,39,0.0,1
shock_stress,36,40,0.0,1
shock_stress,36,41,0.0,1
shock_stress,36,42,0.0,1
shock_stress,36,43,0.0,1
shock_stress,36,44,0.0,1
shock_stress,36,45,0.0,1
shock_stress,36,46,0.0,1
shock_stress,36,47,0.0,1
shock_stress,36,48,0.0,1
shock_stress,36,49,0.0,1
shock_stress,36,50,0.0,1
shock_stress,37,0,70.0,0
shock_stress,37,1,67.78,0
shock_stress,37,2,50.79936888,0
shock_stress,37,3,49.2982187,0
shock_stress,37,4,47.7973322,0
shock_stress,37,5,46.28859906,0
shock_stress,37,6,44.76380497,0
shock_stress,37,7,43.21445304,0
shock_stress,37,8,41.63157447,0
shock_stress,37,9,40.00551949,0
shock_stress,37,10,29.52450385,0
shock_stress,37,11,27.26986115,0
shock_stress,37,12,24.83987457,0
shock_stress,37,13,22.20041713,0
shock_stress,37,14,19.30934687,0
shock_stress,37,15,16.11389773,0
shock_stress,37,16,12.54701547,0
shock_stress,37,17,8.52210857,0
shock_stress,37,18,3.92536072,1
shock_stress,37,19,0.0,1
shock_stress,37,20,0.0,1
shock_stress,37,21,0.0,1
shock_stress,37,22,0.0,1
shock_stress,37,23,0.0,1
shock_stress,37,24,0.0,1
shock_stress,37,25,0.0,1
shock_stress,37,26,0.0,1
shock_stress,37,27,0.0,1
shock_stress,37,28,0.0,1
shock_stress,37,29,0.0,1
shock_stress,37,30,0.0,1
shock_stress,37,31,0.0,1
shock_stress,37,32,0.0,1
shock_stress,37,33,0.0,1
shock_stress,37,34,0.0,1
shock_stress,37,35,0.0,1
shock_stress,37,36,0.0,1
shock_stress,37,37,0.0,1
shock_stress,37,38,0.0,1
shock_stress,37,39,0.0,1
shock_stress,37,40,0.0,1
shock_stress,37,41,0.0,1
shock_stress,37,42,0.0,1
shock_stress,37,43,0.0,1
shock_stress,37,44,0.0,1
shock_stress,37,45,0.0,1
shock_stress,37,46,0.0,1
shock_stress,37,47,0.0,1
shock_stress,37,48,0.0,1
shock_stress,37,49,0.0,1
shock_stress,37,50,0.0,1
shock_stress,38,0,70.0,0
shock_stress,38,1,67.78,0
shock_stress,38,2,65.71096888,0
shock_stress,38,3,63.7666667,0
shock_stress,38,4,47.89686203,0
shock_stress,38,5,46.38890029,0
shock_stress,38,6,44.86542821,0
shock_stress,38,7,43.31797332,0
shock_stress,38,8,41.73760426,0
shock_stress,38,9,40.11472333,0
shock_stress,38,10,38.43882968,0
shock_stress,38,11,36.69824049,0
shock_stress,38,12,34.87975424,0
shock_stress,38,13,32.96823494,0
shock_stress,38,14,30.9460891,0
shock_stress,38,15,28.79259637,0
shock_stress,38,16,26.48303922,0
shock_stress,38,17,23.98755382,0
shock_stress,38,18,21.26958858,0
shock_stress,38,19,13.60449332,0
shock_stress,38,20,9.72015409,0
shock_stress,38,21,3.16128141,1
shock_stress,38,22,0.0,1
shock_stress,38,23,0.0,1
shock_stress,38,24,0.0,1
shock_stress,38,25,0.0,1
shock_stress,38,26,0.0,1
shock_stress,38,27,0.0,1
shock_stress,38,28,0.0,1
shock_stress,38,29,0.0,1
shock_stress,38,30,0.0,1
shock_stress,38,31,0.0,1
shock_stress,38,32,0.0,1
shock_stress,38,33,0.0,1
shock_stress,38,34,0.0,1
shock_stress,38,35,0.0,1
shock_stress,38,36,0.0,1
shock_stress,38,37,0.0,1
shock_stress,38,38,0.0,1
shock_stress,38,39,0.0,1
shock_stress,38,40,0.0,1
shock_stress,38,41,0.0,1
shock_stress,38,42,0.0,1
shock_stress,38,43,0.0,1
shock_stress,38,44,0.0,1
shock_stress,38,45,0.0,1
shock_stress,38,46,0.0,1
shock_stress,38,47,0.0,1
shock_stress,38,48,0.0,1
shock_stress,38,49,0.0,1
shock_stress,38,50,0.0,1
shock_stress,39,0,70.0,0
shock_stress,39,1,67.78,0
shock_stress,39,2,65.71096888,0
shock_stress,39,3,63.7666667,0
shock_stress,39,4,61.9255287,0
shock_stress,39,5,60.16953588,0
shock_stress,39,6,58.48338085,0
shock_stress,39,7,56.8538389,0
shock_stress,39,8,55.26928371,0
shock_stress,39,9,53.71930607,0
shock_stress,39,10,52.19440625,0
shock_stress,39,11,50.68573849,0
shock_stress,39,12,49.18489206,0
shock_stress,39,13,36.86301989,0
shock_stress,39,14,26.94251107,0
shock_stress,39,15,24.48554504,0
shock_stress,39,16,21.8137677,0
shock_stress,39,17,18.88373305,0
shock_stress,39,18,15.64093333,0
shock_stress,39,19,12.01595149,0
shock_stress,39,20,7.9189332,0
shock_stress,39,21,3.23146407,1
shock_stress,39,22,0.0,1
shock_stress,39,23,0.0,1
shock_stress,39,24,0.0,1
shock_stress,39,25,0.0,1
shock_stress,39,26,0.0,1
shock_stress,39,27,0.0,1
shock_stress,39,28,0.0,1
shock_stress,39,29,0.0,1
shock_stress,39,30,0.0,1
shock_stress,39,31,0.0,1
shock_stress,39,32,0.0,1
shock_stress,39,33,0.0,1
shock_stress,39,34,0.0,1
shock_stress,39,35,0.0,1
shock_stress,39,36,0.0,1
shock_stress,39,37,0.0,1
shock_stress,39,38,0.0,1
shock_stress,39,39,0.0,1
shock_stress,39,40,0.0,1
shock_stress,39,41,0.0,1
shock_stress,39,42,0.0,1
shock_stress,39,43,0.0,1
shock_stress,39,44,0.0,1
shock_stress,39,45,0.0,1
shock_stress,39,46,0.0,1
shock_stress,39,47,0.0,1
shock_stress,39,48,0.0,1
shock_stress,39,49,0.0,1
shock_stress,39,50,0.0,1
shock_stress,40,0,70.0,0
shock_stress,40,1,67.78,0
shock_stress,40,2,65.71096888,0
shock_stress,40,3,49.31025355,0
shock_stress,40,4,47.8093972,0
shock_stress,40,5,46.30075947,0
shock_stress,40,6,44.77612758,0
shock_stress,40,7,33.3762596,0
shock_stress,40,8,31.37883185,0
shock_stress,40,9,29.25468563,0
shock_stress,40,10,26.98002311,0
shock_stress,40,11,18.59056322,0
shock_stress,40,12,15.31476832,0
shock_stress,40,13,8.28000176,0
shock_stress,40,14,3.6469969,1
shock_stress,40,15,0.0,1
shock_stress,40,16,0.0,1
shock_stress,40,17,0.0,1
shock_stress,40,18,0.0,1
shock_stress,40,19,0.0,1
shock_stress,40,20,0.0,1
shock_stress,40,21,0.0,1
shock_stress,40,22,0.0,1
shock_stress,40,23,0.0,1
shock_stress,40,24,0.0,1
shock_stress,40,25,0.0,1
shock_stress,40,26,0.0,1
shock_stress,40,27,0.0,1
shock_stress,40,28,0.0,1
shock_stress,40,29,0.0,1
shock_stress,40,30,0.0,1
shock_stress,40,31,0.0,1
shock_stress,40,32,0.0,1
shock_stress,40,33,0.0,1
shock_stress,40,34,0.0,1
shock_stress,40,35,0.0,1
shock_stress,40,36,0.0,1
shock_stress,40,37,0.0,1
shock_stress,40,38,0.0,1
shock_stress,40,39,0.0,1
shock_stress,40,40,0.0,1
shock_stress,40,41,0.0,1
shock_stress,40,42,0.0,1
shock_stress,40,43,0.0,1
shock_stress,40,44,0.0,1
shock_stress,40,45,0.0,1
shock_stress,40,46,0.0,1
shock_stress,40,47,0.0,1
shock_stress,40,48,0.0,1
shock_stress,40,49,0.0,1
shock_stress,40,50,0.0,1
shock_stress,41,0,70.0,0
shock_stress,41,1,67.78,0
shock_stress,41,2,65.71096888,0
shock_stress,41,3,63.7666667,0
shock_stress,41,4,61.9255287,0
shock_stress,41,5,60.16953588,0
shock_stress,41,6,58.48338085,0
shock_stress,41,7,56.8538389,0
shock_stress,41,8,55.26928371,0
shock_stress,41,9,53.71930607,0
shock_stress,41,10,52.19440625,0
shock_stress,41,11,50.68573849,0
shock_stress,41,12,49.18489206,0
shock_stress,41,13,47.68369614,0
shock_stress,41,14,46.17403867,0
shock_stress,41,15,44.6476903,0
shock_stress,41,16,33.27363344,0
shock_stress,41,17,31.27004503,0
shock_stress,41,18,29.13858485,0
shock_stress,41,19,26.8552273,0
shock_stress,41,20,24.39100239,0
shock_stress,41,21,16.3445045,0
shock_stress,41,22,12.80565822,0
shock_stress,41,23,5.9982591,0
shock_stress,41,24,1.01318334,1
shock_stress,41,25,0.0,1
shock_stress,41,26,0.0,1
shock_stress,41,27,0.0,1
shock_stress,41,28,0.0,1
shock_stress,41,29,0.0,1
shock_stress,41,30,0.0,1
shock_stress,41,31,0.0,1
shock_stress,41,32,0.0,1
shock_stress,41,33,0.0,1
shock_stress,41,34,0.0,1
shock_stress,41,35,0.0,1
shock_stress,41,36,0.0,1
shock_stress,41,37,0.0,1
shock_stress,41,38,0.0,1
shock_stress,41,39,0.0,1
shock_stress,41,40,0.0,1
shock_stress,41,41,0.0,1
shock_stress,41,42,0.0,1
shock_stress,41,43,0.0,1
shock_stress,41,44,0.0,1
shock_stress,41,45,0.0,1
shock_stress,41,46,0.0,1
shock_stress,41,47,0.0,1
shock_stress,41,48,0.0,1
shock_stress,41,49,0.0,1
shock_stress,41,50,0.0,1
shock_stress,42,0,70.0,0
shock_stress,42,1,67.78,0
shock_stress,42,2,50.79936888,0
shock_stress,42,3,49.2982187,0
shock_stress,42,4,47.7973322,0
shock_stress,42,5,46.28859906,0
shock_stress,42,6,44.76380497,0
shock_stress,42,7,43.21445304,0
shock_stress,42,8,32.1243948,0
shock_stress,42,9,30.04922773,0
shock_stress,42,10,21.22193767,0
shock_stress,42,11,18.2312193,0
shock_stress,42,12,14.91455953,0
shock_stress,42,13,7.91757779,0
shock_stress,42,14,3.22990333,1
shock_stress,42,15,0.0,1
shock_stress,42,16,0.0,1
shock_stress,42,17,0.0,1
shock_stress,42,18,0.0,1
shock_stress,42,19,0.0,1
shock_stress,42,20,0.0,1
shock_stress,42,21,0.0,1
shock_stress,42,22,0.0,1
shock_stress,42,23,0.0,1
shock_stress,42,24,0.0,1
shock_stress,42,25,0.0,1
shock_stress,42,26,0.0,1
shock_stress,42,27,0.0,1
shock_stress,42,28,0.0,1
shock_stress,42,29,0.0,1
shock_stress,42,30,0.0,1
shock_stress,42,31,0.0,1
shock_stress,42,32,0.0,1
shock_stress,42,33,0.0,1
shock_stress,42,34,0.0,1
shock_stress,42,35,0.0,1
shock_stress,42,36,0.0,1
shock_stress,42,37,0.0,1
shock_stress,42,38,0.0,1
shock_stress,42,39,0.0,1
shock_stress,42,40,0.0,1
shock_stress,42,41,0.0,1
shock_stress,42,42,0.0,1
shock_stress,42,43,0.0,1
shock_stress,42,44,0.0,1
shock_stress,42,45,0.0,1
shock_stress,42,46,0.0,1
shock_stress,42,47,0.0,1
shock_stress,42,48,0.0,1
shock_stress,42,49,0.0,1
shock_stress,42,50,0.0,1
shock_stress,43,0,70.0,0
shock_stress,43,1,52.38,0
shock_stress,43,2,50.86980408,0
shock_stress,43,3,38.17708538,0
shock_stress,43,4,36.42547902,0
shock_stress,43,5,34.5937973,0
shock_stress,43,6,32.66656535,0
shock_stress,43,7,30.62575903,0
shock_stress,43,8,28.45010885,0
shock_stress,43,9,19.85516885,0
shock_stress,43,10,16.71948933,0
shock_stress,43,11,13.22582302,0
shock_stress,43,12,9.29161086,0
shock_stress,43,13,4.80869955,1
shock_stress,43,14,0.0,1
shock_stress,43,15,0.0,1
shock_stress,43,16,0.0,1
shock_stress,43,17,0.0,1
shock_stress,43,18,0.0,1
shock_stress,43,19,0.0,1
shock_stress,43,20,0.0,1
shock_stress,43,21,0.0,1
shock_stress,43,22,0.0,1
shock_stress,43,23,0.0,1
shock_stress,43,24,0.0,1
shock_stress,43,25,0.0,1
shock_stress,43,26,0.0,1
shock_stress,43,27,0.0,1
shock_stress,43,28,0.0,1
shock_stress,43,29,0.0,1
shock_stress,43,30,0.0,1
shock_stress,43,31,0.0,1
shock_stress,43,32,0.0,1
shock_stress,43,33,0.0,1
shock_stress,43,34,0.0,1
shock_stress,43,35,0.0,1
shock_stress,43,36,0.0,1
shock_stress,43,37,0.0,1
shock_stress,43,38,0.0,1
shock_stress,43,39,0.0,1
shock_stress,43,40,0.0,1
shock_stress,43,41,0.0,1
shock_stress,43,42,0.0,1
shock_stress,43,43,0.0,1
shock_stress,43,44,0.0,1
shock_stress,43,45,0.0,1
shock_stress,43,46,0.0,1
shock_stress,43,47,0.0,1
shock_stress,43,48,0.0,1
shock_stress,43,49,0.0,1
shock_stress,43,50,0.0,1
shock_stress,44,0,70.0,0
shock_stress,44,1,67.78,0
shock_stress,44,2,65.71096888,0
shock_stress,44,3,63.7666667,0
shock_stress,44,4,61.9255287,0
shock_stress,44,5,60.16953588,0
shock_stress,44,6,45.24608296,0
shock_stress,44,7,33.7512652,0
shock_stress,44,8,24.35074837,0
shock_stress,44,9,21.66655697,0
shock_stress,44,10,18.72154578,0
shock_stress,44,11,15.46053072,0
shock_stress,44,12,11.81317583,0
shock_stress,44,13,7.68835546,0
shock_stress,44,14,2.96585999,1
shock_stress,44,15,0.0,1
shock_stress,44,16,0.0,1
shock_stress,44,17,0.0,1
shock_stress,44,18,0.0,1
shock_stress,44,19,0.0,1
shock_stress,44,20,0.0,1
shock_stress,44,21,0.0,1
shock_stress,44,22,0.0,1
shock_stress,44,23,0.0,1
shock_stress,44,24,0.0,1
shock_stress,44,25,0.0,1
shock_stress,44,26,0.0,1
shock_stress,44,27,0.0,1
shock_stress,44,28,0.0,1
shock_stress,44,29,0.0,1
shock_stress,44,30,0.0,1
shock_stress,44,31,0.0,1
shock_stress,44,32,0.0,1
shock_stress,44,33,0.0,1
shock_stress,44,34,0.0,1
shock_stress,44,35,0.0,1
shock_stress,44,36,0.0,1
shock_stress,44,37,0.0,1
shock_stress,44,38,0.0,1
shock_stress,44,39,0.0,1
shock_stress,44,40,0.0,1
shock_stress,44,41,0.0,1
shock_stress,44,42,0.0,1
shock_stress,44,43,0.0,1
shock_stress,44,44,0.0,1
shock_stress,44,45,0.0,1
shock_stress,44,46,0.0,1
shock_stress,44,47,0.0,1
shock_stress,44,48,0.0,1
shock_stress,44,49,0.0,1
shock_stress,44,50,0.0,1
shock_stress,45,0,70.0,0
shock_stress,45,1,67.78,0
shock_stress,45,2,65.71096888,0
shock_stress,45,3,49.31025355,0
shock_stress,45,4,47.8093972,0
shock_stress,45,5,35.78269208,0
shock_stress,45,6,26.0466625,0
shock_stress,45,7,23.51389022,0
shock_stress,45,8,15.57810916,0
shock_stress,45,9,11.94534933,0
shock_stress,45,10,7.83866774,0
shock_stress,45,11,1.41452055,1
shock_stress,45,12,0.0,1
shock_stress,45,13,0.0,1
shock_stress,45,14,0.0,1
shock_stress,45,15,0.0,1
shock_stress,45,16,0.0,1
shock_stress,45,17,0.0,1
shock_stress,45,18,0.0,1
shock_stress,45,19,0.0,1
shock_stress,45,20,0.0,1
shock_stress,45,21,0.0,1
shock_stress,45,22,0.0,1
shock_stress,45,23,0.0,1
shock_stress,45,24,0.0,1
shock_stress,45,25,0.0,1
shock_stress,45,26,0.0,1
shock_stress,45,27,0.0,1
shock_stress,45,28,0.0,1
shock_stress,45,29,0.0,1
shock_stress,45,30,0.0,1
shock_stress,45,31,0.0,1
shock_stress,45,32,0.0,1
shock_stress,45,33,0.0,1
shock_stress,45,34,0.0,1
shock_stress,45,35,0.0,1
shock_stress,45,36,0.0,1
shock_stress,45,37,0.0,1
shock_stress,45,38,0.0,1
shock_stress,45,39,0.0,1
shock_stress,45,40,0.0,1
shock_stress,45,41,0.0,1
shock_stress,45,42,0.0,1
shock_stress,45,43,0.0,1
shock_stress,45,44,0.0,1
shock_stress,45,45,0.0,1
shock_stress,45,46,0.0,1
shock_stress,45,47,0.0,1
shock_stress,45,48,0.0,1
shock_stress,45,49,0.0,1
shock_stress,45,50,0.0,1
shock_stress,46,0,70.0,0
shock_stress,46,1,67.78,0
shock_stress,46,2,65.71096888,0
shock_stress,46,3,63.7666667,0
shock_stress,46,4,61.9255287,0
shock_stress,46,5,60.16953588,0
shock_stress,46,6,58.48338085,0
shock_stress,46,7,56.8538389,0
shock_stress,46,8,55.26928371,0
shock_stress,46,9,41.56006366,0
shock_stress,46,10,30.78863111,0
shock_stress,46,11,28.62429306,0
shock_stress,46,12,26.30183553,0
shock_stress,46,13,23.79095013,0
shock_stress,46,14,15.82049537,0
shock_stress,46,15,12.21766601,0
shock_stress,46,16,8.14815744,0
shock_stress,46,17,3.49531933,1
shock_stress,46,18,0.0,1
shock_stress,46,19,0.0,1
shock_stress,46,20,0.0,1
shock_stress,46,21,0.0,1
shock_stress,46,22,0.0,1
shock_stress,46,23,0.0,1
shock_stress,46,24,0.0,1
shock_stress,46,25,0.0,1
shock_stress,46,26,0.0,1
shock_stress,46,27,0.0,1
shock_stress,46,28,0.0,1
shock_stress,46,29,0.0,1
shock_stress,46,30,0.0,1
shock_stress,46,31,0.0,1
shock_stress,46,32,0.0,1
shock_stress,46,33,0.0,1
shock_stress,46,34,0.0,1
shock_stress,46,35,0.0,1
shock_stress,46,36,0.0,1
shock_stress,46,37,0.0,1
shock_stress,46,38,0.0,1
shock_stress,46,39,0.0,1
shock_stress,46,40,0.0,1
shock_stress,46,41,0.0,1
shock_stress,46,42,0.0,1
shock_stress,46,43,0.0,1
shock_stress,46,44,0.0,1
shock_stress,46,45,0.0,1
shock_stress,46,46,0.0,1
shock_stress,46,47,0.0,1
shock_stress,46,48,0.0,1
shock_stress,46,49,0.0,1
shock_stress,46,50,0.0,1
shock_stress,47,0,70.0,0
shock_stress,47,1,67.78,0
shock_stress,47,2,65.71096888,0
shock_stress,47,3,63.7666667,0
shock_stress,47,4,61.9255287,0
shock_stress,47,5,60.16953588,0
shock_stress,47,6,58.48338085,0
shock_stress,47,7,43.98749511,0
shock_stress,47,8,42.42242472,0
shock_stress,47,9,31.48613592,0
shock_stress,47,10,22.44221232,0
shock_stress,47,11,19.57523533,0
shock_stress,47,12,16.40903598,0
shock_stress,47,13,12.87800083,0
shock_stress,47,14,8.89752375,0
shock_stress,47,15,4.35657935,1
shock_stress,47,16,0.0,1
shock_stress,47,17,0.0,1
shock_stress,47,18,0.0,1
shock_stress,47,19,0.0,1
shock_stress,47,20,0.0,1
shock_stress,47,21,0.0,1
shock_stress,47,22,0.0,1
shock_stress,47,23,0.0,1
shock_stress,47,24,0.0,1
shock_stress,47,25,0.0,1
shock_stress,47,26,0.0,1
shock_stress,47,27,0.0,1
shock_stress,47,28,0.0,1
shock_stress,47,29,0.0,1
shock_stress,47,30,0.0,1
shock_stress,47,31,0.0,1
shock_stress,47,32,0.0,1
shock_stress,47,33,0.0,1
shock_stress,47,34,0.0,1
shock_stress,47,35,0.0,1
shock_stress,47,36,0.0,1
shock_stress,47,37,0.0,1
shock_stress,47,38,0.0,1
shock_stress,47,39,0.0,1
shock_stress,47,40,0.0,1
shock_stress,47,41,0.0,1
shock_stress,47,42,0.0,1
shock_stress,47,43,0.0,1
shock_stress,47,44,0.0,1
shock_stress,47,45,0.0,1
shock_stress,47,46,0.0,1
shock_stress,47,47,0.0,1
shock_stress,47,48,0.0,1
shock_stress,47,49,0.0,1
shock_stress,47,50,0.0,1
shock_stress,48,0,70.0,0
shock_stress,48,1,67.78,0
shock_stress,48,2,50.79936888,0
shock_stress,48,3,49.2982187,0
shock_stress,48,4,47.7973322,0
shock_stress,48,5,46.28859906,0
shock_stress,48,6,44.76380497,0
shock_stress,48,7,43.21445304,0
shock_stress,48,8,41.63157447,0
shock_stress,48,9,40.00551949,0
shock_stress,48,10,38.32571814,0
shock_stress,48,11,28.1487402,0
shock_stress,48,12,25.7892806,0
shock_stress,48,13,23.23419452,0
shock_stress,48,14,20.44465951,0
shock_stress,48,15,17.37232683,0
shock_stress,48,16,13.95610973,0
shock_stress,48,17,10.11761809,0
shock_stress,48,18,3.52865421,1
shock_stress,48,19,0.0,1
shock_stress,48,20,0.0,1
shock_stress,48,21,0.0,1
shock_stress,48,22,0.0,1
shock_stress,48,23,0.0,1
shock_stress,48,24,0.0,1
shock_stress,48,25,0.0,1
shock_stress,48,26,0.0,1
shock_stress,48,27,0.0,1
shock_stress,48,28,0.0,1
shock_stress,48,29,0.0,1
shock_stress,48,30,0.0,1
shock_stress,48,31,0.0,1
shock_stress,48,32,0.0,1
shock_stress,48,33,0.0,1
shock_stress,48,34,0.0,1
shock_stress,48,35,0.0,1
shock_stress,48,36,0.0,1
shock_stress,48,37,0.0,1
shock_stress,48,38,0.0,1
shock_stress,48,39,0.0,1
shock_stress,48,40,0.0,1
shock_stress,48,41,0.0,1
shock_stress,48,42,0.0,1
shock_stress,48,43,0.0,1
shock_stress,48,44,0.0,1
shock_stress,48,45,0.0,1
shock_stress,48,46,0.0,1
shock_stress,48,47,0.0,1
shock_stress,48,48,0.0,1
shock_stress,48,49,0.0,1
shock_stress,48,50,0.0,1
shock_stress,49,0,70.0,0
shock_stress,49,1,52.38,0
shock_stress,49,2,50.86980408,0
shock_stress,49,3,38.17708538,0
shock_stress,49,4,36.42547902,0
shock_stress,49,5,34.5937973,0
shock_stress,49,6,25.05592995,0
shock_stress,49,7,16.92365342,0
shock_stress,49,8,13.45437296,0
shock_stress,49,9,9.55032382,0
shock_stress,49,10,5.10520647,0
shock_stress,49,11,0.0,1
shock_stress,49,12,0.0,1
shock_stress,49,13,0.0,1
shock_stress,49,14,0.0,1
shock_stress,49,15,0.0,1
shock_stress,49,16,0.0,1
shock_stress,49,17,0.0,1
shock_stress,49,18,0.0,1
shock_stress,49,19,0.0,1
shock_stress,49,20,0.0,1
shock_stress,49,21,0.0,1
shock_stress,49,22,0.0,1
shock_stress,49,23,0.0,1
shock_stress,49,24,0.0,1
shock_stress,49,25,0.0,1
shock_stress,49,26,0.0,1
shock_stress,49,27,0.0,1
shock_stress,49,28,0.0,1
shock_stress,49,29,0.0,1
shock_stress,49,30,0.0,1
shock_stress,49,31,0.0,1
shock_stress,49,32,0.0,1
shock_stress,49,33,0.0,1
shock_stress,49,34,0.0,1
shock_stress,49,35,0.0,1
shock_stress,49,36,0.0,1
shock_stress,49,37,0.0,1
shock_stress,49,38,0.0,1
shock_stress,49,39,0.0,1
shock_stress,49,40,0.0,1
shock_stress,49,41,0.0,1
shock_stress,49,42,0.0,1
shock_stress,49,43,0.0,1
shock_stress,49,44,0.0,1
shock_stress,49,45,0.0,1
shock_stress,49,46,0.0,1
shock_stress,49,47,0.0,1
shock_stress,49,48,0.0,1
shock_stress,49,49,0.0,1
shock_stress,49,50,0.0,1
shock_stress,50,0,70.0,0
shock_stress,50,1,67.78,0
shock_stress,50,2,65.71096888,0
shock_stress,50,3,63.7666667,0
shock_stress,50,4,61.9255287,0
shock_stress,50,5,60.16953588,0
shock_stress,50,6,58.48338085,0
shock_stress,50,7,43.98749511,0
shock_stress,50,8,42.42242472,0
shock_stress,50,9,40.81906936,0
shock_stress,50,10,30.18715302,0
shock_stress,50,11,27.98056499,0
shock_stress,50,12,25.60782506,0
shock_stress,50,13,23.0368643,0
shock_stress,50,14,20.22824507,0
shock_stress,50,15,17.13280176,0
shock_stress,50,16,13.68834687,0
shock_stress,50,17,9.81498179,0
shock_stress,50,18,5.40827755,0
shock_stress,50,19,0.32911847,1
shock_stress,50,20,0.0,1
shock_stress,50,21,0.0,1
shock_stress,50,22,0.0,1
shock_stress,50,23,0.0,1
shock_stress,50,24,0.0,1
shock_stress,50,25,0.0,1
shock_stress,50,26,0.0,1
shock_stress,50,27,0.0,1
shock_stress,50,28,0.0,1
shock_stress,50,29,0.0,1
shock_stress,50,30,0.0,1
shock_stress,50,31,0.0,1
shock_stress,50,32,0.0,1
shock_stress,50,33,0.0,1
shock_stress,50,34,0.0,1
shock_stress,50,35,0.0,1
shock_stress,50,36,0.0,1
shock_stress,50,37,0.0,1
shock_stress,50,38,0.0,1
shock_stress,50,39,0.0,1
shock_stress,50,40,0.0,1
shock_stress,50,41,0.0,1
shock_stress,50,42,0.0,1
shock_stress,50,43,0.0,1
shock_stress,50,44,0.0,1
shock_stress,50,45,0.0,1
shock_stress,50,46,0.0,1
shock_stress,50,47,0.0,1
shock_stress,50,48,0.0,1
shock_stress,50,49,0.0,1
shock_stress,50,50,0.0,1
shock_stress,51,0,70.0,0
shock_stress,51,1,67.78,0
shock_stress,51,2,65.71096888,0
shock_stress,51,3,63.7666667,0
shock_stress,51,4,61.9255287,0
shock_stress,51,5,60.16953588,0
shock_stress,51,6,58.48338085,0
shock_stress,51,7,56.8538389,0
shock_stress,51,8,55.26928371,0
shock_stress,51,9,53.71930607,0
shock_stress,51,10,52.19440625,0
shock_stress,51,11,50.68573849,0
shock_stress,51,12,49.18489206,0
shock_stress,51,13,47.68369614,0
shock_stress,51,14,46.17403867,0
shock_stress,51,15,44.6476903,0
shock_stress,51,16,43.09612531,0
shock_stress,51,17,41.51033104,0
shock_stress,51,18,39.88059697,0
shock_stress,51,19,29.42254147,0
shock_stress,51,20,27.16036423,0
shock_stress,51,21,24.7213961,0
shock_stress,51,22,22.07118203,0
shock_stress,51,23,19.16714806,0
shock_stress,51,24,15.95595149,0
shock_stress,51,25,12.36975646,0
shock_stress,51,26,8.32089305,0
shock_stress,51,27,3.69402673,1
shock_stress,51,28,0.0,1
shock_stress,51,29,0.0,1
shock_stress,51,30,0.0,1
shock_stress,51,31,0.0,1
shock_stress,51,32,0.0,1
shock_stress,51,33,0.0,1
shock_stress,51,34,0.0,1
shock_stress,51,35,0.0,1
shock_stress,51,36,0.0,1
shock_stress,51,37,0.0,1
shock_stress,51,38,0.0,1
shock_stress,51,39,0.0,1
shock_stress,51,40,0.0,1
shock_stress,51,41,0.0,1
shock_stress,51,42,0.0,1
shock_stress,51,43,0.0,1
shock_stress,51,44,0.0,1
shock_stress,51,45,0.0,1
shock_stress,51,46,0.0,1
shock_stress,51,47,0.0,1
shock_stress,51,48,0.0,1
shock_stress,51,49,0.0,1
shock_stress,51,50,0.0,1
shock_stress,52,0,70.0,0
shock_stress,52,1,67.78,0
shock_stress,52,2,50.79936888,0
shock_stress,52,3,49.2982187,0
shock_stress,52,4,47.7973322,0
shock_stress,52,5,46.28859906,0
shock_stress,52,6,44.76380497,0
shock_stress,52,7,43.21445304,0
shock_stress,52,8,41.63157447,0
shock_stress,52,9,40.00551949,0
shock_stress,52,10,38.32571814,0
shock_stress,52,11,36.58039819,0
shock_stress,52,12,34.75624391,0
shock_stress,52,13,32.83797413,0
shock_stress,52,14,23.58345658,0
shock_stress,52,15,20.82735581,0
shock_stress,52,16,13.21345982,0
shock_stress,52,17,6.37064949,0
shock_stress,52,18,1.44431309,1
shock_stress,52,19,0.0,1
shock_stress,52,20,0.0,1
shock_stress,52,21,0.0,1
shock_stress,52,22,0.0,1
shock_stress,52,23,0.0,1
shock_stress,52,24,0.0,1
shock_stress,52,25,0.0,1
shock_stress,52,26,0.0,1
shock_stress,52,27,0.0,1
shock_stress,52,28,0.0,1
shock_stress,52,29,0.0,1
shock_stress,52,30,0.0,1
shock_stress,52,31,0.0,1
shock_stress,52,32,0.0,1
shock_stress,52,33,0.0,1
shock_stress,52,34,0.0,1
shock_stress,52,35,0.0,1
shock_stress,52,36,0.0,1
shock_stress,52,37,0.0,1
shock_stress,52,38,0.0,1
shock_stress,52,39,0.0,1
shock_stress,52,40,0.0,1
shock_stress,52,41,0.0,1
shock_stress,52,42,0.0,1
shock_stress,52,43,0.0,1
shock_stress,52,44,0.0,1
shock_stress,52,45,0.0,1
shock_stress,52,46,0.0,1
shock_stress,52,47,0.0,1
shock_stress,52,48,0.0,1
shock_stress,52,49,0.0,1
shock_stress,52,50,0.0,1
shock_stress,53,0,70.0,0
shock_stress,53,1,67.78,0
shock_stress,53,2,65.71096888,0
shock_stress,53,3,63.7666667,0
shock_stress,53,4,61.9255287,0
shock_stress,53,5,60.16953588,0
shock_stress,53,6,58.48338085,0
shock_stress,53,7,56.8538389,0
shock_stress,53,8,55.26928371,0
shock_stress,53,9,53.71930607,0
shock_stress,53,10,40.37615891,0
shock_stress,53,11,38.70944594,0
shock_stress,53,12,36.97998804,0
shock_stress,53,13,35.17485076,0
shock_stress,53,14,33.27923767,0
shock_stress,53,15,31.27598666,0
shock_stress,53,16,29.14492704,0
shock_stress,53,17,26.86204572,0
shock_stress,53,18,24.39838885,0
shock_stress,53,19,21.71859236,0
shock_stress,53,20,14.00079361,0
shock_stress,53,21,10.16809646,0
shock_stress,53,22,5.81225149,0
shock_stress,53,23,0.79764868,1
shock_stress,53,24,0.0,1
shock_stress,53,25,0.0,1
shock_stress,53,26,0.0,1
shock_stress,53,27,0.0,1
shock_stress,53,28,0.0,1
shock_stress,53,29,0.0,1
shock_stress,53,30,0.0,1
shock_stress,53,31,0.0,1
shock_stress,53,32,0.0,1
shock_stress,53,33,0.0,1
shock_stress,53,34,0.0,1
shock_stress,53,35,0.0,1
shock_stress,53,36,0.0,1
shock_stress,53,37,0.0,1
shock_stress,53,38,0.0,1
shock_stress,53,39,0.0,1
shock_stress,53,40,0.0,1
shock_stress,53,41,0.0,1
shock_stress,53,42,0.0,1
shock_stress,53,43,0.0,1
shock_stress,53,44,0.0,1
shock_stress,53,45,0.0,1
shock_stress,53,46,0.0,1
shock_stress,53,47,0.0,1
shock_stress,53,48,0.0,1
shock_stress,53,49,0.0,1
shock_stress,53,50,0.0,1
shock_stress,54,0,70.0,0
shock_stress,54,1,67.78,0
shock_stress,54,2,50.79936888,0
shock_stress,54,3,49.2982187,0
shock_stress,54,4,47.7973322,0
shock_stress,54,5,46.28859906,0
shock_stress,54,6,44.76380497,0
shock_stress,54,7,43.21445304,0
shock_stress,54,8,41.63157447,0
shock_stress,54,9,40.00551949,0
shock_stress,54,10,38.32571814,0
shock_stress,54,11,36.58039819,0
shock_stress,54,12,34.75624391,0
shock_stress,54,13,25.19160047,0
shock_stress,54,14,22.58377843,0
shock_stress,54,15,19.73080986,0
shock_stress,54,16,16.5816069,0
shock_stress,54,17,13.0713867,0
shock_stress,54,18,9.11668624,0
shock_stress,54,19,4.60808462,1
shock_stress,54,20,0.0,1
shock_stress,54,21,0.0,1
shock_stress,54,22,0.0,1
shock_stress,54,23,0.0,1
shock_stress,54,24,0.0,1
shock_stress,54,25,0.0,1
shock_stress,54,26,0.0,1
shock_stress,54,27,0.0,1
shock_stress,54,28,0.0,1
shock_stress,54,29,0.0,1
shock_stress,54,30,0.0,1
shock_stress,54,31,0.0,1
shock_stress,54,32,0.0,1
shock_stress,54,33,0.0,1
shock_stress,54,34,0.0,1
shock_stress,54,35,0.0,1
shock_stress,54,36,0.0,1
shock_stress,54,37,0.0,1
shock_stress,54,38,0.0,1
shock_stress,54,39,0.0,1
shock_stress,54,40,0.0,1
shock_stress,54,41,0.0,1
shock_stress,54,42,0.0,1
shock_stress,54,43,0.0,1
shock_stress,54,44,0.0,1
shock_stress,54,45,0.0,1
shock_stress,54,46,0.0,1
shock_stress,54,47,0.0,1
shock_stress,54,48,0.0,1
shock_stress,54,49,0.0,1
shock_stress,54,50,0.0,1
shock_stress,55,0,70.0,0
shock_stress,55,1,52.38,0
shock_stress,55,2,50.86980408,0
shock_stress,55,3,38.17708538,0
shock_stress,55,4,36.42547902,0
shock_stress,55,5,34.5937973,0
shock_stress,55,6,32.66656535,0
shock_stress,55,7,30.62575903,0
shock_stress,55,8,28.45010885,0
shock_stress,55,9,26.11419279,0
shock_stress,55,10,23.58723558,0
shock_stress,55,11,20.83149416,0
shock_stress,55,12,17.80005104,0
shock_stress,55,13,14.43374495,0
shock_stress,55,14,10.65681966,0
shock_stress,55,15,6.37062514,0
shock_stress,55,16,1.44428491,1
shock_stress,55,17,0.0,1
shock_stress,55,18,0.0,1
shock_stress,55,19,0.0,1
shock_stress,55,20,0.0,1
shock_stress,55,21,0.0,1
shock_stress,55,22,0.0,1
shock_stress,55,23,0.0,1
shock_stress,55,24,0.0,1
shock_stress,55,25,0.0,1
shock_stress,55,26,0.0,1
shock_stress,55,27,0.0,1
shock_stress,55,28,0.0,1
shock_stress,55,29,0.0,1
shock_stress,55,30,0.0,1
shock_stress,55,31,0.0,1
shock_stress,55,32,0.0,1
shock_stress,55,33,0.0,1
shock_stress,55,34,0.0,1
shock_stress,55,35,0.0,1
shock_stress,55,36,0.0,1
shock_stress,55,37,0.0,1
shock_stress,55,38,0.0,1
shock_stress,55,39,0.0,1
shock_stress,55,40,0.0,1
shock_stress,55,41,0.0,1
shock_stress,55,42,0.0,1
shock_stress,55,43,0.0,1
shock_stress,55,44,0.0,1
shock_stress,55,45,0.0,1
shock_stress,55,46,0.0,1
shock_stress,55,47,0.0,1
shock_stress,55,48,0.0,1
shock_stress,55,49,0.0,1
shock_stress,55,50,0.0,1
shock_stress,56,0,70.0,0
shock_stress,56,1,67.78,0
shock_stress,56,2,65.71096888,0
shock_stress,56,3,63.7666667,0
shock_stress,56,4,61.9255287,0
shock_stress,56,5,60.16953588,0
shock_stress,56,6,58.48338085,0
shock_stress,56,7,56.8538389,0
shock_stress,56,8,55.26928371,0
shock_stress,56,9,53.71930607,0
shock_stress,56,10,40.37615891,0
shock_stress,56,11,38.70944594,0
shock_stress,56,12,36.97998804,0
shock_stress,56,13,35.17485076,0
shock_stress,56,14,33.27923767,0
shock_stress,56,15,31.27598666,0
shock_stress,56,16,29.14492704,0
shock_stress,56,17,26.86204572,0
shock_stress,56,18,24.39838885,0
shock_stress,56,19,16.35094682,0
shock_stress,56,20,12.81288101,0
shock_stress,56,21,8.82369374,0
shock_stress,56,22,4.27181498,1
shock_stress,56,23,0.0,1
shock_stress,56,24,0.0,1
shock_stress,56,25,0.0,1
shock_stress,56,26,0.0,1
shock_stress,56,27,0.0,1
shock_stress,56,28,0.0,1
shock_stress,56,29,0.0,1
shock_stress,56,30,0.0,1
shock_stress,56,31,0.0,1
shock_stress,56,32,0.0,1
shock_stress,56,33,0.0,1
shock_stress,56,34,0.0,1
shock_stress,56,35,0.0,1
shock_stress,56,36,0.0,1
shock_stress,56,37,0.0,1
shock_stress,56,38,0.0,1
shock_stress,56,39,0.0,1
shock_stress,56,40,0.0,1
shock_stress,56,41,0.0,1
shock_stress,56,42,0.0,1
shock_stress,56,43,0.0,1
shock_stress,56,44,0.0,1
shock_stress,56,45,0.0,1
shock_stress,56,46,0.0,1
shock_stress,56,47,0.0,1
shock_stress,56,48,0.0,1
shock_stress,56,49,0.0,1
shock_stress,56,50,0.0,1
shock_stress,57,0,70.0,0
shock_stress,57,1,52.38,0
shock_stress,57,2,50.86980408,0
shock_stress,57,3,38.17708538,0
shock_stress,57,4,36.42547902,0
shock_stress,57,5,34.5937973,0
shock_stress,57,6,32.66656535,0
shock_stress,57,7,30.62575903,0
shock_stress,57,8,28.45010885,0
shock_stress,57,9,26.11419279,0
shock_stress,57,10,17.84211316,0
shock_stress,57,11,14.48067973,0
shock_stress,57,12,10.70975993,0
shock_stress,57,13,6.43105859,0
shock_stress,57,14,1.51420381,1
shock_stress,57,15,0.0,1
shock_stress,57,16,0.0,1
shock_stress,57,17,0.0,1
shock_stress,57,18,0.0,1
shock_stress,57,19,0.0,1
shock_stress,57,20,0.0,1
shock_stress,57,21,0.0,1
shock_stress,57,22,0.0,1
shock_stress,57,23,0.0,1
shock_stress,57,24,0.0,1
shock_stress,57,25,0.0,1
shock_stress,57,26,0.0,1
shock_stress,57,27,0.0,1
shock_stress,57,28,0.0,1
shock_stress,57,29,0.0,1
shock_stress,57,30,0.0,1
shock_stress,57,31,0.0,1
shock_stress,57,32,0.0,1
shock_stress,57,33,0.0,1
shock_stress,57,34,0.0,1
shock_stress,57,35,0.0,1
shock_stress,57,36,0.0,1
shock_stress,57,37,0.0,1
shock_stress,57,38,0.0,1
shock_stress,57,39,0.0,1
shock_stress,57,40,0.0,1
shock_stress,57,41,0.0,1
shock_stress,57,42,0.0,1
shock_stress,57,43,0.0,1
shock_stress,57,44,0.0,1
shock_stress,57,45,0.0,1
shock_stress,57,46,0.0,1
shock_stress,57,47,0.0,1
shock_stress,57,48,0.0,1
shock_stress,57,49,0.0,1
shock_stress,57,50,0.0,1
shock_stress,58,0,70.0,0
shock_stress,58,1,67.78,0
shock_stress,58,2,65.71096888,0
shock_stress,58,3,63.7666667,0
shock_stress,58,4,61.9255287,0
shock_stress,58,5,46.54591956,0
shock_stress,58,6,45.02444435,0
shock_stress,58,7,43.47988328,0
shock_stress,58,8,41.90336182,0
shock_stress,58,9,40.28536183,0
shock_stress,58,10,38.61548828,0
shock_stress,58,11,36.88219548,0
shock_stress,58,12,35.07245725,0
shock_stress,58,13,33.17136049,0
shock_stress,58,14,23.86389559,0
shock_stress,58,15,21.13432288,0
shock_stress,58,16,18.13451371,0
shock_stress,58,17,10.8171841,0
shock_stress,58,18,6.55365659,0
shock_stress,58,19,1.65600403,1
shock_stress,58,20,0.0,1
shock_stress,58,21,0.0,1
shock_stress,58,22,0.0,1
shock_stress,58,23,0.0,1
shock_stress,58,24,0.0,1
shock_stress,58,25,0.0,1
shock_stress,58,26,0.0,1
shock_stress,58,27,0.0,1
shock_stress,58,28,0.0,1
shock_stress,58,29,0.0,1
shock_stress,58,30,0.0,1
shock_stress,58,31,0.0,1
shock_stress,58,32,0.0,1
shock_stress,58,33,0.0,1
shock_stress,58,34,0.0,1
shock_stress,58,35,0.0,1
shock_stress,58,36,0.0,1
shock_stress,58,37,0.0,1
shock_stress,58,38,0.0,1
shock_stress,58,39,0.0,1
shock_stress,58,40,0.0,1
shock_stress,58,41,0.0,1
shock_stress,58,42,0.0,1
shock_stress,58,43,0.0,1
shock_stress,58,44,0.0,1
shock_stress,58,45,0.0,1
shock_stress,58,46,0.0,1
shock_stress,58,47,0.0,1
shock_stress,58,48,0.0,1
shock_stress,58,49,0.0,1
shock_stress,58,50,0.0,1
shock_stress,59,0,70.0,0
shock_stress,59,1,67.78,0
shock_stress,59,2,65.71096888,0
shock_stress,59,3,63.7666667,0
shock_stress,59,4,47.89686203,0
shock_stress,59,5,46.38890029,0
shock_stress,59,6,44.86542821,0
shock_stress,59,7,43.31797332,0
shock_stress,59,8,32.20765013,0
shock_stress,59,9,30.13782824,0
shock_stress,59,10,27.92771768,0
shock_stress,59,11,25.55078352,0
shock_stress,59,12,22.97480798,0
shock_stress,59,13,20.16015817,0
shock_stress,59,14,17.05740908,0
shock_stress,59,15,13.60402335,0
shock_stress,59,16,9.71962254,0
shock_stress,59,17,5.29910669,0
shock_stress,59,18,0.20240093,1
shock_stress,59,19,0.0,1
shock_stress,59,20,0.0,1
shock_stress,59,21,0.0,1
shock_stress,59,22,0.0,1
shock_stress,59,23,0.0,1
shock_stress,59,24,0.0,1
shock_stress,59,25,0.0,1
shock_stress,59,26,0.0,1
shock_stress,59,27,0.0,1
shock_stress,59,28,0.0,1
shock_stress,59,29,0.0,1
shock_stress,59,30,0.0,1
shock_stress,59,31,0.0,1
shock_stress,59,32,0.0,1
shock_stress,59,33,0.0,1
shock_stress,59,34,0.0,1
shock_stress,59,35,0.0,1
shock_stress,59,36,0.0,1
shock_stress,59,37,0.0,1
shock_stress,59,38,0.0,1
shock_stress,59,39,0.0,1
shock_stress,59,40,0.0,1
shock_stress,59,41,0.0,1
shock_stress,59,42,0.0,1
shock_stress,59,43,0.0,1
shock_stress,59,44,0.0,1
shock_stress,59,45,0.0,1
shock_stress,59,46,0.0,1
shock_stress,59,47,0.0,1
shock_stress,59,48,0.0,1
shock_stress,59,49,0.0,1
shock_stress,59,50,0.0,1
shock_stress,60,0,70.0,0
shock_stress,60,1,67.78,0
shock_stress,60,2,65.71096888,0
shock_stress,60,3,63.7666667,0
shock_stress,60,4,61.9255287,0
shock_stress,60,5,60.16953588,0
shock_stress,60,6,58.48338085,0
shock_stress,60,7,56.8538389,0
shock_stress,60,8,55.26928371,0
shock_stress,60,9,53.71930607,0
shock_stress,60,10,52.19440625,0
shock_stress,60,11,50.68573849,0
shock_stress,60,12,49.18489206,0
shock_stress,60,13,47.68369614,0
shock_stress,60,14,46.17403867,0
shock_stress,60,15,34.4894018,0
shock_stress,60,16,32.55636022,0
shock_stress,60,17,30.50865519,0
shock_stress,60,18,28.32481265,0
shock_stress,60,19,25.97914791,0
shock_stress,60,20,23.4405455,0
shock_stress,60,21,20.67081718,0
shock_stress,60,22,17.62245545,0
shock_stress,60,23,14.23550574,0
shock_stress,60,24,10.43312745,0
shock_stress,60,25,3.81987209,1
shock_stress,60,26,0.0,1
shock_stress,60,27,0.0,1
shock_stress,60,28,0.0,1
shock_stress,60,29,0.0,1
shock_stress,60,30,0.0,1
shock_stress,60,31,0.0,1
shock_stress,60,32,0.0,1
shock_stress,60,33,0.0,1
shock_stress,60,34,0.0,1
shock_stress,60,35,0.0,1
shock_stress,60,36,0.0,1
shock_stress,60,37,0.0,1
shock_stress,60,38,0.0,1
shock_stress,60,39,0.0,1
shock_stress,60,40,0.0,1
shock_stress,60,41,0.0,1
shock_stress,60,42,0.0,1
shock_stress,60,43,0.0,1
shock_stress,60,44,0.0,1
shock_stress,60,45,0.0,1
shock_stress,60,46,0.0,1
shock_stress,60,47,0.0,1
shock_stress,60,48,0.0,1
shock_stress,60,49,0.0,1
shock_stress,60,50,0.0,1
