scenario,time,prey,predator,prey_rate,predator_rate,alpha,beta,delta,gamma,method,warning
predator_prey_coupled_system,0.0,40.0,9.0,10.0,2.7,0.7,0.05,0.02,0.5,explicit_euler,Predator-prey terms are illustrative and assume continuous well-mixed interaction.
predator_prey_coupled_system,0.01,40.1,9.027,9.970865,2.726154,0.7,0.05,0.02,0.5,explicit_euler,Predator-prey terms are illustrative and assume continuous well-mixed interaction.
predator_prey_coupled_system,0.02,40.19970865,9.054261539999999,9.940862257554983,2.752442748978006,0.7,0.05,0.02,0.5,explicit_euler,Predator-prey terms are illustrative and assume continuous well-mixed interaction.
predator_prey_coupled_system,0.03,40.29911727257555,9.081785967489779,9.909984203387804,2.778866171221143,0.7,0.05,0.02,0.5,explicit_euler,Predator-prey terms are illustrative and assume continuous well-mixed interaction.
predator_prey_coupled_system,0.04,40.39821711460943,9.10957462920199,9.87822329561461,2.805424159243799,0.7,0.05,0.02,0.5,explicit_euler,Predator-prey terms are illustrative and assume continuous well-mixed interaction.
predator_prey_coupled_system,0.05,40.49699934756558,9.137628870794428,9.845572022352986,2.8321165729799525,0.7,0.05,0.02,0.5,explicit_euler,Predator-prey terms are illustrative and assume continuous well-mixed interaction.
predator_prey_coupled_system,0.06,40.5954550677891,9.165950036524228,9.81202290438641,2.8589432389642697,0.7,0.05,0.02,0.5,explicit_euler,Predator-prey terms are illustrative and assume continuous well-mixed interaction.
predator_prey_coupled_system,0.07,40.69357529683297,9.19453946891387,9.777568497885614,2.8859039495020484,0.7,0.05,0.02,0.5,explicit_euler,Predator-prey terms are illustrative and assume continuous well-mixed interaction.
predator_prey_coupled_system,0.08,40.791350981811824,9.223398508408891,9.742201397186939,2.9129984618280895,0.7,0.05,0.02,0.5,explicit_euler,Predator-prey terms are illustrative and assume continuous well-mixed interaction.
predator_prey_coupled_system,0.09,40.8887729957837,9.252528493027173,9.70591423762815,2.940226497254587,0.7,0.05,0.02,0.5,explicit_euler,Predator-prey terms are illustrative and assume continuous well-mixed interaction.
predator_prey_coupled_system,0.1,40.98583213815998,9.281930757999719,9.668699698441959,2.96758774030815,0.7,0.05,0.02,0.5,explicit_euler,Predator-prey terms are illustrative and assume continuous well-mixed interaction.
predator_prey_coupled_system,0.11,41.082519135144395,9.3116066354028,9.630550505707422,2.995081837856061,0.7,0.05,0.02,0.5,explicit_euler,Predator-prey terms are illustrative and assume continuous well-mixed interaction.
predator_prey_coupled_system,0.12,41.17882464020147,9.34155745378136,9.591459435359546,3.022708398221912,0.7,0.05,0.02,0.5,explicit_euler,Predator-prey terms are illustrative and assume continuous well-mixed interaction.
predator_prey_coupled_system,0.13,41.274739234555064,9.37178453776358,9.551419316257196,3.050466990290748,0.7,0.05,0.02,0.5,explicit_euler,Predator-prey terms are illustrative and assume continuous well-mixed interaction.
predator_prey_coupled_system,0.14,41.370253427717635,9.402289207666486,9.510423033309493,3.0783571426038963,0.7,0.05,0.02,0.5,explicit_euler,Predator-prey terms are illustrative and assume continuous well-mixed interaction.
predator_prey_coupled_system,0.15,41.46535765805073,9.433072779092525,9.468463530660802,3.1063783424436195,0.7,0.05,0.02,0.5,explicit_euler,Predator-prey terms are illustrative and assume continuous well-mixed interaction.
predator_prey_coupled_system,0.16,41.560042293357334,9.464136562516961,9.425533814934411,3.134530034907808,0.7,0.05,0.02,0.5,explicit_euler,Predator-prey terms are illustrative and assume continuous well-mixed interaction.
predator_prey_coupled_system,0.17,41.65429763150668,9.49548186286604,9.381626958534898,3.1628116219748907,0.7,0.05,0.02,0.5,explicit_euler,Predator-prey terms are illustrative and assume continuous well-mixed interaction.
predator_prey_coupled_system,0.18,41.748113901092026,9.527109979085788,9.336736103009219,3.1912224615591853,0.7,0.05,0.02,0.5,explicit_euler,Predator-prey terms are illustrative and assume continuous well-mixed interaction.
predator_prey_coupled_system,0.19,41.841481262122116,9.55902220370138,9.290854462466452,3.2197618665569205,0.7,0.05,0.02,0.5,explicit_euler,Predator-prey terms are illustrative and assume continuous well-mixed interaction.
predator_prey_coupled_system,0.2,41.93438980674678,9.591219822366948,9.24397532705613,3.2484291038831703,0.7,0.05,0.02,0.5,explicit_euler,Predator-prey terms are illustrative and assume continuous well-mixed interaction.
predator_prey_coupled_system,0.21,42.02682956001734,9.62370411340578,9.196092066505006,3.27722339349996,0.7,0.05,0.02,0.5,explicit_euler,Predator-prey terms are illustrative and assume continuous well-mixed interaction.
predator_prey_coupled_system,0.22,42.11879048068239,9.65647634734078,9.147198133712095,3.3061439074358416,0.7,0.05,0.02,0.5,explicit_euler,Predator-prey terms are illustrative and assume continuous well-mixed interaction.
predator_prey_coupled_system,0.23,42.210262462019514,9.689537786415139,9.097287068401727,3.3351897687972025,0.7,0.05,0.02,0.5,explicit_euler,Predator-prey terms are illustrative and assume continuous well-mixed interaction.
predator_prey_coupled_system,0.24,42.301235332703534,9.72288968410311,9.04635250083441,3.364360050771668,0.7,0.05,0.02,0.5,explicit_euler,Predator-prey terms are illustrative and assume continuous well-mixed interaction.
predator_prey_coupled_system,0.25,42.39169885771188,9.756533284610827,8.994388155575077,3.393653775623881,0.7,0.05,0.02,0.5,explicit_euler,Predator-prey terms are illustrative and assume continuous well-mixed interaction.
predator_prey_coupled_system,0.26,42.48164273926763,9.790469822367065,8.941387855318403,3.4230699136840403,0.7,0.05,0.02,0.5,explicit_euler,Predator-prey terms are illustrative and assume continuous well-mixed interaction.
predator_prey_coupled_system,0.27,42.57105661782081,9.824700521503905,8.887345524770744,3.4526073823295738,0.7,0.05,0.02,0.5,explicit_euler,Predator-prey terms are illustrative and assume continuous well-mixed interaction.
predator_prey_coupled_system,0.28,42.659930073068516,9.8592265953272,8.832255194588168,3.4822650449603163,0.7,0.05,0.02,0.5,explicit_euler,Predator-prey terms are illustrative and assume continuous well-mixed interaction.
predator_prey_coupled_system,0.29,42.748252625014395,9.894049245776804,8.776111005370076,3.5120417099675967,0.7,0.05,0.02,0.5,explicit_euler,Predator-prey terms are illustrative and assume continuous well-mixed interaction.
predator_prey_coupled_system,0.3,42.83601373506809,9.92916966287648,8.718907211707744,3.541936129697727,0.7,0.05,0.02,0.5,explicit_euler,Predator-prey terms are illustrative and assume continuous well-mixed interaction.
predator_prey_coupled_system,0.31,42.92320280718517,9.964589024173458,8.66063818628718,3.5719469994102466,0.7,0.05,0.02,0.5,explicit_euler,Predator-prey terms are illustrative and assume continuous well-mixed interaction.
predator_prey_coupled_system,0.32,43.00980918904804,10.00030849416756,8.60129842404547,3.602072956231482,0.7,0.05,0.02,0.5,explicit_euler,Predator-prey terms are illustrative and assume continuous well-mixed interaction.
predator_prey_coupled_system,0.33,43.0958221732885,10.036329223729876,8.54088254637988,3.632312578103887,0.7,0.05,0.02,0.5,explicit_euler,Predator-prey terms are illustrative and assume continuous well-mixed interaction.
predator_prey_coupled_system,0.34,43.1812309987523,10.072652349510914,8.479385305408812,3.662664382731661,0.7,0.05,0.02,0.5,explicit_euler,Predator-prey terms are illustrative and assume continuous well-mixed interaction.
predator_prey_coupled_system,0.35000000000000003,43.266024851806385,10.109278993338231,8.416801588283658,3.6931268265232076,0.7,0.05,0.02,0.5,explicit_euler,Predator-prey terms are illustrative and assume continuous well-mixed interaction.
predator_prey_coupled_system,0.36,43.35019286768922,10.146210261603462,8.35312642155057,3.7236983035310223,0.7,0.05,0.02,0.5,explicit_euler,Predator-prey terms are illustrative and assume continuous well-mixed interaction.
predator_prey_coupled_system,0.37,43.43372413190473,10.183447244638772,8.28835497556102,3.7543771443895304,0.7,0.05,0.02,0.5,explicit_euler,Predator-prey terms are illustrative and assume continuous well-mixed interaction.
predator_prey_coupled_system,0.38,43.51660768166034,10.220991016082667,8.222482568930019,3.7851616152515533,0.7,0.05,0.02,0.5,explicit_euler,Predator-prey terms are illustrative and assume continuous well-mixed interaction.
predator_prey_coupled_system,0.39,43.59883250734964,10.258842632235183,8.155504673040763,3.816049916724003,0.7,0.05,0.02,0.5,explicit_euler,Predator-prey terms are illustrative and assume continuous well-mixed interaction.
predator_prey_coupled_system,0.4,43.68038755408005,10.297003131402423,8.087416916594346,3.847040182803463,0.7,0.05,0.02,0.5,explicit_euler,Predator-prey terms are illustrative and assume continuous well-mixed interaction.
predator_prey_coupled_system,0.41000000000000003,43.761261723245994,10.335473533230457,8.018215090203192,3.8781304798123726,0.7,0.05,0.02,0.5,explicit_euler,Predator-prey terms are illustrative and assume continuous well-mixed interaction.
predator_prey_coupled_system,0.42,43.84144387414803,10.37425483802858,7.947895151026685,3.9093188053364827,0.7,0.05,0.02,0.5,explicit_euler,Predator-prey terms are illustrative and assume continuous well-mixed interaction.
predator_prey_coupled_system,0.43,43.920922825658295,10.413348026081945,7.876453227447495,3.9406030871643516,0.7,0.05,0.02,0.5,explicit_euler,Predator-prey terms are illustrative and assume continuous well-mixed interaction.
predator_prey_coupled_system,0.44,43.99968735793277,10.452754056953587,7.803885623786876,3.971981182229632,0.7,0.05,0.02,0.5,explicit_euler,Predator-prey terms are illustrative and assume continuous well-mixed interaction.
predator_prey_coupled_system,0.45,44.07772621417064,10.492473868775884,7.7301888250572866,4.003450875556921,0.7,0.05,0.02,0.5,explicit_euler,Predator-prey terms are illustrative and assume continuous well-mixed interaction.
predator_prey_coupled_system,0.46,44.15502810242121,10.532508377531453,7.655359501750439,4.035009879212037,0.7,0.05,0.02,0.5,explicit_euler,Predator-prey terms are illustrative and assume continuous well-mixed interaction.
predator_prey_coupled_system,0.47000000000000003,44.23158169743872,10.572858476323574,7.579394514658919,4.066655831257487,0.7,0.05,0.02,0.5,explicit_euler,Predator-prey terms are illustrative and assume continuous well-mixed interaction.
predator_prey_coupled_system,0.48,44.307375642585306,10.61352503463615,7.502290919729358,4.098386294714067,0.7,0.05,0.02,0.5,explicit_euler,Predator-prey terms are illustrative and assume continuous well-mixed interaction.
predator_prey_coupled_system,0.49,44.3823985517826,10.65450889758329,7.424045972945045,4.130198756529464,0.7,0.05,0.02,0.5,explicit_euler,Predator-prey terms are illustrative and assume continuous well-mixed interaction.
predator_prey_coupled_system,0.5,44.45663901151205,10.695810885148584,7.344657135235845,4.162090626554744,0.7,0.05,0.02,0.5,explicit_euler,Predator-prey terms are illustrative and assume continuous well-mixed interaction.
predator_prey_coupled_system,0.51,44.53008558286441,10.737431791414132,7.264122077413067,4.194059236529743,0.7,0.05,0.02,0.5,explicit_euler,Predator-prey terms are illustrative and assume continuous well-mixed interaction.
predator_prey_coupled_system,0.52,44.60272680363854,10.779372383779428,7.182438685126986,4.226101839078282,0.7,0.05,0.02,0.5,explicit_euler,Predator-prey terms are illustrative and assume continuous well-mixed interaction.
predator_prey_coupled_system,0.53,44.67455119048981,10.82163340217021,7.099605063844493,4.258215606714243,0.7,0.05,0.02,0.5,explicit_euler,Predator-prey terms are illustrative and assume continuous well-mixed interaction.
predator_prey_coupled_system,0.54,44.74554724112825,10.864215558237353,7.015619543844274,4.290397630859524,0.7,0.05,0.02,0.5,explicit_euler,Predator-prey terms are illustrative and assume continuous well-mixed interaction.
predator_prey_coupled_system,0.55,44.81570343656669,10.907119534545949,6.930480685226954,4.322644920874918,0.7,0.05,0.02,0.5,explicit_euler,Predator-prey terms are illustrative and assume continuous well-mixed interaction.
predator_prey_coupled_system,0.56,44.885008243418966,10.950345983754698,6.844187282937305,4.3549544031050385,0.7,0.05,0.02,0.5,explicit_euler,Predator-prey terms are illustrative and assume continuous well-mixed interaction.
predator_prey_coupled_system,0.5700000000000001,44.95345011624834,10.993895527785748,6.75673837179572,4.387322919938373,0.7,0.05,0.02,0.5,explicit_euler,Predator-prey terms are illustrative and assume continuous well-mixed interaction.
predator_prey_coupled_system,0.58,45.0210174999663,11.037768756985132,6.668133231535961,4.419747228883611,0.7,0.05,0.02,0.5,explicit_euler,Predator-prey terms are illustrative and assume continuous well-mixed interaction.
predator_prey_coupled_system,0.59,45.08769883228166,11.081966229273968,6.578371391846126,4.452224001663429,0.7,0.05,0.02,0.5,explicit_euler,Predator-prey terms are illustrative and assume continuous well-mixed interaction.
predator_prey_coupled_system,0.6,45.153482546200124,11.126488469290603,6.487452637409575,4.4847498233269025,0.7,0.05,0.02,0.5,explicit_euler,Predator-prey terms are illustrative and assume continuous well-mixed interaction.
predator_prey_coupled_system,0.61,45.21835707257422,11.171335967523872,6.39537701294266,4.5173211913817815,0.7,0.05,0.02,0.5,explicit_euler,Predator-prey terms are illustrative and assume continuous well-mixed interaction.
predator_prey_coupled_system,0.62,45.28231084270365,11.21650917943769,6.302144828225735,4.549934514947882,0.7,0.05,0.02,0.5,explicit_euler,Predator-prey terms are illustrative and assume continuous well-mixed interaction.
predator_prey_coupled_system,0.63,45.34533229098591,11.262008524587168,6.207756663124076,4.5825861139328365,0.7,0.05,0.02,0.5,explicit_euler,Predator-prey terms are illustrative and assume continuous well-mixed interaction.
predator_prey_coupled_system,0.64,45.40740985761715,11.307834385726496,6.112213372595029,4.615272218231541,0.7,0.05,0.02,0.5,explicit_euler,Predator-prey terms are illustrative and assume continuous well-mixed interaction.
predator_prey_coupled_system,0.65,45.4685319913431,11.35398710790881,6.015516091677721,4.647988966950571,0.7,0.05,0.02,0.5,explicit_euler,Predator-prey terms are illustrative and assume continuous well-mixed interaction.
predator_prey_coupled_system,0.66,45.52868715225988,11.400466997578317,5.917666240461578,4.680732407658974,0.7,0.05,0.02,0.5,explicit_euler,Predator-prey terms are illustrative and assume continuous well-mixed interaction.
predator_prey_coupled_system,0.67,45.587863814664495,11.447274321654906,5.818665529029655,4.713498495666743,0.7,0.05,0.02,0.5,explicit_euler,Predator-prey terms are illustrative and assume continuous well-mixed interaction.
predator_prey_coupled_system,0.68,45.646050469954794,11.494409306611573,5.718515962372855,4.746283093332412,0.7,0.05,0.02,0.5,explicit_euler,Predator-prey terms are illustrative and assume continuous well-mixed interaction.
predator_prey_coupled_system,0.6900000000000001,45.70323562957852,11.541872137544896,5.617219845270888,4.779081969401181,0.7,0.05,0.02,0.5,explicit_euler,Predator-prey terms are illustrative and assume continuous well-mixed interaction.
predator_prey_coupled_system,0.7000000000000001,45.75940782803123,11.589662957238907,5.5147797871357795,4.811890798374979,0.7,0.05,0.02,0.5,explicit_euler,Predator-prey terms are illustrative and assume continuous well-mixed interaction.
predator_prey_coupled_system,0.71,45.814555625902585,11.637781865222657,5.411198706813618,4.8447051599159465,0.7,0.05,0.02,0.5,explicit_euler,Predator-prey terms are illustrative and assume continuous well-mixed interaction.
predator_prey_coupled_system,0.72,45.86866761297072,11.686228916821817,5.3064798373401665,4.877520538284826,0.7,0.05,0.02,0.5,explicit_euler,Predator-prey terms are illustrative and assume continuous well-mixed interaction.
predator_prey_coupled_system,0.73,45.92173241134412,11.735004122204664,5.200626730645737,4.910332321815723,0.7,0.05,0.02,0.5,explicit_euler,Predator-prey terms are illustrative and assume continuous well-mixed interaction.
predator_prey_coupled_system,0.74,45.97373867865058,11.784107445422821,5.093643262204928,4.943135802428777,0.7,0.05,0.02,0.5,explicit_euler,Predator-prey terms are illustrative and assume continuous well-mixed interaction.
predator_prey_coupled_system,0.75,46.02467511127263,11.833538803447109,4.985533635626286,4.975926175182266,0.7,0.05,0.02,0.5,explicit_euler,Predator-prey terms are illustrative and assume continuous well-mixed interaction.
predator_prey_coupled_system,0.76,46.074530447628895,11.88329806519893,4.876302387177343,5.008698537865688,0.7,0.05,0.02,0.5,explicit_euler,Predator-prey terms are illustrative and assume continuous well-mixed interaction.
predator_prey_coupled_system,0.77,46.123293471500666,11.933385050577588,4.765954390240015,5.041447890635384,0.7,0.05,0.02,0.5,explicit_euler,Predator-prey terms are illustrative and assume continuous well-mixed interaction.
predator_prey_coupled_system,0.78,46.170953015403065,11.983799529483942,4.654494859691518,5.074169135694278,0.7,0.05,0.02,0.5,explicit_euler,Predator-prey terms are illustrative and assume continuous well-mixed interaction.
predator_prey_coupled_system,0.79,46.21749796399998,12.034541220840886,4.541929356205607,5.106857077017308,0.7,0.05,0.02,0.5,explicit_euler,Predator-prey terms are illustrative and assume continuous well-mixed interaction.
predator_prey_coupled_system,0.8,46.26291725756204,12.08560979161106,4.428263790469227,5.13950642012415,0.7,0.05,0.02,0.5,explicit_euler,Predator-prey terms are illustrative and assume continuous well-mixed interaction.
predator_prey_coupled_system,0.81,46.30719989546673,12.1370048558123,4.31350442730918,5.172111771900861,0.7,0.05,0.02,0.5,explicit_euler,Predator-prey terms are illustrative and assume continuous well-mixed interaction.
predator_prey_coupled_system,0.8200000000000001,46.350334939739824,12.188725973531309,4.197657889723747,5.204667640471996,0.7,0.05,0.02,0.5,explicit_euler,Predator-prey terms are illustrative and assume continuous well-mixed interaction.
predator_prey_coupled_system,0.8300000000000001,46.39231151863706,12.240772649936028,4.080731162813702,5.23716843512488,0.7,0.05,0.02,0.5,explicit_euler,Predator-prey terms are illustrative and assume continuous well-mixed interaction.
predator_prey_coupled_system,0.84,46.433118830265194,12.293144334287277,3.9627315976075117,5.269608466287611,0.7,0.05,0.02,0.5,explicit_euler,Predator-prey terms are illustrative and assume continuous well-mixed interaction.
predator_prey_coupled_system,0.85,46.47274614624127,12.345840418950154,3.8436669147751132,5.301981945562433,0.7,0.05,0.02,0.5,explicit_euler,Predator-prey terms are illustrative and assume continuous well-mixed interaction.
predator_prey_coupled_system,0.86,46.51118281538902,12.398860238405778,3.7235452082248663,5.334282985816092,0.7,0.05,0.02,0.5,explicit_euler,Predator-prey terms are illustrative and assume continuous well-mixed interaction.
predator_prey_coupled_system,0.87,46.54841826747127,12.45220306826394,3.602374948577939,5.36650560132881,0.7,0.05,0.02,0.5,explicit_euler,Predator-prey terms are illustrative and assume continuous well-mixed interaction.
predator_prey_coupled_system,0.88,46.58444201695705,12.505868124277228,3.4801649865147333,5.3986437080034655,0.7,0.05,0.02,0.5,explicit_euler,Predator-prey terms are illustrative and assume continuous well-mixed interaction.
predator_prey_coupled_system,0.89,46.61924366682219,12.559854561357263,3.3569245559874155,5.430691123636617,0.7,0.05,0.02,0.5,explicit_euler,Predator-prey terms are illustrative and assume continuous well-mixed interaction.
predator_prey_coupled_system,0.9,46.65281291238207,12.61416147259363,3.232663277293021,5.462641568252955,0.7,0.05,0.02,0.5,explicit_euler,Predator-prey terms are illustrative and assume continuous well-mixed interaction.
predator_prey_coupled_system,0.91,46.685139545154996,12.668787888276158,3.107391160001402,5.49448866450476,0.7,0.05,0.02,0.5,explicit_euler,Predator-prey terms are illustrative and assume continuous well-mixed interaction.
predator_prey_coupled_system,0.92,46.71621345675501,12.723732774921206,2.9811186057320604,5.526225938137973,0.7,0.05,0.02,0.5,explicit_euler,Predator-prey terms are illustrative and assume continuous well-mixed interaction.
predator_prey_coupled_system,0.93,46.74602464281233,12.778995034302586,2.8538564107743767,5.557846818526409,0.7,0.05,0.02,0.5,explicit_euler,Predator-prey terms are illustrative and assume continuous well-mixed interaction.
predator_prey_coupled_system,0.9400000000000001,46.77456320692007,12.83457350248785,2.725615768545076,5.589344639275664,0.7,0.05,0.02,0.5,explicit_euler,Predator-prey terms are illustrative and assume continuous well-mixed interaction.
predator_prey_coupled_system,0.9500000000000001,46.80181936460552,12.890466948880606,2.596408271877479,5.620712638898254,0.7,0.05,0.02,0.5,explicit_euler,Predator-prey terms are illustrative and assume continuous well-mixed interaction.
predator_prey_coupled_system,0.96,46.82778344732429,12.94667407526959,2.4662459151364153,5.651943961561442,0.7,0.05,0.02,0.5,explicit_euler,Predator-prey terms are illustrative and assume continuous well-mixed interaction.
predator_prey_coupled_system,0.97,46.85244590647566,13.003193514885204,2.335141096153251,5.6830316579092806,0.7,0.05,0.02,0.5,explicit_euler,Predator-prey terms are illustrative and assume continuous well-mixed interaction.
predator_prey_coupled_system,0.98,46.87579731743719,13.060023831464298,2.2031066179750347,5.713968685960249,0.7,0.05,0.02,0.5,explicit_euler,Predator-prey terms are illustrative and assume continuous well-mixed interaction.
predator_prey_coupled_system,0.99,46.89782838361694,13.1171635183239,2.0701556904220944,5.744747912081956,0.7,0.05,0.02,0.5,explicit_euler,Predator-prey terms are illustrative and assume continuous well-mixed interaction.
predator_prey_coupled_system,1.0,46.91852994052116,13.17461099744472,1.9363019314483374,5.775362112044229,0.7,0.05,0.02,0.5,explicit_euler,Predator-prey terms are illustrative and assume continuous well-mixed interaction.
predator_prey_coupled_system,1.01,46.937892959835644,13.232364618565162,1.8015593682985447,5.8058039721519785,0.7,0.05,0.02,0.5,explicit_euler,Predator-prey terms are illustrative and assume continuous well-mixed interaction.
predator_prey_coupled_system,1.02,46.955908553518626,13.290422658286682,1.6659424384569732,5.836066090459087,0.7,0.05,0.02,0.5,explicit_euler,Predator-prey terms are illustrative and assume continuous well-mixed interaction.
predator_prey_coupled_system,1.03,46.972567977903196,13.348783319191272,1.5294659903816274,5.866140978064609,0.7,0.05,0.02,0.5,explicit_euler,Predator-prey terms are illustrative and assume continuous well-mixed interaction.
predator_prey_coupled_system,1.04,46.98786263780701,13.407444728971917,1.392145284018799,5.896021060492485,0.7,0.05,0.02,0.5,explicit_euler,Predator-prey terms are illustrative and assume continuous well-mixed interaction.
predator_prey_coupled_system,1.05,47.0017840906472,13.466404939576842,1.2539959910922498,5.925698679155892,0.7,0.05,0.02,0.5,explicit_euler,Predator-prey terms are illustrative and assume continuous well-mixed interaction.
predator_prey_coupled_system,1.06,47.01432405055812,13.5256619263684,1.1150341951616696,5.955166092907405,0.7,0.05,0.02,0.5,explicit_euler,Predator-prey terms are illustrative and assume continuous well-mixed interaction.
predator_prey_coupled_system,1.07,47.02547439250974,13.585213587297474,0.9752763914451776,5.984415479675919,0.7,0.05,0.02,0.5,explicit_euler,Predator-prey terms are illustrative and assume continuous well-mixed interaction.
predator_prey_coupled_system,1.08,47.03522715642419,13.645057742094233,0.8347394864005935,6.0134389381914195,0.7,0.05,0.02,0.5,explicit_euler,Predator-prey terms are illustrative and assume continuous well-mixed interaction.
predator_prey_coupled_system,1.09,47.043574551288195,13.705192131476148,0.6934407970604113,6.042228489798457,0.7,0.05,0.02,0.5,explicit_euler,Predator-prey terms are illustrative and assume continuous well-mixed interaction.
predator_prey_coupled_system,1.1,47.0505089592588,13.765614416374133,0.5513980501154947,6.0707760803592,0.7,0.05,0.02,0.5,explicit_euler,Predator-prey terms are illustrative and assume continuous well-mixed interaction.
predator_prey_coupled_system,1.11,47.056022939759956,13.826322177177724,0.40862938074263155,6.0990735822468745,0.7,0.05,0.02,0.5,explicit_euler,Predator-prey terms are illustrative and assume continuous well-mixed interaction.
predator_prey_coupled_system,1.12,47.06010923356738,13.887312913000192,0.26515333117117024,6.1271127964303025,0.7,0.05,0.02,0.5,explicit_euler,Predator-prey terms are illustrative and assume continuous well-mixed interaction.
predator_prey_coupled_system,1.1300000000000001,47.062760766879094,13.948584040964496,0.120988848984382,6.154885454650148,0.7,0.05,0.02,0.5,explicit_euler,Predator-prey terms are illustrative and assume continuous well-mixed interaction.
predator_prey_coupled_system,1.1400000000000001,47.06397065536894,14.010132895510997,-0.02384471484917583,6.182383221687474,0.7,0.05,0.02,0.5,explicit_euler,Predator-prey terms are illustrative and assume continuous well-mixed interaction.
predator_prey_coupled_system,1.1500000000000001,47.06373220822045,14.071956727727873,-0.16932760821822512,6.209597697725078,0.7,0.05,0.02,0.5,explicit_euler,Predator-prey terms are illustrative and assume continuous well-mixed interaction.
predator_prey_coupled_system,1.16,47.06203893213827,14.134052704705123,-0.3154396803895523,6.236520420801973,0.7,0.05,0.02,0.5,explicit_euler,Predator-prey terms are illustrative and assume continuous well-mixed interaction.
predator_prey_coupled_system,1.17,47.05888453533438,14.196417908913142,-0.4621603848107725,6.263142869361363,0.7,0.05,0.02,0.5,explicit_euler,Predator-prey terms are illustrative and assume continuous well-mixed interaction.
predator_prey_coupled_system,1.18,47.05426293148627,14.259049337606756,-0.609468782198789,6.289456464892292,0.7,0.05,0.02,0.5,explicit_euler,Predator-prey terms are illustrative and assume continuous well-mixed interaction.
predator_prey_coupled_system,1.19,47.048168243664286,14.32194390225568,-0.7573435439173508,6.3154525746651,0.7,0.05,0.02,0.5,explicit_euler,Predator-prey terms are illustrative and assume continuous well-mixed interaction.
predator_prey_coupled_system,1.2,47.04059480822511,14.38509842800233,-0.9057629556470985,6.341122514560707,0.7,0.05,0.02,0.5,explicit_euler,Predator-prey terms are illustrative and assume continuous well-mixed interaction.
predator_prey_coupled_system,1.21,47.031537178668636,14.448509653147937,-1.0547049213509538,6.36645755199363,0.7,0.05,0.02,0.5,explicit_euler,Predator-prey terms are illustrative and assume continuous well-mixed interaction.
predator_prey_coupled_system,1.22,47.02099012945513,14.512174228667874,-1.2041469675376675,6.391448908928568,0.7,0.05,0.02,0.5,explicit_euler,Predator-prey terms are illustrative and assume continuous well-mixed interaction.
predator_prey_coupled_system,1.23,47.008948659779755,14.576088717757159,-1.354066247826232,6.416087764990245,0.7,0.05,0.02,0.5,explicit_euler,Predator-prey terms are illustrative and assume continuous well-mixed interaction.
predator_prey_coupled_system,1.24,46.99540799730149,14.640249595407061,-1.5044395478131065,6.440365260666128,0.7,0.05,0.02,0.5,explicit_euler,Predator-prey terms are illustrative and assume continuous well-mixed interaction.
predator_prey_coupled_system,1.25,46.98036360182336,14.704653248013722,-1.6552432902445275,6.464272500601491,0.7,0.05,0.02,0.5,explicit_euler,Predator-prey terms are illustrative and assume continuous well-mixed interaction.
predator_prey_coupled_system,1.26,46.96381116892092,14.769295973019737,-1.806453540495518,6.487800556986194,0.7,0.05,0.02,0.5,explicit_euler,Predator-prey terms are illustrative and assume continuous well-mixed interaction.
predator_prey_coupled_system,1.27,46.94574663351597,14.834173978589599,-1.9580460123569665,6.5109404730324565,0.7,0.05,0.02,0.5,explicit_euler,Predator-prey terms are illustrative and assume continuous well-mixed interaction.
predator_prey_coupled_system,1.28,46.926166173392396,14.899283383319924,-2.109996074132063,6.533683266542735,0.7,0.05,0.02,0.5,explicit_euler,Predator-prey terms are illustrative and assume continuous well-mixed interaction.
predator_prey_coupled_system,1.29,46.90506621265108,14.96462021598535,-2.262278755042729,6.556019933566721,0.7,0.05,0.02,0.5,explicit_euler,Predator-prey terms are illustrative and assume continuous well-mixed interaction.
predator_prey_coupled_system,1.3,46.882443425100654,15.030180415321018,-2.4148687519467202,6.577941452146361,0.7,0.05,0.02,0.5,explicit_euler,Predator-prey terms are illustrative and assume continuous well-mixed interaction.
predator_prey_coupled_system,1.31,46.85829473758119,15.095959829842482,-2.567740436365419,6.59943878614766,0.7,0.05,0.02,0.5,explicit_euler,Predator-prey terms are illustrative and assume continuous well-mixed interaction.
predator_prey_coupled_system,1.32,46.832617333217534,15.161954217703958,-2.7208678618223843,6.620502889177883,0.7,0.05,0.02,0.5,explicit_euler,Predator-prey terms are illustrative and assume continuous well-mixed interaction.
predator_prey_coupled_system,1.33,46.80540865459931,15.228159246595737,-2.8742247714919174,6.641124708586705,0.7,0.05,0.02,0.5,explicit_euler,Predator-prey terms are illustrative and assume continuous well-mixed interaction.
predator_prey_coupled_system,1.34,46.776666406884395,15.294570493681604,-3.027784606157006,6.66129518954963,0.7,0.05,0.02,0.5,explicit_euler,Predator-prey terms are illustrative and assume continuous well-mixed interaction.
predator_prey_coupled_system,1.35,46.74638856082282,15.361183445577101,-3.1815205124753376,6.681005279231975,0.7,0.05,0.02,0.5,explicit_euler,Predator-prey terms are illustrative and assume continuous well-mixed interaction.
predator_prey_coupled_system,1.36,46.71457335569807,15.427993498369421,-3.3354053515519198,6.700245931031516,0.7,0.05,0.02,0.5,explicit_euler,Predator-prey terms are illustrative and assume continuous well-mixed interaction.
predator_prey_coupled_system,1.37,46.681219302182555,15.494995957679736,-3.4894117078162097,6.719008108897731,0.7,0.05,0.02,0.5,explicit_euler,Predator-prey terms are illustrative and assume continuous well-mixed interaction.
predator_prey_coupled_system,1.3800000000000001,46.646325185104395,15.562186038768713,-3.64351189820178,6.737282791725584,0.7,0.05,0.02,0.5,explicit_euler,Predator-prey terms are illustrative and assume continuous well-mixed interaction.
predator_prey_coupled_system,1.3900000000000001,46.609890066122375,15.629558866685969,-3.797677981625398,6.75506097782144,0.7,0.05,0.02,0.5,explicit_euler,Predator-prey terms are illustrative and assume continuous well-mixed interaction.
predator_prey_coupled_system,1.4000000000000001,46.57191328630612,15.697109476464183,-3.9518817687629237,6.772333689438789,0.7,0.05,0.02,0.5,explicit_euler,Predator-prey terms are illustrative and assume continuous well-mixed interaction.
predator_prey_coupled_system,1.41,46.53239446861849,15.76483281335857,-4.106094832118131,6.789091977381148,0.7,0.05,0.02,0.5,explicit_euler,Predator-prey terms are illustrative and assume continuous well-mixed interaction.
predator_prey_coupled_system,1.42,46.49133352029731,15.832723733132381,-4.260288516381102,6.805326925669495,0.7,0.05,0.02,0.5,explicit_euler,Predator-prey terms are illustrative and assume continuous well-mixed interaction.
predator_prey_coupled_system,1.43,46.4487306351335,15.900777002389075,-4.414433949071345,6.821029656271375,0.7,0.05,0.02,0.5,explicit_euler,Predator-prey terms are illustrative and assume continuous well-mixed interaction.
predator_prey_coupled_system,1.44,46.40458629564279,15.96898729895179,-4.56850205146165,6.836191333888745,0.7,0.05,0.02,0.5,explicit_euler,Predator-prey terms are illustrative and assume continuous well-mixed interaction.
predator_prey_coupled_system,1.45,46.35890127512817,16.03734921229068,-4.7224635497771885,6.850803170801422,0.7,0.05,0.02,0.5,explicit_euler,Predator-prey terms are illustrative and assume continuous well-mixed interaction.
predator_prey_coupled_system,1.46,46.3116766396304,16.105857243998692,-4.876288986664534,6.864856431762979,0.7,0.05,0.02,0.5,explicit_euler,Predator-prey terms are illustrative and assume continuous well-mixed interaction.
predator_prey_coupled_system,1.47,46.262913749763754,16.174505808316322,-5.029948732924915,6.878342438945657,0.7,0.05,0.02,0.5,explicit_euler,Predator-prey terms are illustrative and assume continuous well-mixed interaction.
predator_prey_coupled_system,1.48,46.212614262434506,16.243289232705777,-5.183412999505244,6.891252576930869,0.7,0.05,0.02,0.5,explicit_euler,Predator-prey terms are illustrative and assume continuous well-mixed interaction.
predator_prey_coupled_system,1.49,46.160780132439456,16.312201758475087,-5.336651849740413,6.903578297741671,0.7,0.05,0.02,0.5,explicit_euler,Predator-prey terms are illustrative and assume continuous well-mixed interaction.
predator_prey_coupled_system,1.5,46.10741361394205,16.381237541452503,-5.489635211839861,6.915311125913464,0.7,0.05,0.02,0.5,explicit_euler,Predator-prey terms are illustrative and assume continuous well-mixed interaction.
predator_prey_coupled_system,1.51,46.05251726182365,16.450390652711636,-5.642332891610707,6.926442663599085,0.7,0.05,0.02,0.5,explicit_euler,Predator-prey terms are illustrative and assume continuous well-mixed interaction.
predator_prey_coupled_system,1.52,45.99609393290755,16.519655079347626,-5.794714585410048,6.936964595704321,0.7,0.05,0.02,0.5,explicit_euler,Predator-prey terms are illustrative and assume continuous well-mixed interaction.
predator_prey_coupled_system,1.53,45.93814678705345,16.589024725304668,-5.946749893317836,6.946868695049762,0.7,0.05,0.02,0.5,explicit_euler,Predator-prey terms are illustrative and assume continuous well-mixed interaction.
predator_prey_coupled_system,1.54,45.87867928812027,16.658493412255165,-6.098408332521757,6.956146827554797,0.7,0.05,0.02,0.5,explicit_euler,Predator-prey terms are illustrative and assume continuous well-mixed interaction.
predator_prey_coupled_system,1.55,45.81769520479505,16.728054880530713,-6.249659350905496,6.964790957439453,0.7,0.05,0.02,0.5,explicit_euler,Predator-prey terms are illustrative and assume continuous well-mixed interaction.
predator_prey_coupled_system,1.56,45.755198611286,16.79770279010511,-6.400472340830419,6.972793152439689,0.7,0.05,0.02,0.5,explicit_euler,Predator-prey terms are illustrative and assume continuous well-mixed interaction.
predator_prey_coupled_system,1.57,45.691193887877695,16.867430721629507,-6.5508166531015455,6.980145589031618,0.7,0.05,0.02,0.5,explicit_euler,Predator-prey terms are illustrative and assume continuous well-mixed interaction.
predator_prey_coupled_system,1.58,45.62568572134668,16.937232177519824,-6.700661611107321,6.9868405576600825,0.7,0.05,0.02,0.5,explicit_euler,Predator-prey terms are illustrative and assume continuous well-mixed interaction.
predator_prey_coupled_system,1.59,45.558679105235605,17.007100583096424,-6.849976525122845,6.992870467966895,0.7,0.05,0.02,0.5,explicit_euler,Predator-prey terms are illustrative and assume continuous well-mixed interaction.
predator_prey_coupled_system,1.6,45.49017933998438,17.077029287776092,-6.998730706765944,6.998227854013958,0.7,0.05,0.02,0.5,explicit_euler,Predator-prey terms are illustrative and assume continuous well-mixed interaction.
predator_prey_coupled_system,1.61,45.420192032916724,17.14701156631623,-7.14689348359466,7.002905379496431,0.7,0.05,0.02,0.5,explicit_euler,Predator-prey terms are illustrative and assume continuous well-mixed interaction.
predator_prey_coupled_system,1.62,45.348723098080775,17.217040620111195,-7.294434213835036,7.006895842941034,0.7,0.05,0.02,0.5,explicit_euler,Predator-prey terms are illustrative and assume continuous well-mixed interaction.
predator_prey_coupled_system,1.6300000000000001,45.275778755942426,17.287109578540605,-7.441322301227178,7.010192182884449,0.7,0.05,0.02,0.5,explicit_euler,Predator-prey terms are illustrative and assume continuous well-mixed interaction.
predator_prey_coupled_system,1.6400000000000001,45.201365532930154,17.35721150036945,-7.5875272099778215,7.012787483026845,0.7,0.05,0.02,0.5,explicit_euler,Predator-prey terms are illustrative and assume continuous well-mixed interaction.
predator_prey_coupled_system,1.6500000000000001,45.125490260830375,17.42733937519972,-7.733018479806773,7.014674977355353,0.7,0.05,0.02,0.5,explicit_euler,Predator-prey terms are illustrative and assume continuous well-mixed interaction.
predator_prey_coupled_system,1.6600000000000001,45.04816007603231,17.49748612497327,-7.877765741074896,7.01584805523237,0.7,0.05,0.02,0.5,explicit_euler,Predator-prey terms are illustrative and assume continuous well-mixed interaction.
predator_prey_coupled_system,1.67,44.969382418621564,17.567644605525594,-8.021738729980637,7.016300266443494,0.7,0.05,0.02,0.5,explicit_euler,Predator-prey terms are illustrative and assume continuous well-mixed interaction.
predator_prey_coupled_system,1.68,44.88916503132176,17.63780760819003,-8.164907303812015,7.01602532619988,0.7,0.05,0.02,0.5,explicit_euler,Predator-prey terms are illustrative and assume continuous well-mixed interaction.
predator_prey_coupled_system,1.69,44.80751595828364,17.70796786145203,-8.307241456240742,7.0150171200896985,0.7,0.05,0.02,0.5,explicit_euler,Predator-prey terms are illustrative and assume continuous well-mixed interaction.
predator_prey_coupled_system,1.7,44.72444354372123,17.778118032652927,-8.44871133264505,7.0132697089735,0.7,0.05,0.02,0.5,explicit_euler,Predator-prey terms are illustrative and assume continuous well-mixed interaction.
predator_prey_coupled_system,1.71,44.639956430394776,17.848250729742663,-8.58928724544737,7.0107773338181545,0.7,0.05,0.02,0.5,explicit_euler,Predator-prey terms are illustrative and assume continuous well-mixed interaction.
predator_prey_coupled_system,1.72,44.5540635579403,17.918358503080846,-8.728939689452996,7.00753442046406,0.7,0.05,0.02,0.5,explicit_euler,Predator-prey terms are illustrative and assume continuous well-mixed interaction.
predator_prey_coupled_system,1.73,44.46677416104577,17.988433847285485,-8.867639357175726,7.003535584320364,0.7,0.05,0.02,0.5,explicit_euler,Predator-prey terms are illustrative and assume continuous well-mixed interaction.
predator_prey_coupled_system,1.74,44.37809776747401,18.058469203128688,-9.005357154136366,6.998775634982923,0.7,0.05,0.02,0.5,explicit_euler,Predator-prey terms are illustrative and assume continuous well-mixed interaction.
predator_prey_coupled_system,1.75,44.28804419593265,18.128456959478516,-9.142064214119515,6.993249580769691,0.7,0.05,0.02,0.5,explicit_euler,Predator-prey terms are illustrative and assume continuous well-mixed interaction.
predator_prey_coupled_system,1.76,44.196623553791454,18.198389455286215,-9.277731914374623,6.9869526331683485,0.7,0.05,0.02,0.5,explicit_euler,Predator-prey terms are illustrative and assume continuous well-mixed interaction.
predator_prey_coupled_system,1.77,44.103846234647705,18.268258981617898,-9.41233189074649,6.979880211191002,0.7,0.05,0.02,0.5,explicit_euler,Predator-prey terms are illustrative and assume continuous well-mixed interaction.
predator_prey_coupled_system,1.78,44.00972291574024,18.33805778372981,-9.545836052720954,6.972027945630746,0.7,0.05,0.02,0.5,explicit_euler,Predator-prey terms are illustrative and assume continuous well-mixed interaction.
predator_prey_coupled_system,1.79,43.91426455521303,18.407778063186118,-9.678216598370991,6.963391683214985,0.7,0.05,0.02,0.5,explicit_euler,Predator-prey terms are illustrative and assume continuous well-mixed interaction.
predator_prey_coupled_system,1.8,43.81748238922932,18.477411980018267,-9.809446029188745,6.9539674906505695,0.7,0.05,0.02,0.5,explicit_euler,Predator-prey terms are illustrative and assume continuous well-mixed interaction.
predator_prey_coupled_system,1.81,43.71938792893743,18.546951654924772,-9.93949716478901,6.9437516585556995,0.7,0.05,0.02,0.5,explicit_euler,Predator-prey terms are illustrative and assume continuous well-mixed interaction.
predator_prey_coupled_system,1.82,43.61999295728954,18.616389171510328,-10.068343157469414,6.93274070527367,0.7,0.05,0.02,0.5,explicit_euler,Predator-prey terms are illustrative and assume continuous well-mixed interaction.
predator_prey_coupled_system,1.83,43.519309525714846,18.685716578563063,-10.19595750661298,6.920931380563813,0.7,0.05,0.02,0.5,explicit_euler,Predator-prey terms are illustrative and assume continuous well-mixed interaction.
predator_prey_coupled_system,1.84,43.41734995064871,18.7549258923687,-10.322314072918626,6.908320669164739,0.7,0.05,0.02,0.5,explicit_euler,Predator-prey terms are illustrative and assume continuous well-mixed interaction.
predator_prey_coupled_system,1.85,43.31412680991953,18.824009099060348,-10.447387092445279,6.894905794225405,0.7,0.05,0.02,0.5,explicit_euler,Predator-prey terms are illustrative and assume continuous well-mixed interaction.
predator_prey_coupled_system,1.86,43.20965293899508,18.892958157002603,-10.571151190455371,6.88068422059947,0.7,0.05,0.02,0.5,explicit_euler,Predator-prey terms are illustrative and assume continuous well-mixed interaction.
predator_prey_coupled_system,1.87,43.103941427090525,18.961764999208597,-10.693581395043765,6.865653657998553,0.7,0.05,0.02,0.5,explicit_euler,Predator-prey terms are illustrative and assume continuous well-mixed interaction.
predator_prey_coupled_system,1.8800000000000001,42.99700561314009,19.030421535788584,-10.814653150538128,6.849812064000183,0.7,0.05,0.02,0.5,explicit_euler,Predator-prey terms are illustrative and assume continuous well-mixed interaction.
predator_prey_coupled_system,1.8900000000000001,42.888859081634706,19.098919656428585,-10.934342330657149,6.833157646906283,0.7,0.05,0.02,0.5,explicit_euler,Predator-prey terms are illustrative and assume continuous well-mixed interaction.
predator_prey_coupled_system,1.9000000000000001,42.77951565832814,19.167251232897648,-11.052625251413023,6.815688868448262,0.7,0.05,0.02,0.5,explicit_euler,Predator-prey terms are illustrative and assume continuous well-mixed interaction.
predator_prey_coupled_system,1.9100000000000001,42.66898940581401,19.235408121582132,-11.16947868374504,6.79740444633487,0.7,0.05,0.02,0.5,explicit_euler,Predator-prey terms are illustrative and assume continuous well-mixed interaction.
predator_prey_coupled_system,1.92,42.557294618976556,19.30338216604548,-11.284879865871183,6.778303356639167,0.7,0.05,0.02,0.5,explicit_euler,Predator-prey terms are illustrative and assume continuous well-mixed interaction.
predator_prey_coupled_system,1.93,42.444445820317846,19.371165199611873,-11.39880651534515,6.758384836021115,0.7,0.05,0.02,0.5,explicit_euler,Predator-prey terms are illustrative and assume continuous well-mixed interaction.
predator_prey_coupled_system,1.94,42.330457755164396,19.438749047972085,-11.511236840806149,6.737648383782448,0.7,0.05,0.02,0.5,explicit_euler,Predator-prey terms are illustrative and assume continuous well-mixed interaction.
predator_prey_coupled_system,1.95,42.21534538675633,19.50612553180991,-11.622149553409642,6.716093763750672,0.7,0.05,0.02,0.5,explicit_euler,Predator-prey terms are illustrative and assume continuous well-mixed interaction.
predator_prey_coupled_system,1.96,42.099123891222234,19.573286469447417,-11.731523877926971,6.693721005989303,0.7,0.05,0.02,0.5,explicit_euler,Predator-prey terms are illustrative and assume continuous well-mixed interaction.
predator_prey_coupled_system,1.97,41.981808652442965,19.64022367950731,-11.839339563502694,6.67053040833145,0.7,0.05,0.02,0.5,explicit_euler,Predator-prey terms are illustrative and assume continuous well-mixed interaction.
predator_prey_coupled_system,1.98,41.86341525680794,19.706928983590625,-11.945576894058366,6.6465225377342545,0.7,0.05,0.02,0.5,explicit_euler,Predator-prey terms are illustrative and assume continuous well-mixed interaction.
predator_prey_coupled_system,1.99,41.74395948786736,19.773394208967968,-12.050216698332349,6.6216982314518145,0.7,0.05,0.02,0.5,explicit_euler,Predator-prey terms are illustrative and assume continuous well-mixed interaction.
predator_prey_coupled_system,2.0,41.623457320884036,19.839611191282486,-12.153240359545165,6.5960585980243565,0.7,0.05,0.02,0.5,explicit_euler,Predator-prey terms are illustrative and assume continuous well-mixed interaction.
predator_prey_coupled_system,2.0100000000000002,41.501924917288584,19.90557177726273,-12.254629824680812,6.5696050180817664,0.7,0.05,0.02,0.5,explicit_euler,Predator-prey terms are illustrative and assume continuous well-mixed interaction.
predator_prey_coupled_system,2.02,41.37937861904177,19.971267827443548,-12.354367613374482,6.5423391449597155,0.7,0.05,0.02,0.5,explicit_euler,Predator-prey terms are illustrative and assume continuous well-mixed interaction.
predator_prey_coupled_system,2.0300000000000002,41.25583494290803,20.036691218893143,-12.452436826397893,6.514262905126833,0.7,0.05,0.02,0.5,explicit_euler,Predator-prey terms are illustrative and assume continuous well-mixed interaction.
predator_prey_coupled_system,2.04,41.131310574644054,20.101833847944413,-12.548821153733858,6.485378498421671,0.7,0.05,0.02,0.5,explicit_euler,Predator-prey terms are illustrative and assume continuous well-mixed interaction.
predator_prey_coupled_system,2.05,41.00582236310672,20.166687632928628,-12.64350488223192,6.455688398098335,0.7,0.05,0.02,0.5,explicit_euler,Predator-prey terms are illustrative and assume continuous well-mixed interaction.
predator_prey_coupled_system,2.06,40.8793873142844,20.231244516909612,-12.73647290283795,6.425195350680006,0.7,0.05,0.02,0.5,explicit_euler,Predator-prey terms are illustrative and assume continuous well-mixed interaction.
predator_prey_coupled_system,2.07,40.75202258525602,20.295496470416413,-12.827710717390467,6.393902375619662,0.7,0.05,0.02,0.5,explicit_euler,Predator-prey terms are illustrative and assume continuous well-mixed interaction.
predator_prey_coupled_system,2.08,40.623745478082114,20.35943549417261,-12.917204444977482,6.361812764767675,0.7,0.05,0.02,0.5,explicit_euler,Predator-prey terms are illustrative and assume continuous well-mixed interaction.
predator_prey_coupled_system,2.09,40.49457343363234,20.423053621820287,-13.004940827847989,6.3289300816461065,0.7,0.05,0.02,0.5,explicit_euler,Predator-prey terms are illustrative and assume continuous well-mixed interaction.
predator_prey_coupled_system,2.1,40.36452402535386,20.486342922636748,-13.090907236872752,6.295258160529807,0.7,0.05,0.02,0.5,explicit_euler,Predator-prey terms are illustrative and assume continuous well-mixed interaction.
predator_prey_coupled_system,2.11,40.23361495298513,20.549295504242046,-13.175091676549556,6.260801105334636,0.7,0.05,0.02,0.5,explicit_euler,Predator-prey terms are illustrative and assume continuous well-mixed interaction.
predator_prey_coupled_system,2.12,40.10186403621963,20.611903515295392,-13.257482789548927,6.225563288313369,0.7,0.05,0.02,0.5,explicit_euler,Predator-prey terms are illustrative and assume continuous well-mixed interaction.
predator_prey_coupled_system,2.13,39.96928920832414,20.674159148178525,-13.338069860796494,6.189549348560092,0.7,0.05,0.02,0.5,explicit_euler,Predator-prey terms are illustrative and assume continuous well-mixed interaction.
predator_prey_coupled_system,2.14,39.83590850971618,20.736054641664126,-13.416842821089062,6.152764190324088,0.7,0.05,0.02,0.5,explicit_euler,Predator-prey terms are illustrative and assume continuous well-mixed interaction.
predator_prey_coupled_system,2.15,39.701740081505285,20.797582283567365,-13.493792250241839,6.115212981134533,0.7,0.05,0.02,0.5,explicit_euler,Predator-prey terms are illustrative and assume continuous well-mixed interaction.
predator_prey_coupled_system,2.16,39.56680215900287,20.85873441337871,-13.568909379765003,6.076901149737447,0.7,0.05,0.02,0.5,explicit_euler,Predator-prey terms are illustrative and assume continuous well-mixed interaction.
predator_prey_coupled_system,2.17,39.43111306520522,20.919503424876083,-13.64218609506818,6.037834383846693,0.7,0.05,0.02,0.5,explicit_euler,Predator-prey terms are illustrative and assume continuous well-mixed interaction.
predator_prey_coupled_system,2.18,39.29469120425453,20.97988176871455,-13.713614937192212,5.998018627710877,0.7,0.05,0.02,0.5,explicit_euler,Predator-prey terms are illustrative and assume continuous well-mixed interaction.
predator_prey_coupled_system,2.19,39.157555054882614,21.039861954991657,-13.783189104067976,5.957460079498492,0.7,0.05,0.02,0.5,explicit_euler,Predator-prey terms are illustrative and assume continuous well-mixed interaction.
predator_prey_coupled_system,2.2,39.01972316384193,21.099436555786642,-13.850902451302716,5.916165188503504,0.7,0.05,0.02,0.5,explicit_euler,Predator-prey terms are illustrative and assume continuous well-mixed interaction.
predator_prey_coupled_system,2.21,38.881214139328904,21.158598207671677,-13.91674949249493,5.874140652174228,0.7,0.05,0.02,0.5,explicit_euler,Predator-prey terms are illustrative and assume continuous well-mixed interaction.
predator_prey_coupled_system,2.22,38.742046644403956,21.21733961419342,-13.980725399079304,5.831393412968115,0.7,0.05,0.02,0.5,explicit_euler,Predator-prey terms are illustrative and assume continuous well-mixed interaction.
predator_prey_coupled_system,2.23,38.60223939041316,21.275653548323103,-14.042825999703872,5.787930655035682,0.7,0.05,0.02,0.5,explicit_euler,Predator-prey terms are illustrative and assume continuous well-mixed interaction.
predator_prey_coupled_system,2.24,38.46181113041612,21.33353285487346,-14.103047779142226,5.743759800736672,0.7,0.05,0.02,0.5,explicit_euler,Predator-prey terms are illustrative and assume continuous well-mixed interaction.
predator_prey_coupled_system,2.25,38.3207806526247,21.39097045288083,-14.161387876743827,5.698888506992031,0.7,0.05,0.02,0.5,explicit_euler,Predator-prey terms are illustrative and assume continuous well-mixed interaction.
predator_prey_coupled_system,2.2600000000000002,38.17916677385726,21.44795933795075,-14.217844084426467,5.653324661475242,0.7,0.05,0.02,0.5,explicit_euler,Predator-prey terms are illustrative and assume continuous well-mixed interaction.
predator_prey_coupled_system,2.27,38.036988333013,21.5044925845655,-14.272414844215032,5.6070763786469,0.7,0.05,0.02,0.5,explicit_euler,Predator-prey terms are illustrative and assume continuous well-mixed interaction.
predator_prey_coupled_system,2.2800000000000002,37.89426418457085,21.56056334835197,-14.325099245331657,5.560151995636517,0.7,0.05,0.02,0.5,explicit_euler,Predator-prey terms are illustrative and assume continuous well-mixed interaction.
predator_prey_coupled_system,2.29,37.75101319211753,21.616164868308335,-14.375897020842505,5.512560067975743,0.7,0.05,0.02,0.5,explicit_euler,Predator-prey terms are illustrative and assume continuous well-mixed interaction.
predator_prey_coupled_system,2.3000000000000003,37.60725422190911,21.671290468988094,-14.42480854386718,5.464309365187374,0.7,0.05,0.02,0.5,explicit_euler,Predator-prey terms are illustrative and assume continuous well-mixed interaction.
predator_prey_coupled_system,2.31,37.46300613647044,21.725933562639966,-14.471834823357199,5.415408866234621,0.7,0.05,0.02,0.5,explicit_euler,Predator-prey terms are illustrative and assume continuous well-mixed interaction.
predator_prey_coupled_system,2.32,37.318287788236866,21.780087651302313,-14.51697749945038,5.365867754835316,0.7,0.05,0.02,0.5,explicit_euler,Predator-prey terms are illustrative and assume continuous well-mixed interaction.
predator_prey_coupled_system,2.33,37.17311801324236,21.833746328850665,-14.560238838408495,5.315695414645926,0.7,0.05,0.02,0.5,explicit_euler,Predator-prey terms are illustrative and assume continuous well-mixed interaction.
predator_prey_coupled_system,2.34,37.027515624858275,21.886903282997125,-14.601621727146107,5.264901424320197,0.7,0.05,0.02,0.5,explicit_euler,Predator-prey terms are illustrative and assume continuous well-mixed interaction.
predator_prey_coupled_system,2.35,36.881499407586816,21.939552297240326,-14.641129667358683,5.213495552447618,0.7,0.05,0.02,0.5,explicit_euler,Predator-prey terms are illustrative and assume continuous well-mixed interaction.
predator_prey_coupled_system,2.36,36.73508811091323,21.9916872527648,-14.678766769258857,5.161487752376848,0.7,0.05,0.02,0.5,explicit_euler,Predator-prey terms are illustrative and assume continuous well-mixed interaction.
predator_prey_coupled_system,2.37,36.588300443220646,22.04330213028857,-14.714537744929746,5.108888156929391,0.7,0.05,0.02,0.5,explicit_euler,Predator-prey terms are illustrative and assume continuous well-mixed interaction.
predator_prey_coupled_system,2.38,36.44115506577135,22.094391011857862,-14.748447901304917,5.055707073009009,0.7,0.05,0.02,0.5,explicit_euler,Predator-prey terms are illustrative and assume continuous well-mixed interaction.
predator_prey_coupled_system,2.39,36.293670586758296,22.144948082587952,-14.780503132784787,5.001954976112263,0.7,0.05,0.02,0.5,explicit_euler,Predator-prey terms are illustrative and assume continuous well-mixed interaction.
predator_prey_coupled_system,2.4,36.14586555543045,22.194967632349073,-14.81070991349969,4.947642504745863,0.7,0.05,0.02,0.5,explicit_euler,Predator-prey terms are illustrative and assume continuous well-mixed interaction.
predator_prey_coupled_system,2.41,35.99775845629545,22.24444405739653,-14.839075289230042,4.892780454756478,0.7,0.05,0.02,0.5,explicit_euler,Predator-prey terms are illustrative and assume continuous well-mixed interaction.
predator_prey_coupled_system,2.42,35.84936770340315,22.293371861944095,-14.865606868994561,4.837379773578659,0.7,0.05,0.02,0.5,explicit_euler,Predator-prey terms are illustrative and assume continuous well-mixed interaction.
predator_prey_coupled_system,2.43,35.70071163471321,22.341745659679884,-14.890312816317604,4.781451554406798,0.7,0.05,0.02,0.5,explicit_euler,Predator-prey terms are illustrative and assume continuous well-mixed interaction.
predator_prey_coupled_system,2.44,35.55180850655003,22.389560175223952,-14.913201840187014,4.7250070302968386,0.7,0.05,0.02,0.5,explicit_euler,Predator-prey terms are illustrative and assume continuous well-mixed interaction.
predator_prey_coupled_system,2.45,35.40267648814816,22.43681024552692,-14.934283185714172,4.668057568203693,0.7,0.05,0.02,0.5,explicit_euler,Predator-prey terms are illustrative and assume continuous well-mixed interaction.
predator_prey_coupled_system,2.46,35.25333365629102,22.483490821208957,-14.953566624508085,4.61061466296024,0.7,0.05,0.02,0.5,explicit_euler,Predator-prey terms are illustrative and assume continuous well-mixed interaction.
predator_prey_coupled_system,2.47,35.10379799004594,22.529596967838557,-14.971062444775665,4.552689931203847,0.7,0.05,0.02,0.5,explicit_euler,Predator-prey terms are illustrative and assume continuous well-mixed interaction.
predator_prey_coupled_system,2.48,34.954087365598184,22.575123867150594,-14.98678144116041,4.494295105256356,0.7,0.05,0.02,0.5,explicit_euler,Predator-prey terms are illustrative and assume continuous well-mixed interaction.
predator_prey_coupled_system,2.49,34.80421955118658,22.620066818203156,-15.000734904332049,4.435442026963482,0.7,0.05,0.02,0.5,explicit_euler,Predator-prey terms are illustrative and assume continuous well-mixed interaction.
predator_prey_coupled_system,2.5,34.654212202143256,22.66442123847279,-15.012934610339656,4.376142641499577,0.7,0.05,0.02,0.5,explicit_euler,Predator-prey terms are illustrative and assume continuous well-mixed interaction.
predator_prey_coupled_system,2.5100000000000002,34.50408285603986,22.708182664887786,-15.023392809740912,4.31640899114363,0.7,0.05,0.02,0.5,explicit_euler,Predator-prey terms are illustrative and assume continuous well-mixed interaction.
predator_prey_coupled_system,2.52,34.35384892794245,22.751346754799222,-15.032122216520595,4.256253209032515,0.7,0.05,0.02,0.5,explicit_euler,Predator-prey terms are illustrative and assume continuous well-mixed interaction.
predator_prey_coupled_system,2.5300000000000002,34.20352770577725,22.793909286889548,-15.03913599681093,4.195687512897225,0.7,0.05,0.02,0.5,explicit_euler,Predator-prey terms are illustrative and assume continuous well-mixed interaction.
predator_prey_coupled_system,2.54,34.053136345809136,22.83586616201852,-15.044447757426894,4.1347241987880565,0.7,0.05,0.02,0.5,explicit_euler,Predator-prey terms are illustrative and assume continuous well-mixed interaction.
predator_prey_coupled_system,2.5500000000000003,33.90269186823487,22.8772134040064,-15.048071534229674,4.073375634794431,0.7,0.05,0.02,0.5,explicit_euler,Predator-prey terms are illustrative and assume continuous well-mixed interaction.
predator_prey_coupled_system,2.56,33.75221115289257,22.917947160354345,-15.05002178033093,4.0116542547651175,0.7,0.05,0.02,0.5,explicit_euler,Predator-prey terms are illustrative and assume continuous well-mixed interaction.
predator_prey_coupled_system,2.57,33.60171093508926,22.958063702901995,-15.050313354151413,3.9495725520345566,0.7,0.05,0.02,0.5,explicit_euler,Predator-prey terms are illustrative and assume continuous well-mixed interaction.
predator_prey_coupled_system,2.58,33.451207801547746,22.997559428422342,-15.048961507346547,3.887143073160816,0.7,0.05,0.02,0.5,explicit_euler,Predator-prey terms are illustrative and assume continuous well-mixed interaction.
predator_prey_coupled_system,2.59,33.30071818647428,23.03643085915395,-15.045981872612266,3.824378411680728,0.7,0.05,0.02,0.5,explicit_euler,Predator-prey terms are illustrative and assume continuous well-mixed interaction.
predator_prey_coupled_system,2.6,33.15025836774816,23.074674643270757,-15.04139045138393,3.7612912018876745,0.7,0.05,0.02,0.5,explicit_euler,Predator-prey terms are illustrative and assume continuous well-mixed interaction.
predator_prey_coupled_system,2.61,32.99984446323432,23.112287555289633,-15.035203601441179,3.6978941126372646,0.7,0.05,0.02,0.5,explicit_euler,Predator-prey terms are illustrative and assume continuous well-mixed interaction.
predator_prey_coupled_system,2.62,32.84949242721991,23.149266496416004,-15.02743802443172,3.634199841186259,0.7,0.05,0.02,0.5,explicit_euler,Predator-prey terms are illustrative and assume continuous well-mixed interaction.
predator_prey_coupled_system,2.63,32.69921804697559,23.185608494827868,-15.018110753326386,3.5702211070697842,0.7,0.05,0.02,0.5,explicit_euler,Predator-prey terms are illustrative and assume continuous well-mixed interaction.
predator_prey_coupled_system,2.64,32.549036939442324,23.221310705898567,-15.00723913981837,3.505970646021918,0.7,0.05,0.02,0.5,explicit_euler,Predator-prey terms are illustrative and assume continuous well-mixed interaction.
predator_prey_coupled_system,2.65,32.39896454804414,23.256370412358788,-14.994840841678862,3.441461203944508,0.7,0.05,0.02,0.5,explicit_euler,Predator-prey terms are illustrative and assume continuous well-mixed interaction.
predator_prey_coupled_system,2.66,32.24901613962735,23.290785024398232,-14.98093381008134,3.376705530929076,0.7,0.05,0.02,0.5,explicit_euler,Predator-prey terms are illustrative and assume continuous well-mixed interaction.
predator_prey_coupled_system,2.67,32.099206801526535,23.324552079707523,-14.96553627690681,3.311716375336392,0.7,0.05,0.02,0.5,explicit_euler,Predator-prey terms are illustrative and assume continuous well-mixed interaction.
predator_prey_coupled_system,2.68,31.949551438757467,23.357669243460887,-14.948666742041624,3.2465064779382935,0.7,0.05,0.02,0.5,explicit_euler,Predator-prey terms are illustrative and assume continuous well-mixed interaction.
predator_prey_coupled_system,2.69,31.800064771337052,23.39013430824027,-14.93034396067975,3.181088566126135,0.7,0.05,0.02,0.5,explicit_euler,Predator-prey terms are illustrative and assume continuous well-mixed interaction.
predator_prey_coupled_system,2.7,31.650761331730255,23.421945193901532,-14.91058693064102,3.1154753481901114,0.7,0.05,0.02,0.5,explicit_euler,Predator-prey terms are illustrative and assume continuous well-mixed interaction.
predator_prey_coupled_system,2.71,31.501655462423845,23.453099947383432,-14.889414879716497,3.0496795076735577,0.7,0.05,0.02,0.5,explicit_euler,Predator-prey terms are illustrative and assume continuous well-mixed interaction.
predator_prey_coupled_system,2.72,31.35276131362668,23.48359674246017,-14.866847253052057,2.983713697806211,0.7,0.05,0.02,0.5,explicit_euler,Predator-prey terms are illustrative and assume continuous well-mixed interaction.
predator_prey_coupled_system,2.73,31.20409284109616,23.51343387943823,-14.842903700581012,2.917590536020212,0.7,0.05,0.02,0.5,explicit_euler,Predator-prey terms are illustrative and assume continuous well-mixed interaction.
predator_prey_coupled_system,2.74,31.05566380409035,23.542609784798433,-14.817604064516164,2.851322598552544,0.7,0.05,0.02,0.5,explicit_euler,Predator-prey terms are illustrative and assume continuous well-mixed interaction.
predator_prey_coupled_system,2.75,30.90748776344519,23.571123010783957,-14.790968366911692,2.784922415137352,0.7,0.05,0.02,0.5,explicit_euler,Predator-prey terms are illustrative and assume continuous well-mixed interaction.
predator_prey_coupled_system,2.7600000000000002,30.759578079776073,23.59897223493533,-14.7630167973048,2.718402463791554,0.7,0.05,0.02,0.5,explicit_euler,Predator-prey terms are illustrative and assume continuous well-mixed interaction.
predator_prey_coupled_system,2.77,30.611947911803025,23.626156259573246,-14.733769700446647,2.6517751656968827,0.7,0.05,0.02,0.5,explicit_euler,Predator-prey terms are illustrative and assume continuous well-mixed interaction.
predator_prey_coupled_system,2.7800000000000002,30.464610214798558,23.652674011230214,-14.703247564132226,2.5850528801813812,0.7,0.05,0.02,0.5,explicit_euler,Predator-prey terms are illustrative and assume continuous well-mixed interaction.
predator_prey_coupled_system,2.79,30.317577739157237,23.67852454003203,-14.67147100713811,2.518247899803253,0.7,0.05,0.02,0.5,explicit_euler,Predator-prey terms are illustrative and assume continuous well-mixed interaction.
predator_prey_coupled_system,2.8000000000000003,30.170863029085854,23.703707019030062,-14.638460767276758,2.4513724455397075,0.7,0.05,0.02,0.5,explicit_euler,Predator-prey terms are illustrative and assume continuous well-mixed interaction.
predator_prey_coupled_system,2.81,30.024478421413086,23.72822074348546,-14.60423768957612,2.3844386620833813,0.7,0.05,0.02,0.5,explicit_euler,Predator-prey terms are illustrative and assume continuous well-mixed interaction.
predator_prey_coupled_system,2.82,29.878436044517326,23.752065130106292,-14.568822714592425,2.3174586132486734,0.7,0.05,0.02,0.5,explicit_euler,Predator-prey terms are illustrative and assume continuous well-mixed interaction.
predator_prey_coupled_system,2.83,29.7327478173714,23.77523971623878,-14.532236866864046,2.250444277490219,0.7,0.05,0.02,0.5,explicit_euler,Predator-prey terms are illustrative and assume continuous well-mixed interaction.
predator_prey_coupled_system,2.84,29.58742544870276,23.797744159013682,-14.494501243514009,2.1834075435355356,0.7,0.05,0.02,0.5,explicit_euler,Predator-prey terms are illustrative and assume continuous well-mixed interaction.
predator_prey_coupled_system,2.85,29.44248043626762,23.819578234449036,-14.45563700300826,2.1163602061337183,0.7,0.05,0.02,0.5,explicit_euler,Predator-prey terms are illustrative and assume continuous well-mixed interaction.
predator_prey_coupled_system,2.86,29.297924066237538,23.84074183651037,-14.415665354076399,2.0493139619218823,0.7,0.05,0.02,0.5,explicit_euler,Predator-prey terms are illustrative and assume continuous well-mixed interaction.
predator_prey_coupled_system,2.87,29.153767412696773,23.86123497612959,-14.374607544801627,1.9822804054109522,0.7,0.05,0.02,0.5,explicit_euler,Predator-prey terms are illustrative and assume continuous well-mixed interaction.
predator_prey_coupled_system,2.88,29.010021337248755,23.8810577801837,-14.332484851885848,1.9152710250921405,0.7,0.05,0.02,0.5,explicit_euler,Predator-prey terms are illustrative and assume continuous well-mixed interaction.
predator_prey_coupled_system,2.89,28.866696488729897,23.90021049043462,-14.289318570095801,1.8482971996653799,0.7,0.05,0.02,0.5,explicit_euler,Predator-prey terms are illustrative and assume continuous well-mixed interaction.
predator_prey_coupled_system,2.9,28.723803303028937,23.918693462431275,-14.245130001895756,1.7813701943907656,0.7,0.05,0.02,0.5,explicit_euler,Predator-prey terms are illustrative and assume continuous well-mixed interaction.
predator_prey_coupled_system,2.91,28.58135200300998,23.936507164375183,-14.199940447271885,1.714501157563955,0.7,0.05,0.02,0.5,explicit_euler,Predator-prey terms are illustrative and assume continuous well-mixed interaction.
predator_prey_coupled_system,2.92,28.43935259853726,23.953652175950822,-14.153771193753158,1.6477011171162825,0.7,0.05,0.02,0.5,explicit_euler,Predator-prey terms are illustrative and assume continuous well-mixed interaction.
predator_prey_coupled_system,2.93,28.297814886599728,23.970129187121984,-14.106643506633151,1.5809809773401895,0.7,0.05,0.02,0.5,explicit_euler,Predator-prey terms are illustrative and assume continuous well-mixed interaction.
predator_prey_coupled_system,2.94,28.156748451533396,23.985938996895385,-14.058578619397057,1.514351515740481,0.7,0.05,0.02,0.5,explicit_euler,Predator-prey terms are illustrative and assume continuous well-mixed interaction.
predator_prey_coupled_system,2.95,28.016162665339426,24.00108251205279,-14.009597724357622,1.4478233800116929,0.7,0.05,0.02,0.5,explicit_euler,Predator-prey terms are illustrative and assume continuous well-mixed interaction.
predator_prey_coupled_system,2.96,27.87606668809585,24.015560745852905,-13.959721963503537,1.3814070851417988,0.7,0.05,0.02,0.5,explicit_euler,Predator-prey terms are illustrative and assume continuous well-mixed interaction.
predator_prey_coupled_system,2.97,27.736469468460815,24.029374816704323,-13.908972419563469,1.3151130106422517,0.7,0.05,0.02,0.5,explicit_euler,Predator-prey terms are illustrative and assume continuous well-mixed interaction.
predator_prey_coupled_system,2.98,27.59737974426518,24.042525946810745,-13.85737010728862,1.2489513979043263,0.7,0.05,0.02,0.5,explicit_euler,Predator-prey terms are illustrative and assume continuous well-mixed interaction.
predator_prey_coupled_system,2.99,27.458806043192293,24.05501546078979,-13.804935964956332,1.182932347681481,0.7,0.05,0.02,0.5,explicit_euler,Predator-prey terms are illustrative and assume continuous well-mixed interaction.
predator_prey_coupled_system,3.0,27.32075668354273,24.066844784266603,-13.751690846096956,1.1170658176974442,0.7,0.05,0.02,0.5,explicit_euler,Predator-prey terms are illustrative and assume continuous well-mixed interaction.
predator_prey_coupled_system,3.0100000000000002,27.18323977508176,24.07801544244358,-13.697655511446026,1.051361620379513,0.7,0.05,0.02,0.5,explicit_euler,Predator-prey terms are illustrative and assume continuous well-mixed interaction.
predator_prey_coupled_system,3.02,27.046263219967297,24.088529058647374,-13.64285062112329,0.9858294207164722,0.7,0.05,0.02,0.5,explicit_euler,Predator-prey terms are illustrative and assume continuous well-mixed interaction.
predator_prey_coupled_system,3.0300000000000002,26.909834713756066,24.098387352854537,-13.587296727040016,0.9204787342404348,0.7,0.05,0.02,0.5,explicit_euler,Predator-prey terms are illustrative and assume continuous well-mixed interaction.
predator_prey_coupled_system,3.04,26.773961746485664,24.107592140196942,-13.531014265535607,0.8553189251317566,0.7,0.05,0.02,0.5,explicit_euler,Predator-prey terms are illustrative and assume continuous well-mixed interaction.
predator_prey_coupled_system,3.0500000000000003,26.638651603830308,24.11614532944826,-13.474023550244368,0.790359204446105,0.7,0.05,0.02,0.5,explicit_euler,Predator-prey terms are illustrative and assume continuous well-mixed interaction.
predator_prey_coupled_system,3.06,26.503911368327863,24.12404892149272,-13.416344765192918,0.7256086284626093,0.7,0.05,0.02,0.5,explicit_euler,Predator-prey terms are illustrative and assume continuous well-mixed interaction.
predator_prey_coupled_system,3.0700000000000003,26.369747920675934,24.131305007777346,-13.357997958128522,0.6610760971519962,0.7,0.05,0.02,0.5,explicit_euler,Predator-prey terms are illustrative and assume continuous well-mixed interaction.
predator_prey_coupled_system,3.08,26.23616794109465,24.137915768748865,-13.299003034078346,0.5967703527634072,0.7,0.05,0.02,0.5,explicit_euler,Predator-prey terms are illustrative and assume continuous well-mixed interaction.
predator_prey_coupled_system,3.09,26.103177910753868,24.1438834722765,-13.23937974913946,0.5326999785286155,0.7,0.05,0.02,0.5,explicit_euler,Predator-prey terms are illustrative and assume continuous well-mixed interaction.
predator_prey_coupled_system,3.1,25.97078411326247,24.149210472061785,-13.17914770449897,0.46887339748218615,0.7,0.05,0.02,0.5,explicit_euler,Predator-prey terms are illustrative and assume continuous well-mixed interaction.
predator_prey_coupled_system,3.11,25.838992636217483,24.153899206036606,-13.118326340683726,0.4052988713960808,0.7,0.05,0.02,0.5,explicit_euler,Predator-prey terms are illustrative and assume continuous well-mixed interaction.
predator_prey_coupled_system,3.12,25.707809372810647,24.157952194750568,-13.056934932038558,0.3419844998271202,0.7,0.05,0.02,0.5,explicit_euler,Predator-prey terms are illustrative and assume continuous well-mixed interaction.
predator_prey_coupled_system,3.13,25.577240023490262,24.161372039748837,-12.99499258143194,0.27893821927563067,0.7,0.05,0.02,0.5,explicit_euler,Predator-prey terms are illustrative and assume continuous well-mixed interaction.
predator_prey_coupled_system,3.14,25.447290097675943,24.164161421941593,-12.93251821518771,0.21616780245355116,0.7,0.05,0.02,0.5,explicit_euler,Predator-prey terms are illustrative and assume continuous well-mixed interaction.
predator_prey_coupled_system,3.15,25.317964915524065,24.166323099966128,-12.869530578241218,0.15368085766016115,0.7,0.05,0.02,0.5,explicit_euler,Predator-prey terms are illustrative and assume continuous well-mixed interaction.
predator_prey_coupled_system,3.16,25.189269609741654,24.16785990854273,-12.8060482295183,0.09148482826361715,0.7,0.05,0.02,0.5,explicit_euler,Predator-prey terms are illustrative and assume continuous well-mixed interaction.
predator_prey_coupled_system,3.17,25.06120912744647,24.168774756825368,-12.742089537534959,0.029586992286311897,0.7,0.05,0.02,0.5,explicit_euler,Predator-prey terms are illustrative and assume continuous well-mixed interaction.
predator_prey_coupled_system,3.18,24.933788232071123,24.16907062674823,-12.677672676215764,-0.03200553790789762,0.7,0.05,0.02,0.5,explicit_euler,Predator-prey terms are illustrative and assume continuous well-mixed interaction.
predator_prey_coupled_system,3.19,24.807011505308964,24.168750571369152,-12.612815620928586,-0.09328581582663276,0.7,0.05,0.02,0.5,explicit_euler,Predator-prey terms are illustrative and assume continuous well-mixed interaction.
predator_prey_coupled_system,3.2,24.680883349099677,24.167817713210887,-12.547536144733371,-0.1542470609641864,0.7,0.05,0.02,0.5,explicit_euler,Predator-prey terms are illustrative and assume continuous well-mixed interaction.
predator_prey_coupled_system,3.21,24.555407987652345,24.166275242601245,-12.481851814842145,-0.21488265882110902,0.7,0.05,0.02,0.5,explicit_euler,Predator-prey terms are illustrative and assume continuous well-mixed interaction.
predator_prey_coupled_system,3.22,24.43058946950392,24.164126416013033,-12.415779989287739,-0.27518616083032477,0.7,0.05,0.02,0.5,explicit_euler,Predator-prey terms are illustrative and assume continuous well-mixed interaction.
predator_prey_coupled_system,3.23,24.306431669611044,24.16137455440473,-12.349337813798147,-0.3351512841920137,0.7,0.05,0.02,0.5,explicit_euler,Predator-prey terms are illustrative and assume continuous well-mixed interaction.
predator_prey_coupled_system,3.24,24.18293829147306,24.15802304156281,-12.28254221887375,-0.3947719116194488,0.7,0.05,0.02,0.5,explicit_euler,Predator-prey terms are illustrative and assume continuous well-mixed interaction.
predator_prey_coupled_system,3.25,24.060112869284325,24.154075322446616,-12.215409917064012,-0.454042090998092,0.7,0.05,0.02,0.5,explicit_euler,Predator-prey terms are illustrative and assume continuous well-mixed interaction.
predator_prey_coupled_system,3.2600000000000002,23.937958770113685,24.149534901536637,-12.147957400440696,-0.5129560349602098,0.7,0.05,0.02,0.5,explicit_euler,Predator-prey terms are illustrative and assume continuous well-mixed interaction.
predator_prey_coupled_system,3.27,23.816479196109277,24.144405341187035,-12.080200938264046,-0.5715081203773025,0.7,0.05,0.02,0.5,explicit_euler,Predator-prey terms are illustrative and assume continuous well-mixed interaction.
predator_prey_coupled_system,3.2800000000000002,23.695677186726638,24.13869025998326,-12.012156574838649,-0.6296928877727126,0.7,0.05,0.02,0.5,explicit_euler,Predator-prey terms are illustrative and assume continuous well-mixed interaction.
predator_prey_coupled_system,3.29,23.57555562097825,24.132393331105533,-11.943840127555383,-0.6875050406567045,0.7,0.05,0.02,0.5,explicit_euler,Predator-prey terms are illustrative and assume continuous well-mixed interaction.
predator_prey_coupled_system,3.3000000000000003,23.456117219702698,24.125518280698966,-11.87526718511587,-0.7449394447863771,0.7,0.05,0.02,0.5,explicit_euler,Predator-prey terms are illustrative and assume continuous well-mixed interaction.
predator_prey_coupled_system,3.31,23.33736454785154,24.118068886251102,-11.806453105935812,-0.801991127352796,0.7,0.05,0.02,0.5,explicit_euler,Predator-prey terms are illustrative and assume continuous well-mixed interaction.
predator_prey_coupled_system,3.3200000000000003,23.219300016792182,24.110048974977573,-11.737413016723327,-0.8586552760976449,0.7,0.05,0.02,0.5,explicit_euler,Predator-prey terms are illustrative and assume continuous well-mixed interaction.
predator_prey_coupled_system,3.33,23.10192588662495,24.101462422216596,-11.668161811228739,-0.9149272383618161,0.7,0.05,0.02,0.5,explicit_euler,Predator-prey terms are illustrative and assume continuous well-mixed interaction.
predator_prey_coupled_system,3.34,22.985244268512663,24.09231314983298,-11.598714149161676,-0.9708025200682737,0.7,0.05,0.02,0.5,explicit_euler,Predator-prey terms are illustrative and assume continuous well-mixed interaction.
predator_prey_coupled_system,3.35,22.869257127021047,24.082605124632295,-11.529084455271807,-1.0262767846415333,0.7,0.05,0.02,0.5,explicit_euler,Predator-prey terms are illustrative and assume continuous well-mixed interaction.
predator_prey_coupled_system,3.36,22.75396628246833,24.072342356785878,-11.459286918589175,-1.0813458518661374,0.7,0.05,0.02,0.5,explicit_euler,Predator-prey terms are illustrative and assume continuous well-mixed interaction.
predator_prey_coupled_system,3.37,22.63937341328244,24.061528898267216,-11.389335491820187,-1.1360056966864498,0.7,0.05,0.02,0.5,explicit_euler,Predator-prey terms are illustrative and assume continuous well-mixed interaction.
predator_prey_coupled_system,3.38,22.525480058364238,24.05016884130035,-11.319243890895235,-1.1902524479500958,0.7,0.05,0.02,0.5,explicit_euler,Predator-prey terms are illustrative and assume continuous well-mixed interaction.
predator_prey_coupled_system,3.39,22.412287619455284,24.03826631682085,-11.249025594663946,-1.2440823870973663,0.7,0.05,0.02,0.5,explicit_euler,Predator-prey terms are illustrative and assume continuous well-mixed interaction.
predator_prey_coupled_system,3.4,22.299797363508645,24.025825492949874,-11.178693844734068,-1.297491946798889,0.7,0.05,0.02,0.5,explicit_euler,Predator-prey terms are illustrative and assume continuous well-mixed interaction.
predator_prey_coupled_system,3.41,22.188010425061304,24.012850573481884,-11.108261645449858,-1.350477709543835,0.7,0.05,0.02,0.5,explicit_euler,Predator-prey terms are illustrative and assume continuous well-mixed interaction.
predator_prey_coupled_system,3.42,22.076927808606804,23.999345796386446,-11.037741764005974,-1.4030364061809273,0.7,0.05,0.02,0.5,explicit_euler,Predator-prey terms are illustrative and assume continuous well-mixed interaction.
predator_prey_coupled_system,3.43,21.966550390966745,23.985315432324636,-10.967146730692853,-1.455164914414489,0.7,0.05,0.02,0.5,explicit_euler,Predator-prey terms are illustrative and assume continuous well-mixed interaction.
predator_prey_coupled_system,3.44,21.856878923659817,23.97076378318049,-10.896488839269416,-1.5068602572577312,0.7,0.05,0.02,0.5,explicit_euler,Predator-prey terms are illustrative and assume continuous well-mixed interaction.
predator_prey_coupled_system,3.45,21.747914035267122,23.955695180607915,-10.82578014745921,-1.5581196014454797,0.7,0.05,0.02,0.5,explicit_euler,Predator-prey terms are illustrative and assume continuous well-mixed interaction.
predator_prey_coupled_system,3.46,21.63965623379253,23.94011398459346,-10.755032477565807,-1.6089402558084984,0.7,0.05,0.02,0.5,explicit_euler,Predator-prey terms are illustrative and assume continuous well-mixed interaction.
predator_prey_coupled_system,3.47,21.53210590901687,23.924024582035376,-10.684257417203632,-1.6593196696115111,0.7,0.05,0.02,0.5,explicit_euler,Predator-prey terms are illustrative and assume continuous well-mixed interaction.
predator_prey_coupled_system,3.48,21.425263334844836,23.90743138533926,-10.613466320140017,-1.7092554308570715,0.7,0.05,0.02,0.5,explicit_euler,Predator-prey terms are illustrative and assume continuous well-mixed interaction.
predator_prey_coupled_system,3.49,21.319128671643437,23.89033883103069,-10.542670307244741,-1.7587452645572874,0.7,0.05,0.02,0.5,explicit_euler,Predator-prey terms are illustrative and assume continuous well-mixed interaction.
predator_prey_coupled_system,3.5,21.21370196857099,23.872751378385118,-10.47188026754302,-1.807787030975474,0.7,0.05,0.02,0.5,explicit_euler,Predator-prey terms are illustrative and assume continuous well-mixed interaction.
predator_prey_coupled_system,3.5100000000000002,21.108983165895562,23.854673508075365,-10.401106859367996,-1.856378723839729,0.7,0.05,0.02,0.5,explicit_euler,Predator-prey terms are illustrative and assume continuous well-mixed interaction.
predator_prey_coupled_system,3.52,21.00497209730188,23.83610972083697,-10.330360511609019,-1.9045184685303518,0.7,0.05,0.02,0.5,explicit_euler,Predator-prey terms are illustrative and assume continuous well-mixed interaction.
predator_prey_coupled_system,3.5300000000000002,20.90166849218579,23.817064536151666,-10.259651425051795,-1.9522045202430949,0.7,0.05,0.02,0.5,explicit_euler,Predator-prey terms are illustrative and assume continuous well-mixed interaction.
predator_prey_coupled_system,3.54,20.799071977935274,23.797542490949233,-10.18898957380662,-1.999435262130092,0.7,0.05,0.02,0.5,explicit_euler,Predator-prey terms are illustrative and assume continuous well-mixed interaction.
predator_prey_coupled_system,3.5500000000000003,20.69718208219721,23.777548138327933,-10.118384706821082,-2.0462092034203163,0.7,0.05,0.02,0.5,explicit_euler,Predator-prey terms are illustrative and assume continuous well-mixed interaction.
predator_prey_coupled_system,3.56,20.595998235129,23.75708604629373,-10.047846349473376,-2.0925249775213963,0.7,0.05,0.02,0.5,explicit_euler,Predator-prey terms are illustrative and assume continuous well-mixed interaction.
predator_prey_coupled_system,3.5700000000000003,20.495519771634264,23.736160796518515,-9.977383805242782,-2.1383813401045515,0.7,0.05,0.02,0.5,explicit_euler,Predator-prey terms are illustrative and assume continuous well-mixed interaction.
predator_prey_coupled_system,3.58,20.395745933581836,23.71477698311747,-9.907006157453628,-2.1837771671743695,0.7,0.05,0.02,0.5,explicit_euler,Predator-prey terms are illustrative and assume continuous well-mixed interaction.
predator_prey_coupled_system,3.59,20.2966758720073,23.692939211445726,-9.836722271089199,-2.2287114531251397,0.7,0.05,0.02,0.5,explicit_euler,Predator-prey terms are illustrative and assume continuous well-mixed interaction.
predator_prey_coupled_system,3.6,20.198308649296408,23.670652096914473,-9.766540794672204,-2.2731833087853612,0.7,0.05,0.02,0.5,explicit_euler,Predator-prey terms are illustrative and assume continuous well-mixed interaction.
predator_prey_coupled_system,3.61,20.100643241349687,23.64792026382662,-9.696470162208366,-2.317191959452053,0.7,0.05,0.02,0.5,explicit_euler,Predator-prey terms are illustrative and assume continuous well-mixed interaction.
predator_prey_coupled_system,3.62,20.003678539727602,23.6247483442321,-9.626518595189722,-2.3607367429164334,0.7,0.05,0.02,0.5,explicit_euler,Predator-prey terms are illustrative and assume continuous well-mixed interaction.
predator_prey_coupled_system,3.63,19.907413353775706,23.601140976802935,-9.556694104654497,-2.403817107482473,0.7,0.05,0.02,0.5,explicit_euler,Predator-prey terms are illustrative and assume continuous well-mixed interaction.
predator_prey_coupled_system,3.64,19.81184641272916,23.57710280572811,-9.487004493300143,-2.4464326099798335,0.7,0.05,0.02,0.5,explicit_euler,Predator-prey terms are illustrative and assume continuous well-mixed interaction.
predator_prey_coupled_system,3.65,19.71697636779616,23.55263847962831,-9.417457357646583,-2.488582913772598,0.7,0.05,0.02,0.5,explicit_euler,Predator-prey terms are illustrative and assume continuous well-mixed interaction.
predator_prey_coupled_system,3.66,19.622801794219694,23.527752650490584,-9.348060090246408,-2.530267786765217,0.7,0.05,0.02,0.5,explicit_euler,Predator-prey terms are illustrative and assume continuous well-mixed interaction.
predator_prey_coupled_system,3.67,19.52932119331723,23.50244997262293,-9.278819881939087,-2.5714870994070065,0.7,0.05,0.02,0.5,explicit_euler,Predator-prey terms are illustrative and assume continuous well-mixed interaction.
predator_prey_coupled_system,3.68,19.43653299449784,23.47673510162886,-9.20974372414626,-2.612240822696533,0.7,0.05,0.02,0.5,explicit_euler,Predator-prey terms are illustrative and assume continuous well-mixed interaction.
predator_prey_coupled_system,3.69,19.344435557256375,23.450612693401897,-9.140838411205108,-2.6525290261871213,0.7,0.05,0.02,0.5,explicit_euler,Predator-prey terms are illustrative and assume continuous well-mixed interaction.
predator_prey_coupled_system,3.7,19.253027173144325,23.424087403140025,-9.072110542737104,-2.6923518759947616,0.7,0.05,0.02,0.5,explicit_euler,Predator-prey terms are illustrative and assume continuous well-mixed interaction.
predator_prey_coupled_system,3.71,19.162306067716955,23.397163884380078,-9.003566526049354,-2.731709632809551,0.7,0.05,0.02,0.5,explicit_euler,Predator-prey terms are illustrative and assume continuous well-mixed interaction.
predator_prey_coupled_system,3.72,19.07227040245646,23.369846788051984,-8.935212578565782,-2.7706026499118703,0.7,0.05,0.02,0.5,explicit_euler,Predator-prey terms are illustrative and assume continuous well-mixed interaction.
predator_prey_coupled_system,3.73,18.9829182766708,23.342140761552866,-8.867054730285659,-2.8090313711943455,0.7,0.05,0.02,0.5,explicit_euler,Predator-prey terms are illustrative and assume continuous well-mixed interaction.
predator_prey_coupled_system,3.74,18.894247729367944,23.314050447840923,-8.799098826266844,-2.8469963291907003,0.7,0.05,0.02,0.5,explicit_euler,Predator-prey terms are illustrative and assume continuous well-mixed interaction.
predator_prey_coupled_system,3.75,18.806256741105276,23.285580484549016,-8.731350529131275,-2.88449814311252,0.7,0.05,0.02,0.5,explicit_euler,Predator-prey terms are illustrative and assume continuous well-mixed interaction.
predator_prey_coupled_system,3.7600000000000002,18.718943235813963,23.25673550311789,-8.663815321590386,-2.921537516894883,0.7,0.05,0.02,0.5,explicit_euler,Predator-prey terms are illustrative and assume continuous well-mixed interaction.
predator_prey_coupled_system,3.77,18.63230508259806,23.227520127948942,-8.596498508987949,-2.9581152372518353,0.7,0.05,0.02,0.5,explicit_euler,Predator-prey terms are illustrative and assume continuous well-mixed interaction.
predator_prey_coupled_system,3.7800000000000002,18.54634009750818,23.197938975576424,-8.529405221858315,-2.9942321717425955,0.7,0.05,0.02,0.5,explicit_euler,Predator-prey terms are illustrative and assume continuous well-mixed interaction.
predator_prey_coupled_system,3.79,18.461046045289596,23.167996653859,-8.462540418497602,-3.0298892668493753,0.7,0.05,0.02,0.5,explicit_euler,Predator-prey terms are illustrative and assume continuous well-mixed interaction.
predator_prey_coupled_system,3.8000000000000003,18.37642064110462,23.137697761190505,-8.395908887545835,-3.065087546067625,0.7,0.05,0.02,0.5,explicit_euler,Predator-prey terms are illustrative and assume continuous well-mixed interaction.
predator_prey_coupled_system,3.81,18.29246155222916,23.10704688572983,-8.329515250578062,-3.0998281080095254,0.7,0.05,0.02,0.5,explicit_euler,Predator-prey terms are illustrative and assume continuous well-mixed interaction.
predator_prey_coupled_system,3.8200000000000003,18.20916639972338,23.076048604649735,-8.263363964702213,-3.1341121245214367,0.7,0.05,0.02,0.5,explicit_euler,Predator-prey terms are illustrative and assume continuous well-mixed interaction.
predator_prey_coupled_system,3.83,18.12653276007636,23.04470748340452,-8.197459325161994,-3.167940838816083,0.7,0.05,0.02,0.5,explicit_euler,Predator-prey terms are illustrative and assume continuous well-mixed interaction.
predator_prey_coupled_system,3.84,18.04455816682474,23.013028075016358,-8.131805467942856,-3.20131556362011,0.7,0.05,0.02,0.5,explicit_euler,Predator-prey terms are illustrative and assume continuous well-mixed interaction.
predator_prey_coupled_system,3.85,17.96324011214531,22.981014919380158,-8.066406372379259,-3.2342376793376886,0.7,0.05,0.02,0.5,explicit_euler,Predator-prey terms are illustrative and assume continuous well-mixed interaction.
predator_prey_coupled_system,3.86,17.88257604842152,22.94867254258678,-8.001265863761486,-3.266708632230772,0.7,0.05,0.02,0.5,explicit_euler,Predator-prey terms are illustrative and assume continuous well-mixed interaction.
predator_prey_coupled_system,3.87,17.802563389783906,22.91600545626447,-7.936387615940376,-3.2987299326165935,0.7,0.05,0.02,0.5,explicit_euler,Predator-prey terms are illustrative and assume continuous well-mixed interaction.
predator_prey_coupled_system,3.88,17.7231995136245,22.883018156938306,-7.871775153928333,-3.3303031530829603,0.7,0.05,0.02,0.5,explicit_euler,Predator-prey terms are illustrative and assume continuous well-mixed interaction.
predator_prey_coupled_system,3.89,17.644481762085217,22.849715125407474,-7.807431856495095,-3.361429926721838,0.7,0.05,0.02,0.5,explicit_euler,Predator-prey terms are illustrative and assume continuous well-mixed interaction.
predator_prey_coupled_system,3.9,17.566407443520266,22.816100826140257,-7.743360958756769,-3.392111945381746,0.7,0.05,0.02,0.5,explicit_euler,Predator-prey terms are illustrative and assume continuous well-mixed interaction.
predator_prey_coupled_system,3.91,17.488973833932697,22.78217970668644,-7.679565554756694,-3.422350957939387,0.7,0.05,0.02,0.5,explicit_euler,Predator-prey terms are illustrative and assume continuous well-mixed interaction.
predator_prey_coupled_system,3.92,17.41217817838513,22.747956197107044,-7.616048600036814,-3.452148768590961,0.7,0.05,0.02,0.5,explicit_euler,Predator-prey terms are illustrative and assume continuous well-mixed interaction.
predator_prey_coupled_system,3.93,17.33601769238476,22.713434709421133,-7.552812914198212,-3.4815072351635488,0.7,0.05,0.02,0.5,explicit_euler,Predator-prey terms are illustrative and assume continuous well-mixed interaction.
predator_prey_coupled_system,3.94,17.26048956324278,22.6786196370695,-7.489861183449598,-3.510428267446933,0.7,0.05,0.02,0.5,explicit_euler,Predator-prey terms are illustrative and assume continuous well-mixed interaction.
predator_prey_coupled_system,3.95,17.185590951408283,22.643515354395028,-7.4271959631424895,-3.5389138255461994,0.7,0.05,0.02,0.5,explicit_euler,Predator-prey terms are illustrative and assume continuous well-mixed interaction.
predator_prey_coupled_system,3.96,17.11131899177686,22.608126216139567,-7.364819680292067,-3.5669659182554385,0.7,0.05,0.02,0.5,explicit_euler,Predator-prey terms are illustrative and assume continuous well-mixed interaction.
predator_prey_coupled_system,3.97,17.037670794973938,22.57245655695701,-7.302734636082466,-3.594586601452816,0.7,0.05,0.02,0.5,explicit_euler,Predator-prey terms are illustrative and assume continuous well-mixed interaction.
predator_prey_coupled_system,3.98,16.964643448613113,22.53651069094248,-7.240943008355661,-3.621777976517305,0.7,0.05,0.02,0.5,explicit_euler,Predator-prey terms are illustrative and assume continuous well-mixed interaction.
predator_prey_coupled_system,3.99,16.892234018529557,22.500292911177308,-7.17944685408275,-3.648542188767279,0.7,0.05,0.02,0.5,explicit_euler,Predator-prey terms are illustrative and assume continuous well-mixed interaction.
predator_prey_coupled_system,4.0,16.82043954998873,22.463807489289636,-7.118248111816909,-3.6748814259212095,0.7,0.05,0.02,0.5,explicit_euler,Predator-prey terms are illustrative and assume continuous well-mixed interaction.
predator_prey_coupled_system,4.01,16.749257068870563,22.427058675030423,-7.057348604127018,-3.7007979165806475,0.7,0.05,0.02,0.5,explicit_euler,Predator-prey terms are illustrative and assume continuous well-mixed interaction.
predator_prey_coupled_system,4.0200000000000005,16.678683582829294,22.390050695864616,-6.996750040011136,-3.726293928735653,0.7,0.05,0.02,0.5,explicit_euler,Predator-prey terms are illustrative and assume continuous well-mixed interaction.
predator_prey_coupled_system,4.03,16.608716082429183,22.35278775657726,-6.936454017289119,-3.7513717682928123,0.7,0.05,0.02,0.5,explicit_euler,Predator-prey terms are illustrative and assume continuous well-mixed interaction.
predator_prey_coupled_system,4.04,16.53935154225629,22.315274038894334,-6.876462024973538,-3.776033777625991,0.7,0.05,0.02,0.5,explicit_euler,Predator-prey terms are illustrative and assume continuous well-mixed interaction.
predator_prey_coupled_system,4.05,16.470586922006557,22.277513701118075,-6.8167754456182745,-3.800282334149892,0.7,0.05,0.02,0.5,explicit_euler,Predator-prey terms are illustrative and assume continuous well-mixed interaction.
predator_prey_coupled_system,4.0600000000000005,16.402419167550374,22.239510877776574,-6.7573955576441165,-3.824119848916536,0.7,0.05,0.02,0.5,explicit_euler,Predator-prey terms are illustrative and assume continuous well-mixed interaction.
predator_prey_coupled_system,4.07,16.33484521197393,22.20126967928741,-6.698323537640746,-3.8475487652347056,0.7,0.05,0.02,0.5,explicit_euler,Predator-prey terms are illustrative and assume continuous well-mixed interaction.
predator_prey_coupled_system,4.08,16.267861976597523,22.16279419163506,-6.639560462644559,-3.8705715573124015,0.7,0.05,0.02,0.5,explicit_euler,Predator-prey terms are illustrative and assume continuous well-mixed interaction.
predator_prey_coupled_system,4.09,16.201466371971076,22.12408847606194,-6.581107312391763,-3.893190728922363,0.7,0.05,0.02,0.5,explicit_euler,Predator-prey terms are illustrative and assume continuous well-mixed interaction.
predator_prey_coupled_system,4.1,16.13565529884716,22.085156568772714,-6.522964971546321,-3.915408812090625,0.7,0.05,0.02,0.5,explicit_euler,Predator-prey terms are illustrative and assume continuous well-mixed interaction.
predator_prey_coupled_system,4.11,16.070425649131696,22.046002480651808,-6.465134231902205,-3.9372283658081466,0.7,0.05,0.02,0.5,explicit_euler,Predator-prey terms are illustrative and assume continuous well-mixed interaction.
predator_prey_coupled_system,4.12,16.005774306812675,22.006630196993726,-6.4076157945596375,-3.95865197476546,0.7,0.05,0.02,0.5,explicit_euler,Predator-prey terms are illustrative and assume continuous well-mixed interaction.
predator_prey_coupled_system,4.13,15.94169814886708,21.96704367724607,-6.350410272074846,-3.9796822481103167,0.7,0.05,0.02,0.5,explicit_euler,Predator-prey terms are illustrative and assume continuous well-mixed interaction.
predator_prey_coupled_system,4.14,15.87819404614633,21.927246854764967,-6.293518190583066,-4.000321818228285,0.7,0.05,0.02,0.5,explicit_euler,Predator-prey terms are illustrative and assume continuous well-mixed interaction.
predator_prey_coupled_system,4.15,15.8152588642405,21.887243636582685,-6.236939991894442,-4.020573339546226,0.7,0.05,0.02,0.5,explicit_euler,Predator-prey terms are illustrative and assume continuous well-mixed interaction.
predator_prey_coupled_system,4.16,15.752889464321555,21.84703790318722,-6.1806760355624935,-4.040439487358577,0.7,0.05,0.02,0.5,explicit_euler,Predator-prey terms are illustrative and assume continuous well-mixed interaction.
predator_prey_coupled_system,4.17,15.69108270396593,21.806633508313634,-6.124726600925047,-4.0599229566763375,0.7,0.05,0.02,0.5,explicit_euler,Predator-prey terms are illustrative and assume continuous well-mixed interaction.
predator_prey_coupled_system,4.18,15.62983543795668,21.766034278746872,-6.069091889117212,-4.079026461098681,0.7,0.05,0.02,0.5,explicit_euler,Predator-prey terms are illustrative and assume continuous well-mixed interaction.
predator_prey_coupled_system,4.19,15.569144519065508,21.725244014135885,-6.013772025056369,-4.097752731707053,0.7,0.05,0.02,0.5,explicit_euler,Predator-prey terms are illustrative and assume continuous well-mixed interaction.
predator_prey_coupled_system,4.2,15.509006798814944,21.684266486818814,-5.958767059398944,-4.116104515981646,0.7,0.05,0.02,0.5,explicit_euler,Predator-prey terms are illustrative and assume continuous well-mixed interaction.
predator_prey_coupled_system,4.21,15.449419128220955,21.643105441658996,-5.904076970468809,-4.134084576740108,0.7,0.05,0.02,0.5,explicit_euler,Predator-prey terms are illustrative and assume continuous well-mixed interaction.
predator_prey_coupled_system,4.22,15.390378358516266,21.601764595891595,-5.849701666157259,-4.1516956910983405,0.7,0.05,0.02,0.5,explicit_euler,Predator-prey terms are illustrative and assume continuous well-mixed interaction.
predator_prey_coupled_system,4.23,15.331881341854693,21.560247638980613,-5.795640985794394,-4.168940649453234,0.7,0.05,0.02,0.5,explicit_euler,Predator-prey terms are illustrative and assume continuous well-mixed interaction.
predator_prey_coupled_system,4.24,15.27392493199675,21.51855823248608,-5.741894701991928,-4.185822254487179,0.7,0.05,0.02,0.5,explicit_euler,Predator-prey terms are illustrative and assume continuous well-mixed interaction.
predator_prey_coupled_system,4.25,15.21650598497683,21.476700009941208,-5.688462522457337,-4.202343320194157,0.7,0.05,0.02,0.5,explicit_euler,Predator-prey terms are illustrative and assume continuous well-mixed interaction.
predator_prey_coupled_system,4.26,15.159621359752258,21.434676576739268,-5.63534409177932,-4.218506670927273,0.7,0.05,0.02,0.5,explicit_euler,Predator-prey terms are illustrative and assume continuous well-mixed interaction.
predator_prey_coupled_system,4.2700000000000005,15.103267918834465,21.392491510029995,-5.58253899318461,-4.234315140467504,0.7,0.05,0.02,0.5,explicit_euler,Predator-prey terms are illustrative and assume continuous well-mixed interaction.
predator_prey_coupled_system,4.28,15.04744252890262,21.35014835862532,-5.530046750266122,-4.249771571113478,0.7,0.05,0.02,0.5,explicit_euler,Predator-prey terms are illustrative and assume continuous well-mixed interaction.
predator_prey_coupled_system,4.29,14.992142061399958,21.307650642914183,-5.477866828682512,-4.2648788127921,0.7,0.05,0.02,0.5,explicit_euler,Predator-prey terms are illustrative and assume continuous well-mixed interaction.
predator_prey_coupled_system,4.3,14.937363393113133,21.265001854786263,-5.425998637829169,-4.279639722189788,0.7,0.05,0.02,0.5,explicit_euler,Predator-prey terms are illustrative and assume continuous well-mixed interaction.
predator_prey_coupled_system,4.3100000000000005,14.883103406734842,21.222205457564364,-5.374441532480759,-4.2940571619041235,0.7,0.05,0.02,0.5,explicit_euler,Predator-prey terms are illustrative and assume continuous well-mixed interaction.
predator_prey_coupled_system,4.32,14.829358991410034,21.179264885945322,-5.323194814405381,-4.308133999615699,0.7,0.05,0.02,0.5,explicit_euler,Predator-prey terms are illustrative and assume continuous well-mixed interaction.
predator_prey_coupled_system,4.33,14.77612704326598,21.136183545949166,-5.272257733950461,-4.321873107279925,0.7,0.05,0.02,0.5,explicit_euler,Predator-prey terms are illustrative and assume continuous well-mixed interaction.
predator_prey_coupled_system,4.34,14.723404465926475,21.092964814876368,-5.221629491600504,-4.335277360338569,0.7,0.05,0.02,0.5,explicit_euler,Predator-prey terms are illustrative and assume continuous well-mixed interaction.
predator_prey_coupled_system,4.3500000000000005,14.671188171010469,21.049612041272983,-5.171309239506858,-4.348349636950817,0.7,0.05,0.02,0.5,explicit_euler,Predator-prey terms are illustrative and assume continuous well-mixed interaction.
predator_prey_coupled_system,4.36,14.6194750786154,21.006128544903476,-5.121296082989618,-4.361092817243579,0.7,0.05,0.02,0.5,explicit_euler,Predator-prey terms are illustrative and assume continuous well-mixed interaction.
predator_prey_coupled_system,4.37,14.568262117785503,20.96251761673104,-5.071589082011853,-4.3735097825808396,0.7,0.05,0.02,0.5,explicit_euler,Predator-prey terms are illustrative and assume continuous well-mixed interaction.
predator_prey_coupled_system,4.38,14.517546226965385,20.918782518905232,-5.0221872526263365,-4.385603414851773,0.7,0.05,0.02,0.5,explicit_euler,Predator-prey terms are illustrative and assume continuous well-mixed interaction.
predator_prey_coupled_system,4.39,14.467324354439121,20.874926484756713,-4.973089568394968,-4.397376595777416,0.7,0.05,0.02,0.5,explicit_euler,Predator-prey terms are illustrative and assume continuous well-mixed interaction.
predator_prey_coupled_system,4.4,14.41759345875517,20.83095271879894,-4.924294961781074,-4.408832206235593,0.7,0.05,0.02,0.5,explicit_euler,Predator-prey terms are illustrative and assume continuous well-mixed interaction.
predator_prey_coupled_system,4.41,14.36835050913736,20.786864396736583,-4.875802325514817,-4.419973125603905,0.7,0.05,0.02,0.5,explicit_euler,Predator-prey terms are illustrative and assume continuous well-mixed interaction.
predator_prey_coupled_system,4.42,14.319592485882211,20.742664665480543,-4.827610513931933,-4.430802231120478,0.7,0.05,0.02,0.5,explicit_euler,Predator-prey terms are illustrative and assume continuous well-mixed interaction.
predator_prey_coupled_system,4.43,14.271316380742892,20.698356643169337,-4.779718344286028,-4.4413223972622475,0.7,0.05,0.02,0.5,explicit_euler,Predator-prey terms are illustrative and assume continuous well-mixed interaction.
predator_prey_coupled_system,4.44,14.223519197300032,20.653943419196715,-4.732124598034634,-4.451536495140494,0.7,0.05,0.02,0.5,explicit_euler,Predator-prey terms are illustrative and assume continuous well-mixed interaction.
predator_prey_coupled_system,4.45,14.176197951319686,20.60942805424531,-4.684828022099362,-4.461447391913398,0.7,0.05,0.02,0.5,explicit_euler,Predator-prey terms are illustrative and assume continuous well-mixed interaction.
predator_prey_coupled_system,4.46,14.129349671098693,20.564813580326177,-4.637827330100297,-4.471057950215337,0.7,0.05,0.02,0.5,explicit_euler,Predator-prey terms are illustrative and assume continuous well-mixed interaction.
predator_prey_coupled_system,4.47,14.082971397797689,20.520103000824022,-4.591121203564981,-4.480371027602667,0.7,0.05,0.02,0.5,explicit_euler,Predator-prey terms are illustrative and assume continuous well-mixed interaction.
predator_prey_coupled_system,4.48,14.037060185762039,20.475299290547994,-4.5447082931122225,-4.489389476015737,0.7,0.05,0.02,0.5,explicit_euler,Predator-prey terms are illustrative and assume continuous well-mixed interaction.
predator_prey_coupled_system,4.49,13.991613102830916,20.430405395787837,-4.498587219610988,-4.498116141256867,0.7,0.05,0.02,0.5,explicit_euler,Predator-prey terms are illustrative and assume continuous well-mixed interaction.
predator_prey_coupled_system,4.5,13.946627230634807,20.385424234375268,-4.452756575314677,-4.506553862484018,0.7,0.05,0.02,0.5,explicit_euler,Predator-prey terms are illustrative and assume continuous well-mixed interaction.
predator_prey_coupled_system,4.51,13.90209966488166,20.340358695750428,-4.407214924971079,-4.5147054717199175,0.7,0.05,0.02,0.5,explicit_euler,Predator-prey terms are illustrative and assume continuous well-mixed interaction.
predator_prey_coupled_system,4.5200000000000005,13.85802751563195,20.29521164103323,-4.361960806908254,-4.522573793376369,0.7,0.05,0.02,0.5,explicit_euler,Predator-prey terms are illustrative and assume continuous well-mixed interaction.
predator_prey_coupled_system,4.53,13.814407907562867,20.249985903099468,-4.3169927340966865,-4.530161643793456,0.7,0.05,0.02,0.5,explicit_euler,Predator-prey terms are illustrative and assume continuous well-mixed interaction.
predator_prey_coupled_system,4.54,13.7712379802219,20.204684286661532,-4.272309195187967,-4.537471830793447,0.7,0.05,0.02,0.5,explicit_euler,Predator-prey terms are illustrative and assume continuous well-mixed interaction.
predator_prey_coupled_system,4.55,13.72851488827002,20.1593095683536,-4.227908655530319,-4.544507153249066,0.7,0.05,0.02,0.5,explicit_euler,Predator-prey terms are illustrative and assume continuous well-mixed interaction.
predator_prey_coupled_system,4.5600000000000005,13.686235801714716,20.113864496821108,-4.18378955816128,-4.551270400665922,0.7,0.05,0.02,0.5,explicit_euler,Predator-prey terms are illustrative and assume continuous well-mixed interaction.
predator_prey_coupled_system,4.57,13.644397906133102,20.06835179281445,-4.139950324777828,-4.557764352778826,0.7,0.05,0.02,0.5,explicit_euler,Predator-prey terms are illustrative and assume continuous well-mixed interaction.
predator_prey_coupled_system,4.58,13.602998402885325,20.02277414928666,-4.096389356684275,-4.56399177916173,0.7,0.05,0.02,0.5,explicit_euler,Predator-prey terms are illustrative and assume continuous well-mixed interaction.
predator_prey_coupled_system,4.59,13.562034509318481,19.977134231495043,-4.053105035718229,-4.569955438851055,0.7,0.05,0.02,0.5,explicit_euler,Predator-prey terms are illustrative and assume continuous well-mixed interaction.
predator_prey_coupled_system,4.6000000000000005,13.521503458961298,19.931434677106534,-4.010095725154951,-4.575658079982124,0.7,0.05,0.02,0.5,explicit_euler,Predator-prey terms are illustrative and assume continuous well-mixed interaction.
predator_prey_coupled_system,4.61,13.481402501709749,19.885678096306712,-3.967359770590381,-4.5811024394384745,0.7,0.05,0.02,0.5,explicit_euler,Predator-prey terms are illustrative and assume continuous well-mixed interaction.
predator_prey_coupled_system,4.62,13.441728904003845,19.839867071912327,-3.9248955008032134,-4.586291242513801,0.7,0.05,0.02,0.5,explicit_euler,Predator-prey terms are illustrative and assume continuous well-mixed interaction.
predator_prey_coupled_system,4.63,13.402479948995813,19.794004159487187,-3.88270122859627,-4.591227202586259,0.7,0.05,0.02,0.5,explicit_euler,Predator-prey terms are illustrative and assume continuous well-mixed interaction.
predator_prey_coupled_system,4.64,13.363652936709851,19.748091887461324,-3.8407752516175293,-4.5959130208048915,0.7,0.05,0.02,0.5,explicit_euler,Predator-prey terms are illustrative and assume continuous well-mixed interaction.
predator_prey_coupled_system,4.65,13.325245184193676,19.702132757253274,-3.799115853161112,-4.600351385787963,0.7,0.05,0.02,0.5,explicit_euler,Predator-prey terms are illustrative and assume continuous well-mixed interaction.
predator_prey_coupled_system,4.66,13.287254025662065,19.656129243395394,-3.7577213029485197,-4.604544973332911,0.7,0.05,0.02,0.5,explicit_euler,Predator-prey terms are illustrative and assume continuous well-mixed interaction.
predator_prey_coupled_system,4.67,13.24967681263258,19.610083793662067,-3.716589857890508,-4.608496446137709,0.7,0.05,0.02,0.5,explicit_euler,Predator-prey terms are illustrative and assume continuous well-mixed interaction.
predator_prey_coupled_system,4.68,13.212510914053675,19.56399882920069,-3.6757197628298,-4.612208453533396,0.7,0.05,0.02,0.5,explicit_euler,Predator-prey terms are illustrative and assume continuous well-mixed interaction.
predator_prey_coupled_system,4.69,13.175753716425378,19.517876744665354,-3.635109251265087,-4.615683631227537,0.7,0.05,0.02,0.5,explicit_euler,Predator-prey terms are illustrative and assume continuous well-mixed interaction.
predator_prey_coupled_system,4.7,13.139402623912726,19.47171990835308,-3.5947565460565016,-4.618924601058377,0.7,0.05,0.02,0.5,explicit_euler,Predator-prey terms are illustrative and assume continuous well-mixed interaction.
predator_prey_coupled_system,4.71,13.10345505845216,19.425530662342496,-3.554659860112956,-4.6219339707594616,0.7,0.05,0.02,0.5,explicit_euler,Predator-prey terms are illustrative and assume continuous well-mixed interaction.
predator_prey_coupled_system,4.72,13.067908459851031,19.3793113226349,-3.5148173970616536,-4.6247143337345005,0.7,0.05,0.02,0.5,explicit_euler,Predator-prey terms are illustrative and assume continuous well-mixed interaction.
predator_prey_coupled_system,4.73,13.032760285880414,19.333064179297555,-3.475227351900033,-4.627268268842249,0.7,0.05,0.02,0.5,explicit_euler,Predator-prey terms are illustrative and assume continuous well-mixed interaction.
predator_prey_coupled_system,4.74,12.998008012361414,19.286791496609133,-3.4358879116304877,-4.629598340191176,0.7,0.05,0.02,0.5,explicit_euler,Predator-prey terms are illustrative and assume continuous well-mixed interaction.
predator_prey_coupled_system,4.75,12.96364913324511,19.24049551320722,-3.3967972558781856,-4.631707096943707,0.7,0.05,0.02,0.5,explicit_euler,Predator-prey terms are illustrative and assume continuous well-mixed interaction.
predator_prey_coupled_system,4.76,12.929681160686327,19.194178442237785,-3.357953557492248,-4.633597073129822,0.7,0.05,0.02,0.5,explicit_euler,Predator-prey terms are illustrative and assume continuous well-mixed interaction.
predator_prey_coupled_system,4.7700000000000005,12.896101625111404,19.147842471506486,-3.3193549831306175,-4.635270787469803,0.7,0.05,0.02,0.5,explicit_euler,Predator-prey terms are illustrative and assume continuous well-mixed interaction.
predator_prey_coupled_system,4.78,12.862908075280098,19.10148976363179,-3.2809996938289068,-4.636730743205906,0.7,0.05,0.02,0.5,explicit_euler,Predator-prey terms are illustrative and assume continuous well-mixed interaction.
predator_prey_coupled_system,4.79,12.830098078341809,19.05512245619973,-3.242885845553534,-4.637979427942745,0.7,0.05,0.02,0.5,explicit_euler,Predator-prey terms are illustrative and assume continuous well-mixed interaction.
predator_prey_coupled_system,4.8,12.797669219886274,19.0087426619203,-3.205011589739435,-4.63901931349622,0.7,0.05,0.02,0.5,explicit_euler,Predator-prey terms are illustrative and assume continuous well-mixed interaction.
predator_prey_coupled_system,4.8100000000000005,12.765619103988879,18.96235246878534,-3.167375073812625,-4.639852855750734,0.7,0.05,0.02,0.5,explicit_euler,Predator-prey terms are illustrative and assume continuous well-mixed interaction.
predator_prey_coupled_system,4.82,12.733945353250753,18.915953940227833,-3.12997444169795,-4.640482494524527,0.7,0.05,0.02,0.5,explicit_euler,Predator-prey terms are illustrative and assume continuous well-mixed interaction.
predator_prey_coupled_system,4.83,12.702645608833773,18.869549115282588,-3.0928078343122376,-4.640910653442942,0.7,0.05,0.02,0.5,explicit_euler,Predator-prey terms are illustrative and assume continuous well-mixed interaction.
predator_prey_coupled_system,4.84,12.671717530490652,18.823140008748158,-3.055873390043244,-4.641139739819399,0.7,0.05,0.02,0.5,explicit_euler,Predator-prey terms are illustrative and assume continuous well-mixed interaction.
predator_prey_coupled_system,4.8500000000000005,12.641158796590219,18.776728611349963,-3.01916924521454,-4.641172144543905,0.7,0.05,0.02,0.5,explicit_euler,Predator-prey terms are illustrative and assume continuous well-mixed interaction.
predator_prey_coupled_system,4.86,12.610967104138073,18.730316889904525,-2.982693534536736,-4.6410102419789085,0.7,0.05,0.02,0.5,explicit_euler,Predator-prey terms are illustrative and assume continuous well-mixed interaction.
predator_prey_coupled_system,4.87,12.581140168792706,18.683906787484737,-2.9464443915452527,-4.64065638986231,0.7,0.05,0.02,0.5,explicit_euler,Predator-prey terms are illustrative and assume continuous well-mixed interaction.
predator_prey_coupled_system,4.88,12.551675724877253,18.637500223586112,-2.9104199490249343,-4.6401129292174526,0.7,0.05,0.02,0.5,explicit_euler,Predator-prey terms are illustrative and assume continuous well-mixed interaction.
predator_prey_coupled_system,4.89,12.522571525387004,18.591099094293938,-2.874618339421769,-4.639382184269901,0.7,0.05,0.02,0.5,explicit_euler,Predator-prey terms are illustrative and assume continuous well-mixed interaction.
predator_prey_coupled_system,4.9,12.493825341992787,18.54470527245124,-2.839037695241977,-4.6384664623708485,0.7,0.05,0.02,0.5,explicit_euler,Predator-prey terms are illustrative and assume continuous well-mixed interaction.
predator_prey_coupled_system,4.91,12.465434965040368,18.49832060782753,-2.8036761494387488,-4.637368053926963,0.7,0.05,0.02,0.5,explicit_euler,Predator-prey terms are illustrative and assume continuous well-mixed interaction.
predator_prey_coupled_system,4.92,12.43739820354598,18.45194692728826,-2.768531835786856,-4.636089232336515,0.7,0.05,0.02,0.5,explicit_euler,Predator-prey terms are illustrative and assume continuous well-mixed interaction.
predator_prey_coupled_system,4.93,12.409712885188112,18.405586034964898,-2.733602889245436,-4.634632253931604,0.7,0.05,0.02,0.5,explicit_euler,Predator-prey terms are illustrative and assume continuous well-mixed interaction.
predator_prey_coupled_system,4.94,12.382376856295657,18.35923971242558,-2.6988874463091737,-4.632999357926337,0.7,0.05,0.02,0.5,explicit_euler,Predator-prey terms are illustrative and assume continuous well-mixed interaction.
predator_prey_coupled_system,4.95,12.355387981832566,18.312909718846317,-2.664383645348135,-4.631192766370787,0.7,0.05,0.02,0.5,explicit_euler,Predator-prey terms are illustrative and assume continuous well-mixed interaction.
predator_prey_coupled_system,4.96,12.328744145379085,18.26659779118261,-2.6300896269364973,-4.629214684110562,0.7,0.05,0.02,0.5,explicit_euler,Predator-prey terms are illustrative and assume continuous well-mixed interaction.
predator_prey_coupled_system,4.97,12.30244324910972,18.220305644341504,-2.596003534170441,-4.627067298751855,0.7,0.05,0.02,0.5,explicit_euler,Predator-prey terms are illustrative and assume continuous well-mixed interaction.
predator_prey_coupled_system,4.98,12.276483213768016,18.174034971353986,-2.562123512975395,-4.624752780631791,0.7,0.05,0.02,0.5,explicit_euler,Predator-prey terms are illustrative and assume continuous well-mixed interaction.
predator_prey_coupled_system,4.99,12.250861978638262,18.127787443547668,-2.5284477124029294,-4.622273282793949,0.7,0.05,0.02,0.5,explicit_euler,Predator-prey terms are illustrative and assume continuous well-mixed interaction.
predator_prey_coupled_system,5.0,12.225577501514232,18.08156471071973,-2.494974284917479,-4.619630940968888,0.7,0.05,0.02,0.5,explicit_euler,Predator-prey terms are illustrative and assume continuous well-mixed interaction.
predator_prey_coupled_system,5.01,12.200627758665057,18.03536840131004,-2.4617013866731554,-4.616827873559542,0.7,0.05,0.02,0.5,explicit_euler,Predator-prey terms are illustrative and assume continuous well-mixed interaction.
predator_prey_coupled_system,5.0200000000000005,12.176010744798326,17.989200122574445,-2.4286271777808643,-4.613866181631346,0.7,0.05,0.02,0.5,explicit_euler,Predator-prey terms are illustrative and assume continuous well-mixed interaction.
predator_prey_coupled_system,5.03,12.151724473020517,17.94306146075813,-2.3957498225659304,-4.6107479489069485,0.7,0.05,0.02,0.5,explicit_euler,Predator-prey terms are illustrative and assume continuous well-mixed interaction.
predator_prey_coupled_system,5.04,12.127766974794858,17.89695398126906,-2.3630674898165136,-4.607475241765365,0.7,0.05,0.02,0.5,explicit_euler,Predator-prey terms are illustrative and assume continuous well-mixed interaction.
predator_prey_coupled_system,5.05,12.104136299896693,17.850879228851408,-2.3305783530229256,-4.60405010924546,0.7,0.05,0.02,0.5,explicit_euler,Predator-prey terms are illustrative and assume continuous well-mixed interaction.
predator_prey_coupled_system,5.0600000000000005,12.080830516366463,17.804838727758952,-2.298280590608165,-4.6004745830536,0.7,0.05,0.02,0.5,explicit_euler,Predator-prey terms are illustrative and assume continuous well-mixed interaction.
predator_prey_coupled_system,5.07,12.057847710460381,17.758833981928415,-2.2661723861498118,-4.596750677575376,0.7,0.05,0.02,0.5,explicit_euler,Predator-prey terms are illustrative and assume continuous well-mixed interaction.
predator_prey_coupled_system,5.08,12.035185986598883,17.712866475152662,-2.2342519285935083,-4.592880389891242,0.7,0.05,0.02,0.5,explicit_euler,Predator-prey terms are illustrative and assume continuous well-mixed interaction.
predator_prey_coupled_system,5.09,12.012843467312948,17.66693767125375,-2.202517412458217,-4.588865699795962,0.7,0.05,0.02,0.5,explicit_euler,Predator-prey terms are illustrative and assume continuous well-mixed interaction.
predator_prey_coupled_system,5.1000000000000005,11.990818293188365,17.62104901425579,-2.170967038033501,-4.584708569821752,0.7,0.05,0.02,0.5,explicit_euler,Predator-prey terms are illustrative and assume continuous well-mixed interaction.
predator_prey_coupled_system,5.11,11.96910862280803,17.575201928557572,-2.139599011568915,-4.580410945264971,0.7,0.05,0.02,0.5,explicit_euler,Predator-prey terms are illustrative and assume continuous well-mixed interaction.
predator_prey_coupled_system,5.12,11.94771263269234,17.529397819104922,-2.1084115454558336,-4.575974754216272,0.7,0.05,0.02,0.5,explicit_euler,Predator-prey terms are illustrative and assume continuous well-mixed interaction.
predator_prey_coupled_system,5.13,11.926628517237782,17.48363807156276,-2.0774028584017827,-4.571401907594088,0.7,0.05,0.02,0.5,explicit_euler,Predator-prey terms are illustrative and assume continuous well-mixed interaction.
predator_prey_coupled_system,5.14,11.905854488653764,17.437924052486817,-2.0465711755975473,-4.566694299181336,0.7,0.05,0.02,0.5,explicit_euler,Predator-prey terms are illustrative and assume continuous well-mixed interaction.
predator_prey_coupled_system,5.15,11.88538877689779,17.392257109495002,-2.015914728877183,-4.561853805665248,0.7,0.05,0.02,0.5,explicit_euler,Predator-prey terms are illustrative and assume continuous well-mixed interaction.
predator_prey_coupled_system,5.16,11.865229629609019,17.34663857143835,-1.9854317568711384,-4.556882286680196,0.7,0.05,0.02,0.5,explicit_euler,Predator-prey terms are illustrative and assume continuous well-mixed interaction.
predator_prey_coupled_system,5.17,11.845375312040307,17.30106974857155,-1.9551205051526264,-4.551781584853438,0.7,0.05,0.02,0.5,explicit_euler,Predator-prey terms are illustrative and assume continuous well-mixed interaction.
predator_prey_coupled_system,5.18,11.825824106988781,17.255551932723016,-1.9249792263774896,-4.546553525853653,0.7,0.05,0.02,0.5,explicit_euler,Predator-prey terms are illustrative and assume continuous well-mixed interaction.
predator_prey_coupled_system,5.19,11.806574314725006,17.21008639746448,-1.8950061804176137,-4.541199918442193,0.7,0.05,0.02,0.5,explicit_euler,Predator-prey terms are illustrative and assume continuous well-mixed interaction.
predator_prey_coupled_system,5.2,11.78762425292083,17.16467439828006,-1.8651996344881834,-4.535722554526924,0.7,0.05,0.02,0.5,explicit_euler,Predator-prey terms are illustrative and assume continuous well-mixed interaction.
predator_prey_coupled_system,5.21,11.768972256575948,17.11931717273479,-1.8355578632688339,-4.530123209218596,0.7,0.05,0.02,0.5,explicit_euler,Predator-prey terms are illustrative and assume continuous well-mixed interaction.
predator_prey_coupled_system,5.22,11.75061667794326,17.074015940642603,-1.8060791490189203,-4.524403640889621,0.7,0.05,0.02,0.5,explicit_euler,Predator-prey terms are illustrative and assume continuous well-mixed interaction.
predator_prey_coupled_system,5.23,11.73255588645307,17.028771904233707,-1.7767617816870445,-4.518565591235177,0.7,0.05,0.02,0.5,explicit_euler,Predator-prey terms are illustrative and assume continuous well-mixed interaction.
predator_prey_coupled_system,5.24,11.7147882686362,16.983586248321355,-1.7476040590149662,-4.512610785336555,0.7,0.05,0.02,0.5,explicit_euler,Predator-prey terms are illustrative and assume continuous well-mixed interaction.
predator_prey_coupled_system,5.25,11.69731222804605,16.93846014046799,-1.718604286636106,-4.506540931726658,0.7,0.05,0.02,0.5,explicit_euler,Predator-prey terms are illustrative and assume continuous well-mixed interaction.
predator_prey_coupled_system,5.26,11.680126185179688,16.89339473115072,-1.6897607781687256,-4.500357722457558,0.7,0.05,0.02,0.5,explicit_euler,Predator-prey terms are illustrative and assume continuous well-mixed interaction.
predator_prey_coupled_system,5.2700000000000005,11.663228577398002,16.848391153926144,-1.6610718553039536,-4.49406283317005,0.7,0.05,0.02,0.5,explicit_euler,Predator-prey terms are illustrative and assume continuous well-mixed interaction.
predator_prey_coupled_system,5.28,11.646617858844962,16.803450525594442,-1.6325358478888283,-4.487657923165101,0.7,0.05,0.02,0.5,explicit_euler,Predator-prey terms are illustrative and assume continuous well-mixed interaction.
predator_prey_coupled_system,5.29,11.630292500366075,16.75857394636279,-1.604151094004422,-4.481144635477126,0.7,0.05,0.02,0.5,explicit_euler,Predator-prey terms are illustrative and assume continuous well-mixed interaction.
predator_prey_coupled_system,5.3,11.614250989426031,16.71376250000802,-1.5759159400392715,-4.4745245969490135,0.7,0.05,0.02,0.5,explicit_euler,Predator-prey terms are illustrative and assume continuous well-mixed interaction.
predator_prey_coupled_system,5.3100000000000005,11.598491830025639,16.66901725403853,-1.5478287407581686,-4.467799418308819,0.7,0.05,0.02,0.5,explicit_euler,Predator-prey terms are illustrative and assume continuous well-mixed interaction.
predator_prey_coupled_system,5.32,11.583013542618056,16.62433925985544,-1.5198878593664915,-4.4609706942480685,0.7,0.05,0.02,0.5,explicit_euler,Predator-prey terms are illustrative and assume continuous well-mixed interaction.
predator_prey_coupled_system,5.33,11.567814664024391,16.57972955291296,-1.4920916675701825,-4.454040003501578,0.7,0.05,0.02,0.5,explicit_euler,Predator-prey terms are illustrative and assume continuous well-mixed interaction.
predator_prey_coupled_system,5.34,11.552893747348689,16.535189152877944,-1.4644385456314932,-4.447008908928742,0.7,0.05,0.02,0.5,explicit_euler,Predator-prey terms are illustrative and assume continuous well-mixed interaction.
predator_prey_coupled_system,5.3500000000000005,11.538249361892374,16.490719063788656,-1.4369268824206323,-4.4398789575962105,0.7,0.05,0.02,0.5,explicit_euler,Predator-prey terms are illustrative and assume continuous well-mixed interaction.
predator_prey_coupled_system,5.36,11.523880093068168,16.446320274212695,-1.4095550754634374,-4.432651680861886,0.7,0.05,0.02,0.5,explicit_euler,Predator-prey terms are illustrative and assume continuous well-mixed interaction.
predator_prey_coupled_system,5.37,11.509784542313534,16.401993757404078,-1.3823215309851555,-4.425328594460188,0.7,0.05,0.02,0.5,explicit_euler,Predator-prey terms are illustrative and assume continuous well-mixed interaction.
predator_prey_coupled_system,5.38,11.495961327003682,16.357740471459476,-1.3552246639504784,-4.4179111985885156,0.7,0.05,0.02,0.5,explicit_euler,Predator-prey terms are illustrative and assume continuous well-mixed interaction.
predator_prey_coupled_system,5.39,11.482409080364178,16.313561359473592,-1.328262898099963,-4.410400977994841,0.7,0.05,0.02,0.5,explicit_euler,Predator-prey terms are illustrative and assume continuous well-mixed interaction.
predator_prey_coupled_system,5.4,11.469126451383179,16.269457349693642,-1.3014346659828675,-4.4027994020663845,0.7,0.05,0.02,0.5,explicit_euler,Predator-prey terms are illustrative and assume continuous well-mixed interaction.
predator_prey_coupled_system,5.41,11.456112104723351,16.22542935567298,-1.274738408986595,-4.395107924919313,0.7,0.05,0.02,0.5,explicit_euler,Predator-prey terms are illustrative and assume continuous well-mixed interaction.
predator_prey_coupled_system,5.42,11.443364720633484,16.181478276423785,-1.2481725773628156,-4.3873279854893905,0.7,0.05,0.02,0.5,explicit_euler,Predator-prey terms are illustrative and assume continuous well-mixed interaction.
predator_prey_coupled_system,5.43,11.430882994859855,16.137604996568893,-1.2217356302503415,-4.379461007623551,0.7,0.05,0.02,0.5,explicit_euler,Predator-prey terms are illustrative and assume continuous well-mixed interaction.
predator_prey_coupled_system,5.44,11.418665638557352,16.093810386492656,-1.1954260356949105,-4.371508400172306,0.7,0.05,0.02,0.5,explicit_euler,Predator-prey terms are illustrative and assume continuous well-mixed interaction.
predator_prey_coupled_system,5.45,11.406711378200402,16.050095302490934,-1.1692422706659276,-4.363471557082983,0.7,0.05,0.02,0.5,explicit_euler,Predator-prey terms are illustrative and assume continuous well-mixed interaction.
predator_prey_coupled_system,5.46,11.395018955493743,16.006460586920106,-1.143182821070286,-4.355351857493691,0.7,0.05,0.02,0.5,explicit_euler,Predator-prey terms are illustrative and assume continuous well-mixed interaction.
predator_prey_coupled_system,5.47,11.38358712728304,15.962907068345169,-1.1172461817633481,-4.347150665827995,0.7,0.05,0.02,0.5,explicit_euler,Predator-prey terms are illustrative and assume continuous well-mixed interaction.
predator_prey_coupled_system,5.48,11.372414665465406,15.919435561686889,-1.0914308565571904,-4.338869331890255,0.7,0.05,0.02,0.5,explicit_euler,Predator-prey terms are illustrative and assume continuous well-mixed interaction.
predator_prey_coupled_system,5.49,11.361500356899834,15.876046868367986,-1.0657353582261857,-4.330509190961566,0.7,0.05,0.02,0.5,explicit_euler,Predator-prey terms are illustrative and assume continuous well-mixed interaction.
predator_prey_coupled_system,5.5,11.350843003317571,15.83274177645837,-1.0401582085100163,-4.322071563896259,0.7,0.05,0.02,0.5,explicit_euler,Predator-prey terms are illustrative and assume continuous well-mixed interaction.
predator_prey_coupled_system,5.51,11.340441421232471,15.789521060819407,-1.0146979381142147,-4.313557757218925,0.7,0.05,0.02,0.5,explicit_euler,Predator-prey terms are illustrative and assume continuous well-mixed interaction.
predator_prey_coupled_system,5.5200000000000005,11.33029444185133,15.746385483247218,-0.9893530867082916,-4.304969063221921,0.7,0.05,0.02,0.5,explicit_euler,Predator-prey terms are illustrative and assume continuous well-mixed interaction.
predator_prey_coupled_system,5.53,11.320400910984246,15.703335792614999,-0.9641222029215459,-4.296306760063292,0.7,0.05,0.02,0.5,explicit_euler,Predator-prey terms are illustrative and assume continuous well-mixed interaction.
predator_prey_coupled_system,5.54,11.31075968895503,15.660372725014366,-0.9390038443366455,-4.287572111865115,0.7,0.05,0.02,0.5,explicit_euler,Predator-prey terms are illustrative and assume continuous well-mixed interaction.
predator_prey_coupled_system,5.55,11.301369650511665,15.617497003895714,-0.9139965774810301,-4.27876636881218,0.7,0.05,0.02,0.5,explicit_euler,Predator-prey terms are illustrative and assume continuous well-mixed interaction.
predator_prey_coupled_system,5.5600000000000005,11.292229684736855,15.574709340207592,-0.8890989778162286,-4.269890767250986,0.7,0.05,0.02,0.5,explicit_euler,Predator-prey terms are illustrative and assume continuous well-mixed interaction.
predator_prey_coupled_system,5.57,11.283338694958692,15.532010432535083,-0.8643096297251756,-4.260946529789038,0.7,0.05,0.02,0.5,explicit_euler,Predator-prey terms are illustrative and assume continuous well-mixed interaction.
predator_prey_coupled_system,5.58,11.27469559866144,15.489400967237193,-0.8396271264975645,-4.251934865394368,0.7,0.05,0.02,0.5,explicit_euler,Predator-prey terms are illustrative and assume continuous well-mixed interaction.
predator_prey_coupled_system,5.59,11.266299327396464,15.44688161858325,-0.8150500703133394,-4.242856969495279,0.7,0.05,0.02,0.5,explicit_euler,Predator-prey terms are illustrative and assume continuous well-mixed interaction.
predator_prey_coupled_system,5.6000000000000005,11.258148826693331,15.404453048888296,-0.7905770722243819,-4.233714024080262,0.7,0.05,0.02,0.5,explicit_euler,Predator-prey terms are illustrative and assume continuous well-mixed interaction.
predator_prey_coupled_system,5.61,11.250243055971087,15.362115908647494,-0.7662067521344618,-4.224507197798058,0.7,0.05,0.02,0.5,explicit_euler,Predator-prey terms are illustrative and assume continuous well-mixed interaction.
predator_prey_coupled_system,5.62,11.242580988449742,15.319870836669514,-0.741937738777497,-4.2152376460578305,0.7,0.05,0.02,0.5,explicit_euler,Predator-prey terms are illustrative and assume continuous well-mixed interaction.
predator_prey_coupled_system,5.63,11.235161611061967,15.277718460208936,-0.7177686696942329,-4.205906511129424,0.7,0.05,0.02,0.5,explicit_euler,Predator-prey terms are illustrative and assume continuous well-mixed interaction.
predator_prey_coupled_system,5.64,11.227983924365025,15.235659395097642,-0.6936981912073472,-4.196514922243675,0.7,0.05,0.02,0.5,explicit_euler,Predator-prey terms are illustrative and assume continuous well-mixed interaction.
predator_prey_coupled_system,5.65,11.221046942452952,15.193694245875205,-0.6697249583950828,-4.187063995692743,0.7,0.05,0.02,0.5,explicit_euler,Predator-prey terms are illustrative and assume continuous well-mixed interaction.
predator_prey_coupled_system,5.66,11.214349692869002,15.151823605918278,-0.6458476350634452,-4.17755483493044,0.7,0.05,0.02,0.5,explicit_euler,Predator-prey terms are illustrative and assume continuous well-mixed interaction.
predator_prey_coupled_system,5.67,11.207891216518368,15.110048057568973,-0.6220648937170301,-4.167988530672532,0.7,0.05,0.02,0.5,explicit_euler,Predator-prey terms are illustrative and assume continuous well-mixed interaction.
predator_prey_coupled_system,5.68,11.201670567581198,15.068368172262247,-0.598375415528527,-4.158366160996977,0.7,0.05,0.02,0.5,explicit_euler,Predator-prey terms are illustrative and assume continuous well-mixed interaction.
predator_prey_coupled_system,5.69,11.195686813425914,15.026784510652277,-0.5747778903069847,-4.148688791444089,0.7,0.05,0.02,0.5,explicit_euler,Predator-prey terms are illustrative and assume continuous well-mixed interaction.
predator_prey_coupled_system,5.7,11.189939034522844,14.985297622737836,-0.5512710164648347,-4.138957475116587,0.7,0.05,0.02,0.5,explicit_euler,Predator-prey terms are illustrative and assume continuous well-mixed interaction.
predator_prey_coupled_system,5.71,11.184426324358196,14.94390804798667,-0.5278535009837846,-4.129173252779527,0.7,0.05,0.02,0.5,explicit_euler,Predator-prey terms are illustrative and assume continuous well-mixed interaction.
predator_prey_coupled_system,5.72,11.179147789348358,14.902616315458873,-0.5045240593795919,-4.11933715296006,0.7,0.05,0.02,0.5,explicit_euler,Predator-prey terms are illustrative and assume continuous well-mixed interaction.
predator_prey_coupled_system,5.73,11.174102548754561,14.861422943929274,-0.4812814156657881,-4.109450192047045,0.7,0.05,0.02,0.5,explicit_euler,Predator-prey terms are illustrative and assume continuous well-mixed interaction.
predator_prey_coupled_system,5.74,11.169289734597903,14.820328442008803,-0.45812430231638235,-4.099513374390436,0.7,0.05,0.02,0.5,explicit_euler,Predator-prey terms are illustrative and assume continuous well-mixed interaction.
predator_prey_coupled_system,5.75,11.16470849157474,14.7793333082649,-0.43505146022760854,-4.0895276924004795,0.7,0.05,0.02,0.5,explicit_euler,Predator-prey terms are illustrative and assume continuous well-mixed interaction.
predator_prey_coupled_system,5.76,11.160357976972463,14.738438031340895,-0.412061638678761,-4.079494126646654,0.7,0.05,0.02,0.5,explicit_euler,Predator-prey terms are illustrative and assume continuous well-mixed interaction.
predator_prey_coupled_system,5.7700000000000005,11.156237360585676,14.697643090074429,-0.38915359529214033,-4.06941364595637,0.7,0.05,0.02,0.5,explicit_euler,Predator-prey terms are illustrative and assume continuous well-mixed interaction.
predator_prey_coupled_system,5.78,11.152345824632755,14.656948953614865,-0.36632609599218036,-4.059287207513389,0.7,0.05,0.02,0.5,explicit_euler,Predator-prey terms are illustrative and assume continuous well-mixed interaction.
predator_prey_coupled_system,5.79,11.148682563672834,14.616356081539731,-0.3435779149637863,-4.049115756955958,0.7,0.05,0.02,0.5,explicit_euler,Predator-prey terms are illustrative and assume continuous well-mixed interaction.
predator_prey_coupled_system,5.8,11.145246784523195,14.57586492397017,-0.3209078346099128,-4.038900228474626,0.7,0.05,0.02,0.5,explicit_euler,Predator-prey terms are illustrative and assume continuous well-mixed interaction.
predator_prey_coupled_system,5.8100000000000005,11.142037706177096,14.535475921685425,-0.2983146455084471,-4.028641544909746,0.7,0.05,0.02,0.5,explicit_euler,Predator-prey terms are illustrative and assume continuous well-mixed interaction.
predator_prey_coupled_system,5.82,11.13905455972201,14.495189506236327,-0.27579714636841324,-4.018340617848636,0.7,0.05,0.02,0.5,explicit_euler,Predator-prey terms are illustrative and assume continuous well-mixed interaction.
predator_prey_coupled_system,5.83,11.136296588258327,14.45500610005784,-0.25335414398554423,-4.007998347722371,0.7,0.05,0.02,0.5,explicit_euler,Predator-prey terms are illustrative and assume continuous well-mixed interaction.
predator_prey_coupled_system,5.84,11.133763046818471,14.414926116580617,-0.2309844531972587,-3.997615623902233,0.7,0.05,0.02,0.5,explicit_euler,Predator-prey terms are illustrative and assume continuous well-mixed interaction.
predator_prey_coupled_system,5.8500000000000005,11.1314532022865,14.374949960341594,-0.2086868968370812,-3.9871933247957445,0.7,0.05,0.02,0.5,explicit_euler,Predator-prey terms are illustrative and assume continuous well-mixed interaction.
predator_prey_coupled_system,5.86,11.129366333318128,14.335078027093637,-0.1864603056885299,-3.9767323179423313,0.7,0.05,0.02,0.5,explicit_euler,Predator-prey terms are illustrative and assume continuous well-mixed interaction.
predator_prey_coupled_system,5.87,11.127501730261242,14.295310703914213,-0.164303518438504,-3.9662334601085574,0.7,0.05,0.02,0.5,explicit_euler,Predator-prey terms are illustrative and assume continuous well-mixed interaction.
predator_prey_coupled_system,5.88,11.125858695076857,14.255648369313127,-0.14221538163023428,-3.9556975973829496,0.7,0.05,0.02,0.5,explicit_euler,Predator-prey terms are illustrative and assume continuous well-mixed interaction.
predator_prey_coupled_system,5.89,11.124436541260556,14.216091393339298,-0.1201947496157798,-3.945125565270381,0.7,0.05,0.02,0.5,explicit_euler,Predator-prey terms are illustrative and assume continuous well-mixed interaction.
predator_prey_coupled_system,5.9,11.123234593764398,14.176640137686594,-0.09824048450814171,-3.9345181887860092,0.7,0.05,0.02,0.5,explicit_euler,Predator-prey terms are illustrative and assume continuous well-mixed interaction.
predator_prey_coupled_system,5.91,11.122252188919317,14.137294955798733,-0.0763514561330032,-3.923876282548757,0.7,0.05,0.02,0.5,explicit_euler,Predator-prey terms are illustrative and assume continuous well-mixed interaction.
predator_prey_coupled_system,5.92,11.121488674357987,14.098056192973246,-0.05452654198013196,-3.913200650874334,0.7,0.05,0.02,0.5,explicit_euler,Predator-prey terms are illustrative and assume continuous well-mixed interaction.
predator_prey_coupled_system,5.93,11.120943408938187,14.058924186464502,-0.03276462715447259,-3.9024920878677696,0.7,0.05,0.02,0.5,explicit_euler,Predator-prey terms are illustrative and assume continuous well-mixed interaction.
predator_prey_coupled_system,5.94,11.120615762666642,14.019899265585824,-0.011064604326960215,-3.8917513775154684,0.7,0.05,0.02,0.5,explicit_euler,Predator-prey terms are illustrative and assume continuous well-mixed interaction.
predator_prey_coupled_system,5.95,11.120505116623372,13.980981751810669,0.010574626314933333,-3.8809792937767638,0.7,0.05,0.02,0.5,explicit_euler,Predator-prey terms are illustrative and assume continuous well-mixed interaction.
predator_prey_coupled_system,5.96,11.12061086288652,13.942171958872901,0.03215415711687175,-3.870176600674974,0.7,0.05,0.02,0.5,explicit_euler,Predator-prey terms are illustrative and assume continuous well-mixed interaction.
predator_prey_coupled_system,5.97,11.120932404457688,13.903470192866152,0.05367507300754237,-3.8593440523879403,0.7,0.05,0.02,0.5,explicit_euler,Predator-prey terms are illustrative and assume continuous well-mixed interaction.
predator_prey_coupled_system,5.98,11.121469155187764,13.864876752342273,0.07513845154870946,-3.8484823933380463,0.7,0.05,0.02,0.5,explicit_euler,Predator-prey terms are illustrative and assume continuous well-mixed interaction.
predator_prey_coupled_system,5.99,11.122220539703251,13.826391928408892,0.09654536298544336,-3.837592358281713,0.7,0.05,0.02,0.5,explicit_euler,Predator-prey terms are illustrative and assume continuous well-mixed interaction.
predator_prey_coupled_system,6.0,11.123185993333106,13.788016004826074,0.11789687029646867,-3.8266746723983553,0.7,0.05,0.02,0.5,explicit_euler,Predator-prey terms are illustrative and assume continuous well-mixed interaction.
predator_prey_coupled_system,6.01,11.12436496203607,13.74974925810209,0.13919402924463142,-3.815730051378798,0.7,0.05,0.02,0.5,explicit_euler,Predator-prey terms are illustrative and assume continuous well-mixed interaction.
predator_prey_coupled_system,6.0200000000000005,11.125756902328517,13.711591957588302,0.16043788842744977,-3.8047592015131464,0.7,0.05,0.02,0.5,explicit_euler,Predator-prey terms are illustrative and assume continuous well-mixed interaction.
predator_prey_coupled_system,6.03,11.12736128121279,13.673544365573171,0.18162948932774192,-3.7937628197781015,0.7,0.05,0.02,0.5,explicit_euler,Predator-prey terms are illustrative and assume continuous well-mixed interaction.
predator_prey_coupled_system,6.04,11.129177576106068,13.63560673737539,0.20276986636429584,-3.782741593923715,0.7,0.05,0.02,0.5,explicit_euler,Predator-prey terms are illustrative and assume continuous well-mixed interaction.
predator_prey_coupled_system,6.05,11.13120527476971,13.597779321436153,0.22386004694256645,-3.7716962025595846,0.7,0.05,0.02,0.5,explicit_euler,Predator-prey terms are illustrative and assume continuous well-mixed interaction.
predator_prey_coupled_system,6.0600000000000005,11.133443875239136,13.560062359410557,0.24490105150538355,-3.760627315240474,0.7,0.05,0.02,0.5,explicit_euler,Predator-prey terms are illustrative and assume continuous well-mixed interaction.
predator_prey_coupled_system,6.07,11.13589288575419,13.522456086258153,0.2658938935836517,-3.749535592551364,0.7,0.05,0.02,0.5,explicit_euler,Predator-prey terms are illustrative and assume continuous well-mixed interaction.
predator_prey_coupled_system,6.08,11.138551824690026,13.48496073033264,0.2868395798470189,-3.7384216861919204,0.7,0.05,0.02,0.5,explicit_euler,Predator-prey terms are illustrative and assume continuous well-mixed interaction.
predator_prey_coupled_system,6.09,11.141420220488497,13.44757651347072,0.30773911015450306,-3.727286239060382,0.7,0.05,0.02,0.5,explicit_euler,Predator-prey terms are illustrative and assume continuous well-mixed interaction.
predator_prey_coupled_system,6.1000000000000005,11.144497611590042,13.410303651080117,0.3285934776050494,-3.7161298853368665,0.7,0.05,0.02,0.5,explicit_euler,Predator-prey terms are illustrative and assume continuous well-mixed interaction.
predator_prey_coupled_system,6.11,11.147783546366092,13.373142352226749,0.3494036685880193,-3.7049532505660765,0.7,0.05,0.02,0.5,explicit_euler,Predator-prey terms are illustrative and assume continuous well-mixed interaction.
predator_prey_coupled_system,6.12,11.151277583051973,13.336092819721088,0.3701706628335737,-3.693756951739421,0.7,0.05,0.02,0.5,explicit_euler,Predator-prey terms are illustrative and assume continuous well-mixed interaction.
predator_prey_coupled_system,6.13,11.154979289680309,13.299155250203693,0.39089543346294775,-3.6825415973765394,0.7,0.05,0.02,0.5,explicit_euler,Predator-prey terms are illustrative and assume continuous well-mixed interaction.
predator_prey_coupled_system,6.140000000000001,11.158888244014939,13.262329834229927,0.41157894703861064,-3.6713077876062252,0.7,0.05,0.02,0.5,explicit_euler,Predator-prey terms are illustrative and assume continuous well-mixed interaction.
predator_prey_coupled_system,6.15,11.163004033485326,13.225616756353865,0.43222216361426113,-3.6600561142467467,0.7,0.05,0.02,0.5,explicit_euler,Predator-prey terms are illustrative and assume continuous well-mixed interaction.
predator_prey_coupled_system,6.16,11.167326255121468,13.189016195211398,0.45282603678470235,-3.648787160885569,0.7,0.05,0.02,0.5,explicit_euler,Predator-prey terms are illustrative and assume continuous well-mixed interaction.
predator_prey_coupled_system,6.17,11.171854515489315,13.152528323602542,0.47339151373551136,-3.6375015029584676,0.7,0.05,0.02,0.5,explicit_euler,Predator-prey terms are illustrative and assume continuous well-mixed interaction.
predator_prey_coupled_system,6.18,11.176588430626671,13.116153308572958,0.49391953529255694,-3.6261997078280337,0.7,0.05,0.02,0.5,explicit_euler,Predator-prey terms are illustrative and assume continuous well-mixed interaction.
predator_prey_coupled_system,6.19,11.181527625979596,13.079891311494677,0.514411035971305,-3.6148823348615737,0.7,0.05,0.02,0.5,explicit_euler,Predator-prey terms are illustrative and assume continuous well-mixed interaction.
predator_prey_coupled_system,6.2,11.18667173633931,13.043742488146062,0.5348669440259286,-3.603549935508396,0.7,0.05,0.02,0.5,explicit_euler,Predator-prey terms are illustrative and assume continuous well-mixed interaction.
predator_prey_coupled_system,6.21,11.19202040577957,13.007706988790979,0.5552881814981898,-3.5922030533764864,0.7,0.05,0.02,0.5,explicit_euler,Predator-prey terms are illustrative and assume continuous well-mixed interaction.
predator_prey_coupled_system,6.22,11.197573287594551,12.971784958257214,0.5756756642660958,-3.580842224308571,0.7,0.05,0.02,0.5,explicit_euler,Predator-prey terms are illustrative and assume continuous well-mixed interaction.
predator_prey_coupled_system,6.23,11.203330044237212,12.935976536014127,0.5960303020923137,-3.56946797645757,0.7,0.05,0.02,0.5,explicit_euler,Predator-prey terms are illustrative and assume continuous well-mixed interaction.
predator_prey_coupled_system,6.24,11.209290347258136,12.900281856249551,0.6163529986723262,-3.558080830361428,0.7,0.05,0.02,0.5,explicit_euler,Predator-prey terms are illustrative and assume continuous well-mixed interaction.
predator_prey_coupled_system,6.25,11.21545387724486,12.864701047945937,0.636644651682337,-3.546681299017343,0.7,0.05,0.02,0.5,explicit_euler,Predator-prey terms are illustrative and assume continuous well-mixed interaction.
predator_prey_coupled_system,6.26,11.221820323761683,12.829234234955763,0.6569061528268891,-3.5352698879553666,0.7,0.05,0.02,0.5,explicit_euler,Predator-prey terms are illustrative and assume continuous well-mixed interaction.
predator_prey_coupled_system,6.2700000000000005,11.228389385289953,12.79388153607621,0.6771383878862043,-3.5238470953114005,0.7,0.05,0.02,0.5,explicit_euler,Predator-prey terms are illustrative and assume continuous well-mixed interaction.
predator_prey_coupled_system,6.28,11.235160769168814,12.758643065123096,0.6973422367632311,-3.5124134118995727,0.7,0.05,0.02,0.5,explicit_euler,Predator-prey terms are illustrative and assume continuous well-mixed interaction.
predator_prey_coupled_system,6.29,11.242134191536447,12.723518931004099,0.7175185735303895,-3.5009693212840007,0.7,0.05,0.02,0.5,explicit_euler,Predator-prey terms are illustrative and assume continuous well-mixed interaction.
predator_prey_coupled_system,6.3,11.249309377271752,12.688509237791258,0.7376682664760033,-3.4895152998499404,0.7,0.05,0.02,0.5,explicit_euler,Predator-prey terms are illustrative and assume continuous well-mixed interaction.
predator_prey_coupled_system,6.3100000000000005,11.256686059936511,12.653614084792759,0.7577921781504102,-3.4780518168743204,0.7,0.05,0.02,0.5,explicit_euler,Predator-prey terms are illustrative and assume continuous well-mixed interaction.
predator_prey_coupled_system,6.32,11.264263981718015,12.618833566624016,0.7778911654117513,-3.4665793345956644,0.7,0.05,0.02,0.5,explicit_euler,Predator-prey terms are illustrative and assume continuous well-mixed interaction.
predator_prey_coupled_system,6.33,11.272042893372133,12.58416777327806,0.7979660794714141,-3.4550983082833984,0.7,0.05,0.02,0.5,explicit_euler,Predator-prey terms are illustrative and assume continuous well-mixed interaction.
predator_prey_coupled_system,6.34,11.280022554166846,12.549616790195225,0.8180177659391372,-3.443609186306551,0.7,0.05,0.02,0.5,explicit_euler,Predator-prey terms are illustrative and assume continuous well-mixed interaction.
predator_prey_coupled_system,6.3500000000000005,11.288202731826237,12.51518069833216,0.8380470648677614,-3.4321124102018383,0.7,0.05,0.02,0.5,explicit_euler,Predator-prey terms are illustrative and assume continuous well-mixed interaction.
predator_prey_coupled_system,6.36,11.296583202474915,12.480859574230141,0.8580548107976185,-3.420608414741142,0.7,0.05,0.02,0.5,explicit_euler,Predator-prey terms are illustrative and assume continuous well-mixed interaction.
predator_prey_coupled_system,6.37,11.305163750582892,12.44665349008273,0.8780418328005588,-3.4090976279983787,0.7,0.05,0.02,0.5,explicit_euler,Predator-prey terms are illustrative and assume continuous well-mixed interaction.
predator_prey_coupled_system,6.38,11.313944168910897,12.412562513802746,0.8980089545235996,-3.3975804714157616,0.7,0.05,0.02,0.5,explicit_euler,Predator-prey terms are illustrative and assume continuous well-mixed interaction.
predator_prey_coupled_system,6.390000000000001,11.322924258456133,12.378586709088587,0.9179569942322008,-3.3860573598694566,0.7,0.05,0.02,0.5,explicit_euler,Predator-prey terms are illustrative and assume continuous well-mixed interaction.
predator_prey_coupled_system,6.4,11.332103828398456,12.344726135489893,0.9378867648531433,-3.374528701734637,0.7,0.05,0.02,0.5,explicit_euler,Predator-prey terms are illustrative and assume continuous well-mixed interaction.
predator_prey_coupled_system,6.41,11.341482696046986,12.310980848472546,0.9577990740170277,-3.3629948989499283,0.7,0.05,0.02,0.5,explicit_euler,Predator-prey terms are illustrative and assume continuous well-mixed interaction.
predator_prey_coupled_system,6.42,11.351060686787157,12.277350899483046,0.9776947241003615,-3.351456347081264,0.7,0.05,0.02,0.5,explicit_euler,Predator-prey terms are illustrative and assume continuous well-mixed interaction.
predator_prey_coupled_system,6.43,11.360837634028162,12.243836336012233,0.9975745122672492,-3.339913435385131,0.7,0.05,0.02,0.5,explicit_euler,Predator-prey terms are illustrative and assume continuous well-mixed interaction.
predator_prey_coupled_system,6.44,11.370813379150833,12.210437201658381,1.0174392305106732,-3.328366546871227,0.7,0.05,0.02,0.5,explicit_euler,Predator-prey terms are illustrative and assume continuous well-mixed interaction.
predator_prey_coupled_system,6.45,11.38098777145594,12.17715353618967,1.0372896656933532,-3.316816058364513,0.7,0.05,0.02,0.5,explicit_euler,Predator-prey terms are illustrative and assume continuous well-mixed interaction.
predator_prey_coupled_system,6.46,11.391360668112874,12.143985375606023,1.0571265995881909,-3.3052623405666837,0.7,0.05,0.02,0.5,explicit_euler,Predator-prey terms are illustrative and assume continuous well-mixed interaction.
predator_prey_coupled_system,6.47,11.401931934108756,12.110932752200357,1.0769508089182844,-3.293705758117041,0.7,0.05,0.02,0.5,explicit_euler,Predator-prey terms are illustrative and assume continuous well-mixed interaction.
predator_prey_coupled_system,6.48,11.412701442197939,12.077995694619187,1.0967630653965124,-3.2821466696527755,0.7,0.05,0.02,0.5,explicit_euler,Predator-prey terms are illustrative and assume continuous well-mixed interaction.
predator_prey_coupled_system,6.49,11.423669072851904,12.04517422792266,1.116564135764687,-3.2705854278686717,0.7,0.05,0.02,0.5,explicit_euler,Predator-prey terms are illustrative and assume continuous well-mixed interaction.
predator_prey_coupled_system,6.5,11.43483471420955,12.012468373643973,1.136354781832261,-3.2590223795762174,0.7,0.05,0.02,0.5,explicit_euler,Predator-prey terms are illustrative and assume continuous well-mixed interaction.
predator_prey_coupled_system,6.51,11.446198262027874,11.979878149848211,1.156135760514597,-3.24745786576214,0.7,0.05,0.02,0.5,explicit_euler,Predator-prey terms are illustrative and assume continuous well-mixed interaction.
predator_prey_coupled_system,6.5200000000000005,11.45775961963302,11.94740357119059,1.1759078238707685,-3.235892221646357,0.7,0.05,0.02,0.5,explicit_euler,Predator-prey terms are illustrative and assume continuous well-mixed interaction.
predator_prey_coupled_system,6.53,11.469518697871727,11.915044648974126,1.1956717191409476,-3.2243257767393585,0.7,0.05,0.02,0.5,explicit_euler,Predator-prey terms are illustrative and assume continuous well-mixed interaction.
predator_prey_coupled_system,6.54,11.481475415063137,11.882801391206732,1.2154281887832878,-3.212758854899003,0.7,0.05,0.02,0.5,explicit_euler,Predator-prey terms are illustrative and assume continuous well-mixed interaction.
predator_prey_coupled_system,6.55,11.49362969695097,11.850673802657742,1.2351779705103834,-3.2011917743867526,0.7,0.05,0.02,0.5,explicit_euler,Predator-prey terms are illustrative and assume continuous well-mixed interaction.
predator_prey_coupled_system,6.5600000000000005,11.505981476656075,11.818661884913874,1.2549217973252418,-3.1896248479233327,0.7,0.05,0.02,0.5,explicit_euler,Predator-prey terms are illustrative and assume continuous well-mixed interaction.
predator_prey_coupled_system,6.57,11.518530694629327,11.786765636434641,1.274660397556798,-3.1780583827438287,0.7,0.05,0.02,0.5,explicit_euler,Predator-prey terms are illustrative and assume continuous well-mixed interaction.
predator_prey_coupled_system,6.58,11.531277298604895,11.754985052607203,1.2943944948949593,-3.166492680652216,0.7,0.05,0.02,0.5,explicit_euler,Predator-prey terms are illustrative and assume continuous well-mixed interaction.
predator_prey_coupled_system,6.59,11.544221243553844,11.723320125800681,1.3141248084251629,-3.1549280380753295,0.7,0.05,0.02,0.5,explicit_euler,Predator-prey terms are illustrative and assume continuous well-mixed interaction.
predator_prey_coupled_system,6.6000000000000005,11.557362491638095,11.691770845419928,1.3338520526624622,-3.1433647461162817,0.7,0.05,0.02,0.5,explicit_euler,Predator-prey terms are illustrative and assume continuous well-mixed interaction.
predator_prey_coupled_system,6.61,11.57070101216472,11.660337197958764,1.3535769375851334,-3.1318030906073138,0.7,0.05,0.02,0.5,explicit_euler,Predator-prey terms are illustrative and assume continuous well-mixed interaction.
predator_prey_coupled_system,6.62,11.584236781540572,11.629019167052691,1.3733001686677966,-3.120243352162104,0.7,0.05,0.02,0.5,explicit_euler,Predator-prey terms are illustrative and assume continuous well-mixed interaction.
predator_prey_coupled_system,6.63,11.59796978322725,11.59781673353107,1.3930224469140393,-3.108685806227521,0.7,0.05,0.02,0.5,explicit_euler,Predator-prey terms are illustrative and assume continuous well-mixed interaction.
predator_prey_coupled_system,6.640000000000001,11.61190000769639,11.566729875468795,1.4127444688885635,-3.097130723134834,0.7,0.05,0.02,0.5,explicit_euler,Predator-prey terms are illustrative and assume continuous well-mixed interaction.
predator_prey_coupled_system,6.65,11.626027452385275,11.535758568237446,1.4324669267488312,-3.085578368150379,0.7,0.05,0.02,0.5,explicit_euler,Predator-prey terms are illustrative and assume continuous well-mixed interaction.
predator_prey_coupled_system,6.66,11.640352121652763,11.504902784555942,1.4521905082762068,-3.0740290015256804,0.7,0.05,0.02,0.5,explicit_euler,Predator-prey terms are illustrative and assume continuous well-mixed interaction.
predator_prey_coupled_system,6.67,11.654874026735525,11.474162494540685,1.4719158969066095,-3.0624828785470397,0.7,0.05,0.02,0.5,explicit_euler,Predator-prey terms are illustrative and assume continuous well-mixed interaction.
predator_prey_coupled_system,6.68,11.669593185704592,11.443537665755215,1.4916437717606694,-3.0509402495845896,0.7,0.05,0.02,0.5,explicit_euler,Predator-prey terms are illustrative and assume continuous well-mixed interaction.
predator_prey_coupled_system,6.69,11.6845096234222,11.413028263259369,1.5113748076733566,-3.039401360140811,0.7,0.05,0.02,0.5,explicit_euler,Predator-prey terms are illustrative and assume continuous well-mixed interaction.
predator_prey_coupled_system,6.7,11.699623371498934,11.382634249657961,1.5311096752231261,-3.0278664508985305,0.7,0.05,0.02,0.5,explicit_euler,Predator-prey terms are illustrative and assume continuous well-mixed interaction.
predator_prey_coupled_system,6.71,11.714934468251165,11.352355585148976,1.5508490407605473,-3.0163357577683803,0.7,0.05,0.02,0.5,explicit_euler,Predator-prey terms are illustrative and assume continuous well-mixed interaction.
predator_prey_coupled_system,6.72,11.73044295865877,11.322192227571293,1.5705935664364015,-3.0048095119357514,0.7,0.05,0.02,0.5,explicit_euler,Predator-prey terms are illustrative and assume continuous well-mixed interaction.
predator_prey_coupled_system,6.73,11.746148894323134,11.292144132451936,1.590343910229306,-2.9932879399072125,0.7,0.05,0.02,0.5,explicit_euler,Predator-prey terms are illustrative and assume continuous well-mixed interaction.
predator_prey_coupled_system,6.74,11.762052333425428,11.262211253052865,1.6101007259727718,-2.9817712635564213,0.7,0.05,0.02,0.5,explicit_euler,Predator-prey terms are illustrative and assume continuous well-mixed interaction.
predator_prey_coupled_system,6.75,11.778153340685156,11.2323935404173,1.629864663381789,-2.9702597001695223,0.7,0.05,0.02,0.5,explicit_euler,Predator-prey terms are illustrative and assume continuous well-mixed interaction.
predator_prey_coupled_system,6.76,11.794451987318974,11.202690943415606,1.6496363680788582,-2.9587534624900336,0.7,0.05,0.02,0.5,explicit_euler,Predator-prey terms are illustrative and assume continuous well-mixed interaction.
predator_prey_coupled_system,6.7700000000000005,11.810948350999762,11.173103408790706,1.6694164816195114,-2.9472527587632245,0.7,0.05,0.02,0.5,explicit_euler,Predator-prey terms are illustrative and assume continuous well-mixed interaction.
predator_prey_coupled_system,6.78,11.827642515815958,11.143630881203073,1.6892056415173142,-2.9357577927799943,0.7,0.05,0.02,0.5,explicit_euler,Predator-prey terms are illustrative and assume continuous well-mixed interaction.
predator_prey_coupled_system,6.79,11.844534572231131,11.114273303275272,1.7090044812683178,-2.9242687639202467,0.7,0.05,0.02,0.5,explicit_euler,Predator-prey terms are illustrative and assume continuous well-mixed interaction.
predator_prey_coupled_system,6.8,11.861624617043814,11.08503061563607,1.7288136303750115,-2.9127858671957716,0.7,0.05,0.02,0.5,explicit_euler,Predator-prey terms are illustrative and assume continuous well-mixed interaction.
predator_prey_coupled_system,6.8100000000000005,11.878912753347564,11.055902756964112,1.7486337143697206,-2.9013092932926265,0.7,0.05,0.02,0.5,explicit_euler,Predator-prey terms are illustrative and assume continuous well-mixed interaction.
predator_prey_coupled_system,6.82,11.896399090491261,11.026889664031186,1.7684653548374785,-2.8898392286130314,0.7,0.05,0.02,0.5,explicit_euler,Predator-prey terms are illustrative and assume continuous well-mixed interaction.
predator_prey_coupled_system,6.83,11.914083744039637,10.997991271745056,1.7883091694383673,-2.878375855316776,0.7,0.05,0.02,0.5,explicit_euler,Predator-prey terms are illustrative and assume continuous well-mixed interaction.
predator_prey_coupled_system,6.84,11.93196683573402,10.969207513191888,1.8081657719293105,-2.866919351362143,0.7,0.05,0.02,0.5,explicit_euler,Predator-prey terms are illustrative and assume continuous well-mixed interaction.
predator_prey_coupled_system,6.8500000000000005,11.950048493453313,10.940538319678266,1.8280357721853422,-2.8554698905463427,0.7,0.05,0.02,0.5,explicit_euler,Predator-prey terms are illustrative and assume continuous well-mixed interaction.
predator_prey_coupled_system,6.86,11.968328851175166,10.911983620772803,1.8479197762203174,-2.844027642545482,0.7,0.05,0.02,0.5,explicit_euler,Predator-prey terms are illustrative and assume continuous well-mixed interaction.
predator_prey_coupled_system,6.87,11.986808048937368,10.883543344347348,1.8678183862070812,-2.832592772954044,0.7,0.05,0.02,0.5,explicit_euler,Predator-prey terms are illustrative and assume continuous well-mixed interaction.
predator_prey_coupled_system,6.88,12.005486232799438,10.855217416617808,1.8877322004971173,-2.8211654433239084,0.7,0.05,0.02,0.5,explicit_euler,Predator-prey terms are illustrative and assume continuous well-mixed interaction.
predator_prey_coupled_system,6.890000000000001,12.02436355480441,10.82700576218457,1.9076618136396108,-2.809745811202895,0.7,0.05,0.02,0.5,explicit_euler,Predator-prey terms are illustrative and assume continuous well-mixed interaction.
predator_prey_coupled_system,6.9,12.043440172940805,10.79890830407254,1.9276078163999966,-2.7983340301728443,0.7,0.05,0.02,0.5,explicit_euler,Predator-prey terms are illustrative and assume continuous well-mixed interaction.
predator_prey_coupled_system,6.91,12.062716251104804,10.770924963770812,1.9475707957779322,-2.786930249887234,0.7,0.05,0.02,0.5,explicit_euler,Predator-prey terms are illustrative and assume continuous well-mixed interaction.
predator_prey_coupled_system,6.92,12.082191959062584,10.743055661271939,1.9675513350247282,-2.7755346161083376,0.7,0.05,0.02,0.5,explicit_euler,Predator-prey terms are illustrative and assume continuous well-mixed interaction.
predator_prey_coupled_system,6.93,12.101867472412831,10.715300315110856,1.9875500136602282,-2.764147270743927,0.7,0.05,0.02,0.5,explicit_euler,Predator-prey terms are illustrative and assume continuous well-mixed interaction.
predator_prey_coupled_system,6.94,12.121742972549434,10.687658842403417,2.007567407489132,-2.7527683518835198,0.7,0.05,0.02,0.5,explicit_euler,Predator-prey terms are illustrative and assume continuous well-mixed interaction.
predator_prey_coupled_system,6.95,12.141818646624326,10.660131158884582,2.0276040886167372,-2.7413979938341746,0.7,0.05,0.02,0.5,explicit_euler,Predator-prey terms are illustrative and assume continuous well-mixed interaction.
predator_prey_coupled_system,6.96,12.162094687510494,10.63271717894624,2.0476606254641627,-2.730036327155847,0.7,0.05,0.02,0.5,explicit_euler,Predator-prey terms are illustrative and assume continuous well-mixed interaction.
predator_prey_coupled_system,6.97,12.182571293765136,10.605416815674682,2.067737582782973,-2.718683478696292,0.7,0.05,0.02,0.5,explicit_euler,Predator-prey terms are illustrative and assume continuous well-mixed interaction.
predator_prey_coupled_system,6.98,12.203248669592966,10.578229980887718,2.087835521669251,-2.7073395716255293,0.7,0.05,0.02,0.5,explicit_euler,Predator-prey terms are illustrative and assume continuous well-mixed interaction.
predator_prey_coupled_system,6.99,12.22412702480966,10.551156585171462,2.1079549995771165,-2.6960047254698734,0.7,0.05,0.02,0.5,explicit_euler,Predator-prey terms are illustrative and assume continuous well-mixed interaction.
predator_prey_coupled_system,7.0,12.245206574805431,10.524196537916763,2.128096570331655,-2.6846790561455234,0.7,0.05,0.02,0.5,explicit_euler,Predator-prey terms are illustrative and assume continuous well-mixed interaction.
predator_prey_coupled_system,7.01,12.266487540508749,10.497349747355308,2.1482607841412946,-2.673362675991723,0.7,0.05,0.02,0.5,explicit_euler,Predator-prey terms are illustrative and assume continuous well-mixed interaction.
predator_prey_coupled_system,7.0200000000000005,12.287970148350162,10.470616120595391,2.168448187609606,-2.6620556938034925,0.7,0.05,0.02,0.5,explicit_euler,Predator-prey terms are illustrative and assume continuous well-mixed interaction.
predator_prey_coupled_system,7.03,12.309654630226259,10.443995563657356,2.188659323746517,-2.6507582148639326,0.7,0.05,0.02,0.5,explicit_euler,Predator-prey terms are illustrative and assume continuous well-mixed interaction.
predator_prey_coupled_system,7.04,12.331541223463724,10.417487981508717,2.2088947319789733,-2.6394703409761058,0.7,0.05,0.02,0.5,explicit_euler,Predator-prey terms are illustrative and assume continuous well-mixed interaction.
predator_prey_coupled_system,7.05,12.353630170783513,10.391093278098957,2.229154948161007,-2.628192170494498,0.7,0.05,0.02,0.5,explicit_euler,Predator-prey terms are illustrative and assume continuous well-mixed interaction.
predator_prey_coupled_system,7.0600000000000005,12.375921720265122,10.364811356394013,2.2494405045832204,-2.616923798356061,0.7,0.05,0.02,0.5,explicit_euler,Predator-prey terms are illustrative and assume continuous well-mixed interaction.
predator_prey_coupled_system,7.07,12.398416125310954,10.338642118410451,2.2697519299817097,-2.605665316110843,0.7,0.05,0.02,0.5,explicit_euler,Predator-prey terms are illustrative and assume continuous well-mixed interaction.
predator_prey_coupled_system,7.08,12.42111364461077,10.312585465249343,2.2900897495463726,-2.594416811952205,0.7,0.05,0.02,0.5,explicit_euler,Predator-prey terms are illustrative and assume continuous well-mixed interaction.
predator_prey_coupled_system,7.09,12.444014542106235,10.28664129712982,2.310454484928661,-2.5831783707466296,0.7,0.05,0.02,0.5,explicit_euler,Predator-prey terms are illustrative and assume continuous well-mixed interaction.
predator_prey_coupled_system,7.1000000000000005,12.467119086955522,10.260809513422354,2.3308466542487327,-2.5719500740631243,0.7,0.05,0.02,0.5,explicit_euler,Predator-prey terms are illustrative and assume continuous well-mixed interaction.
predator_prey_coupled_system,7.11,12.490427553498009,10.235090012681722,2.3512667721020026,-2.56073200020222,0.7,0.05,0.02,0.5,explicit_euler,Predator-prey terms are illustrative and assume continuous well-mixed interaction.
predator_prey_coupled_system,7.12,12.513940221219029,10.2094826926797,2.3717153495651164,-2.549524224224569,0.7,0.05,0.02,0.5,explicit_euler,Predator-prey terms are illustrative and assume continuous well-mixed interaction.
predator_prey_coupled_system,7.13,12.53765737471468,10.183987450437455,2.3921928942013286,-2.538326817979149,0.7,0.05,0.02,0.5,explicit_euler,Predator-prey terms are illustrative and assume continuous well-mixed interaction.
predator_prey_coupled_system,7.140000000000001,12.561579303656693,10.158604182257664,2.4126999100652746,-2.5271398501310682,0.7,0.05,0.02,0.5,explicit_euler,Predator-prey terms are illustrative and assume continuous well-mixed interaction.
predator_prey_coupled_system,7.15,12.585706302757345,10.133332783756353,2.4332368977071432,-2.5159633861889774,0.7,0.05,0.02,0.5,explicit_euler,Predator-prey terms are illustrative and assume continuous well-mixed interaction.
predator_prey_coupled_system,7.16,12.610038671734417,10.108173149894464,2.453804354176257,-2.5047974885320983,0.7,0.05,0.02,0.5,explicit_euler,Predator-prey terms are illustrative and assume continuous well-mixed interaction.
predator_prey_coupled_system,7.17,12.634576715276179,10.083125175009142,2.474402773024046,-2.49364221643686,0.7,0.05,0.02,0.5,explicit_euler,Predator-prey terms are illustrative and assume continuous well-mixed interaction.
predator_prey_coupled_system,7.18,12.65932074300642,10.058188752844774,2.4950326443064066,-2.482497626103153,0.7,0.05,0.02,0.5,explicit_euler,Predator-prey terms are illustrative and assume continuous well-mixed interaction.
predator_prey_coupled_system,7.19,12.684271069449483,10.033363776583743,2.515694454585458,-2.4713637706801994,0.7,0.05,0.02,0.5,explicit_euler,Predator-prey terms are illustrative and assume continuous well-mixed interaction.
predator_prey_coupled_system,7.2,12.709428013995337,10.008650138876941,2.536388686930689,-2.460240700292052,0.7,0.05,0.02,0.5,explicit_euler,Predator-prey terms are illustrative and assume continuous well-mixed interaction.
predator_prey_coupled_system,7.21,12.734791900864645,9.984047731874021,2.557115820919485,-2.4491284620627045,0.7,0.05,0.02,0.5,explicit_euler,Predator-prey terms are illustrative and assume continuous well-mixed interaction.
predator_prey_coupled_system,7.22,12.760363059073839,9.959556447253394,2.5778763326370404,-2.438027100140839,0.7,0.05,0.02,0.5,explicit_euler,Predator-prey terms are illustrative and assume continuous well-mixed interaction.
predator_prey_coupled_system,7.23,12.786141822400209,9.935176176251986,2.5986706946756613,-2.4269366557241985,0.7,0.05,0.02,0.5,explicit_euler,Predator-prey terms are illustrative and assume continuous well-mixed interaction.
predator_prey_coupled_system,7.24,12.812128529346966,9.910906809694744,2.619499376133418,-2.4158571670835887,0.7,0.05,0.02,0.5,explicit_euler,Predator-prey terms are illustrative and assume continuous well-mixed interaction.
predator_prey_coupled_system,7.25,12.8383235231083,9.886748238023909,2.6403628426122143,-2.404788669586517,0.7,0.05,0.02,0.5,explicit_euler,Predator-prey terms are illustrative and assume continuous well-mixed interaction.
predator_prey_coupled_system,7.26,12.864727151534423,9.862700351328044,2.6612615562151953,-2.393731195720463,0.7,0.05,0.02,0.5,explicit_euler,Predator-prey terms are illustrative and assume continuous well-mixed interaction.
predator_prey_coupled_system,7.2700000000000005,12.891339767096575,9.83876303937084,2.6821959755435367,-2.3826847751157945,0.7,0.05,0.02,0.5,explicit_euler,Predator-prey terms are illustrative and assume continuous well-mixed interaction.
predator_prey_coupled_system,7.28,12.918161726852011,9.814936191619681,2.703166555692607,-2.3716494345683206,0.7,0.05,0.02,0.5,explicit_euler,Predator-prey terms are illustrative and assume continuous well-mixed interaction.
predator_prey_coupled_system,7.29,12.945193392408937,9.791219697273998,2.724173748247476,-2.360625198061487,0.7,0.05,0.02,0.5,explicit_euler,Predator-prey terms are illustrative and assume continuous well-mixed interaction.
predator_prey_coupled_system,7.3,12.972435129891412,9.767613445293383,2.7452180012778085,-2.34961208678822,0.7,0.05,0.02,0.5,explicit_euler,Predator-prey terms are illustrative and assume continuous well-mixed interaction.
predator_prey_coupled_system,7.3100000000000005,12.99988730990419,9.7441173244255,2.7662997593320995,-2.338610119172418,0.7,0.05,0.02,0.5,explicit_euler,Predator-prey terms are illustrative and assume continuous well-mixed interaction.
predator_prey_coupled_system,7.32,13.027550307497512,9.720731223233777,2.787419463431265,-2.3276193108900913,0.7,0.05,0.02,0.5,explicit_euler,Predator-prey terms are illustrative and assume continuous well-mixed interaction.
predator_prey_coupled_system,7.33,13.055424502131824,9.697455030124877,2.8085775510615854,-2.316639674890162,0.7,0.05,0.02,0.5,explicit_euler,Predator-prey terms are illustrative and assume continuous well-mixed interaction.
predator_prey_coupled_system,7.34,13.083510277642441,9.674288633375975,2.829774456167007,-2.305671221414907,0.7,0.05,0.02,0.5,explicit_euler,Predator-prey terms are illustrative and assume continuous well-mixed interaction.
predator_prey_coupled_system,7.3500000000000005,13.11180802220411,9.651231921161825,2.8510106091407756,-2.2947139580200724,0.7,0.05,0.02,0.5,explicit_euler,Predator-prey terms are illustrative and assume continuous well-mixed interaction.
predator_prey_coupled_system,7.36,13.140318128295519,9.628284781581625,2.8722864368164167,-2.2837678895946345,0.7,0.05,0.02,0.5,explicit_euler,Predator-prey terms are illustrative and assume continuous well-mixed interaction.
predator_prey_coupled_system,7.37,13.169040992663684,9.605447102685678,2.8936023624580614,-2.272833018380233,0.7,0.05,0.02,0.5,explicit_euler,Predator-prey terms are illustrative and assume continuous well-mixed interaction.
predator_prey_coupled_system,7.38,13.197977016288265,9.582718772501876,2.914958805750092,-2.261909343990261,0.7,0.05,0.02,0.5,explicit_euler,Predator-prey terms are illustrative and assume continuous well-mixed interaction.
predator_prey_coupled_system,7.390000000000001,13.227126604345766,9.560099679061974,2.936356182786133,-2.2509968634286253,0.7,0.05,0.02,0.5,explicit_euler,Predator-prey terms are illustrative and assume continuous well-mixed interaction.
predator_prey_coupled_system,7.4,13.256490166173627,9.537589710427687,2.9577949060573667,-2.2400955711081756,0.7,0.05,0.02,0.5,explicit_euler,Predator-prey terms are illustrative and assume continuous well-mixed interaction.
predator_prey_coupled_system,7.41,13.286068115234201,9.515188754716606,2.9792753844401734,-2.2292054588687966,0.7,0.05,0.02,0.5,explicit_euler,Predator-prey terms are illustrative and assume continuous well-mixed interaction.
predator_prey_coupled_system,7.42,13.315860869078604,9.492896700127918,3.0007980231830835,-2.2183265159951837,0.7,0.05,0.02,0.5,explicit_euler,Predator-prey terms are illustrative and assume continuous well-mixed interaction.
predator_prey_coupled_system,7.43,13.345868849310435,9.470713434967966,3.0223632238930627,-2.2074587292342867,0.7,0.05,0.02,0.5,explicit_euler,Predator-prey terms are illustrative and assume continuous well-mixed interaction.
predator_prey_coupled_system,7.44,13.376092481549366,9.448638847675623,3.0439713845210976,-2.1966020828124284,0.7,0.05,0.02,0.5,explicit_euler,Predator-prey terms are illustrative and assume continuous well-mixed interaction.
predator_prey_coupled_system,7.45,13.406532195394577,9.426672826847499,3.065622899347094,-2.1857565584521055,0.7,0.05,0.02,0.5,explicit_euler,Predator-prey terms are illustrative and assume continuous well-mixed interaction.
predator_prey_coupled_system,7.46,13.437188424388049,9.404815261262979,3.0873181589640852,-2.17492213538847,0.7,0.05,0.02,0.5,explicit_euler,Predator-prey terms are illustrative and assume continuous well-mixed interaction.
predator_prey_coupled_system,7.47,13.46806160597769,9.383066039909094,3.109057550261742,-2.164098790385491,0.7,0.05,0.02,0.5,explicit_euler,Predator-prey terms are illustrative and assume continuous well-mixed interaction.
predator_prey_coupled_system,7.48,13.499152181480307,9.36142505200524,3.1308414564091667,-2.1532864977518016,0.7,0.05,0.02,0.5,explicit_euler,Predator-prey terms are illustrative and assume continuous well-mixed interaction.
predator_prey_coupled_system,7.49,13.5304605960444,9.339892187027722,3.152670256837001,-2.14248522935623,0.7,0.05,0.02,0.5,explicit_euler,Predator-prey terms are illustrative and assume continuous well-mixed interaction.
predator_prey_coupled_system,7.5,13.561987298612769,9.31846733473416,3.174544327218804,-2.1316949546430273,0.7,0.05,0.02,0.5,explicit_euler,Predator-prey terms are illustrative and assume continuous well-mixed interaction.
predator_prey_coupled_system,7.51,13.593732741884956,9.29715038518773,3.1964640394517296,-2.1209156406467695,0.7,0.05,0.02,0.5,explicit_euler,Predator-prey terms are illustrative and assume continuous well-mixed interaction.
predator_prey_coupled_system,7.5200000000000005,13.625697382279473,9.275941228781264,3.2184297616364743,-2.11014725200697,0.7,0.05,0.02,0.5,explicit_euler,Predator-prey terms are illustrative and assume continuous well-mixed interaction.
predator_prey_coupled_system,7.53,13.657881679895837,9.254839756261195,3.2404418580565135,-2.099389750982369,0.7,0.05,0.02,0.5,explicit_euler,Predator-prey terms are illustrative and assume continuous well-mixed interaction.
predator_prey_coupled_system,7.54,13.690286098476403,9.233845858751371,3.2625006891565915,-2.0886430974649293,0.7,0.05,0.02,0.5,explicit_euler,Predator-prey terms are illustrative and assume continuous well-mixed interaction.
predator_prey_coupled_system,7.55,13.722911105367968,9.212959427776722,3.284606611520492,-2.077907248993527,0.7,0.05,0.02,0.5,explicit_euler,Predator-prey terms are illustrative and assume continuous well-mixed interaction.
predator_prey_coupled_system,7.5600000000000005,13.755757171483173,9.192180355286787,3.3067599778480714,-2.067182160767334,0.7,0.05,0.02,0.5,explicit_euler,Predator-prey terms are illustrative and assume continuous well-mixed interaction.
predator_prey_coupled_system,7.57,13.788824771261654,9.171508533679114,3.328961136931545,-2.0564677856589126,0.7,0.05,0.02,0.5,explicit_euler,Predator-prey terms are illustrative and assume continuous well-mixed interaction.
predator_prey_coupled_system,7.58,13.82211438263097,9.150943855822526,3.3512104336310253,-2.045764074227002,0.7,0.05,0.02,0.5,explicit_euler,Predator-prey terms are illustrative and assume continuous well-mixed interaction.
predator_prey_coupled_system,7.59,13.85562648696728,9.130486215080255,3.373508208849315,-2.0350709747290154,0.7,0.05,0.02,0.5,explicit_euler,Predator-prey terms are illustrative and assume continuous well-mixed interaction.
predator_prey_coupled_system,7.6000000000000005,13.889361569055772,9.110135505332964,3.3958547995059307,-2.024388433133239,0.7,0.05,0.02,0.5,explicit_euler,Predator-prey terms are illustrative and assume continuous well-mixed interaction.
predator_prey_coupled_system,7.61,13.923320117050832,9.089891621001632,3.4182505385103905,-2.0137163931307396,0.7,0.05,0.02,0.5,explicit_euler,Predator-prey terms are illustrative and assume continuous well-mixed interaction.
predator_prey_coupled_system,7.62,13.957502622435936,9.069754457070324,3.4406957547347012,-2.003054796146981,0.7,0.05,0.02,0.5,explicit_euler,Predator-prey terms are illustrative and assume continuous well-mixed interaction.
predator_prey_coupled_system,7.63,13.991909579983282,9.049723909108854,3.463190772985099,-1.9924035813531482,0.7,0.05,0.02,0.5,explicit_euler,Predator-prey terms are illustrative and assume continuous well-mixed interaction.
predator_prey_coupled_system,7.640000000000001,14.026541487713134,9.029799873295323,3.48573591397301,-1.9817626856771886,0.7,0.05,0.02,0.5,explicit_euler,Predator-prey terms are illustrative and assume continuous well-mixed interaction.
predator_prey_coupled_system,7.65,14.061398846852864,9.00998224643855,3.5083314942852146,-1.9711320438145585,0.7,0.05,0.02,0.5,explicit_euler,Predator-prey terms are illustrative and assume continuous well-mixed interaction.
predator_prey_coupled_system,7.66,14.096482161795716,8.990270926000404,3.530977826353231,-1.960511588238695,0.7,0.05,0.02,0.5,explicit_euler,Predator-prey terms are illustrative and assume continuous well-mixed interaction.
predator_prey_coupled_system,7.67,14.131791940059248,8.970665810118017,3.5536752184219296,-1.9499012492111913,0.7,0.05,0.02,0.5,explicit_euler,Predator-prey terms are illustrative and assume continuous well-mixed interaction.
predator_prey_coupled_system,7.68,14.167328692243467,8.951166797625906,3.576423974517299,-1.9393009547917015,0.7,0.05,0.02,0.5,explicit_euler,Predator-prey terms are illustrative and assume continuous well-mixed interaction.
predator_prey_coupled_system,7.69,14.20309293198864,8.931773788077988,3.5992243944134525,-1.9287106308475561,0.7,0.05,0.02,0.5,explicit_euler,Predator-prey terms are illustrative and assume continuous well-mixed interaction.
predator_prey_coupled_system,7.7,14.239085175932775,8.912486681769513,3.622076773598814,-1.9181302010631054,0.7,0.05,0.02,0.5,explicit_euler,Predator-prey terms are illustrative and assume continuous well-mixed interaction.
predator_prey_coupled_system,7.71,14.275305943668764,8.893305379758882,3.6449814032414656,-1.9075595869487736,0.7,0.05,0.02,0.5,explicit_euler,Predator-prey terms are illustrative and assume continuous well-mixed interaction.
predator_prey_coupled_system,7.72,14.311755757701178,8.874229783889394,3.6679385701537077,-1.8969987078498507,0.7,0.05,0.02,0.5,explicit_euler,Predator-prey terms are illustrative and assume continuous well-mixed interaction.
predator_prey_coupled_system,7.73,14.348435143402716,8.855259796810895,3.6909485567557683,-1.886447480954995,0.7,0.05,0.02,0.5,explicit_euler,Predator-prey terms are illustrative and assume continuous well-mixed interaction.
predator_prey_coupled_system,7.74,14.385344628970273,8.836395322001344,3.7140116410386863,-1.8759058213044706,0.7,0.05,0.02,0.5,explicit_euler,Predator-prey terms are illustrative and assume continuous well-mixed interaction.
predator_prey_coupled_system,7.75,14.42248474538066,8.8176362637883,3.737128096526357,-1.8653736417981088,0.7,0.05,0.02,0.5,explicit_euler,Predator-prey terms are illustrative and assume continuous well-mixed interaction.
predator_prey_coupled_system,7.76,14.459856026345923,8.798982527370319,3.7602981922367364,-1.8548508532029953,0.7,0.05,0.02,0.5,explicit_euler,Predator-prey terms are illustrative and assume continuous well-mixed interaction.
predator_prey_coupled_system,7.7700000000000005,14.49745900826829,8.780434018838289,3.7835221926421765,-1.8443373641608947,0.7,0.05,0.02,0.5,explicit_euler,Predator-prey terms are illustrative and assume continuous well-mixed interaction.
predator_prey_coupled_system,7.78,14.535294230194712,8.76199064519668,3.80680035762893,-1.833833081195393,0.7,0.05,0.02,0.5,explicit_euler,Predator-prey terms are illustrative and assume continuous well-mixed interaction.
predator_prey_coupled_system,7.79,14.573362233771,8.743652314384725,3.8301329424557613,-1.8233379087187873,0.7,0.05,0.02,0.5,explicit_euler,Predator-prey terms are illustrative and assume continuous well-mixed interaction.
predator_prey_coupled_system,7.8,14.611663563195558,8.725418935297537,3.8535201977117097,-1.8128517490386962,0.7,0.05,0.02,0.5,explicit_euler,Predator-prey terms are illustrative and assume continuous well-mixed interaction.
predator_prey_coupled_system,7.8100000000000005,14.650198765172675,8.70729041780715,3.876962369272964,-1.8023745023644113,0.7,0.05,0.02,0.5,explicit_euler,Predator-prey terms are illustrative and assume continuous well-mixed interaction.
predator_prey_coupled_system,7.82,14.688968388865405,8.689266672783505,3.900459698258852,-1.791906066812981,0.7,0.05,0.02,0.5,explicit_euler,Predator-prey terms are illustrative and assume continuous well-mixed interaction.
predator_prey_coupled_system,7.83,14.727972985847993,8.671347612115376,3.924012420986956,-1.7814463384150327,0.7,0.05,0.02,0.5,explicit_euler,Predator-prey terms are illustrative and assume continuous well-mixed interaction.
predator_prey_coupled_system,7.84,14.767213110057863,8.653533148731226,3.9476207689273,-1.7709952111203315,0.7,0.05,0.02,0.5,explicit_euler,Predator-prey terms are illustrative and assume continuous well-mixed interaction.
predator_prey_coupled_system,7.8500000000000005,14.806689317747136,8.635823196620022,3.971284968655663,-1.7605525768030792,0.7,0.05,0.02,0.5,explicit_euler,Predator-prey terms are illustrative and assume continuous well-mixed interaction.
predator_prey_coupled_system,7.86,14.846402167433693,8.61821767085199,3.995005241805967,-1.7501183252669485,0.7,0.05,0.02,0.5,explicit_euler,Predator-prey terms are illustrative and assume continuous well-mixed interaction.
predator_prey_coupled_system,7.87,14.886352219851753,8.600716487599321,4.01878180502174,-1.7396923442498662,0.7,0.05,0.02,0.5,explicit_euler,Predator-prey terms are illustrative and assume continuous well-mixed interaction.
predator_prey_coupled_system,7.88,14.92654003790197,8.583319564156822,4.042614869906674,-1.7292745194285293,0.7,0.05,0.02,0.5,explicit_euler,Predator-prey terms are illustrative and assume continuous well-mixed interaction.
predator_prey_coupled_system,7.890000000000001,14.966966186601038,8.566026818962536,4.0665046429742295,-1.7188647344226693,0.7,0.05,0.02,0.5,explicit_euler,Predator-prey terms are illustrative and assume continuous well-mixed interaction.
predator_prey_coupled_system,7.9,15.00763123303078,8.548838171618309,4.0904513255963115,-1.7084628707990608,0.7,0.05,0.02,0.5,explicit_euler,Predator-prey terms are illustrative and assume continuous well-mixed interaction.
predator_prey_coupled_system,7.91,15.048535746286744,8.531753542910318,4.114455113950995,-1.698068808075269,0.7,0.05,0.02,0.5,explicit_euler,Predator-prey terms are illustrative and assume continuous well-mixed interaction.
predator_prey_coupled_system,7.92,15.089680297426254,8.514772854829564,4.138516198969298,-1.687682423723151,0.7,0.05,0.02,0.5,explicit_euler,Predator-prey terms are illustrative and assume continuous well-mixed interaction.
predator_prey_coupled_system,7.930000000000001,15.131065459415947,8.497896030592333,4.162634766280986,-1.677303593172096,0.7,0.05,0.02,0.5,explicit_euler,Predator-prey terms are illustrative and assume continuous well-mixed interaction.
predator_prey_coupled_system,7.94,15.172691807078756,8.481122994660613,4.186810996159411,-1.66693218981202,0.7,0.05,0.02,0.5,explicit_euler,Predator-prey terms are illustrative and assume continuous well-mixed interaction.
predator_prey_coupled_system,7.95,15.21455991704035,8.464453672762492,4.211045063465385,-1.6565680849961018,0.7,0.05,0.02,0.5,explicit_euler,Predator-prey terms are illustrative and assume continuous well-mixed interaction.
predator_prey_coupled_system,7.96,15.256670367675005,8.44788799191253,4.235337137590032,-1.6462111480432773,0.7,0.05,0.02,0.5,explicit_euler,Predator-prey terms are illustrative and assume continuous well-mixed interaction.
predator_prey_coupled_system,7.97,15.299023739050906,8.431425880432098,4.25968738239669,-1.6358612462404718,0.7,0.05,0.02,0.5,explicit_euler,Predator-prey terms are illustrative and assume continuous well-mixed interaction.
predator_prey_coupled_system,7.98,15.341620612874873,8.415067267969693,4.284095956161787,-1.6255182448445966,0.7,0.05,0.02,0.5,explicit_euler,Predator-prey terms are illustrative and assume continuous well-mixed interaction.
predator_prey_coupled_system,7.99,15.384461572436491,8.398812085521246,4.308563011514703,-1.6151820070842873,0.7,0.05,0.02,0.5,explicit_euler,Predator-prey terms are illustrative and assume continuous well-mixed interaction.
predator_prey_coupled_system,8.0,15.427547202551638,8.382660265450404,4.333088695376639,-1.6048523941613988,0.7,0.05,0.02,0.5,explicit_euler,Predator-prey terms are illustrative and assume continuous well-mixed interaction.
predator_prey_coupled_system,8.01,15.470878089505405,8.366611741508791,4.357673148898431,-1.5945292652522554,0.7,0.05,0.02,0.5,explicit_euler,Predator-prey terms are illustrative and assume continuous well-mixed interaction.
predator_prey_coupled_system,8.02,15.51445482099439,8.350666448856268,4.38231650739736,-1.5842124775086495,0.7,0.05,0.02,0.5,explicit_euler,Predator-prey terms are illustrative and assume continuous well-mixed interaction.
predator_prey_coupled_system,8.03,15.558277986068363,8.33482432408118,4.407018900292885,-1.5739018860586032,0.7,0.05,0.02,0.5,explicit_euler,Predator-prey terms are illustrative and assume continuous well-mixed interaction.
predator_prey_coupled_system,8.040000000000001,15.602348175071292,8.319085305220595,4.431780451041356,-1.5635973440068782,0.7,0.05,0.02,0.5,explicit_euler,Predator-prey terms are illustrative and assume continuous well-mixed interaction.
predator_prey_coupled_system,8.05,15.646665979581705,8.303449331780525,4.456601277069653,-1.5532987024352467,0.7,0.05,0.02,0.5,explicit_euler,Predator-prey terms are illustrative and assume continuous well-mixed interaction.
predator_prey_coupled_system,8.06,15.691231992352401,8.287916344756173,4.481481489707758,-1.5430058104025175,0.7,0.05,0.02,0.5,explicit_euler,Predator-prey terms are illustrative and assume continuous well-mixed interaction.
predator_prey_coupled_system,8.07,15.73604680724948,8.272486286652148,4.506421194120254,-1.5327185149443214,0.7,0.05,0.02,0.5,explicit_euler,Predator-prey terms are illustrative and assume continuous well-mixed interaction.
predator_prey_coupled_system,8.08,15.781111019190682,8.257159101502705,4.531420489236727,-1.522436661072653,0.7,0.05,0.02,0.5,explicit_euler,Predator-prey terms are illustrative and assume continuous well-mixed interaction.
predator_prey_coupled_system,8.09,15.82642522408305,8.241934734891979,4.556479467681102,-1.5121600917751765,0.7,0.05,0.02,0.5,explicit_euler,Predator-prey terms are illustrative and assume continuous well-mixed interaction.
predator_prey_coupled_system,8.1,15.87199001875986,8.226813133974227,4.581598215699828,-1.5018886480142846,0.7,0.05,0.02,0.5,explicit_euler,Predator-prey terms are illustrative and assume continuous well-mixed interaction.
predator_prey_coupled_system,8.11,15.917806000916858,8.211794247494085,4.606776813089006,-1.4916221687259248,0.7,0.05,0.02,0.5,explicit_euler,Predator-prey terms are illustrative and assume continuous well-mixed interaction.
predator_prey_coupled_system,8.120000000000001,15.963873769047748,8.196878025806825,4.632015333120348,-1.481360490818183,0.7,0.05,0.02,0.5,explicit_euler,Predator-prey terms are illustrative and assume continuous well-mixed interaction.
predator_prey_coupled_system,8.13,16.010193922378953,8.182064420898643,4.657313842466039,-1.4711034491696307,0.7,0.05,0.02,0.5,explicit_euler,Predator-prey terms are illustrative and assume continuous well-mixed interaction.
predator_prey_coupled_system,8.14,16.05676706080361,8.167353386406946,4.682672401122434,-1.4608508766274353,0.7,0.05,0.02,0.5,explicit_euler,Predator-prey terms are illustrative and assume continuous well-mixed interaction.
predator_prey_coupled_system,8.15,16.103593784814837,8.152744877640671,4.708091062332619,-1.4506026040052293,0.7,0.05,0.02,0.5,explicit_euler,Predator-prey terms are illustrative and assume continuous well-mixed interaction.
predator_prey_coupled_system,8.16,16.150674695438163,8.138238851600619,4.733569872507821,-1.4403584600807524,0.7,0.05,0.02,0.5,explicit_euler,Predator-prey terms are illustrative and assume continuous well-mixed interaction.
predator_prey_coupled_system,8.17,16.19801039416324,8.12383526699981,4.759108871147625,-1.4301182715932486,0.7,0.05,0.02,0.5,explicit_euler,Predator-prey terms are illustrative and assume continuous well-mixed interaction.
predator_prey_coupled_system,8.18,16.24560148287472,8.109534084283878,4.784708090759041,-1.4198818632406338,0.7,0.05,0.02,0.5,explicit_euler,Predator-prey terms are illustrative and assume continuous well-mixed interaction.
predator_prey_coupled_system,8.19,16.29344856378231,8.095335265651471,4.810367556774352,-1.4096490576764307,0.7,0.05,0.02,0.5,explicit_euler,Predator-prey terms are illustrative and assume continuous well-mixed interaction.
predator_prey_coupled_system,8.2,16.341552239350055,8.081238775074707,4.83608728746781,-1.3994196755064623,0.7,0.05,0.02,0.5,explicit_euler,Predator-prey terms are illustrative and assume continuous well-mixed interaction.
predator_prey_coupled_system,8.21,16.389913112224733,8.067244578319643,4.86186729387106,-1.3891935352853215,0.7,0.05,0.02,0.5,explicit_euler,Predator-prey terms are illustrative and assume continuous well-mixed interaction.
predator_prey_coupled_system,8.22,16.438531785163445,8.05335264296679,4.887707579687429,-1.3789704535126024,0.7,0.05,0.02,0.5,explicit_euler,Predator-prey terms are illustrative and assume continuous well-mixed interaction.
predator_prey_coupled_system,8.23,16.48740886096032,8.039562938431663,4.913608141204902,-1.3687502446289042,0.7,0.05,0.02,0.5,explicit_euler,Predator-prey terms are illustrative and assume continuous well-mixed interaction.
predator_prey_coupled_system,8.24,16.536544942372366,8.025875435985373,4.939568967207929,-1.358532721011596,0.7,0.05,0.02,0.5,explicit_euler,Predator-prey terms are illustrative and assume continuous well-mixed interaction.
predator_prey_coupled_system,8.25,16.585940632044444,8.012290108775257,4.965590038887943,-1.3483176929703622,0.7,0.05,0.02,0.5,explicit_euler,Predator-prey terms are illustrative and assume continuous well-mixed interaction.
predator_prey_coupled_system,8.26,16.635596532433322,7.998806931845554,4.9916713297526485,-1.3381049687425066,0.7,0.05,0.02,0.5,explicit_euler,Predator-prey terms are illustrative and assume continuous well-mixed interaction.
predator_prey_coupled_system,8.27,16.68551324573085,7.985425882158129,5.017812805534024,-1.3278943544880364,0.7,0.05,0.02,0.5,explicit_euler,Predator-prey terms are illustrative and assume continuous well-mixed interaction.
predator_prey_coupled_system,8.28,16.73569137378619,7.972146938613249,5.044014424095044,-1.3176856542845101,0.7,0.05,0.02,0.5,explicit_euler,Predator-prey terms are illustrative and assume continuous well-mixed interaction.
predator_prey_coupled_system,8.290000000000001,16.78613151802714,7.958970082070404,5.070276135335145,-1.3074786701216605,0.7,0.05,0.02,0.5,explicit_euler,Predator-prey terms are illustrative and assume continuous well-mixed interaction.
predator_prey_coupled_system,8.3,16.836834279380493,7.945895295369187,5.096597881094338,-1.2972732018957909,0.7,0.05,0.02,0.5,explicit_euler,Predator-prey terms are illustrative and assume continuous well-mixed interaction.
predator_prey_coupled_system,8.31,16.887800258191437,7.932922563350229,5.122979595056072,-1.287069047403941,0.7,0.05,0.02,0.5,explicit_euler,Predator-prey terms are illustrative and assume continuous well-mixed interaction.
predator_prey_coupled_system,8.32,16.939030054142,7.92005187287619,5.149421202648727,-1.2768660023378269,0.7,0.05,0.02,0.5,explicit_euler,Predator-prey terms are illustrative and assume continuous well-mixed interaction.
predator_prey_coupled_system,8.33,16.990524266168485,7.907283212852811,5.17592262094582,-1.2666638602775575,0.7,0.05,0.02,0.5,explicit_euler,Predator-prey terms are illustrative and assume continuous well-mixed interaction.
predator_prey_coupled_system,8.34,17.042283492377944,7.894616574250036,5.202483758564824,-1.2564624126851238,0.7,0.05,0.02,0.5,explicit_euler,Predator-prey terms are illustrative and assume continuous well-mixed interaction.
predator_prey_coupled_system,8.35,17.094308329963592,7.882051950123185,5.229104515564687,-1.2462614488976618,0.7,0.05,0.02,0.5,explicit_euler,Predator-prey terms are illustrative and assume continuous well-mixed interaction.
predator_prey_coupled_system,8.36,17.14659937511924,7.869589335634209,5.255784783341938,-1.236060756120493,0.7,0.05,0.02,0.5,explicit_euler,Predator-prey terms are illustrative and assume continuous well-mixed interaction.
predator_prey_coupled_system,8.370000000000001,17.19915722295266,7.857228728073004,5.282524444525464,-1.2258601194199428,0.7,0.05,0.02,0.5,explicit_euler,Predator-prey terms are illustrative and assume continuous well-mixed interaction.
predator_prey_coupled_system,8.38,17.251982467397916,7.844970126878804,5.309323372869863,-1.2156593217159313,0.7,0.05,0.02,0.5,explicit_euler,Predator-prey terms are illustrative and assume continuous well-mixed interaction.
predator_prey_coupled_system,8.39,17.305075701126615,7.832813533661645,5.336181433147438,-1.205458143774346,0.7,0.05,0.02,0.5,explicit_euler,Predator-prey terms are illustrative and assume continuous well-mixed interaction.
predator_prey_coupled_system,8.4,17.35843751545809,7.820758952223902,5.363098481038758,-1.1952563641991896,0.7,0.05,0.02,0.5,explicit_euler,Predator-prey terms are illustrative and assume continuous well-mixed interaction.
predator_prey_coupled_system,8.41,17.412068500268475,7.80880638858191,5.390074363021816,-1.1850537594245085,0.7,0.05,0.02,0.5,explicit_euler,Predator-prey terms are illustrative and assume continuous well-mixed interaction.
predator_prey_coupled_system,8.42,17.465969243898694,7.796955850987665,5.4171089162597585,-1.174850103706102,0.7,0.05,0.02,0.5,explicit_euler,Predator-prey terms are illustrative and assume continuous well-mixed interaction.
predator_prey_coupled_system,8.43,17.520140333061292,7.785207349950604,5.444201968487162,-1.164645169113006,0.7,0.05,0.02,0.5,explicit_euler,Predator-prey terms are illustrative and assume continuous well-mixed interaction.
predator_prey_coupled_system,8.44,17.574582352746162,7.773560898259475,5.471353337894883,-1.1544387255187658,0.7,0.05,0.02,0.5,explicit_euler,Predator-prey terms are illustrative and assume continuous well-mixed interaction.
predator_prey_coupled_system,8.45,17.62929588612511,7.762016511004287,5.498562833013422,-1.1442305405924822,0.7,0.05,0.02,0.5,explicit_euler,Predator-prey terms are illustrative and assume continuous well-mixed interaction.
predator_prey_coupled_system,8.46,17.684281514455243,7.750574205598362,5.525830252594831,-1.134020379789646,0.7,0.05,0.02,0.5,explicit_euler,Predator-prey terms are illustrative and assume continuous well-mixed interaction.
predator_prey_coupled_system,8.47,17.739539816981193,7.739234001800465,5.553155385493131,-1.1238080063427516,0.7,0.05,0.02,0.5,explicit_euler,Predator-prey terms are illustrative and assume continuous well-mixed interaction.
predator_prey_coupled_system,8.48,17.795071370836123,7.727995921737038,5.580538010543231,-1.113593181251697,0.7,0.05,0.02,0.5,explicit_euler,Predator-prey terms are illustrative and assume continuous well-mixed interaction.
predator_prey_coupled_system,8.49,17.850876750941556,7.7168599899245205,5.607977896438354,-1.1033756632739662,0.7,0.05,0.02,0.5,explicit_euler,Predator-prey terms are illustrative and assume continuous well-mixed interaction.
predator_prey_coupled_system,8.5,17.90695652990594,7.705826233291781,5.63547480160592,-1.0931552089145953,0.7,0.05,0.02,0.5,explicit_euler,Predator-prey terms are illustrative and assume continuous well-mixed interaction.
predator_prey_coupled_system,8.51,17.963311277922,7.694894681202634,5.663028474081933,-1.0829315724159314,0.7,0.05,0.02,0.5,explicit_euler,Predator-prey terms are illustrative and assume continuous well-mixed interaction.
predator_prey_coupled_system,8.52,18.01994156266282,7.684065365478475,5.690638651383799,-1.072704505747169,0.7,0.05,0.02,0.5,explicit_euler,Predator-prey terms are illustrative and assume continuous well-mixed interaction.
predator_prey_coupled_system,8.53,18.076847949176656,7.673338320421004,5.718305060381605,-1.0624737585936805,0.7,0.05,0.02,0.5,explicit_euler,Predator-prey terms are illustrative and assume continuous well-mixed interaction.
predator_prey_coupled_system,8.540000000000001,18.13403099978047,7.6627135828350665,5.746027417167829,-1.0522390783461337,0.7,0.05,0.02,0.5,explicit_euler,Predator-prey terms are illustrative and assume continuous well-mixed interaction.
predator_prey_coupled_system,8.55,18.19149127395215,7.652191192051605,5.773805426925491,-1.0420002100893972,0.7,0.05,0.02,0.5,explicit_euler,Predator-prey terms are illustrative and assume continuous well-mixed interaction.
predator_prey_coupled_system,8.56,18.249229328221404,7.6417711899507115,5.8016387837946874,-1.0317568965912378,0.7,0.05,0.02,0.5,explicit_euler,Predator-prey terms are illustrative and assume continuous well-mixed interaction.
predator_prey_coupled_system,8.57,18.30724571605935,7.631453620984799,5.829527170737563,-1.0215088782908084,0.7,0.05,0.02,0.5,explicit_euler,Predator-prey terms are illustrative and assume continuous well-mixed interaction.
predator_prey_coupled_system,8.58,18.365540987766725,7.621238532201891,5.857470259401658,-1.0112558932869269,0.7,0.05,0.02,0.5,explicit_euler,Predator-prey terms are illustrative and assume continuous well-mixed interaction.
predator_prey_coupled_system,8.59,18.42411569036074,7.611125973269022,5.8854677099816195,-1.000997677326152,0.7,0.05,0.02,0.5,explicit_euler,Predator-prey terms are illustrative and assume continuous well-mixed interaction.
predator_prey_coupled_system,8.6,18.482970367460556,7.601115996495761,5.913519171079312,-0.9907339637906487,0.7,0.05,0.02,0.5,explicit_euler,Predator-prey terms are illustrative and assume continuous well-mixed interaction.
predator_prey_coupled_system,8.61,18.54210555917135,7.591208656857854,5.94162427956226,-0.9804644836858531,0.7,0.05,0.02,0.5,explicit_euler,Predator-prey terms are illustrative and assume continuous well-mixed interaction.
predator_prey_coupled_system,8.620000000000001,18.601521801966975,7.581404012020996,5.969782660420458,-0.970188965627929,0.7,0.05,0.02,0.5,explicit_euler,Predator-prey terms are illustrative and assume continuous well-mixed interaction.
predator_prey_coupled_system,8.63,18.661219628571178,7.571702122364717,5.997993926621498,-0.959907135831028,0.7,0.05,0.02,0.5,explicit_euler,Predator-prey terms are illustrative and assume continuous well-mixed interaction.
predator_prey_coupled_system,8.64,18.72119956783739,7.562103051006407,6.026257678964026,-0.9496187180943441,0.7,0.05,0.02,0.5,explicit_euler,Predator-prey terms are illustrative and assume continuous well-mixed interaction.
predator_prey_coupled_system,8.65,18.78146214462703,7.5526068638254635,6.054573505929509,-0.9393234337889673,0.7,0.05,0.02,0.5,explicit_euler,Predator-prey terms are illustrative and assume continuous well-mixed interaction.
predator_prey_coupled_system,8.66,18.842007879686328,7.543213629487574,6.08294098353232,-0.9290210018445433,0.7,0.05,0.02,0.5,explicit_euler,Predator-prey terms are illustrative and assume continuous well-mixed interaction.
predator_prey_coupled_system,8.67,18.902837289521653,7.5339234194691285,6.111359675168079,-0.9187111387357336,0.7,0.05,0.02,0.5,explicit_euler,Predator-prey terms are illustrative and assume continuous well-mixed interaction.
predator_prey_coupled_system,8.68,18.963950886273334,7.5247363080817715,6.139829131460311,-0.908393558468477,0.7,0.05,0.02,0.5,explicit_euler,Predator-prey terms are illustrative and assume continuous well-mixed interaction.
predator_prey_coupled_system,8.69,19.025349177587938,7.515652372497087,6.168348890105341,-0.8980679725660576,0.7,0.05,0.02,0.5,explicit_euler,Predator-prey terms are illustrative and assume continuous well-mixed interaction.
predator_prey_coupled_system,8.700000000000001,19.08703266648899,7.506671692771426,6.196918475715472,-0.8877340900549848,0.7,0.05,0.02,0.5,explicit_euler,Predator-prey terms are illustrative and assume continuous well-mixed interaction.
predator_prey_coupled_system,8.71,19.149001851246144,7.497794351870876,6.225537399660384,-0.8773916174506722,0.7,0.05,0.02,0.5,explicit_euler,Predator-prey terms are illustrative and assume continuous well-mixed interaction.
predator_prey_coupled_system,8.72,19.211257225242747,7.48902043569637,6.254205159906798,-0.8670402587429353,0.7,0.05,0.02,0.5,explicit_euler,Predator-prey terms are illustrative and assume continuous well-mixed interaction.
predator_prey_coupled_system,8.73,19.273799276841814,7.48035003310894,6.282921240856333,-0.8566797153812957,0.7,0.05,0.02,0.5,explicit_euler,Predator-prey terms are illustrative and assume continuous well-mixed interaction.
predator_prey_coupled_system,8.74,19.336628489250376,7.471783235955127,6.311685113181598,-0.8463096862600978,0.7,0.05,0.02,0.5,explicit_euler,Predator-prey terms are illustrative and assume continuous well-mixed interaction.
predator_prey_coupled_system,8.75,19.399745340382193,7.4633201390925255,6.340496233660495,-0.8359298677034466,0.7,0.05,0.02,0.5,explicit_euler,Predator-prey terms are illustrative and assume continuous well-mixed interaction.
predator_prey_coupled_system,8.76,19.463150302718798,7.454960840415491,6.369354045008681,-0.8255399534499546,0.7,0.05,0.02,0.5,explicit_euler,Predator-prey terms are illustrative and assume continuous well-mixed interaction.
predator_prey_coupled_system,8.77,19.526843843168884,7.446705440880991,6.398257975710258,-0.8151396346373114,0.7,0.05,0.02,0.5,explicit_euler,Predator-prey terms are illustrative and assume continuous well-mixed interaction.
predator_prey_coupled_system,8.78,19.590826422925986,7.438554044534618,6.427207439846602,-0.804728599786674,0.7,0.05,0.02,0.5,explicit_euler,Predator-prey terms are illustrative and assume continuous well-mixed interaction.
predator_prey_coupled_system,8.790000000000001,19.655098497324452,7.430506758536751,6.4562018369233725,-0.7943065347868776,0.7,0.05,0.02,0.5,explicit_euler,Predator-prey terms are illustrative and assume continuous well-mixed interaction.
predator_prey_coupled_system,8.8,19.719660515693686,7.4225636931888825,6.485240551695664,-0.7838731228784748,0.7,0.05,0.02,0.5,explicit_euler,Predator-prey terms are illustrative and assume continuous well-mixed interaction.
predator_prey_coupled_system,8.81,19.78451292121064,7.414724961960098,6.514322953991316,-0.7734280446375958,0.7,0.05,0.02,0.5,explicit_euler,Predator-prey terms are illustrative and assume continuous well-mixed interaction.
predator_prey_coupled_system,8.82,19.849656150750555,7.406990681513722,6.543448398532341,-0.7629709779596432,0.7,0.05,0.02,0.5,explicit_euler,Predator-prey terms are illustrative and assume continuous well-mixed interaction.
predator_prey_coupled_system,8.83,19.91509063473588,7.399360971734126,6.572616224754492,-0.7525015980428136,0.7,0.05,0.02,0.5,explicit_euler,Predator-prey terms are illustrative and assume continuous well-mixed interaction.
predator_prey_coupled_system,8.84,19.980816796983426,7.391835955753698,6.601825756624921,-0.7420195773714586,0.7,0.05,0.02,0.5,explicit_euler,Predator-prey terms are illustrative and assume continuous well-mixed interaction.
predator_prey_coupled_system,8.85,20.046835054549675,7.384415759979984,6.63107630245798,-0.7315245856992756,0.7,0.05,0.02,0.5,explicit_euler,Predator-prey terms are illustrative and assume continuous well-mixed interaction.
predator_prey_coupled_system,8.86,20.113145817574253,7.377100514122991,6.660367154729091,-0.7210162900323409,0.7,0.05,0.02,0.5,explicit_euler,Predator-prey terms are illustrative and assume continuous well-mixed interaction.
predator_prey_coupled_system,8.870000000000001,20.179749489121544,7.369890351222668,6.689697589886709,-0.7104943546119853,0.7,0.05,0.02,0.5,explicit_euler,Predator-prey terms are illustrative and assume continuous well-mixed interaction.
predator_prey_coupled_system,8.88,20.24664646502041,7.362785407676548,6.719066868162375,-0.6999584408975088,0.7,0.05,0.02,0.5,explicit_euler,Predator-prey terms are illustrative and assume continuous well-mixed interaction.
predator_prey_coupled_system,8.89,20.313837133702034,7.355785823267573,6.748474233378833,-0.6894082075487504,0.7,0.05,0.02,0.5,explicit_euler,Predator-prey terms are illustrative and assume continuous well-mixed interaction.
predator_prey_coupled_system,8.9,20.381321876035823,7.3488917411920855,6.777918912756212,-0.6788433104084977,0.7,0.05,0.02,0.5,explicit_euler,Predator-prey terms are illustrative and assume continuous well-mixed interaction.
predator_prey_coupled_system,8.91,20.449101065163386,7.342103308088,6.807400116716272,-0.6682634024847611,0.7,0.05,0.02,0.5,explicit_euler,Predator-prey terms are illustrative and assume continuous well-mixed interaction.
predator_prey_coupled_system,8.92,20.517175066330548,7.335420674063153,6.836917038684676,-0.6576681339328938,0.7,0.05,0.02,0.5,explicit_euler,Predator-prey terms are illustrative and assume continuous well-mixed interaction.
predator_prey_coupled_system,8.93,20.585544236717396,7.328843992723824,6.866468854891335,-0.6470571520375756,0.7,0.05,0.02,0.5,explicit_euler,Predator-prey terms are illustrative and assume continuous well-mixed interaction.
predator_prey_coupled_system,8.94,20.65420892526631,7.322373421203448,6.896054724168763,-0.6364301011946627,0.7,0.05,0.02,0.5,explicit_euler,Predator-prey terms are illustrative and assume continuous well-mixed interaction.
predator_prey_coupled_system,8.950000000000001,20.723169472507998,7.316009120191501,6.925673787748466,-0.6257866228928983,0.7,0.05,0.02,0.5,explicit_euler,Predator-prey terms are illustrative and assume continuous well-mixed interaction.
predator_prey_coupled_system,8.96,20.792426210385482,7.309751253962572,6.955325169055359,-0.6151263556954953,0.7,0.05,0.02,0.5,explicit_euler,Predator-prey terms are illustrative and assume continuous well-mixed interaction.
predator_prey_coupled_system,8.97,20.861979462076036,7.303599990405617,6.985007973500188,-0.604448935221594,0.7,0.05,0.02,0.5,explicit_euler,Predator-prey terms are illustrative and assume continuous well-mixed interaction.
predator_prey_coupled_system,8.98,20.931829541811037,7.2975555010534014,7.014721288269963,-0.5937539941275962,0.7,0.05,0.02,0.5,explicit_euler,Predator-prey terms are illustrative and assume continuous well-mixed interaction.
predator_prey_coupled_system,8.99,21.001976754693736,7.2916179611121255,7.044464182116404,-0.5830411620883789,0.7,0.05,0.02,0.5,explicit_euler,Predator-prey terms are illustrative and assume continuous well-mixed interaction.
predator_prey_coupled_system,9.0,21.0724213965149,7.285787549491242,7.074235705142374,-0.5723100657783986,0.7,0.05,0.02,0.5,explicit_euler,Predator-prey terms are illustrative and assume continuous well-mixed interaction.
predator_prey_coupled_system,9.01,21.143163753566323,7.280064448833458,7.104034888586306,-0.5615603288526816,0.7,0.05,0.02,0.5,explicit_euler,Predator-prey terms are illustrative and assume continuous well-mixed interaction.
predator_prey_coupled_system,9.02,21.214204102452186,7.274448845544931,7.133860744604635,-0.5507915719277086,0.7,0.05,0.02,0.5,explicit_euler,Predator-prey terms are illustrative and assume continuous well-mixed interaction.
predator_prey_coupled_system,9.03,21.285542709898234,7.268940929825654,7.163712266052196,-0.5400034125622004,0.7,0.05,0.02,0.5,explicit_euler,Predator-prey terms are illustrative and assume continuous well-mixed interaction.
predator_prey_coupled_system,9.040000000000001,21.357179832558757,7.263540895700032,7.193588426260604,-0.5291954652378061,0.7,0.05,0.02,0.5,explicit_euler,Predator-prey terms are illustrative and assume continuous well-mixed interaction.
predator_prey_coupled_system,9.05,21.42911571682136,7.258248941047654,7.223488178814637,-0.5183673413397014,0.7,0.05,0.02,0.5,explicit_euler,Predator-prey terms are illustrative and assume continuous well-mixed interaction.
predator_prey_coupled_system,9.06,21.501350598609505,7.253065267634257,7.253410457326569,-0.5075186491370953,0.7,0.05,0.02,0.5,explicit_euler,Predator-prey terms are illustrative and assume continuous well-mixed interaction.
predator_prey_coupled_system,9.07,21.57388470318277,7.247990081142886,7.2833541752084905,-0.4966489937636638,0.7,0.05,0.02,0.5,explicit_euler,Predator-prey terms are illustrative and assume continuous well-mixed interaction.
predator_prey_coupled_system,9.08,21.646718244934856,7.243023591205249,7.313318225442586,-0.4857579771978995,0.7,0.05,0.02,0.5,explicit_euler,Predator-prey terms are illustrative and assume continuous well-mixed interaction.
predator_prey_coupled_system,9.09,21.719851427189283,7.23816601143327,7.343301480349402,-0.47484519824339744,0.7,0.05,0.02,0.5,explicit_euler,Predator-prey terms are illustrative and assume continuous well-mixed interaction.
predator_prey_coupled_system,9.1,21.79328444199278,7.233417559450836,7.37330279135408,-0.4639102525090726,0.7,0.05,0.02,0.5,explicit_euler,Predator-prey terms are illustrative and assume continuous well-mixed interaction.
predator_prey_coupled_system,9.11,21.86701746990632,7.228778456925745,7.4033209887505365,-0.4529527323893183,0.7,0.05,0.02,0.5,explicit_euler,Predator-prey terms are illustrative and assume continuous well-mixed interaction.
predator_prey_coupled_system,9.120000000000001,21.941050679793825,7.224248929601853,7.433354881463649,-0.4419722270441153,0.7,0.05,0.02,0.5,explicit_euler,Predator-prey terms are illustrative and assume continuous well-mixed interaction.
predator_prey_coupled_system,9.13,22.01538422860846,7.219829207331411,7.463403256809387,-0.4309683223790919,0.7,0.05,0.02,0.5,explicit_euler,Predator-prey terms are illustrative and assume continuous well-mixed interaction.
predator_prey_coupled_system,9.14,22.090018261176557,7.215519524107621,7.493464880252922,-0.41994060102554354,0.7,0.05,0.02,0.5,explicit_euler,Predator-prey terms are illustrative and assume continuous well-mixed interaction.
predator_prey_coupled_system,9.15,22.164952909979085,7.211320118097365,7.523538495164712,-0.4088886423204241,0.7,0.05,0.02,0.5,explicit_euler,Predator-prey terms are illustrative and assume continuous well-mixed interaction.
predator_prey_coupled_system,9.16,22.240188294930732,7.207231231674161,7.553622822574567,-0.3978120222863031,0.7,0.05,0.02,0.5,explicit_euler,Predator-prey terms are illustrative and assume continuous well-mixed interaction.
predator_prey_coupled_system,9.17,22.31572452315648,7.203253111451298,7.583716560923687,-0.38671031361131014,0.7,0.05,0.02,0.5,explicit_euler,Predator-prey terms are illustrative and assume continuous well-mixed interaction.
predator_prey_coupled_system,9.18,22.391561688765716,7.199386008315185,7.613818385814689,-0.37558308562906806,0.7,0.05,0.02,0.5,explicit_euler,Predator-prey terms are illustrative and assume continuous well-mixed interaction.
predator_prey_coupled_system,9.19,22.467699872623864,7.195630177458894,7.6439269497596225,-0.36442990429861455,0.7,0.05,0.02,0.5,explicit_euler,Predator-prey terms are illustrative and assume continuous well-mixed interaction.
predator_prey_coupled_system,9.200000000000001,22.54413914212146,7.191985878415908,7.674040881925977,-0.353250332184337,0.7,0.05,0.02,0.5,explicit_euler,Predator-prey terms are illustrative and assume continuous well-mixed interaction.
predator_prey_coupled_system,9.21,22.620879550940717,7.188453375094064,7.704158787880695,-0.34204392843591025,0.7,0.05,0.02,0.5,explicit_euler,Predator-prey terms are illustrative and assume continuous well-mixed interaction.
predator_prey_coupled_system,9.22,22.697921138819524,7.185032935809705,7.734279249332184,-0.33081024876826026,0.7,0.05,0.02,0.5,explicit_euler,Predator-prey terms are illustrative and assume continuous well-mixed interaction.
predator_prey_coupled_system,9.23,22.775263931312846,7.181724833322022,7.76440082387035,-0.3195488454415547,0.7,0.05,0.02,0.5,explicit_euler,Predator-prey terms are illustrative and assume continuous well-mixed interaction.
predator_prey_coupled_system,9.24,22.85290793955155,7.178529344867607,7.794522044704648,-0.30825926724122876,0.7,0.05,0.02,0.5,explicit_euler,Predator-prey terms are illustrative and assume continuous well-mixed interaction.
predator_prey_coupled_system,9.25,22.930853159998595,7.175446752195194,7.824641420400175,-0.2969410594580606,0.7,0.05,0.02,0.5,explicit_euler,Predator-prey terms are illustrative and assume continuous well-mixed interaction.
predator_prey_coupled_system,9.26,23.009099574202597,7.172477341600613,7.854757434611793,-0.2855937638682975,0.7,0.05,0.02,0.5,explicit_euler,Predator-prey terms are illustrative and assume continuous well-mixed interaction.
predator_prey_coupled_system,9.27,23.087647148548715,7.16962140396193,7.884868545816325,-0.27421691871385523,0.7,0.05,0.02,0.5,explicit_euler,Predator-prey terms are illustrative and assume continuous well-mixed interaction.
predator_prey_coupled_system,9.28,23.166495834006877,7.166879234774791,7.914973187042783,-0.26281005868258367,0.7,0.05,0.02,0.5,explicit_euler,Predator-prey terms are illustrative and assume continuous well-mixed interaction.
predator_prey_coupled_system,9.290000000000001,23.245645565877304,7.164251134187966,7.945069765600714,-0.2513727148886242,0.7,0.05,0.02,0.5,explicit_euler,Predator-prey terms are illustrative and assume continuous well-mixed interaction.
predator_prey_coupled_system,9.3,23.32509626353331,7.161737407039079,7.975156662806617,-0.23990441485286018,0.7,0.05,0.02,0.5,explicit_euler,Predator-prey terms are illustrative and assume continuous well-mixed interaction.
predator_prey_coupled_system,9.31,23.404847830161376,7.1593383628905505,8.00523223370846,-0.22840468248347534,0.7,0.05,0.02,0.5,explicit_euler,Predator-prey terms are illustrative and assume continuous well-mixed interaction.
predator_prey_coupled_system,9.32,23.48490015249846,7.157054316065715,8.035294806808347,-0.21687303805662772,0.7,0.05,0.02,0.5,explicit_euler,Predator-prey terms are illustrative and assume continuous well-mixed interaction.
predator_prey_coupled_system,9.33,23.565253100566544,7.154885585685149,8.065342683783287,-0.20530899819725779,0.7,0.05,0.02,0.5,explicit_euler,Predator-prey terms are illustrative and assume continuous well-mixed interaction.
predator_prey_coupled_system,9.34,23.645906527404378,7.152832495703177,8.095374139204168,-0.19371207586003036,0.7,0.05,0.02,0.5,explicit_euler,Predator-prey terms are illustrative and assume continuous well-mixed interaction.
predator_prey_coupled_system,9.35,23.72686026879642,7.150895374944577,8.125387420252862,-0.1820817803104373,0.7,0.05,0.02,0.5,explicit_euler,Predator-prey terms are illustrative and assume continuous well-mixed interaction.
predator_prey_coupled_system,9.36,23.808114142998946,7.149074557141472,8.155380746437569,-0.17041761710606007,0.7,0.05,0.02,0.5,explicit_euler,Predator-prey terms are illustrative and assume continuous well-mixed interaction.
predator_prey_coupled_system,9.370000000000001,23.88966795046332,7.147370380970411,8.185352309306339,-0.15871908807801294,0.7,0.05,0.02,0.5,explicit_euler,Predator-prey terms are illustrative and assume continuous well-mixed interaction.
predator_prey_coupled_system,9.38,23.971521473556383,7.145783190089631,8.215300272158876,-0.14698569131257866,0.7,0.05,0.02,0.5,explicit_euler,Predator-prey terms are illustrative and assume continuous well-mixed interaction.
predator_prey_coupled_system,9.39,24.053674476277973,7.144313333176505,8.245222769756573,-0.1352169211330505,0.7,0.05,0.02,0.5,explicit_euler,Predator-prey terms are illustrative and assume continuous well-mixed interaction.
predator_prey_coupled_system,9.4,24.13612670397554,7.142961163965175,8.275117908030873,-0.12341226808178662,0.7,0.05,0.02,0.5,explicit_euler,Predator-prey terms are illustrative and assume continuous well-mixed interaction.
predator_prey_coupled_system,9.41,24.218877883055846,7.141727041284358,8.304983763789911,-0.11157121890250687,0.7,0.05,0.02,0.5,explicit_euler,Predator-prey terms are illustrative and assume continuous well-mixed interaction.
predator_prey_coupled_system,9.42,24.301927720693744,7.140611329095332,8.334818384423539,-0.09969325652283301,0.7,0.05,0.02,0.5,explicit_euler,Predator-prey terms are illustrative and assume continuous well-mixed interaction.
predator_prey_coupled_system,9.43,24.38527590453798,7.139614396530104,8.364619787606683,-0.08777786003709132,0.7,0.05,0.02,0.5,explicit_euler,Predator-prey terms are illustrative and assume continuous well-mixed interaction.
predator_prey_coupled_system,9.44,24.468922102414048,7.138736617929733,8.394385961001166,-0.0758245046893995,0.7,0.05,0.02,0.5,explicit_euler,Predator-prey terms are illustrative and assume continuous well-mixed interaction.
predator_prey_coupled_system,9.450000000000001,24.55286596202406,7.137978372882839,8.424114861955893,-0.0638326618570404,0.7,0.05,0.02,0.5,explicit_euler,Predator-prey terms are illustrative and assume continuous well-mixed interaction.
predator_prey_coupled_system,9.46,24.63710711064362,7.137340046264268,8.45380441720559,-0.051801799034156826,0.7,0.05,0.02,0.5,explicit_euler,Predator-prey terms are illustrative and assume continuous well-mixed interaction.
predator_prey_coupled_system,9.47,24.721645154815675,7.136822028273927,8.483452522567974,-0.039731379815765244,0.7,0.05,0.02,0.5,explicit_euler,Predator-prey terms are illustrative and assume continuous well-mixed interaction.
predator_prey_coupled_system,9.48,24.806479680041356,7.136424714475769,8.513057042639542,-0.02762086388212248,0.7,0.05,0.02,0.5,explicit_euler,Predator-prey terms are illustrative and assume continuous well-mixed interaction.
predator_prey_coupled_system,9.49,24.891610250467753,7.136148505836948,8.542615810489872,-0.015469706983451292,0.7,0.05,0.02,0.5,explicit_euler,Predator-prey terms are illustrative and assume continuous well-mixed interaction.
predator_prey_coupled_system,9.5,24.97703640857265,7.135993808767113,8.572126627354592,-0.003277360925052264,0.7,0.05,0.02,0.5,explicit_euler,Predator-prey terms are illustrative and assume continuous well-mixed interaction.
predator_prey_coupled_system,9.51,25.062757674846196,7.135961035157862,8.601587262327028,0.008956726447191699,0.7,0.05,0.02,0.5,explicit_euler,Predator-prey terms are illustrative and assume continuous well-mixed interaction.
predator_prey_coupled_system,9.52,25.148773547469467,7.136050602422334,8.63099545204851,0.021233111260879678,0.7,0.05,0.02,0.5,explicit_euler,Predator-prey terms are illustrative and assume continuous well-mixed interaction.
predator_prey_coupled_system,9.53,25.23508350198995,7.136262933534943,8.66034890039746,0.033552353630729836,0.7,0.05,0.02,0.5,explicit_euler,Predator-prey terms are illustrative and assume continuous well-mixed interaction.
predator_prey_coupled_system,9.540000000000001,25.321686990993925,7.13659845707125,8.689645278177327,0.045915017671742664,0.7,0.05,0.02,0.5,explicit_euler,Predator-prey terms are illustrative and assume continuous well-mixed interaction.
predator_prey_coupled_system,9.55,25.408583443775697,7.137057607247968,8.718882222803279,0.05832167151189793,0.7,0.05,0.02,0.5,explicit_euler,Predator-prey terms are illustrative and assume continuous well-mixed interaction.
predator_prey_coupled_system,9.56,25.49577226600373,7.137640823963087,8.748057337987904,0.07077288730433828,0.7,0.05,0.02,0.5,explicit_euler,Predator-prey terms are illustrative and assume continuous well-mixed interaction.
predator_prey_coupled_system,9.57,25.583252839383608,7.13834855283613,8.777168193425783,0.08326924123903101,0.7,0.05,0.02,0.5,explicit_euler,Predator-prey terms are illustrative and assume continuous well-mixed interaction.
predator_prey_coupled_system,9.58,25.671024521317864,7.139181245248521,8.806212324477134,0.09581131355388717,0.7,0.05,0.02,0.5,explicit_euler,Predator-prey terms are illustrative and assume continuous well-mixed interaction.
predator_prey_coupled_system,9.59,25.759086644562636,7.14013935838406,8.8351872318505,0.10839968854530735,0.7,0.05,0.02,0.5,explicit_euler,Predator-prey terms are illustrative and assume continuous well-mixed interaction.
predator_prey_coupled_system,9.6,25.84743851688114,7.141223355269513,8.864090381284578,0.12103495457813152,0.7,0.05,0.02,0.5,explicit_euler,Predator-prey terms are illustrative and assume continuous well-mixed interaction.
predator_prey_coupled_system,9.61,25.936079420693986,7.142433704815294,8.892919203229233,0.1337177040949742,0.7,0.05,0.02,0.5,explicit_euler,Predator-prey terms are illustrative and assume continuous well-mixed interaction.
predator_prey_coupled_system,9.620000000000001,26.02500861272628,7.143770881856243,8.921671092525795,0.14644853362491705,0.7,0.05,0.02,0.5,explicit_euler,Predator-prey terms are illustrative and assume continuous well-mixed interaction.
predator_prey_coupled_system,9.63,26.114225323651535,7.145235367192492,8.950343408086635,0.15922804379152922,0.7,0.05,0.02,0.5,explicit_euler,Predator-prey terms are illustrative and assume continuous well-mixed interaction.
predator_prey_coupled_system,9.64,26.203728757732403,7.146827647630407,8.978933472574184,0.17205683932019467,0.7,0.05,0.02,0.5,explicit_euler,Predator-prey terms are illustrative and assume continuous well-mixed interaction.
predator_prey_coupled_system,9.65,26.293518092458143,7.148548216023609,9.00743857207939,0.184935529044719,0.7,0.05,0.02,0.5,explicit_euler,Predator-prey terms are illustrative and assume continuous well-mixed interaction.
predator_prey_coupled_system,9.66,26.383592478178937,7.1503975713140555,9.03585595579973,0.19786472591318116,0.7,0.05,0.02,0.5,explicit_euler,Predator-prey terms are illustrative and assume continuous well-mixed interaction.
predator_prey_coupled_system,9.67,26.473951037736935,7.152376218573187,9.06418283571682,0.21084504699301876,0.7,0.05,0.02,0.5,explicit_euler,Predator-prey terms are illustrative and assume continuous well-mixed interaction.
predator_prey_coupled_system,9.68,26.564592866094102,7.154484669043118,9.092416386273749,0.22387711347529038,0.7,0.05,0.02,0.5,explicit_euler,Predator-prey terms are illustrative and assume continuous well-mixed interaction.
predator_prey_coupled_system,9.69,26.65551702995684,7.1567234401778705,9.120553744052161,0.23696155067811597,0.7,0.05,0.02,0.5,explicit_euler,Predator-prey terms are illustrative and assume continuous well-mixed interaction.
predator_prey_coupled_system,9.700000000000001,26.746722567397363,7.159093055684652,9.148592007449233,0.25009898804924235,0.7,0.05,0.02,0.5,explicit_euler,Predator-prey terms are illustrative and assume continuous well-mixed interaction.
predator_prey_coupled_system,9.71,26.838208487471857,7.161594045565145,9.176528236354578,0.26329005916771564,0.7,0.05,0.02,0.5,explicit_euler,Predator-prey terms are illustrative and assume continuous well-mixed interaction.
predator_prey_coupled_system,9.72,26.929973769835403,7.1642269461568215,9.204359451827221,0.2765354017446131,0.7,0.05,0.02,0.5,explicit_euler,Predator-prey terms are illustrative and assume continuous well-mixed interaction.
predator_prey_coupled_system,9.73,27.022017364353676,7.166992300174267,9.232082635772665,0.2898356576228296,0.7,0.05,0.02,0.5,explicit_euler,Predator-prey terms are illustrative and assume continuous well-mixed interaction.
predator_prey_coupled_system,9.74,27.114338190711404,7.169890656750495,9.25969473062024,0.3031914727758491,0.7,0.05,0.02,0.5,explicit_euler,Predator-prey terms are illustrative and assume continuous well-mixed interaction.
predator_prey_coupled_system,9.75,27.206935138017606,7.172922571478254,9.287192639000756,0.3166034973054992,0.7,0.05,0.02,0.5,explicit_euler,Predator-prey terms are illustrative and assume continuous well-mixed interaction.
predator_prey_coupled_system,9.76,27.299807064407613,7.176088606451309,9.314573223424606,0.3300723854386347,0.7,0.05,0.02,0.5,explicit_euler,Predator-prey terms are illustrative and assume continuous well-mixed interaction.
predator_prey_coupled_system,9.77,27.392952796641858,7.179389330305695,9.341833305960394,0.34359879552271444,0.7,0.05,0.02,0.5,explicit_euler,Predator-prey terms are illustrative and assume continuous well-mixed interaction.
predator_prey_coupled_system,9.78,27.48637112970146,7.182825318260923,9.368969667914234,0.357183390020253,0.7,0.05,0.02,0.5,explicit_euler,Predator-prey terms are illustrative and assume continuous well-mixed interaction.
predator_prey_coupled_system,9.790000000000001,27.580060826380603,7.186397152161125,9.395979049509812,0.37082683550208095,0.7,0.05,0.02,0.5,explicit_euler,Predator-prey terms are illustrative and assume continuous well-mixed interaction.
predator_prey_coupled_system,9.8,27.6740206168757,7.190105420516145,9.422858149569311,0.38452980263939773,0.7,0.05,0.02,0.5,explicit_euler,Predator-prey terms are illustrative and assume continuous well-mixed interaction.
predator_prey_coupled_system,9.81,27.768249198371393,7.193950718542539,9.449603625195367,0.39829296619457377,0.7,0.05,0.02,0.5,explicit_euler,Predator-prey terms are illustrative and assume continuous well-mixed interaction.
predator_prey_coupled_system,9.82,27.862745234623347,7.197933648204485,9.476212091454112,0.4121170050106491,0.7,0.05,0.02,0.5,explicit_euler,Predator-prey terms are illustrative and assume continuous well-mixed interaction.
predator_prey_coupled_system,9.83,27.95750735553789,7.202054818254592,9.502680121059527,0.42600260199950135,0.7,0.05,0.02,0.5,explicit_euler,Predator-prey terms are illustrative and assume continuous well-mixed interaction.
predator_prey_coupled_system,9.84,28.052534156748482,7.206314844274587,9.529004244059111,0.4399504441286357,0.7,0.05,0.02,0.5,explicit_euler,Predator-prey terms are illustrative and assume continuous well-mixed interaction.
predator_prey_coupled_system,9.85,28.147824199189074,7.210714348715873,9.555180947521121,0.4539612224065541,0.7,0.05,0.02,0.5,explicit_euler,Predator-prey terms are illustrative and assume continuous well-mixed interaction.
predator_prey_coupled_system,9.86,28.243376008664285,7.215253960939939,9.581206675223449,0.46803563186665054,0.7,0.05,0.02,0.5,explicit_euler,Predator-prey terms are illustrative and assume continuous well-mixed interaction.
predator_prey_coupled_system,9.870000000000001,28.33918807541652,7.2199343172586055,9.607077827344282,0.4821743715496094,0.7,0.05,0.02,0.5,explicit_euler,Predator-prey terms are illustrative and assume continuous well-mixed interaction.
predator_prey_coupled_system,9.88,28.435258853689962,7.2247560609741015,9.632790760154771,0.4963781444842308,0.7,0.05,0.02,0.5,explicit_euler,Predator-prey terms are illustrative and assume continuous well-mixed interaction.
predator_prey_coupled_system,9.89,28.53158676129151,7.229719842418944,9.658341785713711,0.5106476576666661,0.7,0.05,0.02,0.5,explicit_euler,Predator-prey terms are illustrative and assume continuous well-mixed interaction.
predator_prey_coupled_system,9.9,28.628170179148647,7.23482631899561,9.683727171564556,0.5249836220379933,0.7,0.05,0.02,0.5,explicit_euler,Predator-prey terms are illustrative and assume continuous well-mixed interaction.
predator_prey_coupled_system,9.91,28.725007450864293,7.2400761552159905,9.708943140434794,0.5393867524600897,0.7,0.05,0.02,0.5,explicit_euler,Predator-prey terms are illustrative and assume continuous well-mixed interaction.
predator_prey_coupled_system,9.92,28.822096882268642,7.245470022740592,9.733985869937923,0.5538577676897547,0.7,0.05,0.02,0.5,explicit_euler,Predator-prey terms are illustrative and assume continuous well-mixed interaction.
predator_prey_coupled_system,9.93,28.91943674096802,7.25100860041749,9.75885149227818,0.5683973903510284,0.7,0.05,0.02,0.5,explicit_euler,Predator-prey terms are illustrative and assume continuous well-mixed interaction.
predator_prey_coupled_system,9.94,29.017025255890804,7.256692574321,9.783536093958174,0.5830063469056541,0.7,0.05,0.02,0.5,explicit_euler,Predator-prey terms are illustrative and assume continuous well-mixed interaction.
predator_prey_coupled_system,9.950000000000001,29.114860616830384,7.262522637790056,9.808035715489625,0.5976853676216285,0.7,0.05,0.02,0.5,explicit_euler,Predator-prey terms are illustrative and assume continuous well-mixed interaction.
predator_prey_coupled_system,9.96,29.21294097398528,7.268499491466272,9.832346351107383,0.6124351865397886,0.7,0.05,0.02,0.5,explicit_euler,Predator-prey terms are illustrative and assume continuous well-mixed interaction.
predator_prey_coupled_system,9.97,29.311264437496355,7.27462384333167,9.856463948486915,0.6272565414383773,0.7,0.05,0.02,0.5,explicit_euler,Predator-prey terms are illustrative and assume continuous well-mixed interaction.
predator_prey_coupled_system,9.98,29.409829076981225,7.280896408746054,9.88038440846546,0.6421501737955309,0.7,0.05,0.02,0.5,explicit_euler,Predator-prey terms are illustrative and assume continuous well-mixed interaction.
predator_prey_coupled_system,9.99,29.508632921065878,7.28731791048401,9.90410358476704,0.6571168287496247,0.7,0.05,0.02,0.5,explicit_euler,Predator-prey terms are illustrative and assume continuous well-mixed interaction.
predator_prey_coupled_system,10.0,29.607673956913548,7.293889078771506,9.92761728373152,0.6721572550574328,0.7,0.05,0.02,0.5,explicit_euler,Predator-prey terms are illustrative and assume continuous well-mixed interaction.
predator_prey_coupled_system,10.01,29.70695012975086,7.3006106513220805,9.950921264047953,0.6872722050500202,0.7,0.05,0.02,0.5,explicit_euler,Predator-prey terms are illustrative and assume continuous well-mixed interaction.
predator_prey_coupled_system,10.02,29.806459342391342,7.30748337337258,9.974011236492409,0.7024624345863213,0.7,0.05,0.02,0.5,explicit_euler,Predator-prey terms are illustrative and assume continuous well-mixed interaction.
predator_prey_coupled_system,10.03,29.906199454756266,7.314507997718444,9.996882863670502,0.7177287030043313,0.7,0.05,0.02,0.5,explicit_euler,Predator-prey terms are illustrative and assume continuous well-mixed interaction.
predator_prey_coupled_system,10.040000000000001,30.00616828339297,7.3216852847484875,10.019531759764822,0.7330717730698582,0.7,0.05,0.02,0.5,explicit_euler,Predator-prey terms are illustrative and assume continuous well-mixed interaction.
predator_prey_coupled_system,10.05,30.10636360099062,7.329016002479186,10.041953490287575,0.7484924109227498,0.7,0.05,0.02,0.5,explicit_euler,Predator-prey terms are illustrative and assume continuous well-mixed interaction.
predator_prey_coupled_system,10.06,30.206783135893495,7.336500926588413,10.06414357183855,0.7639913860205509,0.7,0.05,0.02,0.5,explicit_euler,Predator-prey terms are illustrative and assume continuous well-mixed interaction.
predator_prey_coupled_system,10.07,30.307424571611882,7.344140840448619,10.086097471868774,0.7795694710795074,0.7,0.05,0.02,0.5,explicit_euler,Predator-prey terms are illustrative and assume continuous well-mixed interaction.
predator_prey_coupled_system,10.08,30.40828554633057,7.351936535159414,10.107810608450015,0.7952274420128465,0.7,0.05,0.02,0.5,explicit_euler,Predator-prey terms are illustrative and assume continuous well-mixed interaction.
predator_prey_coupled_system,10.09,30.50936365241507,7.359888809579543,10.129278350050424,0.8109660778662793,0.7,0.05,0.02,0.5,explicit_euler,Predator-prey terms are illustrative and assume continuous well-mixed interaction.
predator_prey_coupled_system,10.1,30.610656435915576,7.367998470358206,10.150496015316575,0.8267861607506282,0.7,0.05,0.02,0.5,explicit_euler,Predator-prey terms are illustrative and assume continuous well-mixed interaction.
predator_prey_coupled_system,10.11,30.71216139606874,7.376266331965712,10.171458872862173,0.842688475771523,0.7,0.05,0.02,0.5,explicit_euler,Predator-prey terms are illustrative and assume continuous well-mixed interaction.
predator_prey_coupled_system,10.120000000000001,30.813875984797363,7.384693216723427,10.192162141063655,0.8586738109560859,0.7,0.05,0.02,0.5,explicit_euler,Predator-prey terms are illustrative and assume continuous well-mixed interaction.
predator_prey_coupled_system,10.13,30.915797606208,7.393279954832988,10.212600987863032,0.8747429571765317,0.7,0.05,0.02,0.5,explicit_euler,Predator-prey terms are illustrative and assume continuous well-mixed interaction.
predator_prey_coupled_system,10.14,31.01792361608663,7.402027384404754,10.23277053057823,0.8908967080705859,0.7,0.05,0.02,0.5,explicit_euler,Predator-prey terms are illustrative and assume continuous well-mixed interaction.
predator_prey_coupled_system,10.15,31.120251321392413,7.41093635148546,10.252665835721164,0.9071358599586792,0.7,0.05,0.02,0.5,explicit_euler,Predator-prey terms are illustrative and assume continuous well-mixed interaction.
predator_prey_coupled_system,10.16,31.222777979749626,7.420007710085047,10.272281918823943,0.923461211757794,0.7,0.05,0.02,0.5,explicit_euler,Predator-prey terms are illustrative and assume continuous well-mixed interaction.
predator_prey_coupled_system,10.17,31.325500798937867,7.429242322202625,10.291613744273437,0.9398735648919145,0.7,0.05,0.02,0.5,explicit_euler,Predator-prey terms are illustrative and assume continuous well-mixed interaction.
predator_prey_coupled_system,10.18,31.4284169363806,7.4386410578515445,10.31065622515454,0.9563737231989791,0.7,0.05,0.02,0.5,explicit_euler,Predator-prey terms are illustrative and assume continuous well-mixed interaction.
predator_prey_coupled_system,10.19,31.531523498632147,7.448204795083535,10.329404223102447,0.9729624928342546,0.7,0.05,0.02,0.5,explicit_euler,Predator-prey terms are illustrative and assume continuous well-mixed interaction.
predator_prey_coupled_system,10.200000000000001,31.63481754086317,7.457934420011878,10.347852548164271,0.9896406821700401,0.7,0.05,0.02,0.5,explicit_euler,Predator-prey terms are illustrative and assume continuous well-mixed interaction.
predator_prey_coupled_system,10.21,31.738296066344812,7.467830826833578,10.365995958670332,1.0064091016916241,0.7,0.05,0.02,0.5,explicit_euler,Predator-prey terms are illustrative and assume continuous well-mixed interaction.
predator_prey_coupled_system,10.22,31.841956025931516,7.477894917850494,10.38382916111545,1.0232685638893968,0.7,0.05,0.02,0.5,explicit_euler,Predator-prey terms are illustrative and assume continuous well-mixed interaction.
predator_prey_coupled_system,10.23,31.94579431754267,7.488127603489389,10.401346810050583,1.04021988314702,0.7,0.05,0.02,0.5,explicit_euler,Predator-prey terms are illustrative and assume continuous well-mixed interaction.
predator_prey_coupled_system,10.24,32.049807785643175,7.498529802320859,10.418543507985197,1.0572638756255794,0.7,0.05,0.02,0.5,explicit_euler,Predator-prey terms are illustrative and assume continuous well-mixed interaction.
predator_prey_coupled_system,10.25,32.153993220723024,7.509102441077115,10.4354138053007,1.0744013591436081,0.7,0.05,0.02,0.5,explicit_euler,Predator-prey terms are illustrative and assume continuous well-mixed interaction.
predator_prey_coupled_system,10.26,32.25834735877603,7.519846454668551,10.451952200175288,1.0916331530528955,0.7,0.05,0.02,0.5,explicit_euler,Predator-prey terms are illustrative and assume continuous well-mixed interaction.
predator_prey_coupled_system,10.27,32.36286688077778,7.53076278619908,10.468153138520645,1.1089600781099804,0.7,0.05,0.02,0.5,explicit_euler,Predator-prey terms are illustrative and assume continuous well-mixed interaction.
predator_prey_coupled_system,10.28,32.467548412162984,7.54185238698018,10.48401101393079,1.126382956343229,0.7,0.05,0.02,0.5,explicit_euler,Predator-prey terms are illustrative and assume continuous well-mixed interaction.
predator_prey_coupled_system,10.290000000000001,32.57238852230229,7.5531162165436125,10.49952016764358,1.1439026109154034,0.7,0.05,0.02,0.5,explicit_euler,Predator-prey terms are illustrative and assume continuous well-mixed interaction.
predator_prey_coupled_system,10.3,32.67738372397873,7.564555242652767,10.514674888515135,1.161519865981607,0.7,0.05,0.02,0.5,explicit_euler,Predator-prey terms are illustrative and assume continuous well-mixed interaction.
predator_prey_coupled_system,10.31,32.78253047286388,7.576170441312582,10.529469413007698,1.1792355465425164,0.7,0.05,0.02,0.5,explicit_euler,Predator-prey terms are illustrative and assume continuous well-mixed interaction.
predator_prey_coupled_system,10.32,32.88782516699396,7.587962796778007,10.54389792519129,1.1970504782927889,0.7,0.05,0.02,0.5,explicit_euler,Predator-prey terms are illustrative and assume continuous well-mixed interaction.
predator_prey_coupled_system,10.33,32.99326414624588,7.599933301560935,10.55795455675959,1.2149654874645415,0.7,0.05,0.02,0.5,explicit_euler,Predator-prey terms are illustrative and assume continuous well-mixed interaction.
predator_prey_coupled_system,10.34,33.09884369181347,7.6120829564355805,10.571633387060498,1.2329814006657829,0.7,0.05,0.02,0.5,explicit_euler,Predator-prey terms are illustrative and assume continuous well-mixed interaction.
predator_prey_coupled_system,10.35,33.204560025684074,7.624412770442238,10.584928443141772,1.2510990447137114,0.7,0.05,0.02,0.5,explicit_euler,Predator-prey terms are illustrative and assume continuous well-mixed interaction.
predator_prey_coupled_system,10.36,33.31040931011549,7.636923760889376,10.597833699812258,1.2693192464627456,0.7,0.05,0.02,0.5,explicit_euler,Predator-prey terms are illustrative and assume continuous well-mixed interaction.
predator_prey_coupled_system,10.370000000000001,33.41638764711361,7.649616953354004,10.610343079719048,1.2876428326271894,0.7,0.05,0.02,0.5,explicit_euler,Predator-prey terms are illustrative and assume continuous well-mixed interaction.
predator_prey_coupled_system,10.38,33.5224910779108,7.662493381680275,10.62245045344118,1.306070629598414,0.7,0.05,0.02,0.5,explicit_euler,Predator-prey terms are illustrative and assume continuous well-mixed interaction.
predator_prey_coupled_system,10.39,33.62871558244521,7.675554087976259,10.634149639600235,1.3246034632564356,0.7,0.05,0.02,0.5,explicit_euler,Predator-prey terms are illustrative and assume continuous well-mixed interaction.
predator_prey_coupled_system,10.4,33.735057078841216,7.688800122608823,10.64543440498835,1.343242158775789,0.7,0.05,0.02,0.5,explicit_euler,Predator-prey terms are illustrative and assume continuous well-mixed interaction.
predator_prey_coupled_system,10.41,33.8415114228911,7.702232544196581,10.65629846471416,1.3619875404255528,0.7,0.05,0.02,0.5,explicit_euler,Predator-prey terms are illustrative and assume continuous well-mixed interaction.
predator_prey_coupled_system,10.42,33.94807440753824,7.715852419600836,10.666735482367107,1.3808404313634455,0.7,0.05,0.02,0.5,explicit_euler,Predator-prey terms are illustrative and assume continuous well-mixed interaction.
predator_prey_coupled_system,10.43,34.054741762361914,7.72966082391447,10.676739070200691,1.3998016534238227,0.7,0.05,0.02,0.5,explicit_euler,Predator-prey terms are illustrative and assume continuous well-mixed interaction.
predator_prey_coupled_system,10.44,34.16150915306392,7.743658840448708,10.686302789335096,1.4188720268995034,0.7,0.05,0.02,0.5,explicit_euler,Predator-prey terms are illustrative and assume continuous well-mixed interaction.
predator_prey_coupled_system,10.450000000000001,34.26837218095727,7.757847560717703,10.695420149979801,1.4380523703172639,0.7,0.05,0.02,0.5,explicit_euler,Predator-prey terms are illustrative and assume continuous well-mixed interaction.
predator_prey_coupled_system,10.46,34.37532638245707,7.772228084420876,10.704084611676612,1.4573435002068953,0.7,0.05,0.02,0.5,explicit_euler,Predator-prey terms are illustrative and assume continuous well-mixed interaction.
predator_prey_coupled_system,10.47,34.482367228573835,7.786801519422944,10.712289583563747,1.4767462308637018,0.7,0.05,0.02,0.5,explicit_euler,Predator-prey terms are illustrative and assume continuous well-mixed interaction.
predator_prey_coupled_system,10.48,34.58949012440947,7.801568981731581,10.72002842466144,1.496261374104285,0.7,0.05,0.02,0.5,explicit_euler,Predator-prey terms are illustrative and assume continuous well-mixed interaction.
predator_prey_coupled_system,10.49,34.69669040865609,7.8165315954726236,10.727294444179645,1.5158897390155337,0.7,0.05,0.02,0.5,explicit_euler,Predator-prey terms are illustrative and assume continuous well-mixed interaction.
predator_prey_coupled_system,10.5,34.803963353097885,7.831690492862779,10.734080901848454,1.535632131696636,0.7,0.05,0.02,0.5,explicit_euler,Predator-prey terms are illustrative and assume continuous well-mixed interaction.
predator_prey_coupled_system,10.51,34.911304162116366,7.847046814179746,10.740381008271688,1.5554893549940343,0.7,0.05,0.02,0.5,explicit_euler,Predator-prey terms are illustrative and assume continuous well-mixed interaction.
predator_prey_coupled_system,10.52,35.01870797219908,7.862601707729686,10.746187925304373,1.5754622082291503,0.7,0.05,0.02,0.5,explicit_euler,Predator-prey terms are illustrative and assume continuous well-mixed interaction.
predator_prey_coupled_system,10.53,35.126169851452126,7.878356329811978,10.751494766454558,1.5955514869187817,0.7,0.05,0.02,0.5,explicit_euler,Predator-prey terms are illustrative and assume continuous well-mixed interaction.
predator_prey_coupled_system,10.540000000000001,35.23368479911667,7.894311844681166,10.756294597310196,1.6157579824880077,0.7,0.05,0.02,0.5,explicit_euler,Predator-prey terms are illustrative and assume continuous well-mixed interaction.
predator_prey_coupled_system,10.55,35.341247745089774,7.910469424506046,10.760580435991542,1.6360824819754956,0.7,0.05,0.02,0.5,explicit_euler,Predator-prey terms are illustrative and assume continuous well-mixed interaction.
predator_prey_coupled_system,10.56,35.44885354944969,7.926830249325802,10.764345253629875,1.6565257677310612,0.7,0.05,0.02,0.5,explicit_euler,Predator-prey terms are illustrative and assume continuous well-mixed interaction.
predator_prey_coupled_system,10.57,35.55649700198599,7.943395507003112,10.767581974872934,1.6770886171053458,0.7,0.05,0.02,0.5,explicit_euler,Predator-prey terms are illustrative and assume continuous well-mixed interaction.
predator_prey_coupled_system,10.58,35.66417282173472,7.960166393174165,10.770283478417895,1.6977718021314803,0.7,0.05,0.02,0.5,explicit_euler,Predator-prey terms are illustrative and assume continuous well-mixed interaction.
predator_prey_coupled_system,10.59,35.771875656518894,7.97714411119548,10.77244259757239,1.7185760891985922,0.7,0.05,0.02,0.5,explicit_euler,Predator-prey terms are illustrative and assume continuous well-mixed interaction.
predator_prey_coupled_system,10.6,35.87960008249462,7.994329872087467,10.774052120844296,1.7395022387170394,0.7,0.05,0.02,0.5,explicit_euler,Predator-prey terms are illustrative and assume continuous well-mixed interaction.
predator_prey_coupled_system,10.61,35.98734060370306,8.011724894474638,10.775104792560851,1.7605510047751958,0.7,0.05,0.02,0.5,explicit_euler,Predator-prey terms are illustrative and assume continuous well-mixed interaction.
predator_prey_coupled_system,10.620000000000001,36.09509165162867,8.029330404522389,10.775593313517849,1.7817231347876916,0.7,0.05,0.02,0.5,explicit_euler,Predator-prey terms are illustrative and assume continuous well-mixed interaction.
predator_prey_coupled_system,10.63,36.20284758476385,8.047147635870266,10.775510341659492,1.8030193691349474,0.7,0.05,0.02,0.5,explicit_euler,Predator-prey terms are illustrative and assume continuous well-mixed interaction.
predator_prey_coupled_system,10.64,36.310602688180445,8.065177829561614,10.774848492789644,1.8244404407938584,0.7,0.05,0.02,0.5,explicit_euler,Predator-prey terms are illustrative and assume continuous well-mixed interaction.
predator_prey_coupled_system,10.65,36.41835117310834,8.083422233969554,10.77360034131508,1.8459870749595266,0.7,0.05,0.02,0.5,explicit_euler,Predator-prey terms are illustrative and assume continuous well-mixed interaction.
predator_prey_coupled_system,10.66,36.52608717652149,8.101882104719149,10.771758421021488,1.8676599886578469,0.7,0.05,0.02,0.5,explicit_euler,Predator-prey terms are illustrative and assume continuous well-mixed interaction.
predator_prey_coupled_system,10.67,36.63380476073171,8.120558704605727,10.769315225882863,1.8894598903488689,0.7,0.05,0.02,0.5,explicit_euler,Predator-prey terms are illustrative and assume continuous well-mixed interaction.
predator_prey_coupled_system,10.68,36.74149791299053,8.139453303509216,10.766263210904985,1.911387479520747,0.7,0.05,0.02,0.5,explicit_euler,Predator-prey terms are illustrative and assume continuous well-mixed interaction.
predator_prey_coupled_system,10.69,36.84916054509958,8.158567178304423,10.762594793003714,1.9334434462741834,0.7,0.05,0.02,0.5,explicit_euler,Predator-prey terms are illustrative and assume continuous well-mixed interaction.
predator_prey_coupled_system,10.700000000000001,36.95678649302962,8.177901612767165,10.758302351918795,1.9556284708971914,0.7,0.05,0.02,0.5,explicit_euler,Predator-prey terms are illustrative and assume continuous well-mixed interaction.
predator_prey_coupled_system,10.71,37.06436951654881,8.197457897476138,10.753378231163818,1.977943223430068,0.7,0.05,0.02,0.5,explicit_euler,Predator-prey terms are illustrative and assume continuous well-mixed interaction.
predator_prey_coupled_system,10.72,37.17190329886045,8.21723732971044,10.747814739013178,2.0003883632204342,0.7,0.05,0.02,0.5,explicit_euler,Predator-prey terms are illustrative and assume continuous well-mixed interaction.
predator_prey_coupled_system,10.73,37.27938144625058,8.237241213342644,10.741604149526584,2.022964538468206,0.7,0.05,0.02,0.5,explicit_euler,Predator-prey terms are illustrative and assume continuous well-mixed interaction.
predator_prey_coupled_system,10.74,37.386797487745845,8.257470858727325,10.734738703612022,2.045672385760364,0.7,0.05,0.02,0.5,explicit_euler,Predator-prey terms are illustrative and assume continuous well-mixed interaction.
predator_prey_coupled_system,10.75,37.494144874781966,8.27792758258493,10.727210610127726,2.068512529595395,0.7,0.05,0.02,0.5,explicit_euler,Predator-prey terms are illustrative and assume continuous well-mixed interaction.
predator_prey_coupled_system,10.76,37.60141698088324,8.298612707880883,10.719012047023984,2.091485581897273,0.7,0.05,0.02,0.5,explicit_euler,Predator-prey terms are illustrative and assume continuous well-mixed interaction.
predator_prey_coupled_system,10.77,37.708607101353486,8.319527563699856,10.710135162525518,2.114592141518841,0.7,0.05,0.02,0.5,explicit_euler,Predator-prey terms are illustrative and assume continuous well-mixed interaction.
predator_prey_coupled_system,10.78,37.81570845297874,8.340673485115044,10.700572076355083,2.13783279373449,0.7,0.05,0.02,0.5,explicit_euler,Predator-prey terms are illustrative and assume continuous well-mixed interaction.
predator_prey_coupled_system,10.790000000000001,37.92271417374229,8.362051813052389,10.69031488099914,2.161208109721991,0.7,0.05,0.02,0.5,explicit_euler,Predator-prey terms are illustrative and assume continuous well-mixed interaction.
predator_prey_coupled_system,10.8,38.029617322552284,8.38366389414961,10.679355643016187,2.1847186460333576,0.7,0.05,0.02,0.5,explicit_euler,Predator-prey terms are illustrative and assume continuous well-mixed interaction.
predator_prey_coupled_system,10.81,38.136410878982446,8.405511080609944,10.667686404388682,2.2083649440546393,0.7,0.05,0.02,0.5,explicit_euler,Predator-prey terms are illustrative and assume continuous well-mixed interaction.
predator_prey_coupled_system,10.82,38.24308774302633,8.42759473005049,10.65529918391907,2.2321475294544992,0.7,0.05,0.02,0.5,explicit_euler,Predator-prey terms are illustrative and assume continuous well-mixed interaction.
predator_prey_coupled_system,10.83,38.34964073486552,8.449916205345035,10.642185978670849,2.2560669116214873,0.7,0.05,0.02,0.5,explicit_euler,Predator-prey terms are illustrative and assume continuous well-mixed interaction.
predator_prey_coupled_system,10.84,38.456062594652224,8.47247687446125,10.62833876545529,2.28012358308988,0.7,0.05,0.02,0.5,explicit_euler,Predator-prey terms are illustrative and assume continuous well-mixed interaction.
predator_prey_coupled_system,10.85,38.56234598230677,8.49527811029215,10.61374950236458,2.304318018953988,0.7,0.05,0.02,0.5,explicit_euler,Predator-prey terms are illustrative and assume continuous well-mixed interaction.
predator_prey_coupled_system,10.86,38.66848347733042,8.518321290481689,10.598410130352136,2.3286506762708177,0.7,0.05,0.02,0.5,explicit_euler,Predator-prey terms are illustrative and assume continuous well-mixed interaction.
predator_prey_coupled_system,10.870000000000001,38.77446757863394,8.541607797244398,10.582312574860765,2.353121993450997,0.7,0.05,0.02,0.5,explicit_euler,Predator-prey terms are illustrative and assume continuous well-mixed interaction.
predator_prey_coupled_system,10.88,38.880290704382546,8.565139017178907,10.565448747499513,2.3777323896378535,0.7,0.05,0.02,0.5,explicit_euler,Predator-prey terms are illustrative and assume continuous well-mixed interaction.
predator_prey_coupled_system,10.89,38.98594519185754,8.588916341075286,10.547810547769739,2.402482264074571,0.7,0.05,0.02,0.5,explicit_euler,Predator-prey terms are illustrative and assume continuous well-mixed interaction.
predator_prey_coupled_system,10.9,39.09142329733523,8.612941163716032,10.529389864841338,2.427371995459314,0.7,0.05,0.02,0.5,explicit_euler,Predator-prey terms are illustrative and assume continuous well-mixed interaction.
predator_prey_coupled_system,10.91,39.196717195983645,8.637214883670625,10.510178579379637,2.4524019412882527,0.7,0.05,0.02,0.5,explicit_euler,Predator-prey terms are illustrative and assume continuous well-mixed interaction.
predator_prey_coupled_system,10.92,39.301818981777444,8.661738903083508,10.49016856542383,2.4775724371863976,0.7,0.05,0.02,0.5,explicit_euler,Predator-prey terms are illustrative and assume continuous well-mixed interaction.
predator_prey_coupled_system,10.93,39.406720667431685,8.686514627455372,10.469351692317517,2.50288379622618,0.7,0.05,0.02,0.5,explicit_euler,Predator-prey terms are illustrative and assume continuous well-mixed interaction.
predator_prey_coupled_system,10.94,39.51141418435486,8.711543465417634,10.44771982669209,2.5283363082337074,0.7,0.05,0.02,0.5,explicit_euler,Predator-prey terms are illustrative and assume continuous well-mixed interaction.
predator_prey_coupled_system,10.950000000000001,39.61589138262178,8.736826828499971,10.425264834503704,2.5539302390826304,0.7,0.05,0.02,0.5,explicit_euler,Predator-prey terms are illustrative and assume continuous well-mixed interaction.
predator_prey_coupled_system,10.96,39.72014403096682,8.762366130890797,10.401978583124375,2.5796658299755597,0.7,0.05,0.02,0.5,explicit_euler,Predator-prey terms are illustrative and assume continuous well-mixed interaction.
predator_prey_coupled_system,10.97,39.82416381679806,8.788162789190553,10.377852943487962,2.6055432967129946,0.7,0.05,0.02,0.5,explicit_euler,Predator-prey terms are illustrative and assume continuous well-mixed interaction.
predator_prey_coupled_system,10.98,39.92794234623294,8.814218222157683,10.352879792291667,2.631562828949714,0.7,0.05,0.02,0.5,explicit_euler,Predator-prey terms are illustrative and assume continuous well-mixed interaction.
predator_prey_coupled_system,10.99,40.03147114415586,8.84053385044718,10.32705101425363,2.6577245894385975,0.7,0.05,0.02,0.5,explicit_euler,Predator-prey terms are illustrative and assume continuous well-mixed interaction.
predator_prey_coupled_system,11.0,40.134741654298395,8.867111096341565,10.300358504427308,2.684028713261844,0.7,0.05,0.02,0.5,explicit_euler,Predator-prey terms are illustrative and assume continuous well-mixed interaction.
predator_prey_coupled_system,11.01,40.237745239342665,8.893951383474183,10.272794170573192,2.7104753070495766,0.7,0.05,0.02,0.5,explicit_euler,Predator-prey terms are illustrative and assume continuous well-mixed interaction.
predator_prey_coupled_system,11.02,40.340473181048395,8.92105613654468,10.244349935588481,2.7370644481858175,0.7,0.05,0.02,0.5,explicit_euler,Predator-prey terms are illustrative and assume continuous well-mixed interaction.
predator_prey_coupled_system,11.03,40.44291668040428,8.948426781026537,10.215017739995268,2.763796184001823,0.7,0.05,0.02,0.5,explicit_euler,Predator-prey terms are illustrative and assume continuous well-mixed interaction.
predator_prey_coupled_system,11.040000000000001,40.54506685780424,8.976064742866555,10.18478954448777,2.7906705309568,0.7,0.05,0.02,0.5,explicit_euler,Predator-prey terms are illustrative and assume continuous well-mixed interaction.
predator_prey_coupled_system,11.05,40.64691475324911,9.003971448176124,10.153657332539183,2.817687473806015,0.7,0.05,0.02,0.5,explicit_euler,Predator-prey terms are illustrative and assume continuous well-mixed interaction.
predator_prey_coupled_system,11.06,40.748451326574504,9.032148322914184,10.121613113068644,2.844846964756311,0.7,0.05,0.02,0.5,explicit_euler,Predator-prey terms are illustrative and assume continuous well-mixed interaction.
predator_prey_coupled_system,11.07,40.84966745770519,9.060596792561746,10.088648923168748,2.872148922609079,0.7,0.05,0.02,0.5,explicit_euler,Predator-prey terms are illustrative and assume continuous well-mixed interaction.
predator_prey_coupled_system,11.08,40.95055394693688,9.089318281787838,10.054756830894188,2.899593231890731,0.7,0.05,0.02,0.5,explicit_euler,Predator-prey terms are illustrative and assume continuous well-mixed interaction.
predator_prey_coupled_system,11.09,41.05110151524582,9.118314214106745,10.019928938111828,2.9271797419707255,0.7,0.05,0.02,0.5,explicit_euler,Predator-prey terms are illustrative and assume continuous well-mixed interaction.
predator_prey_coupled_system,11.1,41.151300804626935,9.147586011526451,9.984157383412725,2.954908266167225,0.7,0.05,0.02,0.5,explicit_euler,Predator-prey terms are illustrative and assume continuous well-mixed interaction.
predator_prey_coupled_system,11.11,41.25114237846106,9.177135094188124,9.947434345086442,2.982778580840458,0.7,0.05,0.02,0.5,explicit_euler,Predator-prey terms are illustrative and assume continuous well-mixed interaction.
predator_prey_coupled_system,11.120000000000001,41.350616721911926,9.206962879996528,9.909752044158004,3.010790424473872,0.7,0.05,0.02,0.5,explicit_euler,Predator-prey terms are illustrative and assume continuous well-mixed interaction.
predator_prey_coupled_system,11.13,41.44971424235351,9.237070784241267,9.871102747487814,3.0389434967432214,0.7,0.05,0.02,0.5,explicit_euler,Predator-prey terms are illustrative and assume continuous well-mixed interaction.
predator_prey_coupled_system,11.14,41.548425269828385,9.267460219208699,9.831478770934865,3.0672374575736514,0.7,0.05,0.02,0.5,explicit_euler,Predator-prey terms are illustrative and assume continuous well-mixed interaction.
predator_prey_coupled_system,11.15,41.646740057537734,9.298132593784436,9.790872482583438,3.0956719261849717,0.7,0.05,0.02,0.5,explicit_euler,Predator-prey terms are illustrative and assume continuous well-mixed interaction.
predator_prey_coupled_system,11.16,41.74464878236357,9.329089313046286,9.749276306033565,3.1242464801252297,0.7,0.05,0.02,0.5,explicit_euler,Predator-prey terms are illustrative and assume continuous well-mixed interaction.
predator_prey_coupled_system,11.17,41.84214154542391,9.360331777847538,9.706682723755428,3.1529606542927526,0.7,0.05,0.02,0.5,explicit_euler,Predator-prey terms are illustrative and assume continuous well-mixed interaction.
predator_prey_coupled_system,11.18,41.93920837266146,9.391861384390465,9.663084280507796,3.1818139399468564,0.7,0.05,0.02,0.5,explicit_euler,Predator-prey terms are illustrative and assume continuous well-mixed interaction.
predator_prey_coupled_system,11.19,42.03583921546654,9.423679523789934,9.618473586820674,3.210805783707393,0.7,0.05,0.02,0.5,explicit_euler,Predator-prey terms are illustrative and assume continuous well-mixed interaction.
predator_prey_coupled_system,11.200000000000001,42.132023951334745,9.455787581627009,9.57284332254218,3.2399355865433517,0.7,0.05,0.02,0.5,explicit_euler,Predator-prey terms are illustrative and assume continuous well-mixed interaction.
predator_prey_coupled_system,11.21,42.22775238456017,9.488186937492442,9.526186240449661,3.2692027027507615,0.7,0.05,0.02,0.5,explicit_euler,Predator-prey terms are illustrative and assume continuous well-mixed interaction.
predator_prey_coupled_system,11.22,42.32301424696467,9.52087896451995,9.478495169925061,3.298606438920106,0.7,0.05,0.02,0.5,explicit_euler,Predator-prey terms are illustrative and assume continuous well-mixed interaction.
predator_prey_coupled_system,11.23,42.41779919866392,9.55386502890915,9.429763020694448,3.3281460528935423,0.7,0.05,0.02,0.5,explicit_euler,Predator-prey terms are illustrative and assume continuous well-mixed interaction.
predator_prey_coupled_system,11.24,42.51209682887087,9.587146489438085,9.37998278663154,3.3578207527121835,0.7,0.05,0.02,0.5,explicit_euler,Predator-prey terms are illustrative and assume continuous well-mixed interaction.
predator_prey_coupled_system,11.25,42.60589665673718,9.620724696965206,9.329147549625088,3.3876296955537706,0.7,0.05,0.02,0.5,explicit_euler,Predator-prey terms are illustrative and assume continuous well-mixed interaction.
predator_prey_coupled_system,11.26,42.69918813223343,9.654600993920743,9.277250483509913,3.417571986661023,0.7,0.05,0.02,0.5,explicit_euler,Predator-prey terms are illustrative and assume continuous well-mixed interaction.
predator_prey_coupled_system,11.27,42.79196063706853,9.688776713787354,9.224284858061239,3.447646678261015,0.7,0.05,0.02,0.5,explicit_euler,Predator-prey terms are illustrative and assume continuous well-mixed interaction.
predator_prey_coupled_system,11.28,42.88420348564914,9.723253180569964,9.170244043052016,3.4778527684759686,0.7,0.05,0.02,0.5,explicit_euler,Predator-prey terms are illustrative and assume continuous well-mixed interaction.
predator_prey_coupled_system,11.290000000000001,42.975905926079655,9.758031708254723,9.115121512372887,3.508189200225786,0.7,0.05,0.02,0.5,explicit_euler,Predator-prey terms are illustrative and assume continuous well-mixed interaction.
predator_prey_coupled_system,11.3,43.067057141203385,9.793113600256982,9.058910848214193,3.5386548601227785,0.7,0.05,0.02,0.5,explicit_euler,Predator-prey terms are illustrative and assume continuous well-mixed interaction.
predator_prey_coupled_system,11.31,43.15764624968553,9.82850014885821,9.001605745309657,3.5692485773589775,0.7,0.05,0.02,0.5,explicit_euler,Predator-prey terms are illustrative and assume continuous well-mixed interaction.
predator_prey_coupled_system,11.32,43.247662307138626,9.864192634631799,8.943200015241029,3.5999691225865025,0.7,0.05,0.02,0.5,explicit_euler,Predator-prey terms are illustrative and assume continuous well-mixed interaction.
predator_prey_coupled_system,11.33,43.33709430729104,9.900192325857663,8.883687590803099,3.6308152067914197,0.7,0.05,0.02,0.5,explicit_euler,Predator-prey terms are illustrative and assume continuous well-mixed interaction.
predator_prey_coupled_system,11.34,43.42593118319907,9.936500477925577,8.82306253042831,3.661785480161626,0.7,0.05,0.02,0.5,explicit_euler,Predator-prey terms are illustrative and assume continuous well-mixed interaction.
predator_prey_coupled_system,11.35,43.51416180850335,9.973118332727193,8.761319022670232,3.6928785309492493,0.7,0.05,0.02,0.5,explicit_euler,Predator-prey terms are illustrative and assume continuous well-mixed interaction.
predator_prey_coupled_system,11.36,43.60177499873006,10.010047118036685,8.69845139074495,3.724092884328094,0.7,0.05,0.02,0.5,explicit_euler,Predator-prey terms are illustrative and assume continuous well-mixed interaction.
predator_prey_coupled_system,11.370000000000001,43.68875951263751,10.047288046879965,8.634454097129442,3.7554270012467414,0.7,0.05,0.02,0.5,explicit_euler,Predator-prey terms are illustrative and assume continuous well-mixed interaction.
predator_prey_coupled_system,11.38,43.77510405360881,10.084842316892432,8.569321748215984,3.7868792772778557,0.7,0.05,0.02,0.5,explicit_euler,Predator-prey terms are illustrative and assume continuous well-mixed interaction.
predator_prey_coupled_system,11.39,43.860797271090966,10.122711109665211,8.503049099021368,3.8184480414643165,0.7,0.05,0.02,0.5,explicit_euler,Predator-prey terms are illustrative and assume continuous well-mixed interaction.
predator_prey_coupled_system,11.4,43.94582776208118,10.160895590079853,8.435631057949848,3.8501315551628625,0.7,0.05,0.02,0.5,explicit_euler,Predator-prey terms are illustrative and assume continuous well-mixed interaction.
predator_prey_coupled_system,11.41,44.03018407266068,10.199396905631483,8.367062691608478,3.8819280108858587,0.7,0.05,0.02,0.5,explicit_euler,Predator-prey terms are illustrative and assume continuous well-mixed interaction.
predator_prey_coupled_system,11.42,44.11385469957676,10.238216185740342,8.297339229673508,3.9138355311419186,0.7,0.05,0.02,0.5,explicit_euler,Predator-prey terms are illustrative and assume continuous well-mixed interaction.
predator_prey_coupled_system,11.43,44.1968280918735,10.27735454105176,8.226456069806439,3.945852167276122,0.7,0.05,0.02,0.5,explicit_euler,Predator-prey terms are illustrative and assume continuous well-mixed interaction.
predator_prey_coupled_system,11.44,44.27909265257156,10.316813062724522,8.154408782618106,3.9779758983105333,0.7,0.05,0.02,0.5,explicit_euler,Predator-prey terms are illustrative and assume continuous well-mixed interaction.
predator_prey_coupled_system,11.450000000000001,44.360636740397744,10.356592821707627,8.081193116679273,4.010204629785846,0.7,0.05,0.02,0.5,explicit_euler,Predator-prey terms are illustrative and assume continuous well-mixed interaction.
predator_prey_coupled_system,11.46,44.44144867156454,10.396694868005486,8.006805003575959,4.042536192604942,0.7,0.05,0.02,0.5,explicit_euler,Predator-prey terms are illustrative and assume continuous well-mixed interaction.
predator_prey_coupled_system,11.47,44.5215167216003,10.437120229931535,7.9312405630077265,4.074968341879225,0.7,0.05,0.02,0.5,explicit_euler,Predator-prey terms are illustrative and assume continuous well-mixed interaction.
predator_prey_coupled_system,11.48,44.60082912723038,10.477869913350327,7.854496107926959,4.1074987557785585,0.7,0.05,0.02,0.5,explicit_euler,Predator-prey terms are illustrative and assume continuous well-mixed interaction.
predator_prey_coupled_system,11.49,44.67937408830964,10.518944900908112,7.776568149717207,4.1401250343857585,0.7,0.05,0.02,0.5,explicit_euler,Predator-prey terms are illustrative and assume continuous well-mixed interaction.
predator_prey_coupled_system,11.5,44.75713976980681,10.56034615125197,7.697453403408474,4.172844698556533,0.7,0.05,0.02,0.5,explicit_euler,Predator-prey terms are illustrative and assume continuous well-mixed interaction.
predator_prey_coupled_system,11.51,44.8341143038409,10.602074598237536,7.617148792927139,4.205655188785828,0.7,0.05,0.02,0.5,explicit_euler,Predator-prey terms are illustrative and assume continuous well-mixed interaction.
predator_prey_coupled_system,11.52,44.91028579177017,10.644131150125395,7.535651456378375,4.2385538640816,0.7,0.05,0.02,0.5,explicit_euler,Predator-prey terms are illustrative and assume continuous well-mixed interaction.
predator_prey_coupled_system,11.53,44.98564230633396,10.686516688766211,7.452958751358512,4.271538000846997,0.7,0.05,0.02,0.5,explicit_euler,Predator-prey terms are illustrative and assume continuous well-mixed interaction.
predator_prey_coupled_system,11.540000000000001,45.060171893847546,10.729232068774682,7.369068260294846,4.304604791772032,0.7,0.05,0.02,0.5,explicit_euler,Predator-prey terms are illustrative and assume continuous well-mixed interaction.
predator_prey_coupled_system,11.55,45.1338625764505,10.772278116692402,7.283977795810355,4.3377513447357945,0.7,0.05,0.02,0.5,explicit_euler,Predator-prey terms are illustrative and assume continuous well-mixed interaction.
predator_prey_coupled_system,11.56,45.2067023544086,10.815655630139759,7.197685406110434,4.370974681720353,0.7,0.05,0.02,0.5,explicit_euler,Predator-prey terms are illustrative and assume continuous well-mixed interaction.
predator_prey_coupled_system,11.57,45.278679208469704,10.859365376956962,7.110189380388938,4.404271737737458,0.7,0.05,0.02,0.5,explicit_euler,Predator-prey terms are illustrative and assume continuous well-mixed interaction.
predator_prey_coupled_system,11.58,45.349781102273596,10.903408094334337,7.021488254250503,4.4376393597692365,0.7,0.05,0.02,0.5,explicit_euler,Predator-prey terms are illustrative and assume continuous well-mixed interaction.
predator_prey_coupled_system,11.59,45.419995984816104,10.94778448793203,6.931580815146031,4.4710743057240805,0.7,0.05,0.02,0.5,explicit_euler,Predator-prey terms are illustrative and assume continuous well-mixed interaction.
predator_prey_coupled_system,11.6,45.48931179296756,10.99249523098927,6.840466107818294,4.504573243408963,0.7,0.05,0.02,0.5,explicit_euler,Predator-prey terms are illustrative and assume continuous well-mixed interaction.
predator_prey_coupled_system,11.61,45.557716454045746,11.03754096342336,6.748143439754202,4.538132749519448,0.7,0.05,0.02,0.5,explicit_euler,Predator-prey terms are illustrative and assume continuous well-mixed interaction.
predator_prey_coupled_system,11.620000000000001,45.62519788844329,11.082922290918555,6.654612386640384,4.57174930864869,0.7,0.05,0.02,0.5,explicit_euler,Predator-prey terms are illustrative and assume continuous well-mixed interaction.
predator_prey_coupled_system,11.63,45.69174401230969,11.128639784005042,6.559872797818592,4.605419312316755,0.7,0.05,0.02,0.5,explicit_euler,Predator-prey terms are illustrative and assume continuous well-mixed interaction.
predator_prey_coupled_system,11.64,45.757342740287875,11.174693977128209,6.463924801737207,4.639139058021617,0.7,0.05,0.02,0.5,explicit_euler,Predator-prey terms are illustrative and assume continuous well-mixed interaction.
predator_prey_coupled_system,11.65,45.82198198830525,11.221085367708426,6.366768811395119,4.672904748313208,0.7,0.05,0.02,0.5,explicit_euler,Predator-prey terms are illustrative and assume continuous well-mixed interaction.
predator_prey_coupled_system,11.66,45.8856496764192,11.267814415191557,6.268405529774135,4.706712489891943,0.7,0.05,0.02,0.5,explicit_euler,Predator-prey terms are illustrative and assume continuous well-mixed interaction.
predator_prey_coupled_system,11.67,45.94833373171694,11.314881540090477,6.1688359552558225,4.740558292733174,0.7,0.05,0.02,0.5,explicit_euler,Predator-prey terms are illustrative and assume continuous well-mixed interaction.
predator_prey_coupled_system,11.68,46.0100220912695,11.36228712301781,6.068061387018826,4.7744380692390225,0.7,0.05,0.02,0.5,explicit_euler,Predator-prey terms are illustrative and assume continuous well-mixed interaction.
predator_prey_coupled_system,11.69,46.07070270513969,11.410031503710199,5.966083430412251,4.808347633419111,0.7,0.05,0.02,0.5,explicit_euler,Predator-prey terms are illustrative and assume continuous well-mixed interaction.
predator_prey_coupled_system,11.700000000000001,46.13036353944381,11.45811498004439,5.862904002300926,4.842282700101699,0.7,0.05,0.02,0.5,explicit_euler,Predator-prey terms are illustrative and assume continuous well-mixed interaction.
predator_prey_coupled_system,11.71,46.18899257946682,11.506537807045408,5.758525336378032,4.876238884176791,0.7,0.05,0.02,0.5,explicit_euler,Predator-prey terms are illustrative and assume continuous well-mixed interaction.
predator_prey_coupled_system,11.72,46.2465778328306,11.555300195887176,5.652949988440472,4.910211699872792,0.7,0.05,0.02,0.5,explicit_euler,Predator-prey terms are illustrative and assume continuous well-mixed interaction.
predator_prey_coupled_system,11.73,46.30310733271501,11.604402312885904,5.546180841622384,4.944196560068295,0.7,0.05,0.02,0.5,explicit_euler,Predator-prey terms are illustrative and assume continuous well-mixed interaction.
predator_prey_coupled_system,11.74,46.358569141131234,11.653844278486588,5.438221111582003,4.978188775640648,0.7,0.05,0.02,0.5,explicit_euler,Predator-prey terms are illustrative and assume continuous well-mixed interaction.
predator_prey_coupled_system,11.75,46.412951352247056,11.703626166242994,5.329074351636844,5.012183554852939,0.7,0.05,0.02,0.5,explicit_euler,Predator-prey terms are illustrative and assume continuous well-mixed interaction.
predator_prey_coupled_system,11.76,46.46624209576343,11.753748001791523,5.218744457842369,5.04617600278105,0.7,0.05,0.02,0.5,explicit_euler,Predator-prey terms are illustrative and assume continuous well-mixed interaction.
predator_prey_coupled_system,11.77,46.51842954034185,11.804209761819333,5.107235674008887,5.0801611207824955,0.7,0.05,0.02,0.5,explicit_euler,Predator-prey terms are illustrative and assume continuous well-mixed interaction.
predator_prey_coupled_system,11.78,46.569501897081935,11.855011373027159,4.994552596651548,5.114133806008744,0.7,0.05,0.02,0.5,explicit_euler,Predator-prey terms are illustrative and assume continuous well-mixed interaction.
predator_prey_coupled_system,11.790000000000001,46.61944742304845,11.906152711087246,4.8807001798680325,5.14808885096273,0.7,0.05,0.02,0.5,explicit_euler,Predator-prey terms are illustrative and assume continuous well-mixed interaction.
predator_prey_coupled_system,11.8,46.66825442484713,11.957633599596873,4.765683740138616,5.182020943103313,0.7,0.05,0.02,0.5,explicit_euler,Predator-prey terms are illustrative and assume continuous well-mixed interaction.
predator_prey_coupled_system,11.81,46.71591126224851,12.009453809027907,4.649508961042951,5.2159246644984485,0.7,0.05,0.02,0.5,explicit_euler,Predator-prey terms are illustrative and assume continuous well-mixed interaction.
predator_prey_coupled_system,11.82,46.76240635185894,12.061613055672892,4.5321818978881225,5.249794491528809,0.7,0.05,0.02,0.5,explicit_euler,Predator-prey terms are illustrative and assume continuous well-mixed interaction.
predator_prey_coupled_system,11.83,46.80772817083783,12.11411100058818,4.413708982242088,5.283624794643665,0.7,0.05,0.02,0.5,explicit_euler,Predator-prey terms are illustrative and assume continuous well-mixed interaction.
predator_prey_coupled_system,11.84,46.85186526066025,12.166947248534616,4.294097026366931,5.3174098381707875,0.7,0.05,0.02,0.5,explicit_euler,Predator-prey terms are illustrative and assume continuous well-mixed interaction.
predator_prey_coupled_system,11.85,46.89480623092392,12.220121346916324,4.173353227545835,5.351143780182199,0.7,0.05,0.02,0.5,explicit_euler,Predator-prey terms are illustrative and assume continuous well-mixed interaction.
predator_prey_coupled_system,11.86,46.93653976319938,12.273632784718146,4.0514851722980225,5.384820672417543,0.7,0.05,0.02,0.5,explicit_euler,Predator-prey terms are illustrative and assume continuous well-mixed interaction.
predator_prey_coupled_system,11.870000000000001,46.97705461492236,12.327480991442322,3.9285008404754898,5.418434460266903,0.7,0.05,0.02,0.5,explicit_euler,Predator-prey terms are illustrative and assume continuous well-mixed interaction.
predator_prey_coupled_system,11.88,47.01633962332711,12.38166533604499,3.8044086092355798,5.451978982814864,0.7,0.05,0.02,0.5,explicit_euler,Predator-prey terms are illustrative and assume continuous well-mixed interaction.
predator_prey_coupled_system,11.89,47.05438370941947,12.43618512587314,3.679217256883131,5.485447972947624,0.7,0.05,0.02,0.5,explicit_euler,Predator-prey terms are illustrative and assume continuous well-mixed interaction.
predator_prey_coupled_system,11.9,47.0911758819883,12.491039605602616,3.552935966576076,5.518835057524983,0.7,0.05,0.02,0.5,explicit_euler,Predator-prey terms are illustrative and assume continuous well-mixed interaction.
predator_prey_coupled_system,11.91,47.12670524165406,12.546227956177866,3.425574329888132,5.55213375761895,0.7,0.05,0.02,0.5,explicit_euler,Predator-prey terms are illustrative and assume continuous well-mixed interaction.
predator_prey_coupled_system,11.92,47.160960984952936,12.601749293754056,3.297142350222387,5.585337488820838,0.7,0.05,0.02,0.5,explicit_euler,Predator-prey terms are illustrative and assume continuous well-mixed interaction.
predator_prey_coupled_system,11.93,47.19393240845516,12.657602668642264,3.167650446069377,5.618439561618563,0.7,0.05,0.02,0.5,explicit_euler,Predator-prey terms are illustrative and assume continuous well-mixed interaction.
predator_prey_coupled_system,11.94,47.22560891291585,12.71378706425845,3.0371094541031916,5.651433181845937,0.7,0.05,0.02,0.5,explicit_euler,Predator-prey terms are illustrative and assume continuous well-mixed interaction.
predator_prey_coupled_system,11.950000000000001,47.255980007456884,12.770301396076908,2.905530632109361,5.684311451205727,0.7,0.05,0.02,0.5,explicit_euler,Predator-prey terms are illustrative and assume continuous well-mixed interaction.
predator_prey_coupled_system,11.96,47.285035313777975,12.827144510588965,2.7729256617379505,5.717067367868168,0.7,0.05,0.02,0.5,explicit_euler,Predator-prey terms are illustrative and assume continuous well-mixed interaction.
predator_prey_coupled_system,11.97,47.31276457039535,12.884315184267647,2.6393066510754792,5.7496938271466815,0.7,0.05,0.02,0.5,explicit_euler,Predator-prey terms are illustrative and assume continuous well-mixed interaction.
predator_prey_coupled_system,11.98,47.33915763690611,12.941812122539114,2.5046861370292,5.782183622252474,0.7,0.05,0.02,0.5,explicit_euler,Predator-prey terms are illustrative and assume continuous well-mixed interaction.
predator_prey_coupled_system,11.99,47.3642044982764,12.999633958761638,2.3690770875172475,5.814529445129674,0.7,0.05,0.02,0.5,explicit_euler,Predator-prey terms are illustrative and assume continuous well-mixed interaction.
predator_prey_coupled_system,12.0,47.38789526915157,13.057779253212935,2.232492903458354,5.846723887372628,0.7,0.05,0.02,0.5,explicit_euler,Predator-prey terms are illustrative and assume continuous well-mixed interaction.
predator_prey_coupled_system,12.01,47.41022019818615,13.116246492086661,2.09494742055454,5.878759441226976,0.7,0.05,0.02,0.5,explicit_euler,Predator-prey terms are illustrative and assume continuous well-mixed interaction.
predator_prey_coupled_system,12.02,47.4311696723917,13.17503408649893,1.9564549108604368,5.910628500676034,0.7,0.05,0.02,0.5,explicit_euler,Predator-prey terms are illustrative and assume continuous well-mixed interaction.
predator_prey_coupled_system,12.030000000000001,47.4507342215003,13.234140371505692,1.8170300841330125,5.942323362614031,0.7,0.05,0.02,0.5,explicit_euler,Predator-prey terms are illustrative and assume continuous well-mixed interaction.
predator_prey_coupled_system,12.040000000000001,47.46890452234163,13.293563605131832,1.6766880889552098,5.973836228107655,0.7,0.05,0.02,0.5,explicit_euler,Predator-prey terms are illustrative and assume continuous well-mixed interaction.
predator_prey_coupled_system,12.05,47.48567140323119,13.353301967412909,1.5354445136273291,6.005159203747344,0.7,0.05,0.02,0.5,explicit_euler,Predator-prey terms are illustrative and assume continuous well-mixed interaction.
predator_prey_coupled_system,12.06,47.50102584836746,13.413353559450382,1.39331538682001,6.036284303089694,0.7,0.05,0.02,0.5,explicit_euler,Predator-prey terms are illustrative and assume continuous well-mixed interaction.
predator_prey_coupled_system,12.07,47.51495900223566,13.473716402481278,1.2503171779825593,6.0672034481923225,0.7,0.05,0.02,0.5,explicit_euler,Predator-prey terms are illustrative and assume continuous well-mixed interaction.
predator_prey_coupled_system,12.08,47.52746217401549,13.534388436963201,1.1064667975007794,6.097908471242423,0.7,0.05,0.02,0.5,explicit_euler,Predator-prey terms are illustrative and assume continuous well-mixed interaction.
predator_prey_coupled_system,12.09,47.538526841990496,13.595367521675625,0.9617815965982217,6.1283911162802385,0.7,0.05,0.02,0.5,explicit_euler,Predator-prey terms are illustrative and assume continuous well-mixed interaction.
predator_prey_coupled_system,12.1,47.54814465795648,13.656651432838427,0.8162793669750243,6.158643041018589,0.7,0.05,0.02,0.5,explicit_euler,Predator-prey terms are illustrative and assume continuous well-mixed interaction.
predator_prey_coupled_system,12.11,47.556307451626225,13.718237863248612,0.6699783401788082,6.188655818759513,0.7,0.05,0.02,0.5,explicit_euler,Predator-prey terms are illustrative and assume continuous well-mixed interaction.
predator_prey_coupled_system,12.120000000000001,47.56300723502801,13.780124421436208,0.5228971867017762,6.218420940409026,0.7,0.05,0.02,0.5,explicit_euler,Predator-prey terms are illustrative and assume continuous well-mixed interaction.
predator_prey_coupled_system,12.13,47.56823620689503,13.842308630840298,0.3750550147988605,6.247929816590912,0.7,0.05,0.02,0.5,explicit_euler,Predator-prey terms are illustrative and assume continuous well-mixed interaction.
predator_prey_coupled_system,12.14,47.57198675704302,13.904787929006208,0.22647136902136822,6.277173779860396,0.7,0.05,0.02,0.5,explicit_euler,Predator-prey terms are illustrative and assume continuous well-mixed interaction.
predator_prey_coupled_system,12.15,47.57425147073324,13.967559666804812,0.07716622846110965,6.306144087018455,0.7,0.05,0.02,0.5,explicit_euler,Predator-prey terms are illustrative and assume continuous well-mixed interaction.
predator_prey_coupled_system,12.16,47.57502313301785,14.030621107674996,-0.0728399952998302,6.334831921527432,0.7,0.05,0.02,0.5,explicit_euler,Predator-prey terms are illustrative and assume continuous well-mixed interaction.
predator_prey_coupled_system,12.17,47.57429473306485,14.09396942689027,-0.22352646053874992,6.363228396028522,0.7,0.05,0.02,0.5,explicit_euler,Predator-prey terms are illustrative and assume continuous well-mixed interaction.
predator_prey_coupled_system,12.18,47.572059468459464,14.157601710850555,-0.3748718980456829,6.391324554961645,0.7,0.05,0.02,0.5,explicit_euler,Predator-prey terms are illustrative and assume continuous well-mixed interaction.
predator_prey_coupled_system,12.19,47.56831074947901,14.22151495640017,-0.5268546140850319,6.419111377288049,0.7,0.05,0.02,0.5,explicit_euler,Predator-prey terms are illustrative and assume continuous well-mixed interaction.
predator_prey_coupled_system,12.200000000000001,47.56304220333816,14.28570607017305,-0.6794524936695368,6.446579779315974,0.7,0.05,0.02,0.5,explicit_euler,Predator-prey terms are illustrative and assume continuous well-mixed interaction.
predator_prey_coupled_system,12.21,47.55624767840147,14.35017186796621,-0.8326430041504835,6.473720617629498,0.7,0.05,0.02,0.5,explicit_euler,Predator-prey terms are illustrative and assume continuous well-mixed interaction.
predator_prey_coupled_system,12.22,47.54792124835996,14.414909074142505,-0.9864031991278921,6.500524692120693,0.7,0.05,0.02,0.5,explicit_euler,Predator-prey terms are illustrative and assume continuous well-mixed interaction.
predator_prey_coupled_system,12.23,47.538057216368685,14.479914321063712,-1.140709722684072,6.526982749125005,0.7,0.05,0.02,0.5,explicit_euler,Predator-prey terms are illustrative and assume continuous well-mixed interaction.
predator_prey_coupled_system,12.24,47.52665011914184,14.545184148554961,-1.2955388139437005,6.5530854846597135,0.7,0.05,0.02,0.5,explicit_euler,Predator-prey terms are illustrative and assume continuous well-mixed interaction.
predator_prey_coupled_system,12.25,47.5136947310024,14.610715003401559,-1.4508663119632388,6.5788235477651895,0.7,0.05,0.02,0.5,explicit_euler,Predator-prey terms are illustrative and assume continuous well-mixed interaction.
predator_prey_coupled_system,12.26,47.49918606788277,14.67650323887921,-1.6066676609524464,6.60418754394855,0.7,0.05,0.02,0.5,explicit_euler,Predator-prey terms are illustrative and assume continuous well-mixed interaction.
predator_prey_coupled_system,12.27,47.48311939127324,14.742545114318695,-1.7629179158300659,6.629168038729185,0.7,0.05,0.02,0.5,explicit_euler,Predator-prey terms are illustrative and assume continuous well-mixed interaction.
predator_prey_coupled_system,12.280000000000001,47.46549021211494,14.808836794705986,-1.9195917481157778,6.6537555612855,0.7,0.05,0.02,0.5,explicit_euler,Predator-prey terms are illustrative and assume continuous well-mixed interaction.
predator_prey_coupled_system,12.290000000000001,47.44629429463379,14.875374350318841,-2.0766634521600906,6.677940608202072,0.7,0.05,0.02,0.5,explicit_euler,Predator-prey terms are illustrative and assume continuous well-mixed interaction.
predator_prey_coupled_system,12.3,47.42552766011219,14.942153756400861,-2.234106951713386,6.701713647316335,0.7,0.05,0.02,0.5,explicit_euler,Predator-prey terms are illustrative and assume continuous well-mixed interaction.
predator_prey_coupled_system,12.31,47.403186590595055,15.009170892874025,-2.391895806835244,6.7250651216637,0.7,0.05,0.02,0.5,explicit_euler,Predator-prey terms are illustrative and assume continuous well-mixed interaction.
predator_prey_coupled_system,12.32,47.379267632526705,15.076421544090662,-2.5500032211444577,6.74798545351993,0.7,0.05,0.02,0.5,explicit_euler,Predator-prey terms are illustrative and assume continuous well-mixed interaction.
predator_prey_coupled_system,12.33,47.35376760031526,15.14390139862586,-2.708402049410232,6.770465048539435,0.7,0.05,0.02,0.5,explicit_euler,Predator-prey terms are illustrative and assume continuous well-mixed interaction.
predator_prey_coupled_system,12.34,47.32668357982116,15.211606049111255,-2.867064805484283,6.79249429998801,0.7,0.05,0.02,0.5,explicit_euler,Predator-prey terms are illustrative and assume continuous well-mixed interaction.
predator_prey_coupled_system,12.35,47.298012931766316,15.279530992111136,-3.025963670573418,6.814063593068366,0.7,0.05,0.02,0.5,explicit_euler,Predator-prey terms are illustrative and assume continuous well-mixed interaction.
predator_prey_coupled_system,12.36,47.26775329506058,15.34767162804182,-3.185070501851669,6.835163309336721,0.7,0.05,0.02,0.5,explicit_euler,Predator-prey terms are illustrative and assume continuous well-mixed interaction.
predator_prey_coupled_system,12.370000000000001,47.235902590042066,15.416023261135187,-3.3443568414107716,6.855783831208493,0.7,0.05,0.02,0.5,explicit_euler,Predator-prey terms are illustrative and assume continuous well-mixed interaction.
predator_prey_coupled_system,12.38,47.20245902162796,15.484581099447272,-3.5037939255471713,6.875915546551058,0.7,0.05,0.02,0.5,explicit_euler,Predator-prey terms are illustrative and assume continuous well-mixed interaction.
predator_prey_coupled_system,12.39,47.167421082372485,15.553340254912783,-3.663352694383555,6.8955488533613245,0.7,0.05,0.02,0.5,explicit_euler,Predator-prey terms are illustrative and assume continuous well-mixed interaction.
predator_prey_coupled_system,12.4,47.13078755542865,15.622295743446395,-3.8230038018224164,6.914674164525789,0.7,0.05,0.02,0.5,explicit_euler,Predator-prey terms are illustrative and assume continuous well-mixed interaction.
predator_prey_coupled_system,12.41,47.09255751741042,15.691442485091653,-3.9827176258285206,6.933281912660497,0.7,0.05,0.02,0.5,explicit_euler,Predator-prey terms are illustrative and assume continuous well-mixed interaction.
predator_prey_coupled_system,12.42,47.052730341152134,15.760775304218258,-4.1424642790370925,6.9513625550283065,0.7,0.05,0.02,0.5,explicit_euler,Predator-prey terms are illustrative and assume continuous well-mixed interaction.
predator_prey_coupled_system,12.43,47.01130569836177,15.83028892976854,-4.302213619683812,6.968906578530549,0.7,0.05,0.02,0.5,explicit_euler,Predator-prey terms are illustrative and assume continuous well-mixed interaction.
predator_prey_coupled_system,12.44,46.96828356216493,15.899977995553845,-4.461935262852336,6.985904504770192,0.7,0.05,0.02,0.5,explicit_euler,Predator-prey terms are illustrative and assume continuous well-mixed interaction.
predator_prey_coupled_system,12.450000000000001,46.923664209536405,15.969837040601547,-4.621598592034701,7.0023468951832974,0.7,0.05,0.02,0.5,explicit_euler,Predator-prey terms are illustrative and assume continuous well-mixed interaction.
predator_prey_coupled_system,12.46,46.87744822361606,16.03986050955338,-4.78117277099939,7.01822435623556,0.7,0.05,0.02,0.5,explicit_euler,Predator-prey terms are illustrative and assume continuous well-mixed interaction.
predator_prey_coupled_system,12.47,46.829636495906065,16.11004275311574,-4.940626755961553,7.033527544680448,0.7,0.05,0.02,0.5,explicit_euler,Predator-prey terms are illustrative and assume continuous well-mixed interaction.
predator_prey_coupled_system,12.48,46.78023022834645,16.180378028562544,-5.099929308049205,7.048247172875412,0.7,0.05,0.02,0.5,explicit_euler,Predator-prey terms are illustrative and assume continuous well-mixed interaction.
predator_prey_coupled_system,12.49,46.72923093526595,16.2508605002913,-5.259049006059023,7.062374014152425,0.7,0.05,0.02,0.5,explicit_euler,Predator-prey terms are illustrative and assume continuous well-mixed interaction.
predator_prey_coupled_system,12.5,46.676640445205365,16.321484240432824,-5.417954259494685,7.075898908238962,0.7,0.05,0.02,0.5,explicit_euler,Predator-prey terms are illustrative and assume continuous well-mixed interaction.
predator_prey_coupled_system,12.51,46.62246090261042,16.392243229515213,-5.576613321880373,7.088812766725461,0.7,0.05,0.02,0.5,explicit_euler,Predator-prey terms are illustrative and assume continuous well-mixed interaction.
predator_prey_coupled_system,12.52,46.56669476939162,16.46313135718247,-5.734994304341669,7.101106578575086,0.7,0.05,0.02,0.5,explicit_euler,Predator-prey terms are illustrative and assume continuous well-mixed interaction.
predator_prey_coupled_system,12.530000000000001,46.5093448263482,16.53414242296822,-5.893065189445316,7.112771415671515,0.7,0.05,0.02,0.5,explicit_euler,Predator-prey terms are illustrative and assume continuous well-mixed interaction.
predator_prey_coupled_system,12.540000000000001,46.45041417445375,16.605270137124936,-6.050793845289462,7.123798438400366,0.7,0.05,0.02,0.5,explicit_euler,Predator-prey terms are illustrative and assume continuous well-mixed interaction.
predator_prey_coupled_system,12.55,46.389906236000854,16.67650812150894,-6.2081480398347395,7.134178901259661,0.7,0.05,0.02,0.5,explicit_euler,Predator-prey terms are illustrative and assume continuous well-mixed interaction.
predator_prey_coupled_system,12.56,46.32782475560251,16.747849910521538,-6.365095455466985,7.143904158494731,0.7,0.05,0.02,0.5,explicit_euler,Predator-prey terms are illustrative and assume continuous well-mixed interaction.
predator_prey_coupled_system,12.57,46.26417380104784,16.819288952106486,-6.52160370378143,7.152965669752723,0.7,0.05,0.02,0.5,explicit_euler,Predator-prey terms are illustrative and assume continuous well-mixed interaction.
predator_prey_coupled_system,12.58,46.198957764010025,16.890818608804015,-6.677640340577554,7.161355005751817,0.7,0.05,0.02,0.5,explicit_euler,Predator-prey terms are illustrative and assume continuous well-mixed interaction.
predator_prey_coupled_system,12.59,46.13218136060425,16.96243215886153,-6.833172881054331,7.169063853960155,0.7,0.05,0.02,0.5,explicit_euler,Predator-prey terms are illustrative and assume continuous well-mixed interaction.
predator_prey_coupled_system,12.6,46.06384963179371,17.034122797401132,-6.98816881519415,7.176084024279332,0.7,0.05,0.02,0.5,explicit_euler,Predator-prey terms are illustrative and assume continuous well-mixed interaction.
predator_prey_coupled_system,12.61,45.99396794364176,17.105883637643924,-7.142595623323814,7.1824074547272545,0.7,0.05,0.02,0.5,explicit_euler,Predator-prey terms are illustrative and assume continuous well-mixed interaction.
predator_prey_coupled_system,12.620000000000001,45.92254198740852,17.177707712191197,-7.29642079184061,7.188026217115029,0.7,0.05,0.02,0.5,explicit_euler,Predator-prey terms are illustrative and assume continuous well-mixed interaction.
predator_prey_coupled_system,12.63,45.84957777949012,17.249587974362345,-7.449611829091111,7.192932522712503,0.7,0.05,0.02,0.5,explicit_euler,Predator-prey terms are illustrative and assume continuous well-mixed interaction.
predator_prey_coupled_system,12.64,45.77508166119921,17.32151729958947,-7.602136281389697,7.197118727896923,0.7,0.05,0.02,0.5,explicit_euler,Predator-prey terms are illustrative and assume continuous well-mixed interaction.
predator_prey_coupled_system,12.65,45.69906029838531,17.39348848686844,-7.753961749163857,7.20057733977921,0.7,0.05,0.02,0.5,explicit_euler,Predator-prey terms are illustrative and assume continuous well-mixed interaction.
predator_prey_coupled_system,12.66,45.621520680893674,17.46549426026623,-7.9050559032127055,7.203301021802195,0.7,0.05,0.02,0.5,explicit_euler,Predator-prey terms are illustrative and assume continuous well-mixed interaction.
predator_prey_coupled_system,12.67,45.54247012186155,17.53752727048425,-8.05538650106498,7.205282599305097,0.7,0.05,0.02,0.5,explicit_euler,Predator-prey terms are illustrative and assume continuous well-mixed interaction.
predator_prey_coupled_system,12.68,45.4619162568509,17.609580096477302,-8.20492140342235,7.206515065048539,0.7,0.05,0.02,0.5,explicit_euler,Predator-prey terms are illustrative and assume continuous well-mixed interaction.
predator_prey_coupled_system,12.69,45.37986704281668,17.681645247127786,-8.35362859067385,7.206991584694316,0.7,0.05,0.02,0.5,explicit_euler,Predator-prey terms are illustrative and assume continuous well-mixed interaction.
predator_prey_coupled_system,12.700000000000001,45.29633075690994,17.75371516297473,-8.501476179466575,7.206705502234048,0.7,0.05,0.02,0.5,explicit_euler,Predator-prey terms are illustrative and assume continuous well-mixed interaction.
predator_prey_coupled_system,12.71,45.21131599511527,17.82578221799707,-8.648432439317926,7.20565034536091,0.7,0.05,0.02,0.5,explicit_euler,Predator-prey terms are illustrative and assume continuous well-mixed interaction.
predator_prey_coupled_system,12.72,45.124831670722095,17.89783872145068,-8.79446580925423,7.20381983077854,0.7,0.05,0.02,0.5,explicit_euler,Predator-prey terms are illustrative and assume continuous well-mixed interaction.
predator_prey_coupled_system,12.73,45.036887012629556,17.969876919758466,-8.939544914460399,7.2012078694412,0.7,0.05,0.02,0.5,explicit_euler,Predator-prey terms are illustrative and assume continuous well-mixed interaction.
predator_prey_coupled_system,12.74,44.94749156348495,18.04188899845288,-9.083638582925179,7.197808571719415,0.7,0.05,0.02,0.5,explicit_euler,Predator-prey terms are illustrative and assume continuous well-mixed interaction.
predator_prey_coupled_system,12.75,44.8566551776557,18.113867084170074,-9.22671586206625,7.193616252485057,0.7,0.05,0.02,0.5,explicit_euler,Predator-prey terms are illustrative and assume continuous well-mixed interaction.
predator_prey_coupled_system,12.76,44.76438801903504,18.185803246694924,-9.368746035319415,7.188625436110115,0.7,0.05,0.02,0.5,explicit_euler,Predator-prey terms are illustrative and assume continuous well-mixed interaction.
predator_prey_coupled_system,12.77,44.670700558681844,18.257689501056024,-9.50969863867586,7.182830861373249,0.7,0.05,0.02,0.5,explicit_euler,Predator-prey terms are illustrative and assume continuous well-mixed interaction.
predator_prey_coupled_system,12.780000000000001,44.57560357229509,18.329517809669756,-9.649543477151528,7.176227486268354,0.7,0.05,0.02,0.5,explicit_euler,Predator-prey terms are illustrative and assume continuous well-mixed interaction.
predator_prey_coupled_system,12.790000000000001,44.479108137523575,18.40128008453244,-9.788250641172368,7.168810492709328,0.7,0.05,0.02,0.5,explicit_euler,Predator-prey terms are illustrative and assume continuous well-mixed interaction.
predator_prey_coupled_system,12.8,44.38122563111185,18.472968189459536,-9.92579052285948,7.16057529112534,0.7,0.05,0.02,0.5,explicit_euler,Predator-prey terms are illustrative and assume continuous well-mixed interaction.
predator_prey_coupled_system,12.81,44.281967725883256,18.54457394237079,-10.062133832197667,7.151517524940985,0.7,0.05,0.02,0.5,explicit_euler,Predator-prey terms are illustrative and assume continuous well-mixed interaction.
predator_prey_coupled_system,12.82,44.18134638756128,18.6160891176202,-10.197251613071511,7.141633074935658,0.7,0.05,0.02,0.5,explicit_euler,Predator-prey terms are illustrative and assume continuous well-mixed interaction.
predator_prey_coupled_system,12.83,44.07937387143056,18.687505448369556,-10.33111525915248,7.130918063476766,0.7,0.05,0.02,0.5,explicit_euler,Predator-prey terms are illustrative and assume continuous well-mixed interaction.
predator_prey_coupled_system,12.84,43.97606271883904,18.758814629004323,-10.463696529621146,7.119368858621227,0.7,0.05,0.02,0.5,explicit_euler,Predator-prey terms are illustrative and assume continuous well-mixed interaction.
predator_prey_coupled_system,12.85,43.87142575354283,18.830008317590536,-10.59496756470838,7.106982078080074,0.7,0.05,0.02,0.5,explicit_euler,Predator-prey terms are illustrative and assume continuous well-mixed interaction.
predator_prey_coupled_system,12.86,43.76547607789575,18.901078138371336,-10.724900901039426,7.093754593040911,0.7,0.05,0.02,0.5,explicit_euler,Predator-prey terms are illustrative and assume continuous well-mixed interaction.
predator_prey_coupled_system,12.870000000000001,43.65822706888535,18.972015684301745,-10.853469486765253,7.079683531843127,0.7,0.05,0.02,0.5,explicit_euler,Predator-prey terms are illustrative and assume continuous well-mixed interaction.
predator_prey_coupled_system,12.88,43.5496923740177,19.042812519620178,-10.9806466964652,7.064766283500944,0.7,0.05,0.02,0.5,explicit_euler,Predator-prey terms are illustrative and assume continuous well-mixed interaction.
predator_prey_coupled_system,12.89,43.43988590705305,19.11346018245519,-11.10640634580561,7.049000501069502,0.7,0.05,0.02,0.5,explicit_euler,Predator-prey terms are illustrative and assume continuous well-mixed interaction.
predator_prey_coupled_system,12.9,43.328821843594994,19.183950187465882,-11.230722705939009,7.03238410484926,0.7,0.05,0.02,0.5,explicit_euler,Predator-prey terms are illustrative and assume continuous well-mixed interaction.
predator_prey_coupled_system,12.91,43.216514616535605,19.254274028514374,-11.353570517628746,7.01491528542428,0.7,0.05,0.02,0.5,explicit_euler,Predator-prey terms are illustrative and assume continuous well-mixed interaction.
predator_prey_coupled_system,12.92,43.102978911359315,19.324423181368616,-11.474925005084206,6.996592506529986,0.7,0.05,0.02,0.5,explicit_euler,Predator-prey terms are illustrative and assume continuous well-mixed interaction.
predator_prey_coupled_system,12.93,42.98822966130847,19.394389106433916,-11.594761889492094,6.977414507746252,0.7,0.05,0.02,0.5,explicit_euler,Predator-prey terms are illustrative and assume continuous well-mixed interaction.
predator_prey_coupled_system,12.94,42.87228204241355,19.46416325151138,-11.713057402229374,6.957380307011853,0.7,0.05,0.02,0.5,explicit_euler,Predator-prey terms are illustrative and assume continuous well-mixed interaction.
predator_prey_coupled_system,12.950000000000001,42.75515146839126,19.533737054581497,-11.829788297744063,6.9364892029564285,0.7,0.05,0.02,0.5,explicit_euler,Predator-prey terms are illustrative and assume continuous well-mixed interaction.
predator_prey_coupled_system,12.96,42.63685358541382,19.603101946611062,-11.944931866090158,6.914740777046397,0.7,0.05,0.02,0.5,explicit_euler,Predator-prey terms are illustrative and assume continuous well-mixed interaction.
predator_prey_coupled_system,12.97,42.51740426675292,19.672249354381528,-12.058465945103386,6.892134895541407,0.7,0.05,0.02,0.5,explicit_euler,Predator-prey terms are illustrative and assume continuous well-mixed interaction.
predator_prey_coupled_system,12.98,42.396819607301886,19.74117070333694,-12.17036893220514,6.868671711258113,0.7,0.05,0.02,0.5,explicit_euler,Predator-prey terms are illustrative and assume continuous well-mixed interaction.
predator_prey_coupled_system,12.99,42.27511591797983,19.80985742044952,-12.280619795821945,6.844351665138367,0.7,0.05,0.02,0.5,explicit_euler,Predator-prey terms are illustrative and assume continuous well-mixed interaction.
predator_prey_coupled_system,13.0,42.15230972002161,19.878300937100907,-12.389198086408538,6.819175487619011,0.7,0.05,0.02,0.5,explicit_euler,Predator-prey terms are illustrative and assume continuous well-mixed interaction.
predator_prey_coupled_system,13.01,42.028417739157526,19.946492691977095,-12.496083947063042,6.793144199800773,0.7,0.05,0.02,0.5,explicit_euler,Predator-prey terms are illustrative and assume continuous well-mixed interaction.
predator_prey_coupled_system,13.02,41.903456899686894,20.014424133975105,-12.601258123723127,6.76625911441403,0.7,0.05,0.02,0.5,explicit_euler,Predator-prey terms are illustrative and assume continuous well-mixed interaction.
predator_prey_coupled_system,13.030000000000001,41.77744431844966,20.082086725119247,-12.704701974932561,6.738521836579306,0.7,0.05,0.02,0.5,explicit_euler,Predator-prey terms are illustrative and assume continuous well-mixed interaction.
predator_prey_coupled_system,13.040000000000001,41.650397298700334,20.14947194348504,-12.806397481168148,6.709934264360829,0.7,0.05,0.02,0.5,explicit_euler,Predator-prey terms are illustrative and assume continuous well-mixed interaction.
predator_prey_coupled_system,13.05,41.52233332388865,20.216571286128648,-12.906327253717453,6.680498589111476,0.7,0.05,0.02,0.5,explicit_euler,Predator-prey terms are illustrative and assume continuous well-mixed interaction.
predator_prey_coupled_system,13.06,41.39327005135148,20.283376272019762,-13.00447454309841,6.650217295607893,0.7,0.05,0.02,0.5,explicit_euler,Predator-prey terms are illustrative and assume continuous well-mixed interaction.
predator_prey_coupled_system,13.07,41.26322530592049,20.34987844497584,-13.100823247012311,6.619093161974741,0.7,0.05,0.02,0.5,explicit_euler,Predator-prey terms are illustrative and assume continuous well-mixed interaction.
predator_prey_coupled_system,13.08,41.13221707345037,20.416069376595587,-13.195357917822356,6.587129259397251,0.7,0.05,0.02,0.5,explicit_euler,Predator-prey terms are illustrative and assume continuous well-mixed interaction.
predator_prey_coupled_system,13.09,41.00026349427215,20.48194066918956,-13.288063769550533,6.5543289516216365,0.7,0.05,0.02,0.5,explicit_euler,Predator-prey terms are illustrative and assume continuous well-mixed interaction.
predator_prey_coupled_system,13.1,40.86738285657664,20.547483958705776,-13.378926684386151,6.52069589424303,0.7,0.05,0.02,0.5,explicit_euler,Predator-prey terms are illustrative and assume continuous well-mixed interaction.
predator_prey_coupled_system,13.11,40.73359358973278,20.612690917648205,-13.467933218699958,6.486234033781058,0.7,0.05,0.02,0.5,explicit_euler,Predator-prey terms are illustrative and assume continuous well-mixed interaction.
predator_prey_coupled_system,13.120000000000001,40.59891425754578,20.677553257986016,-13.555070608558488,6.450947606543204,0.7,0.05,0.02,0.5,explicit_euler,Predator-prey terms are illustrative and assume continuous well-mixed interaction.
predator_prey_coupled_system,13.13,40.4633635514602,20.742062734051448,-13.64032677473378,6.414841137276641,0.7,0.05,0.02,0.5,explicit_euler,Predator-prey terms are illustrative and assume continuous well-mixed interaction.
predator_prey_coupled_system,13.14,40.32696028371286,20.806211145424214,-13.72369032720431,6.377919437609215,0.7,0.05,0.02,0.5,explicit_euler,Predator-prey terms are illustrative and assume continuous well-mixed interaction.
predator_prey_coupled_system,13.15,40.18972338044082,20.869990339800307,-13.805150569143755,6.340187604280773,0.7,0.05,0.02,0.5,explicit_euler,Predator-prey terms are illustrative and assume continuous well-mixed interaction.
predator_prey_coupled_system,13.16,40.05167187474938,20.933392215843114,-13.884697500394495,6.301651017166069,0.7,0.05,0.02,0.5,explicit_euler,Predator-prey terms are illustrative and assume continuous well-mixed interaction.
predator_prey_coupled_system,13.17,39.91282489974544,20.996408726014774,-13.962321820423945,6.262315337090909,0.7,0.05,0.02,0.5,explicit_euler,Predator-prey terms are illustrative and assume continuous well-mixed interaction.
predator_prey_coupled_system,13.18,39.773201681541195,21.05903187938568,-14.038014930761776,6.222186503443405,0.7,0.05,0.02,0.5,explicit_euler,Predator-prey terms are illustrative and assume continuous well-mixed interaction.
predator_prey_coupled_system,13.19,39.63282153223358,21.121253744420116,-14.111768936917635,6.181270731582398,0.7,0.05,0.02,0.5,explicit_euler,Predator-prey terms are illustrative and assume continuous well-mixed interaction.
predator_prey_coupled_system,13.200000000000001,39.4917038428644,21.18306645173594,-14.183576649778534,6.1395745100454775,0.7,0.05,0.02,0.5,explicit_euler,Predator-prey terms are illustrative and assume continuous well-mixed interaction.
predator_prey_coupled_system,13.21,39.34986807636662,21.244462196836395,-14.253431586486862,6.097104597559198,0.7,0.05,0.02,0.5,explicit_euler,Predator-prey terms are illustrative and assume continuous well-mixed interaction.
predator_prey_coupled_system,13.22,39.20733376050175,21.305433242811986,-14.321327970799707,6.053868019854381,0.7,0.05,0.02,0.5,explicit_euler,Predator-prey terms are illustrative and assume continuous well-mixed interaction.
predator_prey_coupled_system,13.23,39.06412048079375,21.36597192301053,-14.387260732931367,6.00987206628953,0.7,0.05,0.02,0.5,explicit_euler,Predator-prey terms are illustrative and assume continuous well-mixed interaction.
predator_prey_coupled_system,13.24,38.92024787346443,21.426070643673427,-14.451225508881365,5.965124286285874,0.7,0.05,0.02,0.5,explicit_euler,Predator-prey terms are illustrative and assume continuous well-mixed interaction.
predator_prey_coupled_system,13.25,38.77573561837562,21.485721886536286,-14.513218639250951,5.919632485577411,0.7,0.05,0.02,0.5,explicit_euler,Predator-prey terms are illustrative and assume continuous well-mixed interaction.
predator_prey_coupled_system,13.26,38.63060343198311,21.54491821139206,-14.573237167551707,5.873404722279922,0.7,0.05,0.02,0.5,explicit_euler,Predator-prey terms are illustrative and assume continuous well-mixed interaction.
predator_prey_coupled_system,13.27,38.4848710603076,21.603652258614858,-14.631278838010473,5.826449302782887,0.7,0.05,0.02,0.5,explicit_euler,Predator-prey terms are illustrative and assume continuous well-mixed interaction.
predator_prey_coupled_system,13.280000000000001,38.33855827192749,21.661916751642686,-14.687342092875532,5.778774777468566,0.7,0.05,0.02,0.5,explicit_euler,Predator-prey terms are illustrative and assume continuous well-mixed interaction.
predator_prey_coupled_system,13.290000000000001,38.19168485099873,21.71970449941737,-14.74142606922926,5.730389936262666,0.7,0.05,0.02,0.5,explicit_euler,Predator-prey terms are illustrative and assume continuous well-mixed interaction.
predator_prey_coupled_system,13.3,38.04427059030644,21.777008398779998,-14.793530595313605,5.681303804021244,0.7,0.05,0.02,0.5,explicit_euler,Predator-prey terms are illustrative and assume continuous well-mixed interaction.
predator_prey_coupled_system,13.31,37.896335284353306,21.83382143682021,-14.843656186374652,5.631525635758681,0.7,0.05,0.02,0.5,explicit_euler,Predator-prey terms are illustrative and assume continuous well-mixed interaction.
predator_prey_coupled_system,13.32,37.74789872248956,21.890136693177794,-14.891804040033701,5.581064911721661,0.7,0.05,0.02,0.5,explicit_euler,Predator-prey terms are illustrative and assume continuous well-mixed interaction.
predator_prey_coupled_system,13.33,37.59898068208922,21.94594734229501,-14.937976031192417,5.529931332314442,0.7,0.05,0.02,0.5,explicit_euler,Predator-prey terms are illustrative and assume continuous well-mixed interaction.
predator_prey_coupled_system,13.34,37.4496009217773,22.001246655618154,-14.982174706480258,5.478134812880668,0.7,0.05,0.02,0.5,explicit_euler,Predator-prey terms are illustrative and assume continuous well-mixed interaction.
predator_prey_coupled_system,13.35,37.29977917471249,22.05602800374696,-15.024403278253072,5.425685478347248,0.7,0.05,0.02,0.5,explicit_euler,Predator-prey terms are illustrative and assume continuous well-mixed interaction.
predator_prey_coupled_system,13.36,37.14953514192996,22.11028485853043,-15.064665618151935,5.372593657735949,0.7,0.05,0.02,0.5,explicit_euler,Predator-prey terms are illustrative and assume continuous well-mixed interaction.
predator_prey_coupled_system,13.370000000000001,36.99888848574844,22.16401079510779,-15.102966250231972,5.31886987854846,0.7,0.05,0.02,0.5,explicit_euler,Predator-prey terms are illustrative and assume continuous well-mixed interaction.
predator_prey_coupled_system,13.38,36.84785882324612,22.217199493893272,-15.139310343671443,5.264524861030852,0.7,0.05,0.02,0.5,explicit_euler,Predator-prey terms are illustrative and assume continuous well-mixed interaction.
predator_prey_coupled_system,13.39,36.6964657198094,22.26984474250358,-15.17370370507144,5.209569512323416,0.7,0.05,0.02,0.5,explicit_euler,Predator-prey terms are illustrative and assume continuous well-mixed interaction.
predator_prey_coupled_system,13.4,36.54472868275869,22.321940437626814,-15.206152770357505,5.154014920502025,0.7,0.05,0.02,0.5,explicit_euler,Predator-prey terms are illustrative and assume continuous well-mixed interaction.
predator_prey_coupled_system,13.41,36.392667155055115,22.373480586831835,-15.236664596294336,5.097872348517244,0.7,0.05,0.02,0.5,explicit_euler,Predator-prey terms are illustrative and assume continuous well-mixed interaction.
predator_prey_coupled_system,13.42,36.24030050909217,22.42445931031701,-15.265246851625395,5.0411532280374605,0.7,0.05,0.02,0.5,explicit_euler,Predator-prey terms are illustrative and assume continuous well-mixed interaction.
predator_prey_coupled_system,13.43,36.08764804057592,22.474870842597383,-15.291907807849675,4.983869153202434,0.7,0.05,0.02,0.5,explicit_euler,Predator-prey terms are illustrative and assume continuous well-mixed interaction.
predator_prey_coupled_system,13.44,35.934728962497424,22.524709534129407,-15.316656329647898,4.926031874293734,0.7,0.05,0.02,0.5,explicit_euler,Predator-prey terms are illustrative and assume continuous well-mixed interaction.
predator_prey_coupled_system,13.450000000000001,35.78156239920094,22.573969852872345,-15.33950186497098,4.867653291328484,0.7,0.05,0.02,0.5,explicit_euler,Predator-prey terms are illustrative and assume continuous well-mixed interaction.
predator_prey_coupled_system,13.46,35.62816738055123,22.62264638578563,-15.360454434803778,4.808745447583043,0.7,0.05,0.02,0.5,explicit_euler,Predator-prey terms are illustrative and assume continuous well-mixed interaction.
predator_prey_coupled_system,13.47,35.4745628362032,22.67073384026146,-15.379524622617431,4.749320523053138,0.7,0.05,0.02,0.5,explicit_euler,Predator-prey terms are illustrative and assume continuous well-mixed interaction.
predator_prey_coupled_system,13.48,35.320767589977024,22.71822704549199,-15.396723563523732,4.689390827857066,0.7,0.05,0.02,0.5,explicit_euler,Predator-prey terms are illustrative and assume continuous well-mixed interaction.
predator_prey_coupled_system,13.49,35.16680035434179,22.76512095377056,-15.412062933145364,4.628968795588564,0.7,0.05,0.02,0.5,explicit_euler,Predator-prey terms are illustrative and assume continuous well-mixed interaction.
predator_prey_coupled_system,13.5,35.01267972501034,22.811410641726443,-15.425554936215793,4.568066976625987,0.7,0.05,0.02,0.5,explicit_euler,Predator-prey terms are illustrative and assume continuous well-mixed interaction.
predator_prey_coupled_system,13.51,34.85842417564818,22.857091311492702,-15.437212294923036,4.506698031404355,0.7,0.05,0.02,0.5,explicit_euler,Predator-prey terms are illustrative and assume continuous well-mixed interaction.
predator_prey_coupled_system,13.52,34.70405205269895,22.902158291806746,-15.44704823701134,4.44487472365687,0.7,0.05,0.02,0.5,explicit_euler,Predator-prey terms are illustrative and assume continuous well-mixed interaction.
predator_prey_coupled_system,13.530000000000001,34.54958157032883,22.946607039043315,-15.455076483655262,4.382609913632519,0.7,0.05,0.02,0.5,explicit_euler,Predator-prey terms are illustrative and assume continuous well-mixed interaction.
predator_prey_coupled_system,13.540000000000001,34.39503080549228,22.99043313817964,-15.461311237120373,4.319916551296167,0.7,0.05,0.02,0.5,explicit_euler,Predator-prey terms are illustrative and assume continuous well-mixed interaction.
predator_prey_coupled_system,13.55,34.24041769312108,23.033632303692603,-15.465767168225316,4.256807669517729,0.7,0.05,0.02,0.5,explicit_euler,Predator-prey terms are illustrative and assume continuous well-mixed interaction.
predator_prey_coupled_system,13.56,34.08576002143883,23.076200380387778,-15.468459403619491,4.193296377256777,0.7,0.05,0.02,0.5,explicit_euler,Predator-prey terms are illustrative and assume continuous well-mixed interaction.
predator_prey_coupled_system,13.57,33.93107542740263,23.118133344160345,-15.469403512890988,4.12939585274896,0.7,0.05,0.02,0.5,explicit_euler,Predator-prey terms are illustrative and assume continuous well-mixed interaction.
predator_prey_coupled_system,13.58,33.77638139227372,23.159427302687835,-15.468615495519465,4.0651193367005085,0.7,0.05,0.02,0.5,explicit_euler,Predator-prey terms are illustrative and assume continuous well-mixed interaction.
predator_prey_coupled_system,13.59,33.62169523731853,23.20007849605484,-15.466111767688183,4.00048012549704,0.7,0.05,0.02,0.5,explicit_euler,Predator-prey terms are illustrative and assume continuous well-mixed interaction.
predator_prey_coupled_system,13.6,33.467034119641646,23.24008329730981,-15.46190914896992,3.9354915644327217,0.7,0.05,0.02,0.5,explicit_euler,Predator-prey terms are illustrative and assume continuous well-mixed interaction.
predator_prey_coupled_system,13.61,33.312415028151946,23.279438212954137,-15.456024848901041,3.870167040965894,0.7,0.05,0.02,0.5,explicit_euler,Predator-prey terms are illustrative and assume continuous well-mixed interaction.
predator_prey_coupled_system,13.620000000000001,33.157854779662934,23.318139883363795,-15.448476453458106,3.8045199780069634,0.7,0.05,0.02,0.5,explicit_euler,Predator-prey terms are illustrative and assume continuous well-mixed interaction.
predator_prey_coupled_system,13.63,33.003370015128354,23.356185083143863,-15.439281911451072,3.738563827244434,0.7,0.05,0.02,0.5,explicit_euler,Predator-prey terms are illustrative and assume continuous well-mixed interaction.
predator_prey_coupled_system,13.64,32.84897719601384,23.393570721416307,-15.428459520847376,3.6723120625146723,0.7,0.05,0.02,0.5,explicit_euler,Predator-prey terms are illustrative and assume continuous well-mixed interaction.
predator_prey_coupled_system,13.65,32.69469260080537,23.430293842041454,-15.416027915040662,3.60577817322104,0.7,0.05,0.02,0.5,explicit_euler,Predator-prey terms are illustrative and assume continuous well-mixed interaction.
predator_prey_coupled_system,13.66,32.540532321654965,23.466351623773665,-15.402006049077897,3.5389756578077147,0.7,0.05,0.02,0.5,explicit_euler,Predator-prey terms are illustrative and assume continuous well-mixed interaction.
predator_prey_coupled_system,13.67,32.386512261164185,23.501741380351742,-15.38641318585865,3.4719180172935573,0.7,0.05,0.02,0.5,explicit_euler,Predator-prey terms are illustrative and assume continuous well-mixed interaction.
predator_prey_coupled_system,13.68,32.2326481293056,23.536460560524677,-15.369268882319624,3.404618748871078,0.7,0.05,0.02,0.5,explicit_euler,Predator-prey terms are illustrative and assume continuous well-mixed interaction.
predator_prey_coupled_system,13.69,32.0789554404824,23.570506748013386,-15.350592975617882,3.3370913395755313,0.7,0.05,0.02,0.5,explicit_euler,Predator-prey terms are illustrative and assume continuous well-mixed interaction.
predator_prey_coupled_system,13.700000000000001,31.925449510726224,23.603877661409143,-15.33040556932546,3.2693492600289513,0.7,0.05,0.02,0.5,explicit_euler,Predator-prey terms are illustrative and assume continuous well-mixed interaction.
predator_prey_coupled_system,13.71,31.77214545503297,23.63657115400943,-15.308727019648131,3.2014059582637664,0.7,0.05,0.02,0.5,explicit_euler,Predator-prey terms are illustrative and assume continuous well-mixed interaction.
predator_prey_coupled_system,13.72,31.61905818483649,23.668585213592067,-15.285577921680872,3.13327485363053,0.7,0.05,0.02,0.5,explicit_euler,Predator-prey terms are illustrative and assume continuous well-mixed interaction.
predator_prey_coupled_system,13.73,31.466202405619683,23.69991796212837,-15.260979095711871,3.064969330794071,0.7,0.05,0.02,0.5,explicit_euler,Predator-prey terms are illustrative and assume continuous well-mixed interaction.
predator_prey_coupled_system,13.74,31.313592614662564,23.73056765543631,-15.234951573587246,2.996502733822261,0.7,0.05,0.02,0.5,explicit_euler,Predator-prey terms are illustrative and assume continuous well-mixed interaction.
predator_prey_coupled_system,13.75,31.161243098926693,23.76053268277453,-15.207516585147822,2.9278883603713357,0.7,0.05,0.02,0.5,explicit_euler,Predator-prey terms are illustrative and assume continuous well-mixed interaction.
predator_prey_coupled_system,13.76,31.009167933075215,23.789811566378244,-15.178695544749257,2.85913945597164,0.7,0.05,0.02,0.5,explicit_euler,Predator-prey terms are illustrative and assume continuous well-mixed interaction.
predator_prey_coupled_system,13.77,30.857380977627724,23.81840296093796,-15.148510037876541,2.7902692084173975,0.7,0.05,0.02,0.5,explicit_euler,Predator-prey terms are illustrative and assume continuous well-mixed interaction.
predator_prey_coupled_system,13.780000000000001,30.70589587724896,23.84630565302213,-15.116981807863272,2.7212907422639514,0.7,0.05,0.02,0.5,explicit_euler,Predator-prey terms are illustrative and assume continuous well-mixed interaction.
predator_prey_coupled_system,13.790000000000001,30.554726059170328,23.873518560444772,-15.084132742726194,2.652217113435782,0.7,0.05,0.02,0.5,explicit_euler,Predator-prey terms are illustrative and assume continuous well-mixed interaction.
predator_prey_coupled_system,13.8,30.403884731743066,23.90004073157913,-15.04998486212466,2.583061303948355,0.7,0.05,0.02,0.5,explicit_euler,Predator-prey terms are illustrative and assume continuous well-mixed interaction.
predator_prey_coupled_system,13.81,30.253384883121818,23.925871344618614,-15.01456030445484,2.513836216746739,0.7,0.05,0.02,0.5,explicit_euler,Predator-prey terms are illustrative and assume continuous well-mixed interaction.
predator_prey_coupled_system,13.82,30.10323928007727,23.95100970678608,-14.977881314087657,2.4445546706636545,0.7,0.05,0.02,0.5,explicit_euler,Predator-prey terms are illustrative and assume continuous well-mixed interaction.
predator_prey_coupled_system,13.83,29.95346046693639,23.97545525349272,-14.939970228759353,2.3752293954995736,0.7,0.05,0.02,0.5,explicit_euler,Predator-prey terms are illustrative and assume continuous well-mixed interaction.
predator_prey_coupled_system,13.84,29.8040607646488,23.999207547447714,-14.90084946712333,2.305873027227138,0.7,0.05,0.02,0.5,explicit_euler,Predator-prey terms are illustrative and assume continuous well-mixed interaction.
predator_prey_coupled_system,13.85,29.655052269977567,24.022266277719986,-14.860541516470985,2.23649810332212,0.7,0.05,0.02,0.5,explicit_euler,Predator-prey terms are illustrative and assume continuous well-mixed interaction.
predator_prey_coupled_system,13.86,29.506446854812857,24.044631258753206,-14.819068920629675,2.167117058222866,0.7,0.05,0.02,0.5,explicit_euler,Predator-prey terms are illustrative and assume continuous well-mixed interaction.
predator_prey_coupled_system,13.870000000000001,29.358256165606562,24.066302429335433,-14.776454268044866,2.0977422189200663,0.7,0.05,0.02,0.5,explicit_euler,Predator-prey terms are illustrative and assume continuous well-mixed interaction.
predator_prey_coupled_system,13.88,29.210491622926114,24.087279851524634,-14.732720180053583,2.0283858006784303,0.7,0.05,0.02,0.5,explicit_euler,Predator-prey terms are illustrative and assume continuous well-mixed interaction.
predator_prey_coupled_system,13.89,29.063164421125578,24.10756370953142,-14.687889299355685,1.959059902891724,0.7,0.05,0.02,0.5,explicit_euler,Predator-prey terms are illustrative and assume continuous well-mixed interaction.
predator_prey_coupled_system,13.9,28.916285528132022,24.127154308560335,-14.64198427868915,1.8897765050724615,0.7,0.05,0.02,0.5,explicit_euler,Predator-prey terms are illustrative and assume continuous well-mixed interaction.
predator_prey_coupled_system,13.91,28.76986568534513,24.14605207361106,-14.595027769715383,1.8205474629772596,0.7,0.05,0.02,0.5,explicit_euler,Predator-prey terms are illustrative and assume continuous well-mixed interaction.
predator_prey_coupled_system,13.92,28.623915407647978,24.164257548240833,-14.547042412119655,1.7513845048688772,0.7,0.05,0.02,0.5,explicit_euler,Predator-prey terms are illustrative and assume continuous well-mixed interaction.
predator_prey_coupled_system,13.93,28.47844498352678,24.181771393289523,-14.498050822932132,1.6822992279155873,0.7,0.05,0.02,0.5,explicit_euler,Predator-prey terms are illustrative and assume continuous well-mixed interaction.
predator_prey_coupled_system,13.94,28.33346447529746,24.19859438556868,-14.44807558607392,1.613303094728515,0.7,0.05,0.02,0.5,explicit_euler,Predator-prey terms are illustrative and assume continuous well-mixed interaction.
predator_prey_coupled_system,13.950000000000001,28.18898371943672,24.214727416515963,-14.397139242132624,1.5444074300373494,0.7,0.05,0.02,0.5,explicit_euler,Predator-prey terms are illustrative and assume continuous well-mixed interaction.
predator_prey_coupled_system,13.96,28.045012327015392,24.230171490816335,-14.345264278371282,1.4756234175046554,0.7,0.05,0.02,0.5,explicit_euler,Predator-prey terms are illustrative and assume continuous well-mixed interaction.
predator_prey_coupled_system,13.97,27.901559684231678,24.24492772499138,-14.292473118974346,1.4069620966789174,0.7,0.05,0.02,0.5,explicit_euler,Predator-prey terms are illustrative and assume continuous well-mixed interaction.
predator_prey_coupled_system,13.98,27.758634953041934,24.25899734595817,-14.23878811553395,1.338434360086234,0.7,0.05,0.02,0.5,explicit_euler,Predator-prey terms are illustrative and assume continuous well-mixed interaction.
predator_prey_coupled_system,13.99,27.616247071886594,24.272381689559033,-14.184231537779311,1.270050950460453,0.7,0.05,0.02,0.5,explicit_euler,Predator-prey terms are illustrative and assume continuous well-mixed interaction.
predator_prey_coupled_system,14.0,27.4744047565088,24.285082199063638,-14.128825564551907,1.2018224581114065,0.7,0.05,0.02,0.5,explicit_euler,Predator-prey terms are illustrative and assume continuous well-mixed interaction.
predator_prey_coupled_system,14.01,27.33311650086328,24.297100423644753,-14.072592275028537,1.133759318430755,0.7,0.05,0.02,0.5,explicit_euler,Predator-prey terms are illustrative and assume continuous well-mixed interaction.
predator_prey_coupled_system,14.02,27.192390578112995,24.30843801682906,-14.01555364019422,1.065871809534796,0.7,0.05,0.02,0.5,explicit_euler,Predator-prey terms are illustrative and assume continuous well-mixed interaction.
predator_prey_coupled_system,14.030000000000001,27.052235041711054,24.31909673492441,-13.957731514566415,0.9981700500434556,0.7,0.05,0.02,0.5,explicit_euler,Predator-prey terms are illustrative and assume continuous well-mixed interaction.
predator_prey_coupled_system,14.040000000000001,26.91265772656539,24.329078435424847,-13.899147628171825,0.930663996994614,0.7,0.05,0.02,0.5,explicit_euler,Predator-prey terms are illustrative and assume continuous well-mixed interaction.
predator_prey_coupled_system,14.05,26.77366625028367,24.338385075394793,-13.839823578776706,0.8633634438927125,0.7,0.05,0.02,0.5,explicit_euler,Predator-prey terms are illustrative and assume continuous well-mixed interaction.
predator_prey_coupled_system,14.06,26.635268014495903,24.34701870983372,-13.779780824371237,0.7962780188904883,0.7,0.05,0.02,0.5,explicit_euler,Predator-prey terms are illustrative and assume continuous well-mixed interaction.
predator_prey_coupled_system,14.07,26.497470206252192,24.354981490022624,-13.719040675908374,0.729417183102651,0.7,0.05,0.02,0.5,explicit_euler,Predator-prey terms are illustrative and assume continuous well-mixed interaction.
predator_prey_coupled_system,14.08,26.360279799493107,24.36227566185365,-13.657624290297,0.6627902290500423,0.7,0.05,0.02,0.5,explicit_euler,Predator-prey terms are illustrative and assume continuous well-mixed interaction.
predator_prey_coupled_system,14.09,26.223703556590138,24.36890356414415,-13.595552663649357,0.596406279232907,0.7,0.05,0.02,0.5,explicit_euler,Predator-prey terms are illustrative and assume continuous well-mixed interaction.
predator_prey_coupled_system,14.1,26.087748029953644,24.37486762693648,-13.53284662478211,0.53027428483162,0.7,0.05,0.02,0.5,explicit_euler,Predator-prey terms are illustrative and assume continuous well-mixed interaction.
predator_prey_coupled_system,14.11,25.952419563705824,24.380170369784796,-13.469526828970125,0.46440302453328286,0.7,0.05,0.02,0.5,explicit_euler,Predator-prey terms are illustrative and assume continuous well-mixed interaction.
predator_prey_coupled_system,14.120000000000001,25.817724295416124,24.38481440003013,-13.40561375195226,0.3988011034823504,0.7,0.05,0.02,0.5,explicit_euler,Predator-prey terms are illustrative and assume continuous well-mixed interaction.
predator_prey_coupled_system,14.13,25.6836681578966,24.388802411064955,-13.341127684187423,0.33347695235353925,0.7,0.05,0.02,0.5,explicit_euler,Predator-prey terms are illustrative and assume continuous well-mixed interaction.
predator_prey_coupled_system,14.14,25.55025688105473,24.39213718058849,-13.276088725359795,0.26843882654499396,0.7,0.05,0.02,0.5,explicit_euler,Predator-prey terms are illustrative and assume continuous well-mixed interaction.
predator_prey_coupled_system,14.15,25.41749599380113,24.394821568853942,-13.210516779131133,0.2036948054897998,0.7,0.05,0.02,0.5,explicit_euler,Predator-prey terms are illustrative and assume continuous well-mixed interaction.
predator_prey_coupled_system,14.16,25.285390826009817,24.39685851690884,-13.144431548138446,0.1392527920837061,0.7,0.05,0.02,0.5,explicit_euler,Predator-prey terms are illustrative and assume continuous well-mixed interaction.
predator_prey_coupled_system,14.17,25.15394651052843,24.398251044829678,-13.077852529234608,0.07512051222696314,0.7,0.05,0.02,0.5,explicit_euler,Predator-prey terms are illustrative and assume continuous well-mixed interaction.
predator_prey_coupled_system,14.18,25.023167985236086,24.39900224995195,-13.01079900896978,0.011305514478040735,0.7,0.05,0.02,0.5,explicit_euler,Predator-prey terms are illustrative and assume continuous well-mixed interaction.
predator_prey_coupled_system,14.19,24.893059995146388,24.39911530509673,-12.943290059310897,-0.052184830183017894,0.7,0.05,0.02,0.5,explicit_euler,Predator-prey terms are illustrative and assume continuous well-mixed interaction.
predator_prey_coupled_system,14.200000000000001,24.76362709455328,24.3985934567949,-12.875344533596536,-0.11534332848392026,0.7,0.05,0.02,0.5,explicit_euler,Predator-prey terms are illustrative and assume continuous well-mixed interaction.
predator_prey_coupled_system,14.21,24.63487364921731,24.39744002351006,-12.806981062724272,-0.17816296488447492,0.7,0.05,0.02,0.5,explicit_euler,Predator-prey terms are illustrative and assume continuous well-mixed interaction.
predator_prey_coupled_system,14.22,24.50680383859007,24.395658393861215,-12.738218051567458,-0.2406369014984051,0.7,0.05,0.02,0.5,explicit_euler,Predator-prey terms are illustrative and assume continuous well-mixed interaction.
predator_prey_coupled_system,14.23,24.379421658074396,24.39325202484623,-12.66907367561809,-0.30275847791504873,0.7,0.05,0.02,0.5,explicit_euler,Predator-prey terms are illustrative and assume continuous well-mixed interaction.
predator_prey_coupled_system,14.24,24.252730921318214,24.39022444006708,-12.599565877852559,-0.36452121092341905,0.7,0.05,0.02,0.5,explicit_euler,Predator-prey terms are illustrative and assume continuous well-mixed interaction.
predator_prey_coupled_system,14.25,24.12673526253969,24.386579227957846,-12.529712365816646,-0.42591879414115397,0.7,0.05,0.02,0.5,explicit_euler,Predator-prey terms are illustrative and assume continuous well-mixed interaction.
predator_prey_coupled_system,14.26,24.00143813888152,24.382320040016435,-12.459530608926222,-0.4869450975509029,0.7,0.05,0.02,0.5,explicit_euler,Predator-prey terms are illustrative and assume continuous well-mixed interaction.
predator_prey_coupled_system,14.27,23.87684283279226,24.377450589040926,-12.389037835979885,-0.5475941669466771,0.7,0.05,0.02,0.5,explicit_euler,Predator-prey terms are illustrative and assume continuous well-mixed interaction.
predator_prey_coupled_system,14.280000000000001,23.75295245443246,24.37197464737146,-12.318251032879658,-0.6078602232927768,0.7,0.05,0.02,0.5,explicit_euler,Predator-prey terms are illustrative and assume continuous well-mixed interaction.
predator_prey_coupled_system,14.290000000000001,23.629769944103664,24.36589604513853,-12.247186940555881,-0.6677376619978883,0.7,0.05,0.02,0.5,explicit_euler,Predator-prey terms are illustrative and assume continuous well-mixed interaction.
predator_prey_coupled_system,14.3,23.507298074698106,24.35921866851855,-12.175862053092146,-0.7272210521069482,0.7,0.05,0.02,0.5,explicit_euler,Predator-prey terms are illustrative and assume continuous well-mixed interaction.
predator_prey_coupled_system,14.31,23.385539454167183,24.35194645799748,-12.104292616046319,-0.7863051354134019,0.7,0.05,0.02,0.5,explicit_euler,Predator-prey terms are illustrative and assume continuous well-mixed interaction.
predator_prey_coupled_system,14.32,23.26449652800672,24.344083406643346,-12.032494624963302,-0.8449848254944712,0.7,0.05,0.02,0.5,explicit_euler,Predator-prey terms are illustrative and assume continuous well-mixed interaction.
predator_prey_coupled_system,14.33,23.14417158175709,24.335633558388402,-11.96048382407539,-0.9032552066720605,0.7,0.05,0.02,0.5,explicit_euler,Predator-prey terms are illustrative and assume continuous well-mixed interaction.
predator_prey_coupled_system,14.34,23.024566743516335,24.32660100632168,-11.888275705185826,-0.9611115329019366,0.7,0.05,0.02,0.5,explicit_euler,Predator-prey terms are illustrative and assume continuous well-mixed interaction.
predator_prey_coupled_system,14.35,22.905683986464478,24.316989890992662,-11.815885506731327,-1.0185492265937466,0.7,0.05,0.02,0.5,explicit_euler,Predator-prey terms are illustrative and assume continuous well-mixed interaction.
predator_prey_coupled_system,14.36,22.787525131397164,24.306804398726726,-11.743328213019005,-1.075563877364555,0.7,0.05,0.02,0.5,explicit_euler,Predator-prey terms are illustrative and assume continuous well-mixed interaction.
predator_prey_coupled_system,14.370000000000001,22.670091849266974,24.29604875995308,-11.670618553633384,-1.1321512407284349,0.7,0.05,0.02,0.5,explicit_euler,Predator-prey terms are illustrative and assume continuous well-mixed interaction.
predator_prey_coupled_system,14.38,22.55338566373064,24.284727247545796,-11.597771003008965,-1.188307236724734,0.7,0.05,0.02,0.5,explicit_euler,Predator-prey terms are illustrative and assume continuous well-mixed interaction.
predator_prey_coupled_system,14.39,22.43740795370055,24.272844175178548,-11.524799780163876,-1.2440279484875703,0.7,0.05,0.02,0.5,explicit_euler,Predator-prey terms are illustrative and assume continuous well-mixed interaction.
predator_prey_coupled_system,14.4,22.32215995589891,24.260403895693674,-11.451718848590128,-1.2993096207590913,0.7,0.05,0.02,0.5,explicit_euler,Predator-prey terms are illustrative and assume continuous well-mixed interaction.
predator_prey_coupled_system,14.41,22.20764276741301,24.247410799486083,-11.378541916295855,-1.3541486583490574,0.7,0.05,0.02,0.5,explicit_euler,Predator-prey terms are illustrative and assume continuous well-mixed interaction.
predator_prey_coupled_system,14.42,22.09385734825005,24.23386931290259,-11.305282435995181,-1.4085416245432096,0.7,0.05,0.02,0.5,explicit_euler,Predator-prey terms are illustrative and assume continuous well-mixed interaction.
predator_prey_coupled_system,14.43,21.9808045238901,24.21978389665716,-11.231953605441047,-1.462485239462934,0.7,0.05,0.02,0.5,explicit_euler,Predator-prey terms are illustrative and assume continuous well-mixed interaction.
predator_prey_coupled_system,14.44,21.86848498783569,24.20515904426253,-11.15856836789654,-1.5159763783786566,0.7,0.05,0.02,0.5,explicit_euler,Predator-prey terms are illustrative and assume continuous well-mixed interaction.
predator_prey_coupled_system,14.450000000000001,21.756899304156725,24.189999280478744,-11.08513941274028,-1.5690120699793777,0.7,0.05,0.02,0.5,explicit_euler,Predator-prey terms are illustrative and assume continuous well-mixed interaction.
predator_prey_coupled_system,14.46,21.646047910029324,24.17430915977895,-11.011679176201271,-1.621589494600757,0.7,0.05,0.02,0.5,explicit_euler,Predator-prey terms are illustrative and assume continuous well-mixed interaction.
predator_prey_coupled_system,14.47,21.53593111826731,24.158093264832942,-10.938199842218872,-1.6737059824140772,0.7,0.05,0.02,0.5,explicit_euler,Predator-prey terms are illustrative and assume continuous well-mixed interaction.
predator_prey_coupled_system,14.48,21.42654911984512,24.1413562050088,-10.864713343423361,-1.7253590115784228,0.7,0.05,0.02,0.5,explicit_euler,Predator-prey terms are illustrative and assume continuous well-mixed interaction.
predator_prey_coupled_system,14.49,21.317901986410888,24.124102614893015,-10.791231362232779,-1.7765462063583488,0.7,0.05,0.02,0.5,explicit_euler,Predator-prey terms are illustrative and assume continuous well-mixed interaction.
predator_prey_coupled_system,14.5,21.20998967278856,24.106337152829433,-10.71776533206158,-1.8272653352092885,0.7,0.05,0.02,0.5,explicit_euler,Predator-prey terms are illustrative and assume continuous well-mixed interaction.
predator_prey_coupled_system,14.51,21.102812019467944,24.08806449947734,-10.644326438636915,-1.877514308832879,0.7,0.05,0.02,0.5,explicit_euler,Predator-prey terms are illustrative and assume continuous well-mixed interaction.
predator_prey_coupled_system,14.52,20.996368755081576,24.06928935638901,-10.570925621418088,-1.9272911782044293,0.7,0.05,0.02,0.5,explicit_euler,Predator-prey terms are illustrative and assume continuous well-mixed interaction.
predator_prey_coupled_system,14.530000000000001,20.890659498867397,24.050016444606968,-10.497573575115105,-1.9765941325745704,0.7,0.05,0.02,0.5,explicit_euler,Predator-prey terms are illustrative and assume continuous well-mixed interaction.
predator_prey_coupled_system,14.540000000000001,20.785683763116246,24.030250503281223,-10.424280751302057,-2.0254214974472404,0.7,0.05,0.02,0.5,explicit_euler,Predator-prey terms are illustrative and assume continuous well-mixed interaction.
predator_prey_coupled_system,14.55,20.681440955603225,24.009996288306752,-10.351057360121178,-2.0737717325360023,0.7,0.05,0.02,0.5,explicit_euler,Predator-prey terms are illustrative and assume continuous well-mixed interaction.
predator_prey_coupled_system,14.56,20.577930382002013,23.98925857098139,-10.277913372073604,-2.1216434297006916,0.7,0.05,0.02,0.5,explicit_euler,Predator-prey terms are illustrative and assume continuous well-mixed interaction.
predator_prey_coupled_system,14.57,20.475151248281275,23.968042136684385,-10.204858519892683,-2.169035310866363,0.7,0.05,0.02,0.5,explicit_euler,Predator-prey terms are illustrative and assume continuous well-mixed interaction.
predator_prey_coupled_system,14.58,20.37310266308235,23.94635178357572,-10.131902300496025,-2.2159462259263947,0.7,0.05,0.02,0.5,explicit_euler,Predator-prey terms are illustrative and assume continuous well-mixed interaction.
predator_prey_coupled_system,14.59,20.271783640077388,23.924192321316458,-10.059053977012232,-2.2623751506316694,0.7,0.05,0.02,0.5,explicit_euler,Predator-prey terms are illustrative and assume continuous well-mixed interaction.
predator_prey_coupled_system,14.6,20.171193100307267,23.90156856981014,-9.986322580878685,-2.308321184467564,0.7,0.05,0.02,0.5,explicit_euler,Predator-prey terms are illustrative and assume continuous well-mixed interaction.
predator_prey_coupled_system,14.61,20.07132987449848,23.878485357965467,-9.913716914006406,-2.353783548520596,0.7,0.05,0.02,0.5,explicit_euler,Predator-prey terms are illustrative and assume continuous well-mixed interaction.
predator_prey_coupled_system,14.620000000000001,19.972192705358417,23.85494752248026,-9.841245551008514,-2.398761583336368,0.7,0.05,0.02,0.5,explicit_euler,Predator-prey terms are illustrative and assume continuous well-mixed interaction.
predator_prey_coupled_system,14.63,19.87378024984833,23.830959906646896,-9.768916841488496,-2.443254746770519,0.7,0.05,0.02,0.5,explicit_euler,Predator-prey terms are illustrative and assume continuous well-mixed interaction.
predator_prey_coupled_system,14.64,19.776091081433446,23.806527359179192,-9.696738912384836,-2.4872626118342964,0.7,0.05,0.02,0.5,explicit_euler,Predator-prey terms are illustrative and assume continuous well-mixed interaction.
predator_prey_coupled_system,14.65,19.6791236923096,23.78165473306085,-9.624719670368506,-2.5307848645363347,0.7,0.05,0.02,0.5,explicit_euler,Predator-prey terms are illustrative and assume continuous well-mixed interaction.
predator_prey_coupled_system,14.66,19.582876495605912,23.75634688441549,-9.552866804289907,-2.573821301722127,0.7,0.05,0.02,0.5,explicit_euler,Predator-prey terms are illustrative and assume continuous well-mixed interaction.
predator_prey_coupled_system,14.67,19.487347827563013,23.73060867139827,-9.481187787671946,-2.616371828912712,0.7,0.05,0.02,0.5,explicit_euler,Predator-prey terms are illustrative and assume continuous well-mixed interaction.
predator_prey_coupled_system,14.68,19.392535949686295,23.704444953109142,-9.409689881246042,-2.658436458143992,0.7,0.05,0.02,0.5,explicit_euler,Predator-prey terms are illustrative and assume continuous well-mixed interaction.
predator_prey_coupled_system,14.69,19.298439050873835,23.677860588527704,-9.338380135527798,-2.7000153058080603,0.7,0.05,0.02,0.5,explicit_euler,Predator-prey terms are illustrative and assume continuous well-mixed interaction.
predator_prey_coupled_system,14.700000000000001,19.20505524951856,23.650860435469625,-9.267265393429346,-2.741108590497877,0.7,0.05,0.02,0.5,explicit_euler,Predator-prey terms are illustrative and assume continuous well-mixed interaction.
predator_prey_coupled_system,14.71,19.112382595584265,23.623449349564645,-9.196352292905301,-2.7817166308566073,0.7,0.05,0.02,0.5,explicit_euler,Predator-prey terms are illustrative and assume continuous well-mixed interaction.
predator_prey_coupled_system,14.72,19.020419072655212,23.59563218325608,-9.125647269629404,-2.8218398434328176,0.7,0.05,0.02,0.5,explicit_euler,Predator-prey terms are illustrative and assume continuous well-mixed interaction.
predator_prey_coupled_system,14.73,18.929162599958918,23.56741378482175,-9.055156559698966,-2.8614787405427933,0.7,0.05,0.02,0.5,explicit_euler,Predator-prey terms are illustrative and assume continuous well-mixed interaction.
predator_prey_coupled_system,14.74,18.83861103436193,23.538798997416322,-8.984886202364384,-2.900633928141069,0.7,0.05,0.02,0.5,explicit_euler,Predator-prey terms are illustrative and assume continuous well-mixed interaction.
predator_prey_coupled_system,14.75,18.748762172338285,23.509792658134913,-8.914842042781013,-2.939306103700332,0.7,0.05,0.02,0.5,explicit_euler,Predator-prey terms are illustrative and assume continuous well-mixed interaction.
predator_prey_coupled_system,14.76,18.659613751910474,23.48039959709791,-8.84502973478074,-2.9774960541017297,0.7,0.05,0.02,0.5,explicit_euler,Predator-prey terms are illustrative and assume continuous well-mixed interaction.
predator_prey_coupled_system,14.77,18.571163454562665,23.450624636556892,-8.775454743660749,-3.0152046535366015,0.7,0.05,0.02,0.5,explicit_euler,Predator-prey terms are illustrative and assume continuous well-mixed interaction.
predator_prey_coupled_system,14.780000000000001,18.48340890712606,23.420472590021525,-8.70612234898704,-3.0524328614206517,0.7,0.05,0.02,0.5,explicit_euler,Predator-prey terms are illustrative and assume continuous well-mixed interaction.
predator_prey_coupled_system,14.790000000000001,18.39634768363619,23.38994826140732,-8.637037647410216,-3.0891817203214416,0.7,0.05,0.02,0.5,explicit_euler,Predator-prey terms are illustrative and assume continuous well-mixed interaction.
predator_prey_coupled_system,14.8,18.30997730716209,23.359056444204104,-8.568205555491314,-3.125452353900142,0.7,0.05,0.02,0.5,explicit_euler,Predator-prey terms are illustrative and assume continuous well-mixed interaction.
predator_prey_coupled_system,14.81,18.224295251607177,23.327801920665102,-8.499630812535468,-3.161245964868355,0.7,0.05,0.02,0.5,explicit_euler,Predator-prey terms are illustrative and assume continuous well-mixed interaction.
predator_prey_coupled_system,14.82,18.139298943481823,23.296189461016418,-8.4313179834311,-3.1965638329608588,0.7,0.05,0.02,0.5,explicit_euler,Predator-prey terms are illustrative and assume continuous well-mixed interaction.
predator_prey_coupled_system,14.83,18.05498576364751,23.26422382268681,-8.363271461492726,-3.231407312925011,0.7,0.05,0.02,0.5,explicit_euler,Predator-prey terms are illustrative and assume continuous well-mixed interaction.
predator_prey_coupled_system,14.84,17.971353049032583,23.23190974955756,-8.295495471305244,-3.265777832527558,0.7,0.05,0.02,0.5,explicit_euler,Predator-prey terms are illustrative and assume continuous well-mixed interaction.
predator_prey_coupled_system,14.85,17.88839809431953,23.199251971232282,-8.227994071567839,-3.299676890579539,0.7,0.05,0.02,0.5,explicit_euler,Predator-prey terms are illustrative and assume continuous well-mixed interaction.
predator_prey_coupled_system,14.86,17.80611815360385,23.166255202326486,-8.16077115793557,-3.333106054979938,0.7,0.05,0.02,0.5,explicit_euler,Predator-prey terms are illustrative and assume continuous well-mixed interaction.
predator_prey_coupled_system,14.870000000000001,17.724510442024496,23.132924141776687,-8.093830465856927,-3.3660669607787153,0.7,0.05,0.02,0.5,explicit_euler,Predator-prey terms are illustrative and assume continuous well-mixed interaction.
predator_prey_coupled_system,14.88,17.643572137365926,23.0992634721689,-8.027175573405536,-3.398561308259776,0.7,0.05,0.02,0.5,explicit_euler,Predator-prey terms are illustrative and assume continuous well-mixed interaction.
predator_prey_coupled_system,14.89,17.56330038163187,23.0652778590863,-7.960809904104469,-3.4305908610444398,0.7,0.05,0.02,0.5,explicit_euler,Predator-prey terms are illustrative and assume continuous well-mixed interaction.
predator_prey_coupled_system,14.9,17.483692282590823,23.030971950475855,-7.894736729741448,-3.4621574442159186,0.7,0.05,0.02,0.5,explicit_euler,Predator-prey terms are illustrative and assume continuous well-mixed interaction.
predator_prey_coupled_system,14.91,17.40474491529341,22.996350376033696,-7.828959173173525,-3.493262942465284,0.7,0.05,0.02,0.5,explicit_euler,Predator-prey terms are illustrative and assume continuous well-mixed interaction.
predator_prey_coupled_system,14.92,17.326455323561675,22.961417746609044,-7.7634802111197185,-3.523909298259367,0.7,0.05,0.02,0.5,explicit_euler,Predator-prey terms are illustrative and assume continuous well-mixed interaction.
predator_prey_coupled_system,14.93,17.248820521450476,22.92617865362645,-7.698302676940257,-3.5540985100309905,0.7,0.05,0.02,0.5,explicit_euler,Predator-prey terms are illustrative and assume continuous well-mixed interaction.
predator_prey_coupled_system,14.94,17.171837494681075,22.89063766852614,-7.633429263401053,-3.5838326303919468,0.7,0.05,0.02,0.5,explicit_euler,Predator-prey terms are illustrative and assume continuous well-mixed interaction.
predator_prey_coupled_system,14.950000000000001,17.095503202047063,22.85479934222222,-7.568862525422212,-3.6131137643690483,0.7,0.05,0.02,0.5,explicit_euler,Predator-prey terms are illustrative and assume continuous well-mixed interaction.
predator_prey_coupled_system,14.96,17.01981457679284,22.81866820457853,-7.504604882809259,-3.641944067663565,0.7,0.05,0.02,0.5,explicit_euler,Predator-prey terms are illustrative and assume continuous well-mixed interaction.
predator_prey_coupled_system,14.97,16.944768527964747,22.782248763901894,-7.44065862296611,-3.6703257449343747,0.7,0.05,0.02,0.5,explicit_euler,Predator-prey terms are illustrative and assume continuous well-mixed interaction.
predator_prey_coupled_system,14.98,16.870361941735087,22.74554550645255,-7.377025903588473,-3.6982610481050626,0.7,0.05,0.02,0.5,explicit_euler,Predator-prey terms are illustrative and assume continuous well-mixed interaction.
predator_prey_coupled_system,14.99,16.7965916826992,22.7085628959715,-7.31370875533689,-3.7257522746952176,0.7,0.05,0.02,0.5,explicit_euler,Predator-prey terms are illustrative and assume continuous well-mixed interaction.
predator_prey_coupled_system,15.0,16.72345459514583,22.67130537322455,-7.250709084488243,-3.7528017661761455,0.7,0.05,0.02,0.5,explicit_euler,Predator-prey terms are illustrative and assume continuous well-mixed interaction.
predator_prey_coupled_system,15.01,16.650947504300948,22.63377735556279,-7.188028675564913,-3.7794119063511644,0.7,0.05,0.02,0.5,explicit_euler,Predator-prey terms are illustrative and assume continuous well-mixed interaction.
predator_prey_coupled_system,15.02,16.579067217545298,22.595983236499276,-7.1256691939407055,-3.805585119760673,0.7,0.05,0.02,0.5,explicit_euler,Predator-prey terms are illustrative and assume continuous well-mixed interaction.
predator_prey_coupled_system,15.030000000000001,16.50781052560589,22.557927385301667,-7.063632188422687,-3.8313238701121097,0.7,0.05,0.02,0.5,explicit_euler,Predator-prey terms are illustrative and assume continuous well-mixed interaction.
predator_prey_coupled_system,15.040000000000001,16.437174203721664,22.519614146600546,-7.001919093808235,-3.8566306587349146,0.7,0.05,0.02,0.5,explicit_euler,Predator-prey terms are illustrative and assume continuous well-mixed interaction.
predator_prey_coupled_system,15.05,16.36715501278358,22.481047840013197,-6.940531233416467,-3.881508023060608,0.7,0.05,0.02,0.5,explicit_euler,Predator-prey terms are illustrative and assume continuous well-mixed interaction.
predator_prey_coupled_system,15.06,16.297749700449415,22.44223275978259,-6.879469821593549,-3.9059585351280397,0.7,0.05,0.02,0.5,explicit_euler,Predator-prey terms are illustrative and assume continuous well-mixed interaction.
predator_prey_coupled_system,15.07,16.22895500223348,22.40317317443131,-6.81873596619106,-3.929984800113856,0.7,0.05,0.02,0.5,explicit_euler,Predator-prey terms are illustrative and assume continuous well-mixed interaction.
predator_prey_coupled_system,15.08,16.16076764257157,22.36387332643017,-6.75833067101701,-3.9535894548882418,0.7,0.05,0.02,0.5,explicit_euler,Predator-prey terms are illustrative and assume continuous well-mixed interaction.
predator_prey_coupled_system,15.09,16.0931843358614,22.324337431881286,-6.698254838258837,-3.9767751665959175,0.7,0.05,0.02,0.5,explicit_euler,Predator-prey terms are illustrative and assume continuous well-mixed interaction.
predator_prey_coupled_system,15.1,16.026201787478815,22.284569680215327,-6.638509270877986,-3.9995446312624017,0.7,0.05,0.02,0.5,explicit_euler,Predator-prey terms are illustrative and assume continuous well-mixed interaction.
predator_prey_coupled_system,15.11,15.959816694770035,22.244574233902703,-6.579094674975565,-4.021900572425517,0.7,0.05,0.02,0.5,explicit_euler,Predator-prey terms are illustrative and assume continuous well-mixed interaction.
predator_prey_coupled_system,15.120000000000001,15.89402574802028,22.20435522817845,-6.520011662128654,-4.0438457397920855,0.7,0.05,0.02,0.5,explicit_euler,Predator-prey terms are illustrative and assume continuous well-mixed interaction.
predator_prey_coupled_system,15.13,15.828825631398994,22.163916770780528,-6.461260751696949,-4.065382907919767,0.7,0.05,0.02,0.5,explicit_euler,Predator-prey terms are illustrative and assume continuous well-mixed interaction.
predator_prey_coupled_system,15.14,15.764213023882025,22.12326294170133,-6.402842373099318,-4.086514874923972,0.7,0.05,0.02,0.5,explicit_euler,Predator-prey terms are illustrative and assume continuous well-mixed interaction.
predator_prey_coupled_system,15.15,15.700184600151031,22.08239779295209,-6.344756868060056,-4.107244461209734,0.7,0.05,0.02,0.5,explicit_euler,Predator-prey terms are illustrative and assume continuous well-mixed interaction.
predator_prey_coupled_system,15.16,15.63673703147043,22.041325348339992,-6.287004492824494,-4.12757450822848,0.7,0.05,0.02,0.5,explicit_euler,Predator-prey terms are illustrative and assume continuous well-mixed interaction.
predator_prey_coupled_system,15.17,15.573866986542185,22.000049603257708,-6.229585420343756,-4.147507877259539,0.7,0.05,0.02,0.5,explicit_euler,Predator-prey terms are illustrative and assume continuous well-mixed interaction.
predator_prey_coupled_system,15.18,15.511571132338748,21.958574524485112,-6.172499742428492,-4.16704744821631,0.7,0.05,0.02,0.5,explicit_euler,Predator-prey terms are illustrative and assume continuous well-mixed interaction.
predator_prey_coupled_system,15.19,15.449846134914463,21.916904050002948,-6.115747471871339,-4.18619611847689,0.7,0.05,0.02,0.5,explicit_euler,Predator-prey terms are illustrative and assume continuous well-mixed interaction.
predator_prey_coupled_system,15.200000000000001,15.388688660195749,21.87504208881818,-6.05932854453803,-4.204956801739069,0.7,0.05,0.02,0.5,explicit_euler,Predator-prey terms are illustrative and assume continuous well-mixed interaction.
predator_prey_coupled_system,15.21,15.328095374750369,21.83299252080079,-6.003242821427042,-4.223332426899475,0.7,0.05,0.02,0.5,explicit_euler,Predator-prey terms are illustrative and assume continuous well-mixed interaction.
predator_prey_coupled_system,15.22,15.268062946536098,21.790759196531795,-5.947490090697622,-4.241325936956741,0.7,0.05,0.02,0.5,explicit_euler,Predator-prey terms are illustrative and assume continuous well-mixed interaction.
predator_prey_coupled_system,15.23,15.208588045629122,21.748345937162227,-5.892070069666222,-4.25894028793847,0.7,0.05,0.02,0.5,explicit_euler,Predator-prey terms are illustrative and assume continuous well-mixed interaction.
predator_prey_coupled_system,15.24,15.14966734493246,21.70575653428284,-5.836982406771234,-4.276178447851838,0.7,0.05,0.02,0.5,explicit_euler,Predator-prey terms are illustrative and assume continuous well-mixed interaction.
predator_prey_coupled_system,15.25,15.091297520864748,21.662994749804323,-5.78222668350608,-4.2930433956576,0.7,0.05,0.02,0.5,explicit_euler,Predator-prey terms are illustrative and assume continuous well-mixed interaction.
predator_prey_coupled_system,15.26,15.033475254029687,21.620064315847745,-5.727802416320591,-4.309538120267325,0.7,0.05,0.02,0.5,explicit_euler,Predator-prey terms are illustrative and assume continuous well-mixed interaction.
predator_prey_coupled_system,15.27,14.97619722986648,21.576968934645073,-5.673709058490797,-4.325665619563604,0.7,0.05,0.02,0.5,explicit_euler,Predator-prey terms are illustrative and assume continuous well-mixed interaction.
predator_prey_coupled_system,15.280000000000001,14.919460139281572,21.533712278449435,-5.619946001957127,-4.341428899443027,0.7,0.05,0.02,0.5,explicit_euler,Predator-prey terms are illustrative and assume continuous well-mixed interaction.
predator_prey_coupled_system,15.290000000000001,14.863260679262,21.490297989455005,-5.566512579131091,-4.356830972881707,0.7,0.05,0.02,0.5,explicit_euler,Predator-prey terms are illustrative and assume continuous well-mixed interaction.
predator_prey_coupled_system,15.3,14.807595553470689,21.44672967972619,-5.513408064670589,-4.371874859023067,0.7,0.05,0.02,0.5,explicit_euler,Predator-prey terms are illustrative and assume continuous well-mixed interaction.
predator_prey_coupled_system,15.31,14.752461472823983,21.40301093113596,-5.460631677223903,-4.386563582287704,0.7,0.05,0.02,0.5,explicit_euler,Predator-prey terms are illustrative and assume continuous well-mixed interaction.
predator_prey_coupled_system,15.32,14.697855156051745,21.359145295313084,-5.408182581142567,-4.400900171505026,0.7,0.05,0.02,0.5,explicit_euler,Predator-prey terms are illustrative and assume continuous well-mixed interaction.
predator_prey_coupled_system,15.33,14.643773330240318,21.315136293598034,-5.3560598881631964,-4.4148876590664505,0.7,0.05,0.02,0.5,explicit_euler,Predator-prey terms are illustrative and assume continuous well-mixed interaction.
predator_prey_coupled_system,15.34,14.590212731358687,21.27098741700737,-5.304262659058487,-4.428529080099858,0.7,0.05,0.02,0.5,explicit_euler,Predator-prey terms are illustrative and assume continuous well-mixed interaction.
predator_prey_coupled_system,15.35,14.537170104768101,21.22670212620637,-5.252789905257567,-4.44182747166509,0.7,0.05,0.02,0.5,explicit_euler,Predator-prey terms are illustrative and assume continuous well-mixed interaction.
predator_prey_coupled_system,15.36,14.484642205715526,21.182283851489718,-5.2016405904358525,-4.454785871970171,0.7,0.05,0.02,0.5,explicit_euler,Predator-prey terms are illustrative and assume continuous well-mixed interaction.
predator_prey_coupled_system,15.370000000000001,14.432625799811166,21.137735992770015,-5.150813632074666,-4.467407319608015,0.7,0.05,0.02,0.5,explicit_euler,Predator-prey terms are illustrative and assume continuous well-mixed interaction.
predator_prey_coupled_system,15.38,14.38111766349042,21.093061919573934,-5.100307902990801,-4.4796948528133305,0.7,0.05,0.02,0.5,explicit_euler,Predator-prey terms are illustrative and assume continuous well-mixed interaction.
predator_prey_coupled_system,15.39,14.330114584460512,21.0482649710458,-5.05012223283628,-4.491651508739445,0.7,0.05,0.02,0.5,explicit_euler,Predator-prey terms are illustrative and assume continuous well-mixed interaction.
predator_prey_coupled_system,15.4,14.27961336213215,21.003348455958406,-5.000255409568563,-4.503280322754777,0.7,0.05,0.02,0.5,explicit_euler,Predator-prey terms are illustrative and assume continuous well-mixed interaction.
predator_prey_coupled_system,15.41,14.229610808036464,20.958315652730857,-4.950706180891416,-4.514584327758652,0.7,0.05,0.02,0.5,explicit_euler,Predator-prey terms are illustrative and assume continuous well-mixed interaction.
predator_prey_coupled_system,15.42,14.18010374622755,20.91316980945327,-4.901473255666776,-4.52556655351621,0.7,0.05,0.02,0.5,explicit_euler,Predator-prey terms are illustrative and assume continuous well-mixed interaction.
predator_prey_coupled_system,15.43,14.131089013670882,20.867914143918107,-4.852555305297802,-4.536230026012086,0.7,0.05,0.02,0.5,explicit_euler,Predator-prey terms are illustrative and assume continuous well-mixed interaction.
predator_prey_coupled_system,15.44,14.082563460617905,20.822551843657987,-4.803950965083464,-4.546577766822594,0.7,0.05,0.02,0.5,explicit_euler,Predator-prey terms are illustrative and assume continuous well-mixed interaction.
predator_prey_coupled_system,15.450000000000001,14.03452395096707,20.77708606598976,-4.755658835544924,-4.55661279250613,0.7,0.05,0.02,0.5,explicit_euler,Predator-prey terms are illustrative and assume continuous well-mixed interaction.
predator_prey_coupled_system,15.46,13.98696736261162,20.7315199380647,-4.707677483724019,-4.566338114011489,0.7,0.05,0.02,0.5,explicit_euler,Predator-prey terms are illustrative and assume continuous well-mixed interaction.
predator_prey_coupled_system,15.47,13.93989058777438,20.685856556924584,-4.660005444454134,-4.575756736103813,0.7,0.05,0.02,0.5,explicit_euler,Predator-prey terms are illustrative and assume continuous well-mixed interaction.
predator_prey_coupled_system,15.48,13.89329053332984,20.640098989563548,-4.612641221603816,-4.584871656807894,0.7,0.05,0.02,0.5,explicit_euler,Predator-prey terms are illustrative and assume continuous well-mixed interaction.
predator_prey_coupled_system,15.49,13.847164121113801,20.59425027299547,-4.565583289293389,-4.593685866868516,0.7,0.05,0.02,0.5,explicit_euler,Predator-prey terms are illustrative and assume continuous well-mixed interaction.
predator_prey_coupled_system,15.5,13.801508288220868,20.548313414326785,-4.5188300930849525,-4.602202349227569,0.7,0.05,0.02,0.5,explicit_euler,Predator-prey terms are illustrative and assume continuous well-mixed interaction.
predator_prey_coupled_system,15.51,13.756319987290018,20.502291390834507,-4.472380051146029,-4.610424078517637,0.7,0.05,0.02,0.5,explicit_euler,Predator-prey terms are illustrative and assume continuous well-mixed interaction.
predator_prey_coupled_system,15.52,13.711596186778557,20.45618715004933,-4.426231555387259,-4.618354020571767,0.7,0.05,0.02,0.5,explicit_euler,Predator-prey terms are illustrative and assume continuous well-mixed interaction.
predator_prey_coupled_system,15.530000000000001,13.667333871224685,20.410003609843614,-4.380382972574406,-4.625995131949132,0.7,0.05,0.02,0.5,explicit_euler,Predator-prey terms are illustrative and assume continuous well-mixed interaction.
predator_prey_coupled_system,15.540000000000001,13.62353004149894,20.363743658524122,-4.334832645415089,-4.633350359476323,0.7,0.05,0.02,0.5,explicit_euler,Predator-prey terms are illustrative and assume continuous well-mixed interaction.
predator_prey_coupled_system,15.55,13.58018171504479,20.31741015492936,-4.289578893620497,-4.64042263980394,0.7,0.05,0.02,0.5,explicit_euler,Predator-prey terms are illustrative and assume continuous well-mixed interaction.
predator_prey_coupled_system,15.56,13.537285926108584,20.27100592853132,-4.244620014942527,-4.647214898978245,0.7,0.05,0.02,0.5,explicit_euler,Predator-prey terms are illustrative and assume continuous well-mixed interaction.
predator_prey_coupled_system,15.57,13.494839725959158,20.224533779541538,-4.199954286186594,-4.6537300520275675,0.7,0.05,0.02,0.5,explicit_euler,Predator-prey terms are illustrative and assume continuous well-mixed interaction.
predator_prey_coupled_system,15.58,13.452840183097292,20.177996479021264,-4.155579964200543,-4.659971002563173,0.7,0.05,0.02,0.5,explicit_euler,Predator-prey terms are illustrative and assume continuous well-mixed interaction.
predator_prey_coupled_system,15.59,13.411284383455287,20.131396768995632,-4.111495286839968,-4.665940642394348,0.7,0.05,0.02,0.5,explicit_euler,Predator-prey terms are illustrative and assume continuous well-mixed interaction.
predator_prey_coupled_system,15.6,13.370169430586888,20.084737362571687,-4.067698473910294,-4.671641851157398,0.7,0.05,0.02,0.5,explicit_euler,Predator-prey terms are illustrative and assume continuous well-mixed interaction.
predator_prey_coupled_system,15.610000000000001,13.329492445847785,20.03802094406011,-4.024187728086,-4.677077495958277,0.7,0.05,0.02,0.5,explicit_euler,Predator-prey terms are illustrative and assume continuous well-mixed interaction.
predator_prey_coupled_system,15.620000000000001,13.289250568566926,19.991250169100528,-3.9809612358072943,-4.682250431028607,0.7,0.05,0.02,0.5,explicit_euler,Predator-prey terms are illustrative and assume continuous well-mixed interaction.
predator_prey_coupled_system,15.63,13.249440956208852,19.944427664790243,-3.9380171681546408,-4.6871634973947875,0.7,0.05,0.02,0.5,explicit_euler,Predator-prey terms are illustrative and assume continuous well-mixed interaction.
predator_prey_coupled_system,15.64,13.210060784527306,19.897556029816297,-3.895353681701442,-4.691819522559927,0.7,0.05,0.02,0.5,explicit_euler,Predator-prey terms are illustrative and assume continuous well-mixed interaction.
predator_prey_coupled_system,15.65,13.17110724771029,19.850637834590696,-3.8529689193452796,-4.696221320198356,0.7,0.05,0.02,0.5,explicit_euler,Predator-prey terms are illustrative and assume continuous well-mixed interaction.
predator_prey_coupled_system,15.66,13.132577558516838,19.803675621388713,-3.8108610111180354,-4.700371689862428,0.7,0.05,0.02,0.5,explicit_euler,Predator-prey terms are illustrative and assume continuous well-mixed interaction.
predator_prey_coupled_system,15.67,13.094468948405657,19.756671904490087,-3.769028074975237,-4.704273416701366,0.7,0.05,0.02,0.5,explicit_euler,Predator-prey terms are illustrative and assume continuous well-mixed interaction.
predator_prey_coupled_system,15.68,13.056778667655905,19.709629170323073,-3.7274682175650113,-4.70792927119188,0.7,0.05,0.02,0.5,explicit_euler,Predator-prey terms are illustrative and assume continuous well-mixed interaction.
predator_prey_coupled_system,15.69,13.019503985480256,19.662549877611156,-3.6861795349769597,-4.711342008880322,0.7,0.05,0.02,0.5,explicit_euler,Predator-prey terms are illustrative and assume continuous well-mixed interaction.
predator_prey_coupled_system,15.700000000000001,12.982642190130486,19.615436457522353,-3.645160113471329,-4.714514370136109,0.7,0.05,0.02,0.5,explicit_euler,Predator-prey terms are illustrative and assume continuous well-mixed interaction.
predator_prey_coupled_system,15.71,12.946190588995773,19.568291313820993,-3.6044080301888144,-4.717449079916155,0.7,0.05,0.02,0.5,explicit_euler,Predator-prey terms are illustrative and assume continuous well-mixed interaction.
predator_prey_coupled_system,15.72,12.910146508693884,19.52111682302183,-3.5639213538413195,-4.7201488475401,0.7,0.05,0.02,0.5,explicit_euler,Predator-prey terms are illustrative and assume continuous well-mixed interaction.
predator_prey_coupled_system,15.73,12.874507295155471,19.47391533454643,-3.523698145384074,-4.722616366476054,0.7,0.05,0.02,0.5,explicit_euler,Predator-prey terms are illustrative and assume continuous well-mixed interaction.
predator_prey_coupled_system,15.74,12.83927031370163,19.42668917088167,-3.483736458669357,-4.7248543141366355,0.7,0.05,0.02,0.5,explicit_euler,Predator-prey terms are illustrative and assume continuous well-mixed interaction.
predator_prey_coupled_system,15.75,12.804432949114938,19.3794406277403,-3.444034341082274,-4.726865351685059,0.7,0.05,0.02,0.5,explicit_euler,Predator-prey terms are illustrative and assume continuous well-mixed interaction.
predator_prey_coupled_system,15.76,12.769992605704115,19.33217197422345,-3.4045898341588074,-4.72865212385105,0.7,0.05,0.02,0.5,explicit_euler,Predator-prey terms are illustrative and assume continuous well-mixed interaction.
predator_prey_coupled_system,15.77,12.735946707362526,19.284885452984938,-3.3654009741865814,-4.730217258756328,0.7,0.05,0.02,0.5,explicit_euler,Predator-prey terms are illustrative and assume continuous well-mixed interaction.
predator_prey_coupled_system,15.780000000000001,12.70229269762066,19.237583280397374,-3.326465792788582,-4.7315633677494695,0.7,0.05,0.02,0.5,explicit_euler,Predator-prey terms are illustrative and assume continuous well-mixed interaction.
predator_prey_coupled_system,15.790000000000001,12.669028039692774,19.190267646719878,-3.287782317490219,-4.732693045249874,0.7,0.05,0.02,0.5,explicit_euler,Predator-prey terms are illustrative and assume continuous well-mixed interaction.
predator_prey_coupled_system,15.8,12.636150216517873,19.14294071626738,-3.2493485722700335,-4.733608868600673,0.7,0.05,0.02,0.5,explicit_euler,Predator-prey terms are illustrative and assume continuous well-mixed interaction.
predator_prey_coupled_system,15.81,12.603656730795173,19.095604627581373,-3.2111625780943527,-4.734313397930298,0.7,0.05,0.02,0.5,explicit_euler,Predator-prey terms are illustrative and assume continuous well-mixed interaction.
predator_prey_coupled_system,15.82,12.571545105014229,19.04826149360207,-3.1732223534362465,-4.734809176022552,0.7,0.05,0.02,0.5,explicit_euler,Predator-prey terms are illustrative and assume continuous well-mixed interaction.
predator_prey_coupled_system,15.83,12.539812881479866,19.000913401841846,-3.1355259147790857,-4.735098728194926,0.7,0.05,0.02,0.5,explicit_euler,Predator-prey terms are illustrative and assume continuous well-mixed interaction.
predator_prey_coupled_system,15.84,12.508457622332076,18.953562414559897,-3.0980712771049728,-4.735184562184979,0.7,0.05,0.02,0.5,explicit_euler,Predator-prey terms are illustrative and assume continuous well-mixed interaction.
predator_prey_coupled_system,15.85,12.477476909561027,18.906210568938047,-3.0608564543684373,-4.735069168044561,0.7,0.05,0.02,0.5,explicit_euler,Predator-prey terms are illustrative and assume continuous well-mixed interaction.
predator_prey_coupled_system,15.860000000000001,12.446868345017343,18.8588598772576,-3.0238794599556247,-4.734755018041694,0.7,0.05,0.02,0.5,explicit_euler,Predator-prey terms are illustrative and assume continuous well-mixed interaction.
predator_prey_coupled_system,15.870000000000001,12.416629550417786,18.811512327077185,-2.987138307129303,-4.734244566569892,0.7,0.05,0.02,0.5,explicit_euler,Predator-prey terms are illustrative and assume continuous well-mixed interaction.
predator_prey_coupled_system,15.88,12.386758167346493,18.764169881411487,-2.9506310094599986,-4.733540250064728,0.7,0.05,0.02,0.5,explicit_euler,Predator-prey terms are illustrative and assume continuous well-mixed interaction.
predator_prey_coupled_system,15.89,12.357251857251892,18.71683447891084,-2.914355581243541,-4.732644486927475,0.7,0.05,0.02,0.5,explicit_euler,Predator-prey terms are illustrative and assume continuous well-mixed interaction.
predator_prey_coupled_system,15.9,12.328108301439457,18.669508034041566,-2.8783100379053046,-4.731559677455614,0.7,0.05,0.02,0.5,explicit_euler,Predator-prey terms are illustrative and assume continuous well-mixed interaction.
predator_prey_coupled_system,15.91,12.299325201060404,18.62219243726701,-2.8424923963914495,-4.730288203780013,0.7,0.05,0.02,0.5,explicit_euler,Predator-prey terms are illustrative and assume continuous well-mixed interaction.
predator_prey_coupled_system,15.92,12.270900277096489,18.57488955522921,-2.806900675547398,-4.728832429808629,0.7,0.05,0.02,0.5,explicit_euler,Predator-prey terms are illustrative and assume continuous well-mixed interaction.
predator_prey_coupled_system,15.93,12.242831270341014,18.527601230931122,-2.771532896483901,-4.727194701176517,0.7,0.05,0.02,0.5,explicit_euler,Predator-prey terms are illustrative and assume continuous well-mixed interaction.
predator_prey_coupled_system,15.94,12.215115941376176,18.480329283919357,-2.7363870829308947,-4.725377345201992,0.7,0.05,0.02,0.5,explicit_euler,Predator-prey terms are illustrative and assume continuous well-mixed interaction.
predator_prey_coupled_system,15.950000000000001,12.187752070546868,18.433075510467336,-2.701461261579446,-4.723382670848768,0.7,0.05,0.02,0.5,explicit_euler,Predator-prey terms are illustrative and assume continuous well-mixed interaction.
predator_prey_coupled_system,15.96,12.160737457931074,18.385841683758848,-2.666753462412087,-4.721212968693889,0.7,0.05,0.02,0.5,explicit_euler,Predator-prey terms are illustrative and assume continuous well-mixed interaction.
predator_prey_coupled_system,15.97,12.134069923306953,18.338629554071908,-2.632261719021731,-4.718870510901315,0.7,0.05,0.02,0.5,explicit_euler,Predator-prey terms are illustrative and assume continuous well-mixed interaction.
predator_prey_coupled_system,15.98,12.107747306116735,18.291440848962896,-2.5979840689194926,-4.716357551200966,0.7,0.05,0.02,0.5,explicit_euler,Predator-prey terms are illustrative and assume continuous well-mixed interaction.
predator_prey_coupled_system,15.99,12.081767465427541,18.244277273450887,-2.5639185538316234,-4.7136763248730835,0.7,0.05,0.02,0.5,explicit_euler,Predator-prey terms are illustrative and assume continuous well-mixed interaction.
predator_prey_coupled_system,16.0,12.056128279889226,18.197140510202157,-2.5300632199858466,-4.710829048737756,0.7,0.05,0.02,0.5,explicit_euler,Predator-prey terms are illustrative and assume continuous well-mixed interaction.
predator_prey_coupled_system,16.01,12.030827647689367,18.15003221971478,-2.496416118387314,-4.707817921149442,0.7,0.05,0.02,0.5,explicit_euler,Predator-prey terms are illustrative and assume continuous well-mixed interaction.
predator_prey_coupled_system,16.02,12.005863486505493,18.10295404050329,-2.4629753050844325,-4.704645121996333,0.7,0.05,0.02,0.5,explicit_euler,Predator-prey terms are illustrative and assume continuous well-mixed interaction.
predator_prey_coupled_system,16.03,11.98123373345465,18.055907589283326,-2.429738841424806,-4.701312812704439,0.7,0.05,0.02,0.5,explicit_euler,Predator-prey terms are illustrative and assume continuous well-mixed interaction.
predator_prey_coupled_system,16.04,11.956936345040402,18.00889446115628,-2.3967047943015345,-4.697823136246214,0.7,0.05,0.02,0.5,explicit_euler,Predator-prey terms are illustrative and assume continuous well-mixed interaction.
predator_prey_coupled_system,16.05,11.932969297097387,17.961916229793818,-2.3638712363900733,-4.6941782171536115,0.7,0.05,0.02,0.5,explicit_euler,Predator-prey terms are illustrative and assume continuous well-mixed interaction.
predator_prey_coupled_system,16.06,11.909330584733485,17.91497444762228,-2.331236246375907,-4.690380161535402,0.7,0.05,0.02,0.5,explicit_euler,Predator-prey terms are illustrative and assume continuous well-mixed interaction.
predator_prey_coupled_system,16.07,11.886018222269726,17.868070646006927,-2.298797909173251,-4.686431057098641,0.7,0.05,0.02,0.5,explicit_euler,Predator-prey terms are illustrative and assume continuous well-mixed interaction.
predator_prey_coupled_system,16.080000000000002,11.863030243177993,17.821206335435942,-2.2665543161349966,-4.682332973174134,0.7,0.05,0.02,0.5,explicit_euler,Predator-prey terms are illustrative and assume continuous well-mixed interaction.
predator_prey_coupled_system,16.09,11.840364700016643,17.774383005704202,-2.2345035652541387,-4.678087960745786,0.7,0.05,0.02,0.5,explicit_euler,Predator-prey terms are illustrative and assume continuous well-mixed interaction.
predator_prey_coupled_system,16.1,11.818019664364101,17.727602126096745,-2.2026437613568373,-4.673698052483688,0.7,0.05,0.02,0.5,explicit_euler,Predator-prey terms are illustrative and assume continuous well-mixed interaction.
predator_prey_coupled_system,16.11,11.795993226750532,17.680865145571907,-2.170973016287416,-4.6691652627808375,0.7,0.05,0.02,0.5,explicit_euler,Predator-prey terms are illustrative and assume continuous well-mixed interaction.
predator_prey_coupled_system,16.12,11.774283496587659,17.6341734929441,-2.139489449085403,-4.664491587793345,0.7,0.05,0.02,0.5,explicit_euler,Predator-prey terms are illustrative and assume continuous well-mixed interaction.
predator_prey_coupled_system,16.13,11.752888602096805,17.587528577066166,-2.108191186154876,-4.659679005484027,0.7,0.05,0.02,0.5,explicit_euler,Predator-prey terms are illustrative and assume continuous well-mixed interaction.
predator_prey_coupled_system,16.14,11.731806690235256,17.540931787011328,-2.0770763614263075,-4.654729475669268,0.7,0.05,0.02,0.5,explicit_euler,Predator-prey terms are illustrative and assume continuous well-mixed interaction.
predator_prey_coupled_system,16.15,11.711035926620994,17.494384492254635,-2.0461431165110646,-4.649644940069013,0.7,0.05,0.02,0.5,explicit_euler,Predator-prey terms are illustrative and assume continuous well-mixed interaction.
predator_prey_coupled_system,16.16,11.690574495455884,17.447888042853947,-2.015389600848785,-4.644427322359813,0.7,0.05,0.02,0.5,explicit_euler,Predator-prey terms are illustrative and assume continuous well-mixed interaction.
predator_prey_coupled_system,16.17,11.670420599447397,17.401443769630347,-1.9848139718478013,-4.639078528230782,0.7,0.05,0.02,0.5,explicit_euler,Predator-prey terms are illustrative and assume continuous well-mixed interaction.
predator_prey_coupled_system,16.18,11.650572459728918,17.35505298434804,-1.95441439501883,-4.633600445442391,0.7,0.05,0.02,0.5,explicit_euler,Predator-prey terms are illustrative and assume continuous well-mixed interaction.
predator_prey_coupled_system,16.19,11.63102831577873,17.308716979893614,-1.9241890441020253,-4.627994943887953,0.7,0.05,0.02,0.5,explicit_euler,Predator-prey terms are illustrative and assume continuous well-mixed interaction.
predator_prey_coupled_system,16.2,11.61178642533771,17.262437030454734,-1.8941361011876676,-4.622263875657741,0.7,0.05,0.02,0.5,explicit_euler,Predator-prey terms are illustrative and assume continuous well-mixed interaction.
predator_prey_coupled_system,16.21,11.592845064325834,17.216214391698156,-1.8642537568305855,-4.616409075105611,0.7,0.05,0.02,0.5,explicit_euler,Predator-prey terms are illustrative and assume continuous well-mixed interaction.
predator_prey_coupled_system,16.22,11.574202526757528,17.1700503009471,-1.8345402101585204,-4.610432358918034,0.7,0.05,0.02,0.5,explicit_euler,Predator-prey terms are illustrative and assume continuous well-mixed interaction.
predator_prey_coupled_system,16.23,11.555857124655942,17.12394597735792,-1.8049936689745891,-4.60433552618546,0.7,0.05,0.02,0.5,explicit_euler,Predator-prey terms are illustrative and assume continuous well-mixed interaction.
predator_prey_coupled_system,16.240000000000002,11.537807187966196,17.077902622096065,-1.7756123498539989,-4.598120358475898,0.7,0.05,0.02,0.5,explicit_euler,Predator-prey terms are illustrative and assume continuous well-mixed interaction.
predator_prey_coupled_system,16.25,11.520051064467657,17.031921418511306,-1.7463944782351746,-4.5917886199106395,0.7,0.05,0.02,0.5,explicit_euler,Predator-prey terms are illustrative and assume continuous well-mixed interaction.
predator_prey_coupled_system,16.26,11.502587119685305,16.9860035323122,-1.7173382885054576,-4.585342057242032,0.7,0.05,0.02,0.5,explicit_euler,Predator-prey terms are illustrative and assume continuous well-mixed interaction.
predator_prey_coupled_system,16.27,11.48541373680025,16.94015011173978,-1.688442024081544,-4.578782399933202,0.7,0.05,0.02,0.5,explicit_euler,Predator-prey terms are illustrative and assume continuous well-mixed interaction.
predator_prey_coupled_system,16.28,11.468529316559435,16.894362287740446,-1.6597039374847675,-4.572111360239674,0.7,0.05,0.02,0.5,explicit_euler,Predator-prey terms are illustrative and assume continuous well-mixed interaction.
predator_prey_coupled_system,16.29,11.451932277184588,16.84864117413805,-1.6311222904114278,-4.56533063329277,0.7,0.05,0.02,0.5,explicit_euler,Predator-prey terms are illustrative and assume continuous well-mixed interaction.
predator_prey_coupled_system,16.3,11.435621054280473,16.802987867805122,-1.60269535379825,-4.5584418971847285,0.7,0.05,0.02,0.5,explicit_euler,Predator-prey terms are illustrative and assume continuous well-mixed interaction.
predator_prey_coupled_system,16.31,11.41959410074249,16.757403448833273,-1.5744214078831726,-4.55144681305547,0.7,0.05,0.02,0.5,explicit_euler,Predator-prey terms are illustrative and assume continuous well-mixed interaction.
predator_prey_coupled_system,16.32,11.403849886663659,16.711888980702717,-1.5462987422615564,-4.544347025180912,0.7,0.05,0.02,0.5,explicit_euler,Predator-prey terms are illustrative and assume continuous well-mixed interaction.
predator_prey_coupled_system,16.330000000000002,11.388386899241043,16.66644551045091,-1.5183256559379625,-4.537144161062778,0.7,0.05,0.02,0.5,explicit_euler,Predator-prey terms are illustrative and assume continuous well-mixed interaction.
predator_prey_coupled_system,16.34,11.373203642681663,16.621074068840283,-1.4905004573736393,-4.529839831519821,0.7,0.05,0.02,0.5,explicit_euler,Predator-prey terms are illustrative and assume continuous well-mixed interaction.
predator_prey_coupled_system,16.35,11.358298638107927,16.575775670525086,-1.4628214645298314,-4.522435630780391,0.7,0.05,0.02,0.5,explicit_euler,Predator-prey terms are illustrative and assume continuous well-mixed interaction.
predator_prey_coupled_system,16.36,11.343670423462628,16.53055131421728,-1.435287004907054,-4.514933136576284,0.7,0.05,0.02,0.5,explicit_euler,Predator-prey terms are illustrative and assume continuous well-mixed interaction.
predator_prey_coupled_system,16.37,11.329317553413558,16.485401982851517,-1.4078954155804286,-4.507333910237792,0.7,0.05,0.02,0.5,explicit_euler,Predator-prey terms are illustrative and assume continuous well-mixed interaction.
predator_prey_coupled_system,16.38,11.315238599257754,16.44032864374914,-1.3806450432312305,-4.499639496789907,0.7,0.05,0.02,0.5,explicit_euler,Predator-prey terms are illustrative and assume continuous well-mixed interaction.
predator_prey_coupled_system,16.39,11.301432148825441,16.39533224878124,-1.3535342441747327,-4.491851425049604,0.7,0.05,0.02,0.5,explicit_euler,Predator-prey terms are illustrative and assume continuous well-mixed interaction.
predator_prey_coupled_system,16.4,11.287896806383694,16.350413734530743,-1.3265613843844983,-4.483971207724139,0.7,0.05,0.02,0.5,explicit_euler,Predator-prey terms are illustrative and assume continuous well-mixed interaction.
predator_prey_coupled_system,16.41,11.274631192539848,16.305574022453502,-1.2997248395131908,-4.476000341510318,0.7,0.05,0.02,0.5,explicit_euler,Predator-prey terms are illustrative and assume continuous well-mixed interaction.
predator_prey_coupled_system,16.42,11.261633944144716,16.2608140190384,-1.273022994910053,-4.467940307194658,0.7,0.05,0.02,0.5,explicit_euler,Predator-prey terms are illustrative and assume continuous well-mixed interaction.
predator_prey_coupled_system,16.43,11.248903714195615,16.216134615966453,-1.2464542456351264,-4.459792569754404,0.7,0.05,0.02,0.5,explicit_euler,Predator-prey terms are illustrative and assume continuous well-mixed interaction.
predator_prey_coupled_system,16.44,11.236439171739264,16.17153669026891,-1.2200169964703305,-4.451558578459329,0.7,0.05,0.02,0.5,explicit_euler,Predator-prey terms are illustrative and assume continuous well-mixed interaction.
predator_prey_coupled_system,16.45,11.22423900177456,16.127021104484314,-1.1937096619275227,-4.443239766974271,0.7,0.05,0.02,0.5,explicit_euler,Predator-prey terms are illustrative and assume continuous well-mixed interaction.
predator_prey_coupled_system,16.46,11.212301905155284,16.082588706814573,-1.1675306662535956,-4.434837553462368,0.7,0.05,0.02,0.5,explicit_euler,Predator-prey terms are illustrative and assume continuous well-mixed interaction.
predator_prey_coupled_system,16.47,11.200626598492748,16.038240331279948,-1.1414784434327432,-4.426353340688907,0.7,0.05,0.02,0.5,explicit_euler,Predator-prey terms are illustrative and assume continuous well-mixed interaction.
predator_prey_coupled_system,16.48,11.189211814058421,15.993976797873058,-1.1155514371859816,-4.417788516125779,0.7,0.05,0.02,0.5,explicit_euler,Predator-prey terms are illustrative and assume continuous well-mixed interaction.
predator_prey_coupled_system,16.490000000000002,11.178056299686562,15.9497989127118,-1.0897481009680092,-4.40914445205646,0.7,0.05,0.02,0.5,explicit_euler,Predator-prey terms are illustrative and assume continuous well-mixed interaction.
predator_prey_coupled_system,16.5,11.167158818676882,15.905707468191236,-1.0640668979615073,-4.4004225056814885,0.7,0.05,0.02,0.5,explicit_euler,Predator-prey terms are illustrative and assume continuous well-mixed interaction.
predator_prey_coupled_system,16.51,11.156518149697266,15.861703243134421,-1.0385063010689732,-4.391624019224388,0.7,0.05,0.02,0.5,explicit_euler,Predator-prey terms are illustrative and assume continuous well-mixed interaction.
predator_prey_coupled_system,16.52,11.146133086686577,15.817787002942177,-1.0130647929021332,-4.382750320037994,0.7,0.05,0.02,0.5,explicit_euler,Predator-prey terms are illustrative and assume continuous well-mixed interaction.
predator_prey_coupled_system,16.53,11.136002438757556,15.773959499741798,-0.9877408657690907,-4.373802720711147,0.7,0.05,0.02,0.5,explicit_euler,Predator-prey terms are illustrative and assume continuous well-mixed interaction.
predator_prey_coupled_system,16.54,11.126125030099866,15.730221472534687,-0.9625330216592225,-4.364782519175693,0.7,0.05,0.02,0.5,explicit_euler,Predator-prey terms are illustrative and assume continuous well-mixed interaction.
predator_prey_coupled_system,16.55,11.116499699883274,15.68657364734293,-0.9374397722259369,-4.355690998813774,0.7,0.05,0.02,0.5,explicit_euler,Predator-prey terms are illustrative and assume continuous well-mixed interaction.
predator_prey_coupled_system,16.56,11.107125302161014,15.643016737354793,-0.9124596387673733,-4.346529428565363,0.7,0.05,0.02,0.5,explicit_euler,Predator-prey terms are illustrative and assume continuous well-mixed interaction.
predator_prey_coupled_system,16.57,11.098000705773341,15.59955144306914,-0.887591152205105,-4.337299063035993,0.7,0.05,0.02,0.5,explicit_euler,Predator-prey terms are illustrative and assume continuous well-mixed interaction.
predator_prey_coupled_system,16.580000000000002,11.08912479425129,15.55617845243878,-0.862832853060925,-4.328001142604659,0.7,0.05,0.02,0.5,explicit_euler,Predator-prey terms are illustrative and assume continuous well-mixed interaction.
predator_prey_coupled_system,16.59,11.080496465720682,15.512898441012734,-0.8381832914317977,-4.318636893531858,0.7,0.05,0.02,0.5,explicit_euler,Predator-prey terms are illustrative and assume continuous well-mixed interaction.
predator_prey_coupled_system,16.6,11.072114632806363,15.469712072077415,-0.8136410269630261,-4.3092075280677165,0.7,0.05,0.02,0.5,explicit_euler,Predator-prey terms are illustrative and assume continuous well-mixed interaction.
predator_prey_coupled_system,16.61,11.063978222536733,15.426619996796738,-0.7892046288197276,-4.299714244560193,0.7,0.05,0.02,0.5,explicit_euler,Predator-prey terms are illustrative and assume continuous well-mixed interaction.
predator_prey_coupled_system,16.62,11.056086176248536,15.383622854351136,-0.7648726756566582,-4.290158227563316,0.7,0.05,0.02,0.5,explicit_euler,Predator-prey terms are illustrative and assume continuous well-mixed interaction.
predator_prey_coupled_system,16.63,11.04843744949197,15.340721272075504,-0.7406437555864764,-4.28054064794541,0.7,0.05,0.02,0.5,explicit_euler,Predator-prey terms are illustrative and assume continuous well-mixed interaction.
predator_prey_coupled_system,16.64,11.041031011936106,15.29791586559605,-0.716516466146496,-4.270862662997318,0.7,0.05,0.02,0.5,explicit_euler,Predator-prey terms are illustrative and assume continuous well-mixed interaction.
predator_prey_coupled_system,16.65,11.03386584727464,15.255207238966076,-0.6924894142639841,-4.261125416540545,0.7,0.05,0.02,0.5,explicit_euler,Predator-prey terms are illustrative and assume continuous well-mixed interaction.
predator_prey_coupled_system,16.66,11.026940953132,15.21259598480067,-0.6685612162200973,-4.251330039035336,0.7,0.05,0.02,0.5,explicit_euler,Predator-prey terms are illustrative and assume continuous well-mixed interaction.
predator_prey_coupled_system,16.67,11.020255340969799,15.170082684410316,-0.6447304976124535,-4.241477647688633,0.7,0.05,0.02,0.5,explicit_euler,Predator-prey terms are illustrative and assume continuous well-mixed interaction.
predator_prey_coupled_system,16.68,11.013808035993675,15.127667907933429,-0.6209958933164694,-4.231569346561898,0.7,0.05,0.02,0.5,explicit_euler,Predator-prey terms are illustrative and assume continuous well-mixed interaction.
predator_prey_coupled_system,16.69,11.00759807706051,15.08535221446781,-0.5973560474454631,-4.221606226678777,0.7,0.05,0.02,0.5,explicit_euler,Predator-prey terms are illustrative and assume continuous well-mixed interaction.
predator_prey_coupled_system,16.7,11.001624516586055,15.043136152201022,-0.5738096133096002,-4.211589366132575,0.7,0.05,0.02,0.5,explicit_euler,Predator-prey terms are illustrative and assume continuous well-mixed interaction.
predator_prey_coupled_system,16.71,10.99588642045296,15.001020258539697,-0.5503552533737492,-4.20151983019352,0.7,0.05,0.02,0.5,explicit_euler,Predator-prey terms are illustrative and assume continuous well-mixed interaction.
predator_prey_coupled_system,16.72,10.990382867919223,14.95900506023776,-0.5269916392142484,-4.191398671415799,0.7,0.05,0.02,0.5,explicit_euler,Predator-prey terms are illustrative and assume continuous well-mixed interaction.
predator_prey_coupled_system,16.73,10.98511295152708,14.917091073523602,-0.5037174514747003,-4.181226929744339,0.7,0.05,0.02,0.5,explicit_euler,Predator-prey terms are illustrative and assume continuous well-mixed interaction.
predator_prey_coupled_system,16.740000000000002,10.980075777012333,14.87527880422616,-0.48053137982079797,-4.171005632621307,0.7,0.05,0.02,0.5,explicit_euler,Predator-prey terms are illustrative and assume continuous well-mixed interaction.
predator_prey_coupled_system,16.75,10.975270463214125,14.833568747899946,-0.4574321228942342,-4.160735795092325,0.7,0.05,0.02,0.5,explicit_euler,Predator-prey terms are illustrative and assume continuous well-mixed interaction.
predator_prey_coupled_system,16.76,10.970696141985183,14.791961389949023,-0.4344183882657493,-4.150418419912361,0.7,0.05,0.02,0.5,explicit_euler,Predator-prey terms are illustrative and assume continuous well-mixed interaction.
predator_prey_coupled_system,16.77,10.966351958102525,14.7504572057499,-0.4114888923873794,-4.140054497651292,0.7,0.05,0.02,0.5,explicit_euler,Predator-prey terms are illustrative and assume continuous well-mixed interaction.
predator_prey_coupled_system,16.78,10.96223706917865,14.709056660773387,-0.388642360543904,-4.129645006799111,0.7,0.05,0.02,0.5,explicit_euler,Predator-prey terms are illustrative and assume continuous well-mixed interaction.
predator_prey_coupled_system,16.79,10.958350645573212,14.667760210705396,-0.36587752680357877,-4.119190913870767,0.7,0.05,0.02,0.5,explicit_euler,Predator-prey terms are illustrative and assume continuous well-mixed interaction.
predator_prey_coupled_system,16.8,10.954691870305176,14.626568301566689,-0.3431931339681773,-4.108693173510625,0.7,0.05,0.02,0.5,explicit_euler,Predator-prey terms are illustrative and assume continuous well-mixed interaction.
predator_prey_coupled_system,16.81,10.951259938965494,14.585481369831582,-0.32058793352236314,-4.098152728596507,0.7,0.05,0.02,0.5,explicit_euler,Predator-prey terms are illustrative and assume continuous well-mixed interaction.
predator_prey_coupled_system,16.82,10.948054059630271,14.544499842545617,-0.298060685582481,-4.08757051034334,0.7,0.05,0.02,0.5,explicit_euler,Predator-prey terms are illustrative and assume continuous well-mixed interaction.
predator_prey_coupled_system,16.830000000000002,10.945073452774446,14.503624137442184,-0.2756101588447448,-4.07694743840635,0.7,0.05,0.02,0.5,explicit_euler,Predator-prey terms are illustrative and assume continuous well-mixed interaction.
predator_prey_coupled_system,16.84,10.942317351185999,14.46285466305812,-0.2532351305329126,-4.066284420983816,0.7,0.05,0.02,0.5,explicit_euler,Predator-prey terms are illustrative and assume continuous well-mixed interaction.
predator_prey_coupled_system,16.85,10.93978499988067,14.422191818848283,-0.2309343863454396,-4.055582354919379,0.7,0.05,0.02,0.5,explicit_euler,Predator-prey terms are illustrative and assume continuous well-mixed interaction.
predator_prey_coupled_system,16.86,10.937475656017217,14.381635995299089,-0.2087067204021844,-4.04484212580385,0.7,0.05,0.02,0.5,explicit_euler,Predator-prey terms are illustrative and assume continuous well-mixed interaction.
predator_prey_coupled_system,16.87,10.935388588813195,14.34118757404105,-0.18655093519066934,-4.034064608076563,0.7,0.05,0.02,0.5,explicit_euler,Predator-prey terms are illustrative and assume continuous well-mixed interaction.
predator_prey_coupled_system,16.88,10.933523079461288,14.300846927960285,-0.16446584151194088,-4.023250665126206,0.7,0.05,0.02,0.5,explicit_euler,Predator-prey terms are illustrative and assume continuous well-mixed interaction.
predator_prey_coupled_system,16.89,10.93187842104617,14.260614421309022,-0.14245025842607806,-4.012401149391152,0.7,0.05,0.02,0.5,explicit_euler,Predator-prey terms are illustrative and assume continuous well-mixed interaction.
predator_prey_coupled_system,16.9,10.93045391846191,14.22049040981511,-0.12050301319734213,-4.001516902459283,0.7,0.05,0.02,0.5,explicit_euler,Predator-prey terms are illustrative and assume continuous well-mixed interaction.
predator_prey_coupled_system,16.91,10.929248888329935,14.180475240790518,-0.09862294123904292,-3.99059875516726,0.7,0.05,0.02,0.5,explicit_euler,Predator-prey terms are illustrative and assume continuous well-mixed interaction.
predator_prey_coupled_system,16.92,10.928262658917545,14.140569253238844,-0.07680888605810043,-3.9796475276992695,0.7,0.05,0.02,0.5,explicit_euler,Predator-prey terms are illustrative and assume continuous well-mixed interaction.
predator_prey_coupled_system,16.93,10.927494570056963,14.100772777961852,-0.05505969919938636,-3.9686640296852227,0.7,0.05,0.02,0.5,explicit_euler,Predator-prey terms are illustrative and assume continuous well-mixed interaction.
predator_prey_coupled_system,16.94,10.926943973064969,14.061086137665,-0.03337424018982027,-3.957649060298381,0.7,0.05,0.02,0.5,explicit_euler,Predator-prey terms are illustrative and assume continuous well-mixed interaction.
predator_prey_coupled_system,16.95,10.926610230663071,14.021509647062016,-0.011751376482290077,-3.946603408352433,0.7,0.05,0.02,0.5,explicit_euler,Predator-prey terms are illustrative and assume continuous well-mixed interaction.
predator_prey_coupled_system,16.96,10.926492716898249,13.982043612978492,0.009810016600615867,-3.9355278523979824,0.7,0.05,0.02,0.5,explicit_euler,Predator-prey terms are illustrative and assume continuous well-mixed interaction.
predator_prey_coupled_system,16.97,10.926590817064255,13.942688334454512,0.03131105592299832,-3.9244231608184643,0.7,0.05,0.02,0.5,explicit_euler,Predator-prey terms are illustrative and assume continuous well-mixed interaction.
predator_prey_coupled_system,16.98,10.926903927623485,13.903444102846327,0.052752850592182376,-3.9132900919254614,0.7,0.05,0.02,0.5,explicit_euler,Predator-prey terms are illustrative and assume continuous well-mixed interaction.
predator_prey_coupled_system,16.990000000000002,10.927431456129407,13.864311201927073,0.07413650201532462,-3.9021293940534325,0.7,0.05,0.02,0.5,explicit_euler,Predator-prey terms are illustrative and assume continuous well-mixed interaction.
predator_prey_coupled_system,17.0,10.928172821149559,13.825289907986539,0.09546310395610114,-3.8909418056538336,0.7,0.05,0.02,0.5,explicit_euler,Predator-prey terms are illustrative and assume continuous well-mixed interaction.
predator_prey_coupled_system,17.01,10.92912745218912,13.78638048993,0.1167337425914603,-3.879728055388631,0.7,0.05,0.02,0.5,explicit_euler,Predator-prey terms are illustrative and assume continuous well-mixed interaction.
predator_prey_coupled_system,17.02,10.930294789615035,13.747583209376113,0.13794949656838007,-3.868488862223199,0.7,0.05,0.02,0.5,explicit_euler,Predator-prey terms are illustrative and assume continuous well-mixed interaction.
predator_prey_coupled_system,17.03,10.931674284580719,13.708898320753882,0.1591114370606519,-3.8572249355186004,0.7,0.05,0.02,0.5,explicit_euler,Predator-prey terms are illustrative and assume continuous well-mixed interaction.
predator_prey_coupled_system,17.04,10.933265398951326,13.670326071398696,0.18022062782564863,-3.8459369751232364,0.7,0.05,0.02,0.5,explicit_euler,Predator-prey terms are illustrative and assume continuous well-mixed interaction.
predator_prey_coupled_system,17.05,10.935067605229582,13.631866701647464,0.20127812526105604,-3.8346256714638716,0.7,0.05,0.02,0.5,explicit_euler,Predator-prey terms are illustrative and assume continuous well-mixed interaction.
predator_prey_coupled_system,17.06,10.937080386482192,13.593520444932825,0.22228497846155992,-3.8232917056360227,0.7,0.05,0.02,0.5,explicit_euler,Predator-prey terms are illustrative and assume continuous well-mixed interaction.
predator_prey_coupled_system,17.07,10.939303236266808,13.555287527876464,0.24324222927545947,-3.8119357494937103,0.7,0.05,0.02,0.5,explicit_euler,Predator-prey terms are illustrative and assume continuous well-mixed interaction.
predator_prey_coupled_system,17.080000000000002,10.941735658559562,13.517168170381527,0.2641509123611998,-3.800558465738566,0.7,0.05,0.02,0.5,explicit_euler,Predator-prey terms are illustrative and assume continuous well-mixed interaction.
predator_prey_coupled_system,17.09,10.944377167683173,13.479162585724142,0.2850120552437909,-3.7891605080082993,0.7,0.05,0.02,0.5,explicit_euler,Predator-prey terms are illustrative and assume continuous well-mixed interaction.
predator_prey_coupled_system,17.1,10.947227288235611,13.44127098064406,0.30582667837112254,-3.777742520964508,0.7,0.05,0.02,0.5,explicit_euler,Predator-prey terms are illustrative and assume continuous well-mixed interaction.
predator_prey_coupled_system,17.11,10.950285555019322,13.403493555434414,0.3265957951701228,-3.7663051403798464,0.7,0.05,0.02,0.5,explicit_euler,Predator-prey terms are illustrative and assume continuous well-mixed interaction.
predator_prey_coupled_system,17.12,10.953551512971023,13.365830504030615,0.34732041210277576,-3.754848993224532,0.7,0.05,0.02,0.5,explicit_euler,Predator-prey terms are illustrative and assume continuous well-mixed interaction.
predator_prey_coupled_system,17.13,10.95702471709205,13.32828201409837,0.36800152872197245,-3.7433746977521998,0.7,0.05,0.02,0.5,explicit_euler,Predator-prey terms are illustrative and assume continuous well-mixed interaction.
predator_prey_coupled_system,17.14,10.96070473237927,13.290848267120849,0.3886401377271733,-3.7318828635850982,0.7,0.05,0.02,0.5,explicit_euler,Predator-prey terms are illustrative and assume continuous well-mixed interaction.
predator_prey_coupled_system,17.150000000000002,10.964591133756542,13.253529438484998,0.4092372250198819,-3.7203740917986203,0.7,0.05,0.02,0.5,explicit_euler,Predator-prey terms are illustrative and assume continuous well-mixed interaction.
predator_prey_coupled_system,17.16,10.968683506006741,13.216325697567012,0.42979376975890204,-3.7088489750051794,0.7,0.05,0.02,0.5,explicit_euler,Predator-prey terms are illustrative and assume continuous well-mixed interaction.
predator_prey_coupled_system,17.17,10.97298144370433,13.17923720781696,0.4503107444153711,-3.697308097437417,0.7,0.05,0.02,0.5,explicit_euler,Predator-prey terms are illustrative and assume continuous well-mixed interaction.
predator_prey_coupled_system,17.18,10.977484551148482,13.142264126842587,0.4707891148275669,-3.6857520350307458,0.7,0.05,0.02,0.5,explicit_euler,Predator-prey terms are illustrative and assume continuous well-mixed interaction.
predator_prey_coupled_system,17.19,10.982192442296757,13.105406606492279,0.49122984025545513,-3.6741813555052296,0.7,0.05,0.02,0.5,explicit_euler,Predator-prey terms are illustrative and assume continuous well-mixed interaction.
predator_prey_coupled_system,17.2,10.987104740699312,13.068664792937227,0.5116338734349783,-3.6625966184467975,0.7,0.05,0.02,0.5,explicit_euler,Predator-prey terms are illustrative and assume continuous well-mixed interaction.
predator_prey_coupled_system,17.21,10.992221079433662,13.032038826752759,0.532002160632083,-3.6509983753877875,0.7,0.05,0.02,0.5,explicit_euler,Predator-prey terms are illustrative and assume continuous well-mixed interaction.
predator_prey_coupled_system,17.22,10.997541101039984,12.995528842998882,0.5523356416964482,-3.6393871698868248,0.7,0.05,0.02,0.5,explicit_euler,Predator-prey terms are illustrative and assume continuous well-mixed interaction.
predator_prey_coupled_system,17.23,11.003064457456947,12.959134971300013,0.572635250114935,-3.627763537608036,0.7,0.05,0.02,0.5,explicit_euler,Predator-prey terms are illustrative and assume continuous well-mixed interaction.
predator_prey_coupled_system,17.240000000000002,11.008790809958096,12.922857335923933,0.5929019130647184,-3.6161280063995873,0.7,0.05,0.02,0.5,explicit_euler,Predator-prey terms are illustrative and assume continuous well-mixed interaction.
predator_prey_coupled_system,17.25,11.014719829088744,12.886696055859938,0.6131365514661118,-3.6044810963715657,0.7,0.05,0.02,0.5,explicit_euler,Predator-prey terms are illustrative and assume continuous well-mixed interaction.
predator_prey_coupled_system,17.26,11.020851194603406,12.850651244896222,0.6333400800350697,-3.5928233199731854,0.7,0.05,0.02,0.5,explicit_euler,Predator-prey terms are illustrative and assume continuous well-mixed interaction.
predator_prey_coupled_system,17.27,11.027184595403757,12.81472301169649,0.6535134073353515,-3.5811551820693337,0.7,0.05,0.02,0.5,explicit_euler,Predator-prey terms are illustrative and assume continuous well-mixed interaction.
predator_prey_coupled_system,17.28,11.03371972947711,12.778911459875797,0.6736574358303402,-3.5694771800164444,0.7,0.05,0.02,0.5,explicit_euler,Predator-prey terms are illustrative and assume continuous well-mixed interaction.
predator_prey_coupled_system,17.29,11.040456303835413,12.743216688075632,0.6937730619345261,-3.5577898037377116,0.7,0.05,0.02,0.5,explicit_euler,Predator-prey terms are illustrative and assume continuous well-mixed interaction.
predator_prey_coupled_system,17.3,11.047394034454758,12.707638790038255,0.7138611760646052,-3.5460935357976373,0.7,0.05,0.02,0.5,explicit_euler,Predator-prey terms are illustrative and assume continuous well-mixed interaction.
predator_prey_coupled_system,17.31,11.054532646215405,12.672177854680278,0.7339226626902313,-3.5343888514759185,0.7,0.05,0.02,0.5,explicit_euler,Predator-prey terms are illustrative and assume continuous well-mixed interaction.
predator_prey_coupled_system,17.32,11.061871872842307,12.636833966165518,0.7539584003843816,-3.522676218840666,0.7,0.05,0.02,0.5,explicit_euler,Predator-prey terms are illustrative and assume continuous well-mixed interaction.
predator_prey_coupled_system,17.330000000000002,11.06941145684615,12.601607203977112,0.7739692618733427,-3.510956098820971,0.7,0.05,0.02,0.5,explicit_euler,Predator-prey terms are illustrative and assume continuous well-mixed interaction.
predator_prey_coupled_system,17.34,11.077151149464884,12.566497642988903,0.7939561140863045,-3.499228945278806,0.7,0.05,0.02,0.5,explicit_euler,Predator-prey terms are illustrative and assume continuous well-mixed interaction.
predator_prey_coupled_system,17.35,11.085090710605748,12.531505353536115,0.8139198182045542,-3.4874952050802697,0.7,0.05,0.02,0.5,explicit_euler,Predator-prey terms are illustrative and assume continuous well-mixed interaction.
predator_prey_coupled_system,17.36,11.093229908787793,12.496630401485312,0.8338612297102701,-3.4757553181661827,0.7,0.05,0.02,0.5,explicit_euler,Predator-prey terms are illustrative and assume continuous well-mixed interaction.
predator_prey_coupled_system,17.37,11.101568521084895,12.461872848303651,0.8537811984349073,-3.464009717622018,0.7,0.05,0.02,0.5,explicit_euler,Predator-prey terms are illustrative and assume continuous well-mixed interaction.
predator_prey_coupled_system,17.38,11.110106333069243,12.42723275112743,0.8736805686071509,-3.4522588297471875,0.7,0.05,0.02,0.5,explicit_euler,Predator-prey terms are illustrative and assume continuous well-mixed interaction.
predator_prey_coupled_system,17.39,11.118843138755315,12.392710162829959,0.8935601789004632,-3.4405030741236766,0.7,0.05,0.02,0.5,explicit_euler,Predator-prey terms are illustrative and assume continuous well-mixed interaction.
predator_prey_coupled_system,17.400000000000002,11.12777874054432,12.358305132088722,0.9134208624801916,-3.428742863684028,0.7,0.05,0.02,0.5,explicit_euler,Predator-prey terms are illustrative and assume continuous well-mixed interaction.
predator_prey_coupled_system,17.41,11.136912949169123,12.324017703451881,0.9332634470502468,-3.416978604778685,0.7,0.05,0.02,0.5,explicit_euler,Predator-prey terms are illustrative and assume continuous well-mixed interaction.
predator_prey_coupled_system,17.42,11.146245583639624,12.289847917404094,0.9530887548993352,-3.4052106972426865,0.7,0.05,0.02,0.5,explicit_euler,Predator-prey terms are illustrative and assume continuous well-mixed interaction.
predator_prey_coupled_system,17.43,11.155776471188618,12.255795810431668,0.97289760294675,-3.393439534461721,0.7,0.05,0.02,0.5,explicit_euler,Predator-prey terms are illustrative and assume continuous well-mixed interaction.
predator_prey_coupled_system,17.44,11.165505447218086,12.22186141508705,0.9926908027877088,-3.381665503437545,0.7,0.05,0.02,0.5,explicit_euler,Predator-prey terms are illustrative and assume continuous well-mixed interaction.
predator_prey_coupled_system,17.45,11.175432355245963,12.188044760052675,1.012469160738239,-3.369888984852764,0.7,0.05,0.02,0.5,explicit_euler,Predator-prey terms are illustrative and assume continuous well-mixed interaction.
predator_prey_coupled_system,17.46,11.185557046853345,12.154345870204146,1.0322334778795996,-3.3581103531349763,0.7,0.05,0.02,0.5,explicit_euler,Predator-prey terms are illustrative and assume continuous well-mixed interaction.
predator_prey_coupled_system,17.47,11.19587938163214,12.120764766672796,1.051984550102235,-3.3463299765202925,0.7,0.05,0.02,0.5,explicit_euler,Predator-prey terms are illustrative and assume continuous well-mixed interaction.
predator_prey_coupled_system,17.48,11.206399227133163,12.087301466907594,1.0717231681492736,-3.3345482171162204,0.7,0.05,0.02,0.5,explicit_euler,Predator-prey terms are illustrative and assume continuous well-mixed interaction.
predator_prey_coupled_system,17.490000000000002,11.217116458814656,12.053955984736431,1.0914501176595355,-3.3227654309639267,0.7,0.05,0.02,0.5,explicit_euler,Predator-prey terms are illustrative and assume continuous well-mixed interaction.
predator_prey_coupled_system,17.5,11.228030959991251,12.020728330426792,1.1111661792100778,-3.3109819680998767,0.7,0.05,0.02,0.5,explicit_euler,Predator-prey terms are illustrative and assume continuous well-mixed interaction.
predator_prey_coupled_system,17.51,11.239142621783353,11.987618510745794,1.1308721283582397,-3.299198172616854,0.7,0.05,0.02,0.5,explicit_euler,Predator-prey terms are illustrative and assume continuous well-mixed interaction.
predator_prey_coupled_system,17.52,11.250451343066935,11.954626529019626,1.1505687356832306,-3.287414382724364,0.7,0.05,0.02,0.5,explicit_euler,Predator-prey terms are illustrative and assume continuous well-mixed interaction.
predator_prey_coupled_system,17.53,11.261957030423767,11.921752385192383,1.1702567668272028,-3.275630930808418,0.7,0.05,0.02,0.5,explicit_euler,Predator-prey terms are illustrative and assume continuous well-mixed interaction.
predator_prey_coupled_system,17.54,11.273659598092038,11.888996075884299,1.189936982535846,-3.2638481434907174,0.7,0.05,0.02,0.5,explicit_euler,Predator-prey terms are illustrative and assume continuous well-mixed interaction.
predator_prey_coupled_system,17.55,11.285558967917398,11.856357594449392,1.2096101386984843,-3.2520663416872186,0.7,0.05,0.02,0.5,explicit_euler,Predator-prey terms are illustrative and assume continuous well-mixed interaction.
predator_prey_coupled_system,17.56,11.297655069304383,11.82383693103252,1.2292769863876707,-3.2402858406661013,0.7,0.05,0.02,0.5,explicit_euler,Predator-prey terms are illustrative and assume continuous well-mixed interaction.
predator_prey_coupled_system,17.57,11.30994783916826,11.79143407262586,1.2489382718982895,-3.228506950105133,0.7,0.05,0.02,0.5,explicit_euler,Predator-prey terms are illustrative and assume continuous well-mixed interaction.
predator_prey_coupled_system,17.580000000000002,11.322437221887242,11.759149003124808,1.268594736786139,-3.216729974148432,0.7,0.05,0.02,0.5,explicit_euler,Predator-prey terms are illustrative and assume continuous well-mixed interaction.
predator_prey_coupled_system,17.59,11.335123169255104,11.726981703383323,1.288247117906022,-3.2049552114626416,0.7,0.05,0.02,0.5,explicit_euler,Predator-prey terms are illustrative and assume continuous well-mixed interaction.
predator_prey_coupled_system,17.6,11.348005640434163,11.694932151268697,1.3078961474493127,-3.193182955292508,0.7,0.05,0.02,0.5,explicit_euler,Predator-prey terms are illustrative and assume continuous well-mixed interaction.
predator_prey_coupled_system,17.61,11.361084601908656,11.663000321715773,1.3275425529810203,-3.181413493515871,0.7,0.05,0.02,0.5,explicit_euler,Predator-prey terms are illustrative and assume continuous well-mixed interaction.
predator_prey_coupled_system,17.62,11.374360027438467,11.631186186780614,1.347187057476333,-3.1696471086980695,0.7,0.05,0.02,0.5,explicit_euler,Predator-prey terms are illustrative and assume continuous well-mixed interaction.
predator_prey_coupled_system,17.63,11.38783189801323,11.599489715693633,1.3668303793566423,-3.157884078145769,0.7,0.05,0.02,0.5,explicit_euler,Predator-prey terms are illustrative and assume continuous well-mixed interaction.
predator_prey_coupled_system,17.64,11.401500201806797,11.567910874912174,1.3864732325250477,-3.146124673960203,0.7,0.05,0.02,0.5,explicit_euler,Predator-prey terms are illustrative and assume continuous well-mixed interaction.
predator_prey_coupled_system,17.650000000000002,11.415364934132048,11.536449628172573,1.4061163264013379,-3.1343691630898487,0.7,0.05,0.02,0.5,explicit_euler,Predator-prey terms are illustrative and assume continuous well-mixed interaction.
predator_prey_coupled_system,17.66,11.429426097396062,11.505105936541675,1.425760365956453,-3.1226178073825217,0.7,0.05,0.02,0.5,explicit_euler,Predator-prey terms are illustrative and assume continuous well-mixed interaction.
predator_prey_coupled_system,17.67,11.443683701055626,11.473879758467849,1.4454060517464082,-3.1108708636369125,0.7,0.05,0.02,0.5,explicit_euler,Predator-prey terms are illustrative and assume continuous well-mixed interaction.
predator_prey_coupled_system,17.68,11.45813776157309,11.44277104983148,1.4650540799456913,-3.0991285836535516,0.7,0.05,0.02,0.5,explicit_euler,Predator-prey terms are illustrative and assume continuous well-mixed interaction.
predator_prey_coupled_system,17.69,11.472788302372546,11.411779763994945,1.4847051423801334,-3.0873912142852133,0.7,0.05,0.02,0.5,explicit_euler,Predator-prey terms are illustrative and assume continuous well-mixed interaction.
predator_prey_coupled_system,17.7,11.487635353796348,11.380905851852093,1.5043599265592498,-3.0756589974867694,0.7,0.05,0.02,0.5,explicit_euler,Predator-prey terms are illustrative and assume continuous well-mixed interaction.
predator_prey_coupled_system,17.71,11.50267895306194,11.350149261877226,1.5240191157080236,-3.0639321703644793,0.7,0.05,0.02,0.5,explicit_euler,Predator-prey terms are illustrative and assume continuous well-mixed interaction.
predator_prey_coupled_system,17.72,11.51791914421902,11.319509940173582,1.5436833887981738,-3.052210965224735,0.7,0.05,0.02,0.5,explicit_euler,Predator-prey terms are illustrative and assume continuous well-mixed interaction.
predator_prey_coupled_system,17.73,11.533355978107002,11.288987830521334,1.5633534205788795,-3.040495609622259,0.7,0.05,0.02,0.5,explicit_euler,Predator-prey terms are illustrative and assume continuous well-mixed interaction.
predator_prey_coupled_system,17.740000000000002,11.54898951231279,11.25858287442511,1.5830298816069535,-3.0287863264077552,0.7,0.05,0.02,0.5,explicit_euler,Predator-prey terms are illustrative and assume continuous well-mixed interaction.
predator_prey_coupled_system,17.75,11.56481981112886,11.228295011161032,1.6027134382764778,-3.017083333775027,0.7,0.05,0.02,0.5,explicit_euler,Predator-prey terms are illustrative and assume continuous well-mixed interaction.
predator_prey_coupled_system,17.76,11.580846945511626,11.198124177823281,1.6224047528479053,-3.005386845307548,0.7,0.05,0.02,0.5,explicit_euler,Predator-prey terms are illustrative and assume continuous well-mixed interaction.
predator_prey_coupled_system,17.77,11.597070993040104,11.168070309370206,1.64210448347659,-2.9936970700245102,0.7,0.05,0.02,0.5,explicit_euler,Predator-prey terms are illustrative and assume continuous well-mixed interaction.
predator_prey_coupled_system,17.78,11.61349203787487,11.138133338669961,1.6618132842407967,-2.982014212426336,0.7,0.05,0.02,0.5,explicit_euler,Predator-prey terms are illustrative and assume continuous well-mixed interaction.
predator_prey_coupled_system,17.79,11.630110170717279,11.108313196545698,1.6815318051691408,-2.9703384725396673,0.7,0.05,0.02,0.5,explicit_euler,Predator-prey terms are illustrative and assume continuous well-mixed interaction.
predator_prey_coupled_system,17.8,11.64692548876897,11.078609811820302,1.7012606922674847,-2.9586700459618336,0.7,0.05,0.02,0.5,explicit_euler,Predator-prey terms are illustrative and assume continuous well-mixed interaction.
predator_prey_coupled_system,17.81,11.663938095691645,11.049023111360684,1.7210005875452836,-2.9470091239047957,0.7,0.05,0.02,0.5,explicit_euler,Predator-prey terms are illustrative and assume continuous well-mixed interaction.
predator_prey_coupled_system,17.82,11.681148101567098,11.019553020121636,1.7407521290413763,-2.9353558932385813,0.7,0.05,0.02,0.5,explicit_euler,Predator-prey terms are illustrative and assume continuous well-mixed interaction.
predator_prey_coupled_system,17.830000000000002,11.698555622857512,10.99019946118925,1.7605159508492036,-2.923710536534203,0.7,0.05,0.02,0.5,explicit_euler,Predator-prey terms are illustrative and assume continuous well-mixed interaction.
predator_prey_coupled_system,17.84,11.716160782366003,10.96096235582391,1.7802926831414947,-2.9120732321060716,0.7,0.05,0.02,0.5,explicit_euler,Predator-prey terms are illustrative and assume continuous well-mixed interaction.
predator_prey_coupled_system,17.85,11.733963709197418,10.931841623502848,1.8000829521943817,-2.9004441540538997,0.7,0.05,0.02,0.5,explicit_euler,Predator-prey terms are illustrative and assume continuous well-mixed interaction.
predator_prey_coupled_system,17.86,11.751964538719362,10.902837181962308,1.819887380410953,-2.8888234723041144,0.7,0.05,0.02,0.5,explicit_euler,Predator-prey terms are illustrative and assume continuous well-mixed interaction.
predator_prey_coupled_system,17.87,11.770163412523472,10.873948947239267,1.839706586344243,-2.877211352650759,0.7,0.05,0.02,0.5,explicit_euler,Predator-prey terms are illustrative and assume continuous well-mixed interaction.
predator_prey_coupled_system,17.88,11.788560478386914,10.84517683371276,1.859541184719661,-2.8656079567959085,0.7,0.05,0.02,0.5,explicit_euler,Predator-prey terms are illustrative and assume continuous well-mixed interaction.
predator_prey_coupled_system,17.89,11.80715589023411,10.8165207541448,1.8793917864568623,-2.8540134423895944,0.7,0.05,0.02,0.5,explicit_euler,Predator-prey terms are illustrative and assume continuous well-mixed interaction.
predator_prey_coupled_system,17.900000000000002,11.82594980809868,10.787980619720905,1.8992589986910389,-2.8424279630692384,0.7,0.05,0.02,0.5,explicit_euler,Predator-prey terms are illustrative and assume continuous well-mixed interaction.
predator_prey_coupled_system,17.91,11.844942398085589,10.759556340090212,1.9191434247936536,-2.8308516684986027,0.7,0.05,0.02,0.5,explicit_euler,Predator-prey terms are illustrative and assume continuous well-mixed interaction.
predator_prey_coupled_system,17.92,11.864133832333525,10.731247823405226,1.9390456643925953,-2.819284704406264,0.7,0.05,0.02,0.5,explicit_euler,Predator-prey terms are illustrative and assume continuous well-mixed interaction.
predator_prey_coupled_system,17.93,11.883524288977451,10.703054976361164,1.9589663133917714,-2.807727212623605,0.7,0.05,0.02,0.5,explicit_euler,Predator-prey terms are illustrative and assume continuous well-mixed interaction.
predator_prey_coupled_system,17.94,11.903113952111369,10.674977704234928,1.9789059639901305,-2.796179331122333,0.7,0.05,0.02,0.5,explicit_euler,Predator-prey terms are illustrative and assume continuous well-mixed interaction.
predator_prey_coupled_system,17.95,11.92290301175127,10.647015910923704,1.998865204700091,-2.7846411940515337,0.7,0.05,0.02,0.5,explicit_euler,Predator-prey terms are illustrative and assume continuous well-mixed interaction.
predator_prey_coupled_system,17.96,11.942891663798271,10.619169498983188,2.0188446203654298,-2.7731129317742504,0.7,0.05,0.02,0.5,explicit_euler,Predator-prey terms are illustrative and assume continuous well-mixed interaction.
predator_prey_coupled_system,17.97,11.963080110001926,10.591438369665445,2.0388447921785504,-2.7615946709036043,0.7,0.05,0.02,0.5,explicit_euler,Predator-prey terms are illustrative and assume continuous well-mixed interaction.
predator_prey_coupled_system,17.98,11.983468557923711,10.56382242295641,2.058866297697217,-2.7500865343384526,0.7,0.05,0.02,0.5,explicit_euler,Predator-prey terms are illustrative and assume continuous well-mixed interaction.
predator_prey_coupled_system,17.990000000000002,12.004057220900684,10.536321557613025,2.0789097108606676,-2.738588641298589,0.7,0.05,0.02,0.5,explicit_euler,Predator-prey terms are illustrative and assume continuous well-mixed interaction.
predator_prey_coupled_system,18.0,12.02484631800929,10.508935671200039,2.098975602005188,-2.727101107359494,0.7,0.05,0.02,0.5,explicit_euler,Predator-prey terms are illustrative and assume continuous well-mixed interaction.
predator_prey_coupled_system,18.01,12.045836074029342,10.481664660126444,2.1190645378790567,-2.7156240444866295,0.7,0.05,0.02,0.5,explicit_euler,Predator-prey terms are illustrative and assume continuous well-mixed interaction.
predator_prey_coupled_system,18.02,12.067026719408133,10.454508419681579,2.139177081656947,-2.7041575610692914,0.7,0.05,0.02,0.5,explicit_euler,Predator-prey terms are illustrative and assume continuous well-mixed interaction.
predator_prey_coupled_system,18.03,12.088418490224702,10.427466844070887,2.1593137929537143,-2.692701761954013,0.7,0.05,0.02,0.5,explicit_euler,Predator-prey terms are illustrative and assume continuous well-mixed interaction.
predator_prey_coupled_system,18.04,12.11001162815424,10.400539826451347,2.179475227837613,-2.681256748477532,0.7,0.05,0.02,0.5,explicit_euler,Predator-prey terms are illustrative and assume continuous well-mixed interaction.
predator_prey_coupled_system,18.05,12.131806380432616,10.373727258966571,2.199661938842911,-2.6698226184993175,0.7,0.05,0.02,0.5,explicit_euler,Predator-prey terms are illustrative and assume continuous well-mixed interaction.
predator_prey_coupled_system,18.06,12.153802999821044,10.347029032781577,2.2198744749819213,-2.658399466433665,0.7,0.05,0.02,0.5,explicit_euler,Predator-prey terms are illustrative and assume continuous well-mixed interaction.
predator_prey_coupled_system,18.07,12.176001744570863,10.32044503811724,2.2401133817564416,-2.6469873832813557,0.7,0.05,0.02,0.5,explicit_euler,Predator-prey terms are illustrative and assume continuous well-mixed interaction.
predator_prey_coupled_system,18.080000000000002,12.198402878388427,10.293975164284427,2.2603792011685906,-2.635586456660891,0.7,0.05,0.02,0.5,explicit_euler,Predator-prey terms are illustrative and assume continuous well-mixed interaction.
predator_prey_coupled_system,18.09,12.221006670400113,10.267619299717818,2.2806724717310587,-2.6241967708393013,0.7,0.05,0.02,0.5,explicit_euler,Predator-prey terms are illustrative and assume continuous well-mixed interaction.
predator_prey_coupled_system,18.1,12.243813395117424,10.241377332009426,2.300993728476749,-2.6128184067625337,0.7,0.05,0.02,0.5,explicit_euler,Predator-prey terms are illustrative and assume continuous well-mixed interaction.
predator_prey_coupled_system,18.11,12.266823332402192,10.215249147941801,2.321343502967829,-2.6014514420854185,0.7,0.05,0.02,0.5,explicit_euler,Predator-prey terms are illustrative and assume continuous well-mixed interaction.
predator_prey_coupled_system,18.12,12.29003676743187,10.189234633520947,2.341722323304176,-2.5900959512012207,0.7,0.05,0.02,0.5,explicit_euler,Predator-prey terms are illustrative and assume continuous well-mixed interaction.
predator_prey_coupled_system,18.13,12.313453990664911,10.163333674008934,2.3621307141312187,-2.578752005270779,0.7,0.05,0.02,0.5,explicit_euler,Predator-prey terms are illustrative and assume continuous well-mixed interaction.
predator_prey_coupled_system,18.14,12.337075297806223,10.137546153956226,2.3825691966471627,-2.567419672251236,0.7,0.05,0.02,0.5,explicit_euler,Predator-prey terms are illustrative and assume continuous well-mixed interaction.
predator_prey_coupled_system,18.150000000000002,12.360900989772695,10.111871957233713,2.403038288609636,-2.556099016924357,0.7,0.05,0.02,0.5,explicit_euler,Predator-prey terms are illustrative and assume continuous well-mixed interaction.
predator_prey_coupled_system,18.16,12.38493137265879,10.08631096706447,2.4235385043416935,-2.5447901009244513,0.7,0.05,0.02,0.5,explicit_euler,Predator-prey terms are illustrative and assume continuous well-mixed interaction.
predator_prey_coupled_system,18.17,12.409166757702208,10.060863066055227,2.4440703547372227,-2.533492982765885,0.7,0.05,0.02,0.5,explicit_euler,Predator-prey terms are illustrative and assume continuous well-mixed interaction.
predator_prey_coupled_system,18.18,12.43360746124958,10.035528136227567,2.4646343472657453,-2.5222077178702005,0.7,0.05,0.02,0.5,explicit_euler,Predator-prey terms are illustrative and assume continuous well-mixed interaction.
predator_prey_coupled_system,18.19,12.458253804722236,10.010306059048865,2.485230985976586,-2.510934358592841,0.7,0.05,0.02,0.5,explicit_euler,Predator-prey terms are illustrative and assume continuous well-mixed interaction.
predator_prey_coupled_system,18.2,12.483106114582002,9.985196715462937,2.505860771502425,-2.4996729542494784,0.7,0.05,0.02,0.5,explicit_euler,Predator-prey terms are illustrative and assume continuous well-mixed interaction.
predator_prey_coupled_system,18.21,12.508164722297026,9.960199985920442,2.526524201062247,-2.4884235511419526,0.7,0.05,0.02,0.5,explicit_euler,Predator-prey terms are illustrative and assume continuous well-mixed interaction.
predator_prey_coupled_system,18.22,12.533429964307649,9.935315750409021,2.547221768463646,-2.477186192583827,0.7,0.05,0.02,0.5,explicit_euler,Predator-prey terms are illustrative and assume continuous well-mixed interaction.
predator_prey_coupled_system,18.23,12.558902181992286,9.910543888483183,2.567953964104511,-2.465960918925556,0.7,0.05,0.02,0.5,explicit_euler,Predator-prey terms are illustrative and assume continuous well-mixed interaction.
predator_prey_coupled_system,18.240000000000002,12.58458172163333,9.885884279293927,2.5887212749740973,-2.4547477675792706,0.7,0.05,0.02,0.5,explicit_euler,Predator-prey terms are illustrative and assume continuous well-mixed interaction.
predator_prey_coupled_system,18.25,12.610468934383071,9.861336801618135,2.6095241846534485,-2.4435467730431877,0.7,0.05,0.02,0.5,explicit_euler,Predator-prey terms are illustrative and assume continuous well-mixed interaction.
predator_prey_coupled_system,18.26,12.636564176229605,9.836901333887702,2.630363173315195,-2.43235796692564,0.7,0.05,0.02,0.5,explicit_euler,Predator-prey terms are illustrative and assume continuous well-mixed interaction.
predator_prey_coupled_system,18.27,12.662867807962757,9.812577754218447,2.651238717722716,-2.4211813779687383,0.7,0.05,0.02,0.5,explicit_euler,Predator-prey terms are illustrative and assume continuous well-mixed interaction.
predator_prey_coupled_system,18.28,12.689380195139984,9.78836594043876,2.672151291228669,-2.4100170320716527,0.7,0.05,0.02,0.5,explicit_euler,Predator-prey terms are illustrative and assume continuous well-mixed interaction.
predator_prey_coupled_system,18.29,12.716101708052271,9.764265770118044,2.693101363772869,-2.3988649523135344,0.7,0.05,0.02,0.5,explicit_euler,Predator-prey terms are illustrative and assume continuous well-mixed interaction.
predator_prey_coupled_system,18.3,12.74303272169,9.740277120594909,2.714089401879531,-2.3877251589760666,0.7,0.05,0.02,0.5,explicit_euler,Predator-prey terms are illustrative and assume continuous well-mixed interaction.
predator_prey_coupled_system,18.31,12.770173615708796,9.716399869005148,2.7351158686538577,-2.376597669565655,0.7,0.05,0.02,0.5,explicit_euler,Predator-prey terms are illustrative and assume continuous well-mixed interaction.
predator_prey_coupled_system,18.32,12.797524774395335,9.692633892309491,2.756181223778005,-2.3654824988352536,0.7,0.05,0.02,0.5,explicit_euler,Predator-prey terms are illustrative and assume continuous well-mixed interaction.
predator_prey_coupled_system,18.330000000000002,12.825086586633114,9.668979067321139,2.7772859235063443,-2.3543796588058354,0.7,0.05,0.02,0.5,explicit_euler,Predator-prey terms are illustrative and assume continuous well-mixed interaction.
predator_prey_coupled_system,18.34,12.852859445868178,9.645435270733081,2.798430420660135,-2.3432891587875053,0.7,0.05,0.02,0.5,explicit_euler,Predator-prey terms are illustrative and assume continuous well-mixed interaction.
predator_prey_coupled_system,18.35,12.88084375007478,9.622002379145206,2.819615164621485,-2.3322110054002594,0.7,0.05,0.02,0.5,explicit_euler,Predator-prey terms are illustrative and assume continuous well-mixed interaction.
predator_prey_coupled_system,18.36,12.909039901720995,9.598680269091204,2.8408406013266765,-2.3211452025943946,0.7,0.05,0.02,0.5,explicit_euler,Predator-prey terms are illustrative and assume continuous well-mixed interaction.
predator_prey_coupled_system,18.37,12.937448307734261,9.57546881706526,2.8621071732588232,-2.3100917516705675,0.7,0.05,0.02,0.5,explicit_euler,Predator-prey terms are illustrative and assume continuous well-mixed interaction.
predator_prey_coupled_system,18.38,12.96606937946685,9.552367899548555,2.883415319439865,-2.2990506512995057,0.7,0.05,0.02,0.5,explicit_euler,Predator-prey terms are illustrative and assume continuous well-mixed interaction.
predator_prey_coupled_system,18.39,12.99490353266125,9.52937739303556,2.904765475421872,-2.2880218975413786,0.7,0.05,0.02,0.5,explicit_euler,Predator-prey terms are illustrative and assume continuous well-mixed interaction.
predator_prey_coupled_system,18.400000000000002,13.023951187415468,9.506497174060145,2.926158073277705,-2.277005483864824,0.7,0.05,0.02,0.5,explicit_euler,Predator-prey terms are illustrative and assume continuous well-mixed interaction.
predator_prey_coupled_system,18.41,13.053212768148246,9.483727119221497,2.9475935415909813,-2.266001401165632,0.7,0.05,0.02,0.5,explicit_euler,Predator-prey terms are illustrative and assume continuous well-mixed interaction.
predator_prey_coupled_system,18.42,13.082688703564155,9.46106710520984,2.969072305445348,-2.255009637785096,0.7,0.05,0.02,0.5,explicit_euler,Predator-prey terms are illustrative and assume continuous well-mixed interaction.
predator_prey_coupled_system,18.43,13.11237942661861,9.43851700883199,2.990594786413106,-2.244030179528027,0.7,0.05,0.02,0.5,explicit_euler,Predator-prey terms are illustrative and assume continuous well-mixed interaction.
predator_prey_coupled_system,18.44,13.142285374482741,9.41607670703671,3.012161402543109,-2.233063009680432,0.7,0.05,0.02,0.5,explicit_euler,Predator-prey terms are illustrative and assume continuous well-mixed interaction.
predator_prey_coupled_system,18.45,13.172406988508172,9.393746076939905,3.033772568347999,-2.222108109026864,0.7,0.05,0.02,0.5,explicit_euler,Predator-prey terms are illustrative and assume continuous well-mixed interaction.
predator_prey_coupled_system,18.46,13.202744714191653,9.371524995849636,3.0554286947907174,-2.2111654558674436,0.7,0.05,0.02,0.5,explicit_euler,Predator-prey terms are illustrative and assume continuous well-mixed interaction.
predator_prey_coupled_system,18.47,13.23329900113956,9.349413341290962,3.077130189270364,-2.20023502603455,0.7,0.05,0.02,0.5,explicit_euler,Predator-prey terms are illustrative and assume continuous well-mixed interaction.
predator_prey_coupled_system,18.48,13.264070303032264,9.327410991030616,3.098877455607287,-2.1893167929091892,0.7,0.05,0.02,0.5,explicit_euler,Predator-prey terms are illustrative and assume continuous well-mixed interaction.
predator_prey_coupled_system,18.490000000000002,13.295059077588338,9.305517823101525,3.120670894027536,-2.178410727437042,0.7,0.05,0.02,0.5,explicit_euler,Predator-prey terms are illustrative and assume continuous well-mixed interaction.
predator_prey_coupled_system,18.5,13.326265786528612,9.283733715827154,3.142510901146551,-2.167516798144186,0.7,0.05,0.02,0.5,explicit_euler,Predator-prey terms are illustrative and assume continuous well-mixed interaction.
predator_prey_coupled_system,18.51,13.357690895540077,9.262058547845712,3.1643978699521638,-2.1566349711524992,0.7,0.05,0.02,0.5,explicit_euler,Predator-prey terms are illustrative and assume continuous well-mixed interaction.
predator_prey_coupled_system,18.52,13.3893348742396,9.240492198134186,3.186332189786868,-2.145765210194753,0.7,0.05,0.02,0.5,explicit_euler,Predator-prey terms are illustrative and assume continuous well-mixed interaction.
predator_prey_coupled_system,18.53,13.421198196137468,9.219034546032239,3.2083142463293814,-2.134907476629382,0.7,0.05,0.02,0.5,explicit_euler,Predator-prey terms are illustrative and assume continuous well-mixed interaction.
predator_prey_coupled_system,18.54,13.453281338600762,9.197685471265945,3.2303444215754578,-2.124061729454943,0.7,0.05,0.02,0.5,explicit_euler,Predator-prey terms are illustrative and assume continuous well-mixed interaction.
predator_prey_coupled_system,18.55,13.485584782816517,9.176444853971395,3.252423093817982,-2.113227925324266,0.7,0.05,0.02,0.5,explicit_euler,Predator-prey terms are illustrative and assume continuous well-mixed interaction.
predator_prey_coupled_system,18.56,13.518109013754696,9.155312574718153,3.2745506376263265,-2.102406018558293,0.7,0.05,0.02,0.5,explicit_euler,Predator-prey terms are illustrative and assume continuous well-mixed interaction.
predator_prey_coupled_system,18.57,13.55085452013096,9.13428851453257,3.296727423824972,-2.091595961159605,0.7,0.05,0.02,0.5,explicit_euler,Predator-prey terms are illustrative and assume continuous well-mixed interaction.
predator_prey_coupled_system,18.580000000000002,13.583821794369209,9.113372554920973,3.318953819471359,-2.0807977028256524,0.7,0.05,0.02,0.5,explicit_euler,Predator-prey terms are illustrative and assume continuous well-mixed interaction.
predator_prey_coupled_system,18.59,13.617011332563923,9.092564577892716,3.3412301878330233,-2.07001119096167,0.7,0.05,0.02,0.5,explicit_euler,Predator-prey terms are illustrative and assume continuous well-mixed interaction.
predator_prey_coupled_system,18.6,13.650423634442253,9.071864465983099,3.3635568883639495,-2.059236370693298,0.7,0.05,0.02,0.5,explicit_euler,Predator-prey terms are illustrative and assume continuous well-mixed interaction.
predator_prey_coupled_system,18.61,13.684059203325893,9.051272102276165,3.385934276680172,-2.0484731848789015,0.7,0.05,0.02,0.5,explicit_euler,Predator-prey terms are illustrative and assume continuous well-mixed interaction.
predator_prey_coupled_system,18.62,13.717918546092694,9.030787370427376,3.408362704534615,-2.0377215741215804,0.7,0.05,0.02,0.5,explicit_euler,Predator-prey terms are illustrative and assume continuous well-mixed interaction.
predator_prey_coupled_system,18.63,13.75200217313804,9.010410154686161,3.4308425197911694,-2.0269814767808976,0.7,0.05,0.02,0.5,explicit_euler,Predator-prey terms are illustrative and assume continuous well-mixed interaction.
predator_prey_coupled_system,18.64,13.786310598335952,8.990140339918351,3.4533740663979664,-2.016252828984297,0.7,0.05,0.02,0.5,explicit_euler,Predator-prey terms are illustrative and assume continuous well-mixed interaction.
predator_prey_coupled_system,18.650000000000002,13.820844338999931,8.969977811628508,3.4759576843599076,-2.0055355646382367,0.7,0.05,0.02,0.5,explicit_euler,Predator-prey terms are illustrative and assume continuous well-mixed interaction.
predator_prey_coupled_system,18.66,13.855603915843531,8.949922455982126,3.4985937097103745,-1.9948296154390248,0.7,0.05,0.02,0.5,explicit_euler,Predator-prey terms are illustrative and assume continuous well-mixed interaction.
predator_prey_coupled_system,18.67,13.890589852940636,8.929974159827735,3.5212824744821845,-1.984134910883363,0.7,0.05,0.02,0.5,explicit_euler,Predator-prey terms are illustrative and assume continuous well-mixed interaction.
predator_prey_coupled_system,18.68,13.925802677685457,8.9101328107189,3.544024306677704,-1.9734513782786038,0.7,0.05,0.02,0.5,explicit_euler,Predator-prey terms are illustrative and assume continuous well-mixed interaction.
predator_prey_coupled_system,18.69,13.961242920752234,8.890398296936114,3.5668195302382104,-1.962778942752716,0.7,0.05,0.02,0.5,explicit_euler,Predator-prey terms are illustrative and assume continuous well-mixed interaction.
predator_prey_coupled_system,18.7,13.996911116054616,8.870770507508587,3.589668465012412,-1.9521175272639657,0.7,0.05,0.02,0.5,explicit_euler,Predator-prey terms are illustrative and assume continuous well-mixed interaction.
predator_prey_coupled_system,18.71,14.03280780070474,8.851249332235946,3.6125714267241573,-1.9414670526103088,0.7,0.05,0.02,0.5,explicit_euler,Predator-prey terms are illustrative and assume continuous well-mixed interaction.
predator_prey_coupled_system,18.72,14.068933514971981,8.831834661709843,3.6355287269393433,-1.9308274374385048,0.7,0.05,0.02,0.5,explicit_euler,Predator-prey terms are illustrative and assume continuous well-mixed interaction.
predator_prey_coupled_system,18.73,14.105288802241374,8.812526387335458,3.658540673031988,-1.9201985982529393,0.7,0.05,0.02,0.5,explicit_euler,Predator-prey terms are illustrative and assume continuous well-mixed interaction.
predator_prey_coupled_system,18.740000000000002,14.141874208971693,8.793324401352928,3.681607568149462,-1.9095804494241753,0.7,0.05,0.02,0.5,explicit_euler,Predator-prey terms are illustrative and assume continuous well-mixed interaction.
predator_prey_coupled_system,18.75,14.178690284653188,8.774228596858686,3.704729711176909,-1.8989729031972145,0.7,0.05,0.02,0.5,explicit_euler,Predator-prey terms are illustrative and assume continuous well-mixed interaction.
predator_prey_coupled_system,18.76,14.215737581764957,8.755238867826714,3.727907396700795,-1.8883758696994875,0.7,0.05,0.02,0.5,explicit_euler,Predator-prey terms are illustrative and assume continuous well-mixed interaction.
predator_prey_coupled_system,18.77,14.253016655731965,8.736355109129718,3.751140914971627,-1.8777892569485606,0.7,0.05,0.02,0.5,explicit_euler,Predator-prey terms are illustrative and assume continuous well-mixed interaction.
predator_prey_coupled_system,18.78,14.290528064881682,8.717577216560233,3.7744305518658194,-1.8672129708595735,0.7,0.05,0.02,0.5,explicit_euler,Predator-prey terms are illustrative and assume continuous well-mixed interaction.
predator_prey_coupled_system,18.79,14.32827237040034,8.698905086851637,3.7977765888466735,-1.8566469152523926,0.7,0.05,0.02,0.5,explicit_euler,Predator-prey terms are illustrative and assume continuous well-mixed interaction.
predator_prey_coupled_system,18.8,14.366250136288807,8.680338617699112,3.82117930292452,-1.8460909918584987,0.7,0.05,0.02,0.5,explicit_euler,Predator-prey terms are illustrative and assume continuous well-mixed interaction.
predator_prey_coupled_system,18.81,14.404461929318051,8.661877707780528,3.8446389666159684,-1.8355451003275975,0.7,0.05,0.02,0.5,explicit_euler,Predator-prey terms are illustrative and assume continuous well-mixed interaction.
predator_prey_coupled_system,18.82,14.44290831898421,8.643522256777253,3.868155847902278,-1.825009138233959,0.7,0.05,0.02,0.5,explicit_euler,Predator-prey terms are illustrative and assume continuous well-mixed interaction.
predator_prey_coupled_system,18.830000000000002,14.481589877463234,8.625272165394913,3.8917302101868447,-1.8144830010824888,0.7,0.05,0.02,0.5,explicit_euler,Predator-prey terms are illustrative and assume continuous well-mixed interaction.
predator_prey_coupled_system,18.84,14.520507179565103,8.607127335384089,3.9153623122517844,-1.8039665823145299,0.7,0.05,0.02,0.5,explicit_euler,Predator-prey terms are illustrative and assume continuous well-mixed interaction.
predator_prey_coupled_system,18.85,14.55966080268762,8.589087669560943,3.939052408213632,-1.793459773313391,0.7,0.05,0.02,0.5,explicit_euler,Predator-prey terms are illustrative and assume continuous well-mixed interaction.
predator_prey_coupled_system,18.86,14.599051326769757,8.571153071827808,3.9628007474781057,-1.782962463409615,0.7,0.05,0.02,0.5,explicit_euler,Predator-prey terms are illustrative and assume continuous well-mixed interaction.
predator_prey_coupled_system,18.87,14.638679334244538,8.553323447193712,3.9866075746939833,-1.772474539885979,0.7,0.05,0.02,0.5,explicit_euler,Predator-prey terms are illustrative and assume continuous well-mixed interaction.
predator_prey_coupled_system,18.88,14.678545409991477,8.535598701794852,4.010473129706031,-1.7619958879822253,0.7,0.05,0.02,0.5,explicit_euler,Predator-prey terms are illustrative and assume continuous well-mixed interaction.
predator_prey_coupled_system,18.89,14.718650141288537,8.51797874291503,4.034397647507022,-1.7515263908995338,0.7,0.05,0.02,0.5,explicit_euler,Predator-prey terms are illustrative and assume continuous well-mixed interaction.
predator_prey_coupled_system,18.900000000000002,14.758994117763606,8.500463479006035,4.058381358188803,-1.7410659298047286,0.7,0.05,0.02,0.5,explicit_euler,Predator-prey terms are illustrative and assume continuous well-mixed interaction.
predator_prey_coupled_system,18.91,14.799577931345494,8.483052819707988,4.08242448689242,-1.7306143838342236,0.7,0.05,0.02,0.5,explicit_euler,Predator-prey terms are illustrative and assume continuous well-mixed interaction.
predator_prey_coupled_system,18.92,14.840402176214418,8.465746675869646,4.106527253757297,-1.7201716300977057,0.7,0.05,0.02,0.5,explicit_euler,Predator-prey terms are illustrative and assume continuous well-mixed interaction.
predator_prey_coupled_system,18.93,14.881467448751991,8.448544959568668,4.130689873869449,-1.7097375436815572,0.7,0.05,0.02,0.5,explicit_euler,Predator-prey terms are illustrative and assume continuous well-mixed interaction.
predator_prey_coupled_system,18.94,14.922774347490686,8.431447584131853,4.154912557208722,-1.699311997652024,0.7,0.05,0.02,0.5,explicit_euler,Predator-prey terms are illustrative and assume continuous well-mixed interaction.
predator_prey_coupled_system,18.95,14.964323473062773,8.414454464155332,4.179195508595066,-1.6888948630581164,0.7,0.05,0.02,0.5,explicit_euler,Predator-prey terms are illustrative and assume continuous well-mixed interaction.
predator_prey_coupled_system,18.96,15.006115428148723,8.39756551552475,4.203538927633823,-1.6784860089342626,0.7,0.05,0.02,0.5,explicit_euler,Predator-prey terms are illustrative and assume continuous well-mixed interaction.
predator_prey_coupled_system,18.97,15.04815081742506,8.380780655435407,4.227943008660019,-1.6680853023026945,0.7,0.05,0.02,0.5,explicit_euler,Predator-prey terms are illustrative and assume continuous well-mixed interaction.
predator_prey_coupled_system,18.98,15.09043024751166,8.36409980241238,4.252407940681659,-1.6576926081755885,0.7,0.05,0.02,0.5,explicit_euler,Predator-prey terms are illustrative and assume continuous well-mixed interaction.
predator_prey_coupled_system,18.990000000000002,15.132954326918478,8.347522876330624,4.276933907322008,-1.6473077895569421,0.7,0.05,0.02,0.5,explicit_euler,Predator-prey terms are illustrative and assume continuous well-mixed interaction.
predator_prey_coupled_system,19.0,15.175723665991699,8.331049798435055,4.301521086760876,-1.6369307074442028,0.7,0.05,0.02,0.5,explicit_euler,Predator-prey terms are illustrative and assume continuous well-mixed interaction.
predator_prey_coupled_system,19.01,15.218738876859307,8.314680491360614,4.326169651674844,-1.6265612208296383,0.7,0.05,0.02,0.5,explicit_euler,Predator-prey terms are illustrative and assume continuous well-mixed interaction.
predator_prey_coupled_system,19.02,15.262000573376055,8.298414879152316,4.350879769176486,-1.6161991867014573,0.7,0.05,0.02,0.5,explicit_euler,Predator-prey terms are illustrative and assume continuous well-mixed interaction.
predator_prey_coupled_system,19.03,15.305509371067819,8.282252887285303,4.375651600752538,-1.6058444600446773,0.7,0.05,0.02,0.5,explicit_euler,Predator-prey terms are illustrative and assume continuous well-mixed interaction.
predator_prey_coupled_system,19.04,15.349265887075344,8.266194442684856,4.400485302201017,-1.595496893841739,0.7,0.05,0.02,0.5,explicit_euler,Predator-prey terms are illustrative and assume continuous well-mixed interaction.
predator_prey_coupled_system,19.05,15.393270740097353,8.250239473746438,4.425381023567286,-1.5851563390728742,0.7,0.05,0.02,0.5,explicit_euler,Predator-prey terms are illustrative and assume continuous well-mixed interaction.
predator_prey_coupled_system,19.06,15.437524550333027,8.234387910355709,4.450338909079031,-1.5748226447162201,0.7,0.05,0.02,0.5,explicit_euler,Predator-prey terms are illustrative and assume continuous well-mixed interaction.
predator_prey_coupled_system,19.07,15.482027939423817,8.218639683908547,4.475359097080198,-1.5644956577476843,0.7,0.05,0.02,0.5,explicit_euler,Predator-prey terms are illustrative and assume continuous well-mixed interaction.
predator_prey_coupled_system,19.080000000000002,15.526781530394619,8.20299472733107,4.500441719963806,-1.5541752231405654,0.7,0.05,0.02,0.5,explicit_euler,Predator-prey terms are illustrative and assume continuous well-mixed interaction.
predator_prey_coupled_system,19.09,15.571785947594257,8.187452975099665,4.52558690410369,-1.5438611838649172,0.7,0.05,0.02,0.5,explicit_euler,Predator-prey terms are illustrative and assume continuous well-mixed interaction.
predator_prey_coupled_system,19.1,15.617041816635295,8.172014363261017,4.550794769785128,-1.5335533808866773,0.7,0.05,0.02,0.5,explicit_euler,Predator-prey terms are illustrative and assume continuous well-mixed interaction.
predator_prey_coupled_system,19.11,15.662549764333146,8.156678829452149,4.576065431134356,-1.523251653166536,0.7,0.05,0.02,0.5,explicit_euler,Predator-prey terms are illustrative and assume continuous well-mixed interaction.
predator_prey_coupled_system,19.12,15.70831041864449,8.141446312920484,4.601398996046962,-1.5129558376585694,0.7,0.05,0.02,0.5,explicit_euler,Predator-prey terms are illustrative and assume continuous well-mixed interaction.
predator_prey_coupled_system,19.13,15.75432440860496,8.126316754543899,4.626795566115152,-1.5026657693086216,0.7,0.05,0.02,0.5,explicit_euler,Predator-prey terms are illustrative and assume continuous well-mixed interaction.
predator_prey_coupled_system,19.14,15.800592364266112,8.111290096850812,4.652255236553864,-1.4923812810524404,0.7,0.05,0.02,0.5,explicit_euler,Predator-prey terms are illustrative and assume continuous well-mixed interaction.
predator_prey_coupled_system,19.150000000000002,15.847114916631652,8.096366284040288,4.677778096125735,-1.4821022038135756,0.7,0.05,0.02,0.5,explicit_euler,Predator-prey terms are illustrative and assume continuous well-mixed interaction.
predator_prey_coupled_system,19.16,15.893892697592909,8.081545262002152,4.703364227064906,-1.4718283665010246,0.7,0.05,0.02,0.5,explicit_euler,Predator-prey terms are illustrative and assume continuous well-mixed interaction.
predator_prey_coupled_system,19.17,15.940926339863559,8.066826978337142,4.729013704999665,-1.4615595960066408,0.7,0.05,0.02,0.5,explicit_euler,Predator-prey terms are illustrative and assume continuous well-mixed interaction.
predator_prey_coupled_system,19.18,15.988216476913555,8.052211382377076,4.754726598873885,-1.451295717202297,0.7,0.05,0.02,0.5,explicit_euler,Predator-prey terms are illustrative and assume continuous well-mixed interaction.
predator_prey_coupled_system,19.19,16.035763742902294,8.037698425205052,4.780502970867303,-1.4410365529368052,0.7,0.05,0.02,0.5,explicit_euler,Predator-prey terms are illustrative and assume continuous well-mixed interaction.
predator_prey_coupled_system,19.2,16.083568772610967,8.023288059675684,4.806342876314562,-1.4307819240325963,0.7,0.05,0.02,0.5,explicit_euler,Predator-prey terms are illustrative and assume continuous well-mixed interaction.
predator_prey_coupled_system,19.21,16.131632201374114,8.008980240435358,4.832246363623077,-1.4205316492821587,0.7,0.05,0.02,0.5,explicit_euler,Predator-prey terms are illustrative and assume continuous well-mixed interaction.
predator_prey_coupled_system,19.22,16.179954665010346,7.994774923942536,4.858213474189651,-1.4102855454442325,0.7,0.05,0.02,0.5,explicit_euler,Predator-prey terms are illustrative and assume continuous well-mixed interaction.
predator_prey_coupled_system,19.23,16.22853679975224,7.980672068488094,4.884244242315875,-1.4000434272397695,0.7,0.05,0.02,0.5,explicit_euler,Predator-prey terms are illustrative and assume continuous well-mixed interaction.
predator_prey_coupled_system,19.240000000000002,16.2773792421754,7.966671634215696,4.910338695122272,-1.3898051073476454,0.7,0.05,0.02,0.5,explicit_euler,Predator-prey terms are illustrative and assume continuous well-mixed interaction.
predator_prey_coupled_system,19.25,16.326482629126623,7.9527735831422195,4.936496852461208,-1.3795703964001391,0.7,0.05,0.02,0.5,explicit_euler,Predator-prey terms are illustrative and assume continuous well-mixed interaction.
predator_prey_coupled_system,19.26,16.375847597651234,7.938977879178218,4.962718726828518,-1.369339102978171,0.7,0.05,0.02,0.5,explicit_euler,Predator-prey terms are illustrative and assume continuous well-mixed interaction.
predator_prey_coupled_system,19.27,16.42547478491952,7.925284488148436,4.989004323273865,-1.3591110336062995,0.7,0.05,0.02,0.5,explicit_euler,Predator-prey terms are illustrative and assume continuous well-mixed interaction.
predator_prey_coupled_system,19.28,16.47536482815226,7.911693377812373,5.015353639309825,-1.3488859927474843,0.7,0.05,0.02,0.5,explicit_euler,Predator-prey terms are illustrative and assume continuous well-mixed interaction.
predator_prey_coupled_system,19.29,16.525518364545356,7.898204517884898,5.041766664819647,-1.3386637827976093,0.7,0.05,0.02,0.5,explicit_euler,Predator-prey terms are illustrative and assume continuous well-mixed interaction.
predator_prey_coupled_system,19.3,16.575936031193553,7.884817880056922,5.06824338196375,-1.328444204079767,0.7,0.05,0.02,0.5,explicit_euler,Predator-prey terms are illustrative and assume continuous well-mixed interaction.
predator_prey_coupled_system,19.31,16.62661846501319,7.871533438016125,5.094783765084849,-1.3182270548383093,0.7,0.05,0.02,0.5,explicit_euler,Predator-prey terms are illustrative and assume continuous well-mixed interaction.
predator_prey_coupled_system,19.32,16.67756630266404,7.858351167467742,5.121387780611794,-1.3080121312326582,0.7,0.05,0.02,0.5,explicit_euler,Predator-prey terms are illustrative and assume continuous well-mixed interaction.
predator_prey_coupled_system,19.330000000000002,16.728780180470157,7.845271046155415,5.148055386962055,-1.297799227330886,0.7,0.05,0.02,0.5,explicit_euler,Predator-prey terms are illustrative and assume continuous well-mixed interaction.
predator_prey_coupled_system,19.34,16.780260734339777,7.832293053882106,5.1747865344428385,-1.2875881351030514,0.7,0.05,0.02,0.5,explicit_euler,Predator-prey terms are illustrative and assume continuous well-mixed interaction.
predator_prey_coupled_system,19.35,16.832008599684205,7.819417172531075,5.2015811651508725,-1.2773786444143092,0.7,0.05,0.02,0.5,explicit_euler,Predator-prey terms are illustrative and assume continuous well-mixed interaction.
predator_prey_coupled_system,19.36,16.884024411335712,7.806643386086932,5.228439212870784,-1.267170543017781,0.7,0.05,0.02,0.5,explicit_euler,Predator-prey terms are illustrative and assume continuous well-mixed interaction.
predator_prey_coupled_system,19.37,16.93630880346442,7.793971680656755,5.255360602972124,-1.25696361654719,0.7,0.05,0.02,0.5,explicit_euler,Predator-prey terms are illustrative and assume continuous well-mixed interaction.
predator_prey_coupled_system,19.38,16.988862409494143,7.7814020444912835,5.282345252304958,-1.246757648509265,0.7,0.05,0.02,0.5,explicit_euler,Predator-prey terms are illustrative and assume continuous well-mixed interaction.
predator_prey_coupled_system,19.39,17.041685862017193,7.768934468006191,5.309393069094077,-1.236552420275912,0.7,0.05,0.02,0.5,explicit_euler,Predator-prey terms are illustrative and assume continuous well-mixed interaction.
predator_prey_coupled_system,19.400000000000002,17.094779792708135,7.7565689438034315,5.336503952831775,-1.2263477110761483,0.7,0.05,0.02,0.5,explicit_euler,Predator-prey terms are illustrative and assume continuous well-mixed interaction.
predator_prey_coupled_system,19.41,17.14814483223645,7.74430546669267,5.363677794169194,-1.216143297987807,0.7,0.05,0.02,0.5,explicit_euler,Predator-prey terms are illustrative and assume continuous well-mixed interaction.
predator_prey_coupled_system,19.42,17.20178161017814,7.732144033712792,5.390914474806232,-1.2059389559290095,0.7,0.05,0.02,0.5,explicit_euler,Predator-prey terms are illustrative and assume continuous well-mixed interaction.
predator_prey_coupled_system,19.43,17.255690754926203,7.720084644153501,5.4182138673799765,-1.195734457649404,0.7,0.05,0.02,0.5,explicit_euler,Predator-prey terms are illustrative and assume continuous well-mixed interaction.
predator_prey_coupled_system,19.44,17.3098728936,7.708127299577007,5.44557583535169,-1.1855295737211793,0.7,0.05,0.02,0.5,explicit_euler,Predator-prey terms are illustrative and assume continuous well-mixed interaction.
predator_prey_coupled_system,19.45,17.364328651953517,7.696272003839795,5.473000232892309,-1.1753240725298362,0.7,0.05,0.02,0.5,explicit_euler,Predator-prey terms are illustrative and assume continuous well-mixed interaction.
predator_prey_coupled_system,19.46,17.41905865428244,7.684518763114497,5.500486904766439,-1.1651177202647411,0.7,0.05,0.02,0.5,explicit_euler,Predator-prey terms are illustrative and assume continuous well-mixed interaction.
predator_prey_coupled_system,19.47,17.474063523330106,7.672867585911849,5.528035686214865,-1.1549102809094411,0.7,0.05,0.02,0.5,explicit_euler,Predator-prey terms are illustrative and assume continuous well-mixed interaction.
predator_prey_coupled_system,19.48,17.529343880192254,7.661318483102755,5.555646402835524,-1.1447015162317555,0.7,0.05,0.02,0.5,explicit_euler,Predator-prey terms are illustrative and assume continuous well-mixed interaction.
predator_prey_coupled_system,19.490000000000002,17.58490034422061,7.649871467940438,5.583318870462965,-1.1344911857736344,0.7,0.05,0.02,0.5,explicit_euler,Predator-prey terms are illustrative and assume continuous well-mixed interaction.
predator_prey_coupled_system,19.5,17.64073353292524,7.638526556082701,5.611052895046265,-1.1242790468407895,0.7,0.05,0.02,0.5,explicit_euler,Predator-prey terms are illustrative and assume continuous well-mixed interaction.
predator_prey_coupled_system,19.51,17.6968440618757,7.627283765614293,5.638848272525378,-1.1140648544921015,0.7,0.05,0.02,0.5,explicit_euler,Predator-prey terms are illustrative and assume continuous well-mixed interaction.
predator_prey_coupled_system,19.52,17.753232544600955,7.616143117069372,5.66670478870594,-1.103848361528795,0.7,0.05,0.02,0.5,explicit_euler,Predator-prey terms are illustrative and assume continuous well-mixed interaction.
predator_prey_coupled_system,19.53,17.809899592488016,7.605104633454084,5.69462221913248,-1.0936293184833898,0.7,0.05,0.02,0.5,explicit_euler,Predator-prey terms are illustrative and assume continuous well-mixed interaction.
predator_prey_coupled_system,19.54,17.86684581467934,7.59416834026925,5.722600328960037,-1.0834074736084247,0.7,0.05,0.02,0.5,explicit_euler,Predator-prey terms are illustrative and assume continuous well-mixed interaction.
predator_prey_coupled_system,19.55,17.92407181796894,7.583334265533166,5.750638872824197,-1.0731825728649587,0.7,0.05,0.02,0.5,explicit_euler,Predator-prey terms are illustrative and assume continuous well-mixed interaction.
predator_prey_coupled_system,19.56,17.981578206697183,7.572602439804516,5.778737594709487,-1.062954359910842,0.7,0.05,0.02,0.5,explicit_euler,Predator-prey terms are illustrative and assume continuous well-mixed interaction.
predator_prey_coupled_system,19.57,18.039365582644276,7.561972896205408,5.806896227816157,-1.0527225760887702,0.7,0.05,0.02,0.5,explicit_euler,Predator-prey terms are illustrative and assume continuous well-mixed interaction.
predator_prey_coupled_system,19.580000000000002,18.097434544922436,7.55144567044452,5.835114494425323,-1.0424869604141076,0.7,0.05,0.02,0.5,explicit_euler,Predator-prey terms are illustrative and assume continuous well-mixed interaction.
predator_prey_coupled_system,19.59,18.15578568986669,7.5410208008403785,5.8633921057624425,-1.0322472495624933,0.7,0.05,0.02,0.5,explicit_euler,Predator-prey terms are illustrative and assume continuous well-mixed interaction.
predator_prey_coupled_system,19.6,18.214419610924313,7.530698328344753,5.891728761859136,-1.0220031778572243,0.7,0.05,0.02,0.5,explicit_euler,Predator-prey terms are illustrative and assume continuous well-mixed interaction.
predator_prey_coupled_system,19.61,18.273336898542905,7.520478296566181,5.920124151413339,-1.0117544772564129,0.7,0.05,0.02,0.5,explicit_euler,Predator-prey terms are illustrative and assume continuous well-mixed interaction.
predator_prey_coupled_system,19.62,18.33253814005704,7.510360751793617,5.94857795164773,-1.0015008773399297,0.7,0.05,0.02,0.5,explicit_euler,Predator-prey terms are illustrative and assume continuous well-mixed interaction.
predator_prey_coupled_system,19.63,18.392023919573518,7.500345743020218,5.9770898281664975,-0.9912421052961236,0.7,0.05,0.02,0.5,explicit_euler,Predator-prey terms are illustrative and assume continuous well-mixed interaction.
predator_prey_coupled_system,19.64,18.451794817855184,7.490433321967257,6.005659434810367,-0.9809778859083238,0.7,0.05,0.02,0.5,explicit_euler,Predator-prey terms are illustrative and assume continuous well-mixed interaction.
predator_prey_coupled_system,19.650000000000002,18.51185141220329,7.480623543108173,6.034286413509892,-0.9707079415411224,0.7,0.05,0.02,0.5,explicit_euler,Predator-prey terms are illustrative and assume continuous well-mixed interaction.
predator_prey_coupled_system,19.66,18.572194276338386,7.470916463692762,6.0629703941370225,-0.9604319921264426,0.7,0.05,0.02,0.5,explicit_euler,Predator-prey terms are illustrative and assume continuous well-mixed interaction.
predator_prey_coupled_system,19.67,18.632823980279756,7.461312143771498,6.091710994354921,-0.9501497551493867,0.7,0.05,0.02,0.5,explicit_euler,Predator-prey terms are illustrative and assume continuous well-mixed interaction.
predator_prey_coupled_system,19.68,18.693741090223305,7.451810646220005,6.120507819465994,-0.9398609456338747,0.7,0.05,0.02,0.5,explicit_euler,Predator-prey terms are illustrative and assume continuous well-mixed interaction.
predator_prey_coupled_system,19.69,18.754946168417966,7.442412036763666,6.1493604622581515,-0.9295652761280637,0.7,0.05,0.02,0.5,explicit_euler,Predator-prey terms are illustrative and assume continuous well-mixed interaction.
predator_prey_coupled_system,19.7,18.816439773040546,7.4331163840023855,6.17826850284929,-0.9192624566895562,0.7,0.05,0.02,0.5,explicit_euler,Predator-prey terms are illustrative and assume continuous well-mixed interaction.
predator_prey_coupled_system,19.71,18.87822245806904,7.42392375943549,6.207231508529957,-0.9089521948703969,0.7,0.05,0.02,0.5,explicit_euler,Predator-prey terms are illustrative and assume continuous well-mixed interaction.
predator_prey_coupled_system,19.72,18.94029477315434,7.414834237486786,6.236249033604195,-0.8986341957018564,0.7,0.05,0.02,0.5,explicit_euler,Predator-prey terms are illustrative and assume continuous well-mixed interaction.
predator_prey_coupled_system,19.73,19.00265726349038,7.405847895529767,6.265320619228582,-0.88830816167901,0.7,0.05,0.02,0.5,explicit_euler,Predator-prey terms are illustrative and assume continuous well-mixed interaction.
predator_prey_coupled_system,19.740000000000002,19.065310469682668,7.3969648139129776,6.294445793249397,-0.8779737927451006,0.7,0.05,0.02,0.5,explicit_euler,Predator-prey terms are illustrative and assume continuous well-mixed interaction.
predator_prey_coupled_system,19.75,19.128254927615163,7.388185075985526,6.323624070037965,-0.8676307862757042,0.7,0.05,0.02,0.5,explicit_euler,Predator-prey terms are illustrative and assume continuous well-mixed interaction.
predator_prey_coupled_system,19.76,19.191491168315544,7.379508768122769,6.352854950324118,-0.8572788370626796,0.7,0.05,0.02,0.5,explicit_euler,Predator-prey terms are illustrative and assume continuous well-mixed interaction.
predator_prey_coupled_system,19.77,19.255019717818787,7.370935979752143,6.382137921027779,-0.8469176372979224,0.7,0.05,0.02,0.5,explicit_euler,Predator-prey terms are illustrative and assume continuous well-mixed interaction.
predator_prey_coupled_system,19.78,19.318841097029065,7.362466803379164,6.411472455088665,-0.83654687655691,0.7,0.05,0.02,0.5,explicit_euler,Predator-prey terms are illustrative and assume continuous well-mixed interaction.
predator_prey_coupled_system,19.79,19.38295582157995,7.354101334613595,6.440858011294091,-0.8261662417820479,0.7,0.05,0.02,0.5,explicit_euler,Predator-prey terms are illustrative and assume continuous well-mixed interaction.
predator_prey_coupled_system,19.8,19.44736440169289,7.345839672195774,6.470294034104848,-0.8157754172658178,0.7,0.05,0.02,0.5,explicit_euler,Predator-prey terms are illustrative and assume continuous well-mixed interaction.
predator_prey_coupled_system,19.81,19.51206734203394,7.337681918023116,6.499779953479168,-0.8053740846337214,0.7,0.05,0.02,0.5,explicit_euler,Predator-prey terms are illustrative and assume continuous well-mixed interaction.
predator_prey_coupled_system,19.82,19.57706514156873,7.329628177176779,6.529315184694736,-0.7949619228270399,0.7,0.05,0.02,0.5,explicit_euler,Predator-prey terms are illustrative and assume continuous well-mixed interaction.
predator_prey_coupled_system,19.830000000000002,19.64235829341568,7.321678557948508,6.558899128168792,-0.7845386080853816,0.7,0.05,0.02,0.5,explicit_euler,Predator-prey terms are illustrative and assume continuous well-mixed interaction.
predator_prey_coupled_system,19.84,19.70794728469737,7.313833171867654,6.588531169276224,-0.7741038139290533,0.7,0.05,0.02,0.5,explicit_euler,Predator-prey terms are illustrative and assume continuous well-mixed interaction.
predator_prey_coupled_system,19.85,19.773832596390132,7.306092133728364,6.6182106781657195,-0.7636572111412328,0.7,0.05,0.02,0.5,explicit_euler,Predator-prey terms are illustrative and assume continuous well-mixed interaction.
predator_prey_coupled_system,19.86,19.84001470317179,7.298455561616952,6.647937009573939,-0.753198467749951,0.7,0.05,0.02,0.5,explicit_euler,Predator-prey terms are illustrative and assume continuous well-mixed interaction.
predator_prey_coupled_system,19.87,19.906494073267528,7.290923576939452,6.677709502637684,-0.7427272490098922,0.7,0.05,0.02,0.5,explicit_euler,Predator-prey terms are illustrative and assume continuous well-mixed interaction.
predator_prey_coupled_system,19.88,19.973271168293905,7.283496304449353,6.707527480704059,-0.7322432173840072,0.7,0.05,0.02,0.5,explicit_euler,Predator-prey terms are illustrative and assume continuous well-mixed interaction.
predator_prey_coupled_system,19.89,20.040346443100947,7.276173872275513,6.737390251138629,-0.7217460325249441,0.7,0.05,0.02,0.5,explicit_euler,Predator-prey terms are illustrative and assume continuous well-mixed interaction.
predator_prey_coupled_system,19.900000000000002,20.107720345612332,7.268956411950263,6.767297105131554,-0.7112353512563012,0.7,0.05,0.02,0.5,explicit_euler,Predator-prey terms are illustrative and assume continuous well-mixed interaction.
predator_prey_coupled_system,19.91,20.175393316663648,7.2618440584377,6.797247317501672,-0.700710827553698,0.7,0.05,0.02,0.5,explicit_euler,Predator-prey terms are illustrative and assume continuous well-mixed interaction.
predator_prey_coupled_system,19.92,20.243365789838666,7.254836950162163,6.827240146498554,-0.6901721125256772,0.7,0.05,0.02,0.5,explicit_euler,Predator-prey terms are illustrative and assume continuous well-mixed interaction.
predator_prey_coupled_system,19.93,20.31163819130365,7.247935229036907,6.857274833602494,-0.679618854394429,0.7,0.05,0.02,0.5,explicit_euler,Predator-prey terms are illustrative and assume continuous well-mixed interaction.
predator_prey_coupled_system,19.94,20.380210939639674,7.241139040492962,6.887350603322441,-0.6690506984763487,0.7,0.05,0.02,0.5,explicit_euler,Predator-prey terms are illustrative and assume continuous well-mixed interaction.
predator_prey_coupled_system,19.95,20.4490844456729,7.234448533508199,6.9174666629918455,-0.6584672871624271,0.7,0.05,0.02,0.5,explicit_euler,Predator-prey terms are illustrative and assume continuous well-mixed interaction.
predator_prey_coupled_system,19.96,20.518259112302818,7.227863860636575,6.947622202562441,-0.6478682598984746,0.7,0.05,0.02,0.5,explicit_euler,Predator-prey terms are illustrative and assume continuous well-mixed interaction.
predator_prey_coupled_system,19.97,20.587735334328443,7.22138517803759,6.9778163943959,-0.6372532531651909,0.7,0.05,0.02,0.5,explicit_euler,Predator-prey terms are illustrative and assume continuous well-mixed interaction.
predator_prey_coupled_system,19.98,20.6575134982724,7.215012645505938,7.00804839305343,-0.6266219004580695,0.7,0.05,0.02,0.5,explicit_euler,Predator-prey terms are illustrative and assume continuous well-mixed interaction.
predator_prey_coupled_system,19.990000000000002,20.727593982202936,7.208746426501357,7.038317335083231,-0.6159738322671493,0.7,0.05,0.02,0.5,explicit_euler,Predator-prey terms are illustrative and assume continuous well-mixed interaction.
predator_prey_coupled_system,20.0,20.79797715555377,7.202586688178686,7.068622338805838,-0.6053086760566231,0.7,0.05,0.02,0.5,explicit_euler,Predator-prey terms are illustrative and assume continuous well-mixed interaction.
