"scenario","time","prey","predator","prey_rate","predator_rate","alpha","beta","delta","gamma","method","warning"
"predator_prey_coupled_system",0,40,9,10,2.7,0.7,0.05,0.02,0.5,"explicit_euler","Predator-prey terms are illustrative and assume continuous well-mixed interaction."
"predator_prey_coupled_system",0.01,40.1,9.027,9.970865,2.726154,0.7,0.05,0.02,0.5,"explicit_euler","Predator-prey terms are illustrative and assume continuous well-mixed interaction."
"predator_prey_coupled_system",0.02,40.19970865,9.05426154,9.94086225755498,2.75244274897801,0.7,0.05,0.02,0.5,"explicit_euler","Predator-prey terms are illustrative and assume continuous well-mixed interaction."
"predator_prey_coupled_system",0.03,40.2991172725756,9.08178596748978,9.9099842033878,2.77886617122114,0.7,0.05,0.02,0.5,"explicit_euler","Predator-prey terms are illustrative and assume continuous well-mixed interaction."
"predator_prey_coupled_system",0.04,40.3982171146094,9.10957462920199,9.87822329561461,2.8054241592438,0.7,0.05,0.02,0.5,"explicit_euler","Predator-prey terms are illustrative and assume continuous well-mixed interaction."
"predator_prey_coupled_system",0.05,40.4969993475656,9.13762887079443,9.84557202235299,2.83211657297995,0.7,0.05,0.02,0.5,"explicit_euler","Predator-prey terms are illustrative and assume continuous well-mixed interaction."
"predator_prey_coupled_system",0.06,40.5954550677891,9.16595003652423,9.81202290438641,2.85894323896427,0.7,0.05,0.02,0.5,"explicit_euler","Predator-prey terms are illustrative and assume continuous well-mixed interaction."
"predator_prey_coupled_system",0.07,40.693575296833,9.19453946891387,9.77756849788561,2.88590394950205,0.7,0.05,0.02,0.5,"explicit_euler","Predator-prey terms are illustrative and assume continuous well-mixed interaction."
"predator_prey_coupled_system",0.08,40.7913509818118,9.22339850840889,9.74220139718694,2.91299846182809,0.7,0.05,0.02,0.5,"explicit_euler","Predator-prey terms are illustrative and assume continuous well-mixed interaction."
"predator_prey_coupled_system",0.09,40.8887729957837,9.25252849302717,9.70591423762815,2.94022649725459,0.7,0.05,0.02,0.5,"explicit_euler","Predator-prey terms are illustrative and assume continuous well-mixed interaction."
"predator_prey_coupled_system",0.1,40.98583213816,9.28193075799972,9.66869969844196,2.96758774030815,0.7,0.05,0.02,0.5,"explicit_euler","Predator-prey terms are illustrative and assume continuous well-mixed interaction."
"predator_prey_coupled_system",0.11,41.0825191351444,9.3116066354028,9.63055050570742,2.99508183785606,0.7,0.05,0.02,0.5,"explicit_euler","Predator-prey terms are illustrative and assume continuous well-mixed interaction."
"predator_prey_coupled_system",0.12,41.1788246402015,9.34155745378136,9.59145943535955,3.02270839822191,0.7,0.05,0.02,0.5,"explicit_euler","Predator-prey terms are illustrative and assume continuous well-mixed interaction."
"predator_prey_coupled_system",0.13,41.2747392345551,9.37178453776358,9.5514193162572,3.05046699029075,0.7,0.05,0.02,0.5,"explicit_euler","Predator-prey terms are illustrative and assume continuous well-mixed interaction."
"predator_prey_coupled_system",0.14,41.3702534277176,9.40228920766649,9.51042303330949,3.0783571426039,0.7,0.05,0.02,0.5,"explicit_euler","Predator-prey terms are illustrative and assume continuous well-mixed interaction."
"predator_prey_coupled_system",0.15,41.4653576580507,9.43307277909252,9.4684635306608,3.10637834244362,0.7,0.05,0.02,0.5,"explicit_euler","Predator-prey terms are illustrative and assume continuous well-mixed interaction."
"predator_prey_coupled_system",0.16,41.5600422933573,9.46413656251696,9.42553381493441,3.13453003490781,0.7,0.05,0.02,0.5,"explicit_euler","Predator-prey terms are illustrative and assume continuous well-mixed interaction."
"predator_prey_coupled_system",0.17,41.6542976315067,9.49548186286604,9.3816269585349,3.16281162197489,0.7,0.05,0.02,0.5,"explicit_euler","Predator-prey terms are illustrative and assume continuous well-mixed interaction."
"predator_prey_coupled_system",0.18,41.748113901092,9.52710997908579,9.33673610300922,3.19122246155919,0.7,0.05,0.02,0.5,"explicit_euler","Predator-prey terms are illustrative and assume continuous well-mixed interaction."
"predator_prey_coupled_system",0.19,41.8414812621221,9.55902220370138,9.29085446246645,3.21976186655692,0.7,0.05,0.02,0.5,"explicit_euler","Predator-prey terms are illustrative and assume continuous well-mixed interaction."
"predator_prey_coupled_system",0.2,41.9343898067468,9.59121982236695,9.24397532705613,3.24842910388317,0.7,0.05,0.02,0.5,"explicit_euler","Predator-prey terms are illustrative and assume continuous well-mixed interaction."
"predator_prey_coupled_system",0.21,42.0268295600173,9.62370411340578,9.19609206650501,3.27722339349996,0.7,0.05,0.02,0.5,"explicit_euler","Predator-prey terms are illustrative and assume continuous well-mixed interaction."
"predator_prey_coupled_system",0.22,42.1187904806824,9.65647634734078,9.1471981337121,3.30614390743584,0.7,0.05,0.02,0.5,"explicit_euler","Predator-prey terms are illustrative and assume continuous well-mixed interaction."
"predator_prey_coupled_system",0.23,42.2102624620195,9.68953778641514,9.09728706840173,3.3351897687972,0.7,0.05,0.02,0.5,"explicit_euler","Predator-prey terms are illustrative and assume continuous well-mixed interaction."
"predator_prey_coupled_system",0.24,42.3012353327035,9.72288968410311,9.04635250083441,3.36436005077167,0.7,0.05,0.02,0.5,"explicit_euler","Predator-prey terms are illustrative and assume continuous well-mixed interaction."
"predator_prey_coupled_system",0.25,42.3916988577119,9.75653328461083,8.99438815557508,3.39365377562388,0.7,0.05,0.02,0.5,"explicit_euler","Predator-prey terms are illustrative and assume continuous well-mixed interaction."
"predator_prey_coupled_system",0.26,42.4816427392676,9.79046982236706,8.9413878553184,3.42306991368404,0.7,0.05,0.02,0.5,"explicit_euler","Predator-prey terms are illustrative and assume continuous well-mixed interaction."
"predator_prey_coupled_system",0.27,42.5710566178208,9.8247005215039,8.88734552477074,3.45260738232957,0.7,0.05,0.02,0.5,"explicit_euler","Predator-prey terms are illustrative and assume continuous well-mixed interaction."
"predator_prey_coupled_system",0.28,42.6599300730685,9.8592265953272,8.83225519458817,3.48226504496032,0.7,0.05,0.02,0.5,"explicit_euler","Predator-prey terms are illustrative and assume continuous well-mixed interaction."
"predator_prey_coupled_system",0.29,42.7482526250144,9.8940492457768,8.77611100537008,3.5120417099676,0.7,0.05,0.02,0.5,"explicit_euler","Predator-prey terms are illustrative and assume continuous well-mixed interaction."
"predator_prey_coupled_system",0.3,42.8360137350681,9.92916966287648,8.71890721170774,3.54193612969773,0.7,0.05,0.02,0.5,"explicit_euler","Predator-prey terms are illustrative and assume continuous well-mixed interaction."
"predator_prey_coupled_system",0.31,42.9232028071852,9.96458902417346,8.66063818628718,3.57194699941025,0.7,0.05,0.02,0.5,"explicit_euler","Predator-prey terms are illustrative and assume continuous well-mixed interaction."
"predator_prey_coupled_system",0.32,43.009809189048,10.0003084941676,8.60129842404547,3.60207295623148,0.7,0.05,0.02,0.5,"explicit_euler","Predator-prey terms are illustrative and assume continuous well-mixed interaction."
"predator_prey_coupled_system",0.33,43.0958221732885,10.0363292237299,8.54088254637988,3.63231257810389,0.7,0.05,0.02,0.5,"explicit_euler","Predator-prey terms are illustrative and assume continuous well-mixed interaction."
"predator_prey_coupled_system",0.34,43.1812309987523,10.0726523495109,8.47938530540881,3.66266438273166,0.7,0.05,0.02,0.5,"explicit_euler","Predator-prey terms are illustrative and assume continuous well-mixed interaction."
"predator_prey_coupled_system",0.35,43.2660248518064,10.1092789933382,8.41680158828366,3.69312682652321,0.7,0.05,0.02,0.5,"explicit_euler","Predator-prey terms are illustrative and assume continuous well-mixed interaction."
"predator_prey_coupled_system",0.36,43.3501928676892,10.1462102616035,8.35312642155057,3.72369830353102,0.7,0.05,0.02,0.5,"explicit_euler","Predator-prey terms are illustrative and assume continuous well-mixed interaction."
"predator_prey_coupled_system",0.37,43.4337241319047,10.1834472446388,8.28835497556102,3.75437714438953,0.7,0.05,0.02,0.5,"explicit_euler","Predator-prey terms are illustrative and assume continuous well-mixed interaction."
"predator_prey_coupled_system",0.38,43.5166076816603,10.2209910160827,8.22248256893002,3.78516161525155,0.7,0.05,0.02,0.5,"explicit_euler","Predator-prey terms are illustrative and assume continuous well-mixed interaction."
"predator_prey_coupled_system",0.39,43.5988325073496,10.2588426322352,8.15550467304076,3.816049916724,0.7,0.05,0.02,0.5,"explicit_euler","Predator-prey terms are illustrative and assume continuous well-mixed interaction."
"predator_prey_coupled_system",0.4,43.68038755408,10.2970031314024,8.08741691659435,3.84704018280346,0.7,0.05,0.02,0.5,"explicit_euler","Predator-prey terms are illustrative and assume continuous well-mixed interaction."
"predator_prey_coupled_system",0.41,43.761261723246,10.3354735332305,8.01821509020319,3.87813047981237,0.7,0.05,0.02,0.5,"explicit_euler","Predator-prey terms are illustrative and assume continuous well-mixed interaction."
"predator_prey_coupled_system",0.42,43.841443874148,10.3742548380286,7.94789515102669,3.90931880533648,0.7,0.05,0.02,0.5,"explicit_euler","Predator-prey terms are illustrative and assume continuous well-mixed interaction."
"predator_prey_coupled_system",0.43,43.9209228256583,10.4133480260819,7.8764532274475,3.94060308716435,0.7,0.05,0.02,0.5,"explicit_euler","Predator-prey terms are illustrative and assume continuous well-mixed interaction."
"predator_prey_coupled_system",0.44,43.9996873579328,10.4527540569536,7.80388562378688,3.97198118222963,0.7,0.05,0.02,0.5,"explicit_euler","Predator-prey terms are illustrative and assume continuous well-mixed interaction."
"predator_prey_coupled_system",0.45,44.0777262141706,10.4924738687759,7.73018882505729,4.00345087555692,0.7,0.05,0.02,0.5,"explicit_euler","Predator-prey terms are illustrative and assume continuous well-mixed interaction."
"predator_prey_coupled_system",0.46,44.1550281024212,10.5325083775315,7.65535950175044,4.03500987921204,0.7,0.05,0.02,0.5,"explicit_euler","Predator-prey terms are illustrative and assume continuous well-mixed interaction."
"predator_prey_coupled_system",0.47,44.2315816974387,10.5728584763236,7.57939451465892,4.06665583125749,0.7,0.05,0.02,0.5,"explicit_euler","Predator-prey terms are illustrative and assume continuous well-mixed interaction."
"predator_prey_coupled_system",0.48,44.3073756425853,10.6135250346361,7.50229091972936,4.09838629471407,0.7,0.05,0.02,0.5,"explicit_euler","Predator-prey terms are illustrative and assume continuous well-mixed interaction."
"predator_prey_coupled_system",0.49,44.3823985517826,10.6545088975833,7.42404597294504,4.13019875652946,0.7,0.05,0.02,0.5,"explicit_euler","Predator-prey terms are illustrative and assume continuous well-mixed interaction."
"predator_prey_coupled_system",0.5,44.456639011512,10.6958108851486,7.34465713523585,4.16209062655474,0.7,0.05,0.02,0.5,"explicit_euler","Predator-prey terms are illustrative and assume continuous well-mixed interaction."
"predator_prey_coupled_system",0.51,44.5300855828644,10.7374317914141,7.26412207741307,4.19405923652974,0.7,0.05,0.02,0.5,"explicit_euler","Predator-prey terms are illustrative and assume continuous well-mixed interaction."
"predator_prey_coupled_system",0.52,44.6027268036385,10.7793723837794,7.18243868512699,4.22610183907828,0.7,0.05,0.02,0.5,"explicit_euler","Predator-prey terms are illustrative and assume continuous well-mixed interaction."
"predator_prey_coupled_system",0.53,44.6745511904898,10.8216334021702,7.09960506384449,4.25821560671424,0.7,0.05,0.02,0.5,"explicit_euler","Predator-prey terms are illustrative and assume continuous well-mixed interaction."
"predator_prey_coupled_system",0.54,44.7455472411282,10.8642155582374,7.01561954384427,4.29039763085952,0.7,0.05,0.02,0.5,"explicit_euler","Predator-prey terms are illustrative and assume continuous well-mixed interaction."
"predator_prey_coupled_system",0.55,44.8157034365667,10.9071195345459,6.93048068522695,4.32264492087492,0.7,0.05,0.02,0.5,"explicit_euler","Predator-prey terms are illustrative and assume continuous well-mixed interaction."
"predator_prey_coupled_system",0.56,44.885008243419,10.9503459837547,6.8441872829373,4.35495440310504,0.7,0.05,0.02,0.5,"explicit_euler","Predator-prey terms are illustrative and assume continuous well-mixed interaction."
"predator_prey_coupled_system",0.57,44.9534501162483,10.9938955277857,6.75673837179572,4.38732291993837,0.7,0.05,0.02,0.5,"explicit_euler","Predator-prey terms are illustrative and assume continuous well-mixed interaction."
"predator_prey_coupled_system",0.58,45.0210174999663,11.0377687569851,6.66813323153596,4.41974722888361,0.7,0.05,0.02,0.5,"explicit_euler","Predator-prey terms are illustrative and assume continuous well-mixed interaction."
"predator_prey_coupled_system",0.59,45.0876988322817,11.081966229274,6.57837139184613,4.45222400166343,0.7,0.05,0.02,0.5,"explicit_euler","Predator-prey terms are illustrative and assume continuous well-mixed interaction."
"predator_prey_coupled_system",0.6,45.1534825462001,11.1264884692906,6.48745263740958,4.4847498233269,0.7,0.05,0.02,0.5,"explicit_euler","Predator-prey terms are illustrative and assume continuous well-mixed interaction."
"predator_prey_coupled_system",0.61,45.2183570725742,11.1713359675239,6.39537701294266,4.51732119138178,0.7,0.05,0.02,0.5,"explicit_euler","Predator-prey terms are illustrative and assume continuous well-mixed interaction."
"predator_prey_coupled_system",0.62,45.2823108427037,11.2165091794377,6.30214482822574,4.54993451494788,0.7,0.05,0.02,0.5,"explicit_euler","Predator-prey terms are illustrative and assume continuous well-mixed interaction."
"predator_prey_coupled_system",0.63,45.3453322909859,11.2620085245872,6.20775666312408,4.58258611393284,0.7,0.05,0.02,0.5,"explicit_euler","Predator-prey terms are illustrative and assume continuous well-mixed interaction."
"predator_prey_coupled_system",0.64,45.4074098576171,11.3078343857265,6.11221337259503,4.61527221823154,0.7,0.05,0.02,0.5,"explicit_euler","Predator-prey terms are illustrative and assume continuous well-mixed interaction."
"predator_prey_coupled_system",0.65,45.4685319913431,11.3539871079088,6.01551609167772,4.64798896695057,0.7,0.05,0.02,0.5,"explicit_euler","Predator-prey terms are illustrative and assume continuous well-mixed interaction."
"predator_prey_coupled_system",0.66,45.5286871522599,11.4004669975783,5.91766624046158,4.68073240765897,0.7,0.05,0.02,0.5,"explicit_euler","Predator-prey terms are illustrative and assume continuous well-mixed interaction."
"predator_prey_coupled_system",0.67,45.5878638146645,11.4472743216549,5.81866552902965,4.71349849566674,0.7,0.05,0.02,0.5,"explicit_euler","Predator-prey terms are illustrative and assume continuous well-mixed interaction."
"predator_prey_coupled_system",0.68,45.6460504699548,11.4944093066116,5.71851596237286,4.74628309333241,0.7,0.05,0.02,0.5,"explicit_euler","Predator-prey terms are illustrative and assume continuous well-mixed interaction."
"predator_prey_coupled_system",0.69,45.7032356295785,11.5418721375449,5.61721984527089,4.77908196940118,0.7,0.05,0.02,0.5,"explicit_euler","Predator-prey terms are illustrative and assume continuous well-mixed interaction."
"predator_prey_coupled_system",0.7,45.7594078280312,11.5896629572389,5.51477978713578,4.81189079837498,0.7,0.05,0.02,0.5,"explicit_euler","Predator-prey terms are illustrative and assume continuous well-mixed interaction."
"predator_prey_coupled_system",0.71,45.8145556259026,11.6377818652227,5.41119870681362,4.84470515991595,0.7,0.05,0.02,0.5,"explicit_euler","Predator-prey terms are illustrative and assume continuous well-mixed interaction."
"predator_prey_coupled_system",0.72,45.8686676129707,11.6862289168218,5.30647983734017,4.87752053828483,0.7,0.05,0.02,0.5,"explicit_euler","Predator-prey terms are illustrative and assume continuous well-mixed interaction."
"predator_prey_coupled_system",0.73,45.9217324113441,11.7350041222047,5.20062673064574,4.91033232181572,0.7,0.05,0.02,0.5,"explicit_euler","Predator-prey terms are illustrative and assume continuous well-mixed interaction."
"predator_prey_coupled_system",0.74,45.9737386786506,11.7841074454228,5.09364326220493,4.94313580242878,0.7,0.05,0.02,0.5,"explicit_euler","Predator-prey terms are illustrative and assume continuous well-mixed interaction."
"predator_prey_coupled_system",0.75,46.0246751112726,11.8335388034471,4.98553363562629,4.97592617518227,0.7,0.05,0.02,0.5,"explicit_euler","Predator-prey terms are illustrative and assume continuous well-mixed interaction."
"predator_prey_coupled_system",0.76,46.0745304476289,11.8832980651989,4.87630238717734,5.00869853786569,0.7,0.05,0.02,0.5,"explicit_euler","Predator-prey terms are illustrative and assume continuous well-mixed interaction."
"predator_prey_coupled_system",0.77,46.1232934715007,11.9333850505776,4.76595439024002,5.04144789063538,0.7,0.05,0.02,0.5,"explicit_euler","Predator-prey terms are illustrative and assume continuous well-mixed interaction."
"predator_prey_coupled_system",0.78,46.1709530154031,11.9837995294839,4.65449485969152,5.07416913569428,0.7,0.05,0.02,0.5,"explicit_euler","Predator-prey terms are illustrative and assume continuous well-mixed interaction."
"predator_prey_coupled_system",0.79,46.217497964,12.0345412208409,4.54192935620561,5.10685707701731,0.7,0.05,0.02,0.5,"explicit_euler","Predator-prey terms are illustrative and assume continuous well-mixed interaction."
"predator_prey_coupled_system",0.8,46.262917257562,12.0856097916111,4.42826379046923,5.13950642012415,0.7,0.05,0.02,0.5,"explicit_euler","Predator-prey terms are illustrative and assume continuous well-mixed interaction."
"predator_prey_coupled_system",0.81,46.3071998954667,12.1370048558123,4.31350442730918,5.17211177190086,0.7,0.05,0.02,0.5,"explicit_euler","Predator-prey terms are illustrative and assume continuous well-mixed interaction."
"predator_prey_coupled_system",0.82,46.3503349397398,12.1887259735313,4.19765788972375,5.204667640472,0.7,0.05,0.02,0.5,"explicit_euler","Predator-prey terms are illustrative and assume continuous well-mixed interaction."
"predator_prey_coupled_system",0.83,46.3923115186371,12.240772649936,4.0807311628137,5.23716843512488,0.7,0.05,0.02,0.5,"explicit_euler","Predator-prey terms are illustrative and assume continuous well-mixed interaction."
"predator_prey_coupled_system",0.84,46.4331188302652,12.2931443342873,3.96273159760751,5.26960846628761,0.7,0.05,0.02,0.5,"explicit_euler","Predator-prey terms are illustrative and assume continuous well-mixed interaction."
"predator_prey_coupled_system",0.85,46.4727461462413,12.3458404189502,3.84366691477511,5.30198194556243,0.7,0.05,0.02,0.5,"explicit_euler","Predator-prey terms are illustrative and assume continuous well-mixed interaction."
"predator_prey_coupled_system",0.86,46.511182815389,12.3988602384058,3.72354520822487,5.33428298581609,0.7,0.05,0.02,0.5,"explicit_euler","Predator-prey terms are illustrative and assume continuous well-mixed interaction."
"predator_prey_coupled_system",0.87,46.5484182674713,12.4522030682639,3.60237494857794,5.36650560132881,0.7,0.05,0.02,0.5,"explicit_euler","Predator-prey terms are illustrative and assume continuous well-mixed interaction."
"predator_prey_coupled_system",0.88,46.584442016957,12.5058681242772,3.48016498651473,5.39864370800347,0.7,0.05,0.02,0.5,"explicit_euler","Predator-prey terms are illustrative and assume continuous well-mixed interaction."
"predator_prey_coupled_system",0.89,46.6192436668222,12.5598545613573,3.35692455598742,5.43069112363662,0.7,0.05,0.02,0.5,"explicit_euler","Predator-prey terms are illustrative and assume continuous well-mixed interaction."
"predator_prey_coupled_system",0.9,46.6528129123821,12.6141614725936,3.23266327729302,5.46264156825296,0.7,0.05,0.02,0.5,"explicit_euler","Predator-prey terms are illustrative and assume continuous well-mixed interaction."
"predator_prey_coupled_system",0.91,46.685139545155,12.6687878882762,3.1073911600014,5.49448866450476,0.7,0.05,0.02,0.5,"explicit_euler","Predator-prey terms are illustrative and assume continuous well-mixed interaction."
"predator_prey_coupled_system",0.92,46.716213456755,12.7237327749212,2.98111860573206,5.52622593813797,0.7,0.05,0.02,0.5,"explicit_euler","Predator-prey terms are illustrative and assume continuous well-mixed interaction."
"predator_prey_coupled_system",0.93,46.7460246428123,12.7789950343026,2.85385641077438,5.55784681852641,0.7,0.05,0.02,0.5,"explicit_euler","Predator-prey terms are illustrative and assume continuous well-mixed interaction."
"predator_prey_coupled_system",0.94,46.7745632069201,12.8345735024878,2.72561576854508,5.58934463927566,0.7,0.05,0.02,0.5,"explicit_euler","Predator-prey terms are illustrative and assume continuous well-mixed interaction."
"predator_prey_coupled_system",0.95,46.8018193646055,12.8904669488806,2.59640827187748,5.62071263889825,0.7,0.05,0.02,0.5,"explicit_euler","Predator-prey terms are illustrative and assume continuous well-mixed interaction."
"predator_prey_coupled_system",0.96,46.8277834473243,12.9466740752696,2.46624591513642,5.65194396156144,0.7,0.05,0.02,0.5,"explicit_euler","Predator-prey terms are illustrative and assume continuous well-mixed interaction."
"predator_prey_coupled_system",0.97,46.8524459064757,13.0031935148852,2.33514109615325,5.68303165790928,0.7,0.05,0.02,0.5,"explicit_euler","Predator-prey terms are illustrative and assume continuous well-mixed interaction."
"predator_prey_coupled_system",0.98,46.8757973174372,13.0600238314643,2.20310661797503,5.71396868596025,0.7,0.05,0.02,0.5,"explicit_euler","Predator-prey terms are illustrative and assume continuous well-mixed interaction."
"predator_prey_coupled_system",0.99,46.8978283836169,13.1171635183239,2.07015569042209,5.74474791208196,0.7,0.05,0.02,0.5,"explicit_euler","Predator-prey terms are illustrative and assume continuous well-mixed interaction."
"predator_prey_coupled_system",1,46.9185299405212,13.1746109974447,1.93630193144834,5.77536211204423,0.7,0.05,0.02,0.5,"explicit_euler","Predator-prey terms are illustrative and assume continuous well-mixed interaction."
"predator_prey_coupled_system",1.01,46.9378929598356,13.2323646185652,1.80155936829854,5.80580397215198,0.7,0.05,0.02,0.5,"explicit_euler","Predator-prey terms are illustrative and assume continuous well-mixed interaction."
"predator_prey_coupled_system",1.02,46.9559085535186,13.2904226582867,1.66594243845697,5.83606609045909,0.7,0.05,0.02,0.5,"explicit_euler","Predator-prey terms are illustrative and assume continuous well-mixed interaction."
"predator_prey_coupled_system",1.03,46.9725679779032,13.3487833191913,1.52946599038163,5.86614097806461,0.7,0.05,0.02,0.5,"explicit_euler","Predator-prey terms are illustrative and assume continuous well-mixed interaction."
"predator_prey_coupled_system",1.04,46.987862637807,13.4074447289719,1.3921452840188,5.89602106049248,0.7,0.05,0.02,0.5,"explicit_euler","Predator-prey terms are illustrative and assume continuous well-mixed interaction."
"predator_prey_coupled_system",1.05,47.0017840906472,13.4664049395768,1.25399599109225,5.92569867915589,0.7,0.05,0.02,0.5,"explicit_euler","Predator-prey terms are illustrative and assume continuous well-mixed interaction."
"predator_prey_coupled_system",1.06,47.0143240505581,13.5256619263684,1.11503419516167,5.9551660929074,0.7,0.05,0.02,0.5,"explicit_euler","Predator-prey terms are illustrative and assume continuous well-mixed interaction."
"predator_prey_coupled_system",1.07,47.0254743925097,13.5852135872975,0.975276391445178,5.98441547967592,0.7,0.05,0.02,0.5,"explicit_euler","Predator-prey terms are illustrative and assume continuous well-mixed interaction."
"predator_prey_coupled_system",1.08,47.0352271564242,13.6450577420942,0.834739486400593,6.01343893819142,0.7,0.05,0.02,0.5,"explicit_euler","Predator-prey terms are illustrative and assume continuous well-mixed interaction."
"predator_prey_coupled_system",1.09,47.0435745512882,13.7051921314761,0.693440797060411,6.04222848979846,0.7,0.05,0.02,0.5,"explicit_euler","Predator-prey terms are illustrative and assume continuous well-mixed interaction."
"predator_prey_coupled_system",1.1,47.0505089592588,13.7656144163741,0.551398050115495,6.0707760803592,0.7,0.05,0.02,0.5,"explicit_euler","Predator-prey terms are illustrative and assume continuous well-mixed interaction."
"predator_prey_coupled_system",1.11,47.05602293976,13.8263221771777,0.408629380742632,6.09907358224687,0.7,0.05,0.02,0.5,"explicit_euler","Predator-prey terms are illustrative and assume continuous well-mixed interaction."
"predator_prey_coupled_system",1.12,47.0601092335674,13.8873129130002,0.26515333117117,6.1271127964303,0.7,0.05,0.02,0.5,"explicit_euler","Predator-prey terms are illustrative and assume continuous well-mixed interaction."
"predator_prey_coupled_system",1.13,47.0627607668791,13.9485840409645,0.120988848984382,6.15488545465015,0.7,0.05,0.02,0.5,"explicit_euler","Predator-prey terms are illustrative and assume continuous well-mixed interaction."
"predator_prey_coupled_system",1.14,47.0639706553689,14.010132895511,-0.0238447148491758,6.18238322168747,0.7,0.05,0.02,0.5,"explicit_euler","Predator-prey terms are illustrative and assume continuous well-mixed interaction."
"predator_prey_coupled_system",1.15,47.0637322082205,14.0719567277279,-0.169327608218225,6.20959769772508,0.7,0.05,0.02,0.5,"explicit_euler","Predator-prey terms are illustrative and assume continuous well-mixed interaction."
"predator_prey_coupled_system",1.16,47.0620389321383,14.1340527047051,-0.315439680389552,6.23652042080197,0.7,0.05,0.02,0.5,"explicit_euler","Predator-prey terms are illustrative and assume continuous well-mixed interaction."
"predator_prey_coupled_system",1.17,47.0588845353344,14.1964179089131,-0.462160384810772,6.26314286936136,0.7,0.05,0.02,0.5,"explicit_euler","Predator-prey terms are illustrative and assume continuous well-mixed interaction."
"predator_prey_coupled_system",1.18,47.0542629314863,14.2590493376068,-0.609468782198789,6.28945646489229,0.7,0.05,0.02,0.5,"explicit_euler","Predator-prey terms are illustrative and assume continuous well-mixed interaction."
"predator_prey_coupled_system",1.19,47.0481682436643,14.3219439022557,-0.757343543917351,6.3154525746651,0.7,0.05,0.02,0.5,"explicit_euler","Predator-prey terms are illustrative and assume continuous well-mixed interaction."
"predator_prey_coupled_system",1.2,47.0405948082251,14.3850984280023,-0.905762955647099,6.34112251456071,0.7,0.05,0.02,0.5,"explicit_euler","Predator-prey terms are illustrative and assume continuous well-mixed interaction."
"predator_prey_coupled_system",1.21,47.0315371786686,14.4485096531479,-1.05470492135095,6.36645755199363,0.7,0.05,0.02,0.5,"explicit_euler","Predator-prey terms are illustrative and assume continuous well-mixed interaction."
"predator_prey_coupled_system",1.22,47.0209901294551,14.5121742286679,-1.20414696753767,6.39144890892857,0.7,0.05,0.02,0.5,"explicit_euler","Predator-prey terms are illustrative and assume continuous well-mixed interaction."
"predator_prey_coupled_system",1.23,47.0089486597798,14.5760887177572,-1.35406624782623,6.41608776499024,0.7,0.05,0.02,0.5,"explicit_euler","Predator-prey terms are illustrative and assume continuous well-mixed interaction."
"predator_prey_coupled_system",1.24,46.9954079973015,14.6402495954071,-1.50443954781311,6.44036526066613,0.7,0.05,0.02,0.5,"explicit_euler","Predator-prey terms are illustrative and assume continuous well-mixed interaction."
"predator_prey_coupled_system",1.25,46.9803636018234,14.7046532480137,-1.65524329024453,6.46427250060149,0.7,0.05,0.02,0.5,"explicit_euler","Predator-prey terms are illustrative and assume continuous well-mixed interaction."
"predator_prey_coupled_system",1.26,46.9638111689209,14.7692959730197,-1.80645354049552,6.48780055698619,0.7,0.05,0.02,0.5,"explicit_euler","Predator-prey terms are illustrative and assume continuous well-mixed interaction."
"predator_prey_coupled_system",1.27,46.945746633516,14.8341739785896,-1.95804601235697,6.51094047303246,0.7,0.05,0.02,0.5,"explicit_euler","Predator-prey terms are illustrative and assume continuous well-mixed interaction."
"predator_prey_coupled_system",1.28,46.9261661733924,14.8992833833199,-2.10999607413206,6.53368326654274,0.7,0.05,0.02,0.5,"explicit_euler","Predator-prey terms are illustrative and assume continuous well-mixed interaction."
"predator_prey_coupled_system",1.29,46.9050662126511,14.9646202159854,-2.26227875504273,6.55601993356672,0.7,0.05,0.02,0.5,"explicit_euler","Predator-prey terms are illustrative and assume continuous well-mixed interaction."
"predator_prey_coupled_system",1.3,46.8824434251007,15.030180415321,-2.41486875194672,6.57794145214636,0.7,0.05,0.02,0.5,"explicit_euler","Predator-prey terms are illustrative and assume continuous well-mixed interaction."
"predator_prey_coupled_system",1.31,46.8582947375812,15.0959598298425,-2.56774043636542,6.59943878614766,0.7,0.05,0.02,0.5,"explicit_euler","Predator-prey terms are illustrative and assume continuous well-mixed interaction."
"predator_prey_coupled_system",1.32,46.8326173332175,15.161954217704,-2.72086786182238,6.62050288917788,0.7,0.05,0.02,0.5,"explicit_euler","Predator-prey terms are illustrative and assume continuous well-mixed interaction."
"predator_prey_coupled_system",1.33,46.8054086545993,15.2281592465957,-2.87422477149192,6.6411247085867,0.7,0.05,0.02,0.5,"explicit_euler","Predator-prey terms are illustrative and assume continuous well-mixed interaction."
"predator_prey_coupled_system",1.34,46.7766664068844,15.2945704936816,-3.02778460615701,6.66129518954963,0.7,0.05,0.02,0.5,"explicit_euler","Predator-prey terms are illustrative and assume continuous well-mixed interaction."
"predator_prey_coupled_system",1.35,46.7463885608228,15.3611834455771,-3.18152051247534,6.68100527923198,0.7,0.05,0.02,0.5,"explicit_euler","Predator-prey terms are illustrative and assume continuous well-mixed interaction."
"predator_prey_coupled_system",1.36,46.7145733556981,15.4279934983694,-3.33540535155192,6.70024593103152,0.7,0.05,0.02,0.5,"explicit_euler","Predator-prey terms are illustrative and assume continuous well-mixed interaction."
"predator_prey_coupled_system",1.37,46.6812193021826,15.4949959576797,-3.48941170781621,6.71900810889773,0.7,0.05,0.02,0.5,"explicit_euler","Predator-prey terms are illustrative and assume continuous well-mixed interaction."
"predator_prey_coupled_system",1.38,46.6463251851044,15.5621860387687,-3.64351189820178,6.73728279172558,0.7,0.05,0.02,0.5,"explicit_euler","Predator-prey terms are illustrative and assume continuous well-mixed interaction."
"predator_prey_coupled_system",1.39,46.6098900661224,15.629558866686,-3.7976779816254,6.75506097782144,0.7,0.05,0.02,0.5,"explicit_euler","Predator-prey terms are illustrative and assume continuous well-mixed interaction."
"predator_prey_coupled_system",1.4,46.5719132863061,15.6971094764642,-3.95188176876292,6.77233368943879,0.7,0.05,0.02,0.5,"explicit_euler","Predator-prey terms are illustrative and assume continuous well-mixed interaction."
"predator_prey_coupled_system",1.41,46.5323944686185,15.7648328133586,-4.10609483211813,6.78909197738115,0.7,0.05,0.02,0.5,"explicit_euler","Predator-prey terms are illustrative and assume continuous well-mixed interaction."
"predator_prey_coupled_system",1.42,46.4913335202973,15.8327237331324,-4.2602885163811,6.8053269256695,0.7,0.05,0.02,0.5,"explicit_euler","Predator-prey terms are illustrative and assume continuous well-mixed interaction."
"predator_prey_coupled_system",1.43,46.4487306351335,15.9007770023891,-4.41443394907134,6.82102965627138,0.7,0.05,0.02,0.5,"explicit_euler","Predator-prey terms are illustrative and assume continuous well-mixed interaction."
"predator_prey_coupled_system",1.44,46.4045862956428,15.9689872989518,-4.56850205146165,6.83619133388874,0.7,0.05,0.02,0.5,"explicit_euler","Predator-prey terms are illustrative and assume continuous well-mixed interaction."
"predator_prey_coupled_system",1.45,46.3589012751282,16.0373492122907,-4.72246354977719,6.85080317080142,0.7,0.05,0.02,0.5,"explicit_euler","Predator-prey terms are illustrative and assume continuous well-mixed interaction."
"predator_prey_coupled_system",1.46,46.3116766396304,16.1058572439987,-4.87628898666453,6.86485643176298,0.7,0.05,0.02,0.5,"explicit_euler","Predator-prey terms are illustrative and assume continuous well-mixed interaction."
"predator_prey_coupled_system",1.47,46.2629137497638,16.1745058083163,-5.02994873292491,6.87834243894566,0.7,0.05,0.02,0.5,"explicit_euler","Predator-prey terms are illustrative and assume continuous well-mixed interaction."
"predator_prey_coupled_system",1.48,46.2126142624345,16.2432892327058,-5.18341299950524,6.89125257693087,0.7,0.05,0.02,0.5,"explicit_euler","Predator-prey terms are illustrative and assume continuous well-mixed interaction."
"predator_prey_coupled_system",1.49,46.1607801324395,16.3122017584751,-5.33665184974041,6.90357829774167,0.7,0.05,0.02,0.5,"explicit_euler","Predator-prey terms are illustrative and assume continuous well-mixed interaction."
"predator_prey_coupled_system",1.5,46.107413613942,16.3812375414525,-5.48963521183986,6.91531112591346,0.7,0.05,0.02,0.5,"explicit_euler","Predator-prey terms are illustrative and assume continuous well-mixed interaction."
"predator_prey_coupled_system",1.51,46.0525172618237,16.4503906527116,-5.64233289161071,6.92644266359908,0.7,0.05,0.02,0.5,"explicit_euler","Predator-prey terms are illustrative and assume continuous well-mixed interaction."
"predator_prey_coupled_system",1.52,45.9960939329075,16.5196550793476,-5.79471458541005,6.93696459570432,0.7,0.05,0.02,0.5,"explicit_euler","Predator-prey terms are illustrative and assume continuous well-mixed interaction."
"predator_prey_coupled_system",1.53,45.9381467870534,16.5890247253047,-5.94674989331784,6.94686869504976,0.7,0.05,0.02,0.5,"explicit_euler","Predator-prey terms are illustrative and assume continuous well-mixed interaction."
"predator_prey_coupled_system",1.54,45.8786792881203,16.6584934122552,-6.09840833252176,6.9561468275548,0.7,0.05,0.02,0.5,"explicit_euler","Predator-prey terms are illustrative and assume continuous well-mixed interaction."
"predator_prey_coupled_system",1.55,45.817695204795,16.7280548805307,-6.2496593509055,6.96479095743945,0.7,0.05,0.02,0.5,"explicit_euler","Predator-prey terms are illustrative and assume continuous well-mixed interaction."
"predator_prey_coupled_system",1.56,45.755198611286,16.7977027901051,-6.40047234083042,6.97279315243969,0.7,0.05,0.02,0.5,"explicit_euler","Predator-prey terms are illustrative and assume continuous well-mixed interaction."
"predator_prey_coupled_system",1.57,45.6911938878777,16.8674307216295,-6.55081665310155,6.98014558903162,0.7,0.05,0.02,0.5,"explicit_euler","Predator-prey terms are illustrative and assume continuous well-mixed interaction."
"predator_prey_coupled_system",1.58,45.6256857213467,16.9372321775198,-6.70066161110732,6.98684055766008,0.7,0.05,0.02,0.5,"explicit_euler","Predator-prey terms are illustrative and assume continuous well-mixed interaction."
"predator_prey_coupled_system",1.59,45.5586791052356,17.0071005830964,-6.84997652512284,6.9928704679669,0.7,0.05,0.02,0.5,"explicit_euler","Predator-prey terms are illustrative and assume continuous well-mixed interaction."
"predator_prey_coupled_system",1.6,45.4901793399844,17.0770292877761,-6.99873070676594,6.99822785401396,0.7,0.05,0.02,0.5,"explicit_euler","Predator-prey terms are illustrative and assume continuous well-mixed interaction."
"predator_prey_coupled_system",1.61,45.4201920329167,17.1470115663162,-7.14689348359466,7.00290537949643,0.7,0.05,0.02,0.5,"explicit_euler","Predator-prey terms are illustrative and assume continuous well-mixed interaction."
"predator_prey_coupled_system",1.62,45.3487230980808,17.2170406201112,-7.29443421383504,7.00689584294103,0.7,0.05,0.02,0.5,"explicit_euler","Predator-prey terms are illustrative and assume continuous well-mixed interaction."
"predator_prey_coupled_system",1.63,45.2757787559424,17.2871095785406,-7.44132230122718,7.01019218288445,0.7,0.05,0.02,0.5,"explicit_euler","Predator-prey terms are illustrative and assume continuous well-mixed interaction."
"predator_prey_coupled_system",1.64,45.2013655329302,17.3572115003694,-7.58752720997782,7.01278748302684,0.7,0.05,0.02,0.5,"explicit_euler","Predator-prey terms are illustrative and assume continuous well-mixed interaction."
"predator_prey_coupled_system",1.65,45.1254902608304,17.4273393751997,-7.73301847980677,7.01467497735535,0.7,0.05,0.02,0.5,"explicit_euler","Predator-prey terms are illustrative and assume continuous well-mixed interaction."
"predator_prey_coupled_system",1.66,45.0481600760323,17.4974861249733,-7.8777657410749,7.01584805523237,0.7,0.05,0.02,0.5,"explicit_euler","Predator-prey terms are illustrative and assume continuous well-mixed interaction."
"predator_prey_coupled_system",1.67,44.9693824186216,17.5676446055256,-8.02173872998064,7.01630026644349,0.7,0.05,0.02,0.5,"explicit_euler","Predator-prey terms are illustrative and assume continuous well-mixed interaction."
"predator_prey_coupled_system",1.68,44.8891650313218,17.63780760819,-8.16490730381202,7.01602532619988,0.7,0.05,0.02,0.5,"explicit_euler","Predator-prey terms are illustrative and assume continuous well-mixed interaction."
"predator_prey_coupled_system",1.69,44.8075159582836,17.707967861452,-8.30724145624074,7.0150171200897,0.7,0.05,0.02,0.5,"explicit_euler","Predator-prey terms are illustrative and assume continuous well-mixed interaction."
"predator_prey_coupled_system",1.7,44.7244435437212,17.7781180326529,-8.44871133264505,7.0132697089735,0.7,0.05,0.02,0.5,"explicit_euler","Predator-prey terms are illustrative and assume continuous well-mixed interaction."
"predator_prey_coupled_system",1.71,44.6399564303948,17.8482507297427,-8.58928724544737,7.01077733381815,0.7,0.05,0.02,0.5,"explicit_euler","Predator-prey terms are illustrative and assume continuous well-mixed interaction."
"predator_prey_coupled_system",1.72,44.5540635579403,17.9183585030808,-8.728939689453,7.00753442046406,0.7,0.05,0.02,0.5,"explicit_euler","Predator-prey terms are illustrative and assume continuous well-mixed interaction."
"predator_prey_coupled_system",1.73,44.4667741610458,17.9884338472855,-8.86763935717573,7.00353558432036,0.7,0.05,0.02,0.5,"explicit_euler","Predator-prey terms are illustrative and assume continuous well-mixed interaction."
"predator_prey_coupled_system",1.74,44.378097767474,18.0584692031287,-9.00535715413637,6.99877563498292,0.7,0.05,0.02,0.5,"explicit_euler","Predator-prey terms are illustrative and assume continuous well-mixed interaction."
"predator_prey_coupled_system",1.75,44.2880441959326,18.1284569594785,-9.14206421411951,6.99324958076969,0.7,0.05,0.02,0.5,"explicit_euler","Predator-prey terms are illustrative and assume continuous well-mixed interaction."
"predator_prey_coupled_system",1.76,44.1966235537915,18.1983894552862,-9.27773191437462,6.98695263316835,0.7,0.05,0.02,0.5,"explicit_euler","Predator-prey terms are illustrative and assume continuous well-mixed interaction."
"predator_prey_coupled_system",1.77,44.1038462346477,18.2682589816179,-9.41233189074649,6.979880211191,0.7,0.05,0.02,0.5,"explicit_euler","Predator-prey terms are illustrative and assume continuous well-mixed interaction."
"predator_prey_coupled_system",1.78,44.0097229157402,18.3380577837298,-9.54583605272095,6.97202794563075,0.7,0.05,0.02,0.5,"explicit_euler","Predator-prey terms are illustrative and assume continuous well-mixed interaction."
"predator_prey_coupled_system",1.79,43.914264555213,18.4077780631861,-9.67821659837099,6.96339168321498,0.7,0.05,0.02,0.5,"explicit_euler","Predator-prey terms are illustrative and assume continuous well-mixed interaction."
"predator_prey_coupled_system",1.8,43.8174823892293,18.4774119800183,-9.80944602918875,6.95396749065057,0.7,0.05,0.02,0.5,"explicit_euler","Predator-prey terms are illustrative and assume continuous well-mixed interaction."
"predator_prey_coupled_system",1.81,43.7193879289374,18.5469516549248,-9.93949716478901,6.9437516585557,0.7,0.05,0.02,0.5,"explicit_euler","Predator-prey terms are illustrative and assume continuous well-mixed interaction."
"predator_prey_coupled_system",1.82,43.6199929572895,18.6163891715103,-10.0683431574694,6.93274070527367,0.7,0.05,0.02,0.5,"explicit_euler","Predator-prey terms are illustrative and assume continuous well-mixed interaction."
"predator_prey_coupled_system",1.83,43.5193095257148,18.6857165785631,-10.195957506613,6.92093138056381,0.7,0.05,0.02,0.5,"explicit_euler","Predator-prey terms are illustrative and assume continuous well-mixed interaction."
"predator_prey_coupled_system",1.84,43.4173499506487,18.7549258923687,-10.3223140729186,6.90832066916474,0.7,0.05,0.02,0.5,"explicit_euler","Predator-prey terms are illustrative and assume continuous well-mixed interaction."
"predator_prey_coupled_system",1.85,43.3141268099195,18.8240090990603,-10.4473870924453,6.8949057942254,0.7,0.05,0.02,0.5,"explicit_euler","Predator-prey terms are illustrative and assume continuous well-mixed interaction."
"predator_prey_coupled_system",1.86,43.2096529389951,18.8929581570026,-10.5711511904554,6.88068422059947,0.7,0.05,0.02,0.5,"explicit_euler","Predator-prey terms are illustrative and assume continuous well-mixed interaction."
"predator_prey_coupled_system",1.87,43.1039414270905,18.9617649992086,-10.6935813950438,6.86565365799855,0.7,0.05,0.02,0.5,"explicit_euler","Predator-prey terms are illustrative and assume continuous well-mixed interaction."
"predator_prey_coupled_system",1.88,42.9970056131401,19.0304215357886,-10.8146531505381,6.84981206400018,0.7,0.05,0.02,0.5,"explicit_euler","Predator-prey terms are illustrative and assume continuous well-mixed interaction."
"predator_prey_coupled_system",1.89,42.8888590816347,19.0989196564286,-10.9343423306571,6.83315764690628,0.7,0.05,0.02,0.5,"explicit_euler","Predator-prey terms are illustrative and assume continuous well-mixed interaction."
"predator_prey_coupled_system",1.9,42.7795156583281,19.1672512328976,-11.052625251413,6.81568886844826,0.7,0.05,0.02,0.5,"explicit_euler","Predator-prey terms are illustrative and assume continuous well-mixed interaction."
"predator_prey_coupled_system",1.91,42.668989405814,19.2354081215821,-11.169478683745,6.79740444633487,0.7,0.05,0.02,0.5,"explicit_euler","Predator-prey terms are illustrative and assume continuous well-mixed interaction."
"predator_prey_coupled_system",1.92,42.5572946189766,19.3033821660455,-11.2848798658712,6.77830335663917,0.7,0.05,0.02,0.5,"explicit_euler","Predator-prey terms are illustrative and assume continuous well-mixed interaction."
"predator_prey_coupled_system",1.93,42.4444458203178,19.3711651996119,-11.3988065153452,6.75838483602111,0.7,0.05,0.02,0.5,"explicit_euler","Predator-prey terms are illustrative and assume continuous well-mixed interaction."
"predator_prey_coupled_system",1.94,42.3304577551644,19.4387490479721,-11.5112368408061,6.73764838378245,0.7,0.05,0.02,0.5,"explicit_euler","Predator-prey terms are illustrative and assume continuous well-mixed interaction."
"predator_prey_coupled_system",1.95,42.2153453867563,19.5061255318099,-11.6221495534096,6.71609376375067,0.7,0.05,0.02,0.5,"explicit_euler","Predator-prey terms are illustrative and assume continuous well-mixed interaction."
"predator_prey_coupled_system",1.96,42.0991238912222,19.5732864694474,-11.731523877927,6.6937210059893,0.7,0.05,0.02,0.5,"explicit_euler","Predator-prey terms are illustrative and assume continuous well-mixed interaction."
"predator_prey_coupled_system",1.97,41.981808652443,19.6402236795073,-11.8393395635027,6.67053040833145,0.7,0.05,0.02,0.5,"explicit_euler","Predator-prey terms are illustrative and assume continuous well-mixed interaction."
"predator_prey_coupled_system",1.98,41.8634152568079,19.7069289835906,-11.9455768940584,6.64652253773425,0.7,0.05,0.02,0.5,"explicit_euler","Predator-prey terms are illustrative and assume continuous well-mixed interaction."
"predator_prey_coupled_system",1.99,41.7439594878674,19.773394208968,-12.0502166983323,6.62169823145181,0.7,0.05,0.02,0.5,"explicit_euler","Predator-prey terms are illustrative and assume continuous well-mixed interaction."
"predator_prey_coupled_system",2,41.623457320884,19.8396111912825,-12.1532403595452,6.59605859802436,0.7,0.05,0.02,0.5,"explicit_euler","Predator-prey terms are illustrative and assume continuous well-mixed interaction."
"predator_prey_coupled_system",2.01,41.5019249172886,19.9055717772627,-12.2546298246808,6.56960501808177,0.7,0.05,0.02,0.5,"explicit_euler","Predator-prey terms are illustrative and assume continuous well-mixed interaction."
"predator_prey_coupled_system",2.02,41.3793786190418,19.9712678274435,-12.3543676133745,6.54233914495972,0.7,0.05,0.02,0.5,"explicit_euler","Predator-prey terms are illustrative and assume continuous well-mixed interaction."
"predator_prey_coupled_system",2.03,41.255834942908,20.0366912188931,-12.4524368263979,6.51426290512683,0.7,0.05,0.02,0.5,"explicit_euler","Predator-prey terms are illustrative and assume continuous well-mixed interaction."
"predator_prey_coupled_system",2.04,41.1313105746441,20.1018338479444,-12.5488211537339,6.48537849842167,0.7,0.05,0.02,0.5,"explicit_euler","Predator-prey terms are illustrative and assume continuous well-mixed interaction."
"predator_prey_coupled_system",2.05,41.0058223631067,20.1666876329286,-12.6435048822319,6.45568839809834,0.7,0.05,0.02,0.5,"explicit_euler","Predator-prey terms are illustrative and assume continuous well-mixed interaction."
"predator_prey_coupled_system",2.06,40.8793873142844,20.2312445169096,-12.736472902838,6.42519535068001,0.7,0.05,0.02,0.5,"explicit_euler","Predator-prey terms are illustrative and assume continuous well-mixed interaction."
"predator_prey_coupled_system",2.07,40.752022585256,20.2954964704164,-12.8277107173905,6.39390237561966,0.7,0.05,0.02,0.5,"explicit_euler","Predator-prey terms are illustrative and assume continuous well-mixed interaction."
"predator_prey_coupled_system",2.08,40.6237454780821,20.3594354941726,-12.9172044449775,6.36181276476768,0.7,0.05,0.02,0.5,"explicit_euler","Predator-prey terms are illustrative and assume continuous well-mixed interaction."
"predator_prey_coupled_system",2.09,40.4945734336323,20.4230536218203,-13.004940827848,6.32893008164611,0.7,0.05,0.02,0.5,"explicit_euler","Predator-prey terms are illustrative and assume continuous well-mixed interaction."
"predator_prey_coupled_system",2.1,40.3645240253539,20.4863429226367,-13.0909072368728,6.29525816052981,0.7,0.05,0.02,0.5,"explicit_euler","Predator-prey terms are illustrative and assume continuous well-mixed interaction."
"predator_prey_coupled_system",2.11,40.2336149529851,20.549295504242,-13.1750916765496,6.26080110533464,0.7,0.05,0.02,0.5,"explicit_euler","Predator-prey terms are illustrative and assume continuous well-mixed interaction."
"predator_prey_coupled_system",2.12,40.1018640362196,20.6119035152954,-13.2574827895489,6.22556328831337,0.7,0.05,0.02,0.5,"explicit_euler","Predator-prey terms are illustrative and assume continuous well-mixed interaction."
"predator_prey_coupled_system",2.13,39.9692892083241,20.6741591481785,-13.3380698607965,6.18954934856009,0.7,0.05,0.02,0.5,"explicit_euler","Predator-prey terms are illustrative and assume continuous well-mixed interaction."
"predator_prey_coupled_system",2.14,39.8359085097162,20.7360546416641,-13.4168428210891,6.15276419032409,0.7,0.05,0.02,0.5,"explicit_euler","Predator-prey terms are illustrative and assume continuous well-mixed interaction."
"predator_prey_coupled_system",2.15,39.7017400815053,20.7975822835674,-13.4937922502418,6.11521298113453,0.7,0.05,0.02,0.5,"explicit_euler","Predator-prey terms are illustrative and assume continuous well-mixed interaction."
"predator_prey_coupled_system",2.16,39.5668021590029,20.8587344133787,-13.568909379765,6.07690114973745,0.7,0.05,0.02,0.5,"explicit_euler","Predator-prey terms are illustrative and assume continuous well-mixed interaction."
"predator_prey_coupled_system",2.17,39.4311130652052,20.9195034248761,-13.6421860950682,6.03783438384669,0.7,0.05,0.02,0.5,"explicit_euler","Predator-prey terms are illustrative and assume continuous well-mixed interaction."
"predator_prey_coupled_system",2.18,39.2946912042545,20.9798817687145,-13.7136149371922,5.99801862771088,0.7,0.05,0.02,0.5,"explicit_euler","Predator-prey terms are illustrative and assume continuous well-mixed interaction."
"predator_prey_coupled_system",2.19,39.1575550548826,21.0398619549917,-13.783189104068,5.95746007949849,0.7,0.05,0.02,0.5,"explicit_euler","Predator-prey terms are illustrative and assume continuous well-mixed interaction."
"predator_prey_coupled_system",2.2,39.0197231638419,21.0994365557866,-13.8509024513027,5.9161651885035,0.7,0.05,0.02,0.5,"explicit_euler","Predator-prey terms are illustrative and assume continuous well-mixed interaction."
"predator_prey_coupled_system",2.21,38.8812141393289,21.1585982076717,-13.9167494924949,5.87414065217423,0.7,0.05,0.02,0.5,"explicit_euler","Predator-prey terms are illustrative and assume continuous well-mixed interaction."
"predator_prey_coupled_system",2.22,38.742046644404,21.2173396141934,-13.9807253990793,5.83139341296812,0.7,0.05,0.02,0.5,"explicit_euler","Predator-prey terms are illustrative and assume continuous well-mixed interaction."
"predator_prey_coupled_system",2.23,38.6022393904132,21.2756535483231,-14.0428259997039,5.78793065503568,0.7,0.05,0.02,0.5,"explicit_euler","Predator-prey terms are illustrative and assume continuous well-mixed interaction."
"predator_prey_coupled_system",2.24,38.4618111304161,21.3335328548735,-14.1030477791422,5.74375980073667,0.7,0.05,0.02,0.5,"explicit_euler","Predator-prey terms are illustrative and assume continuous well-mixed interaction."
"predator_prey_coupled_system",2.25,38.3207806526247,21.3909704528808,-14.1613878767438,5.69888850699203,0.7,0.05,0.02,0.5,"explicit_euler","Predator-prey terms are illustrative and assume continuous well-mixed interaction."
"predator_prey_coupled_system",2.26,38.1791667738573,21.4479593379507,-14.2178440844265,5.65332466147524,0.7,0.05,0.02,0.5,"explicit_euler","Predator-prey terms are illustrative and assume continuous well-mixed interaction."
"predator_prey_coupled_system",2.27,38.036988333013,21.5044925845655,-14.272414844215,5.6070763786469,0.7,0.05,0.02,0.5,"explicit_euler","Predator-prey terms are illustrative and assume continuous well-mixed interaction."
"predator_prey_coupled_system",2.28,37.8942641845709,21.560563348352,-14.3250992453317,5.56015199563652,0.7,0.05,0.02,0.5,"explicit_euler","Predator-prey terms are illustrative and assume continuous well-mixed interaction."
"predator_prey_coupled_system",2.29,37.7510131921175,21.6161648683083,-14.3758970208425,5.51256006797574,0.7,0.05,0.02,0.5,"explicit_euler","Predator-prey terms are illustrative and assume continuous well-mixed interaction."
"predator_prey_coupled_system",2.3,37.6072542219091,21.6712904689881,-14.4248085438672,5.46430936518737,0.7,0.05,0.02,0.5,"explicit_euler","Predator-prey terms are illustrative and assume continuous well-mixed interaction."
"predator_prey_coupled_system",2.31,37.4630061364704,21.72593356264,-14.4718348233572,5.41540886623462,0.7,0.05,0.02,0.5,"explicit_euler","Predator-prey terms are illustrative and assume continuous well-mixed interaction."
"predator_prey_coupled_system",2.32,37.3182877882369,21.7800876513023,-14.5169774994504,5.36586775483532,0.7,0.05,0.02,0.5,"explicit_euler","Predator-prey terms are illustrative and assume continuous well-mixed interaction."
"predator_prey_coupled_system",2.33,37.1731180132424,21.8337463288507,-14.5602388384085,5.31569541464593,0.7,0.05,0.02,0.5,"explicit_euler","Predator-prey terms are illustrative and assume continuous well-mixed interaction."
"predator_prey_coupled_system",2.34,37.0275156248583,21.8869032829971,-14.6016217271461,5.2649014243202,0.7,0.05,0.02,0.5,"explicit_euler","Predator-prey terms are illustrative and assume continuous well-mixed interaction."
"predator_prey_coupled_system",2.35,36.8814994075868,21.9395522972403,-14.6411296673587,5.21349555244762,0.7,0.05,0.02,0.5,"explicit_euler","Predator-prey terms are illustrative and assume continuous well-mixed interaction."
"predator_prey_coupled_system",2.36,36.7350881109132,21.9916872527648,-14.6787667692589,5.16148775237685,0.7,0.05,0.02,0.5,"explicit_euler","Predator-prey terms are illustrative and assume continuous well-mixed interaction."
"predator_prey_coupled_system",2.37,36.5883004432206,22.0433021302886,-14.7145377449297,5.10888815692939,0.7,0.05,0.02,0.5,"explicit_euler","Predator-prey terms are illustrative and assume continuous well-mixed interaction."
"predator_prey_coupled_system",2.38,36.4411550657713,22.0943910118579,-14.7484479013049,5.05570707300901,0.7,0.05,0.02,0.5,"explicit_euler","Predator-prey terms are illustrative and assume continuous well-mixed interaction."
"predator_prey_coupled_system",2.39,36.2936705867583,22.144948082588,-14.7805031327848,5.00195497611226,0.7,0.05,0.02,0.5,"explicit_euler","Predator-prey terms are illustrative and assume continuous well-mixed interaction."
"predator_prey_coupled_system",2.4,36.1458655554304,22.1949676323491,-14.8107099134997,4.94764250474586,0.7,0.05,0.02,0.5,"explicit_euler","Predator-prey terms are illustrative and assume continuous well-mixed interaction."
"predator_prey_coupled_system",2.41,35.9977584562955,22.2444440573965,-14.83907528923,4.89278045475648,0.7,0.05,0.02,0.5,"explicit_euler","Predator-prey terms are illustrative and assume continuous well-mixed interaction."
"predator_prey_coupled_system",2.42,35.8493677034032,22.2933718619441,-14.8656068689946,4.83737977357866,0.7,0.05,0.02,0.5,"explicit_euler","Predator-prey terms are illustrative and assume continuous well-mixed interaction."
"predator_prey_coupled_system",2.43,35.7007116347132,22.3417456596799,-14.8903128163176,4.7814515544068,0.7,0.05,0.02,0.5,"explicit_euler","Predator-prey terms are illustrative and assume continuous well-mixed interaction."
"predator_prey_coupled_system",2.44,35.55180850655,22.389560175224,-14.913201840187,4.72500703029684,0.7,0.05,0.02,0.5,"explicit_euler","Predator-prey terms are illustrative and assume continuous well-mixed interaction."
"predator_prey_coupled_system",2.45,35.4026764881482,22.4368102455269,-14.9342831857142,4.66805756820369,0.7,0.05,0.02,0.5,"explicit_euler","Predator-prey terms are illustrative and assume continuous well-mixed interaction."
"predator_prey_coupled_system",2.46,35.253333656291,22.483490821209,-14.9535666245081,4.61061466296024,0.7,0.05,0.02,0.5,"explicit_euler","Predator-prey terms are illustrative and assume continuous well-mixed interaction."
"predator_prey_coupled_system",2.47,35.1037979900459,22.5295969678386,-14.9710624447757,4.55268993120385,0.7,0.05,0.02,0.5,"explicit_euler","Predator-prey terms are illustrative and assume continuous well-mixed interaction."
"predator_prey_coupled_system",2.48,34.9540873655982,22.5751238671506,-14.9867814411604,4.49429510525636,0.7,0.05,0.02,0.5,"explicit_euler","Predator-prey terms are illustrative and assume continuous well-mixed interaction."
"predator_prey_coupled_system",2.49,34.8042195511866,22.6200668182032,-15.000734904332,4.43544202696348,0.7,0.05,0.02,0.5,"explicit_euler","Predator-prey terms are illustrative and assume continuous well-mixed interaction."
"predator_prey_coupled_system",2.5,34.6542122021433,22.6644212384728,-15.0129346103397,4.37614264149958,0.7,0.05,0.02,0.5,"explicit_euler","Predator-prey terms are illustrative and assume continuous well-mixed interaction."
"predator_prey_coupled_system",2.51,34.5040828560399,22.7081826648878,-15.0233928097409,4.31640899114363,0.7,0.05,0.02,0.5,"explicit_euler","Predator-prey terms are illustrative and assume continuous well-mixed interaction."
"predator_prey_coupled_system",2.52,34.3538489279425,22.7513467547992,-15.0321222165206,4.25625320903251,0.7,0.05,0.02,0.5,"explicit_euler","Predator-prey terms are illustrative and assume continuous well-mixed interaction."
"predator_prey_coupled_system",2.53,34.2035277057772,22.7939092868895,-15.0391359968109,4.19568751289722,0.7,0.05,0.02,0.5,"explicit_euler","Predator-prey terms are illustrative and assume continuous well-mixed interaction."
"predator_prey_coupled_system",2.54,34.0531363458091,22.8358661620185,-15.0444477574269,4.13472419878806,0.7,0.05,0.02,0.5,"explicit_euler","Predator-prey terms are illustrative and assume continuous well-mixed interaction."
"predator_prey_coupled_system",2.55,33.9026918682349,22.8772134040064,-15.0480715342297,4.07337563479443,0.7,0.05,0.02,0.5,"explicit_euler","Predator-prey terms are illustrative and assume continuous well-mixed interaction."
"predator_prey_coupled_system",2.56,33.7522111528926,22.9179471603543,-15.0500217803309,4.01165425476512,0.7,0.05,0.02,0.5,"explicit_euler","Predator-prey terms are illustrative and assume continuous well-mixed interaction."
"predator_prey_coupled_system",2.57,33.6017109350893,22.958063702902,-15.0503133541514,3.94957255203456,0.7,0.05,0.02,0.5,"explicit_euler","Predator-prey terms are illustrative and assume continuous well-mixed interaction."
"predator_prey_coupled_system",2.58,33.4512078015477,22.9975594284223,-15.0489615073465,3.88714307316082,0.7,0.05,0.02,0.5,"explicit_euler","Predator-prey terms are illustrative and assume continuous well-mixed interaction."
"predator_prey_coupled_system",2.59,33.3007181864743,23.036430859154,-15.0459818726123,3.82437841168073,0.7,0.05,0.02,0.5,"explicit_euler","Predator-prey terms are illustrative and assume continuous well-mixed interaction."
"predator_prey_coupled_system",2.6,33.1502583677482,23.0746746432708,-15.0413904513839,3.76129120188767,0.7,0.05,0.02,0.5,"explicit_euler","Predator-prey terms are illustrative and assume continuous well-mixed interaction."
"predator_prey_coupled_system",2.61,32.9998444632343,23.1122875552896,-15.0352036014412,3.69789411263726,0.7,0.05,0.02,0.5,"explicit_euler","Predator-prey terms are illustrative and assume continuous well-mixed interaction."
"predator_prey_coupled_system",2.62,32.8494924272199,23.149266496416,-15.0274380244317,3.63419984118626,0.7,0.05,0.02,0.5,"explicit_euler","Predator-prey terms are illustrative and assume continuous well-mixed interaction."
"predator_prey_coupled_system",2.63,32.6992180469756,23.1856084948279,-15.0181107533264,3.57022110706978,0.7,0.05,0.02,0.5,"explicit_euler","Predator-prey terms are illustrative and assume continuous well-mixed interaction."
"predator_prey_coupled_system",2.64,32.5490369394423,23.2213107058986,-15.0072391398184,3.50597064602192,0.7,0.05,0.02,0.5,"explicit_euler","Predator-prey terms are illustrative and assume continuous well-mixed interaction."
"predator_prey_coupled_system",2.65,32.3989645480441,23.2563704123588,-14.9948408416789,3.44146120394451,0.7,0.05,0.02,0.5,"explicit_euler","Predator-prey terms are illustrative and assume continuous well-mixed interaction."
"predator_prey_coupled_system",2.66,32.2490161396274,23.2907850243982,-14.9809338100813,3.37670553092908,0.7,0.05,0.02,0.5,"explicit_euler","Predator-prey terms are illustrative and assume continuous well-mixed interaction."
"predator_prey_coupled_system",2.67,32.0992068015265,23.3245520797075,-14.9655362769068,3.31171637533639,0.7,0.05,0.02,0.5,"explicit_euler","Predator-prey terms are illustrative and assume continuous well-mixed interaction."
"predator_prey_coupled_system",2.68,31.9495514387575,23.3576692434609,-14.9486667420416,3.24650647793829,0.7,0.05,0.02,0.5,"explicit_euler","Predator-prey terms are illustrative and assume continuous well-mixed interaction."
"predator_prey_coupled_system",2.69,31.800064771337,23.3901343082403,-14.9303439606797,3.18108856612614,0.7,0.05,0.02,0.5,"explicit_euler","Predator-prey terms are illustrative and assume continuous well-mixed interaction."
"predator_prey_coupled_system",2.7,31.6507613317303,23.4219451939015,-14.910586930641,3.11547534819011,0.7,0.05,0.02,0.5,"explicit_euler","Predator-prey terms are illustrative and assume continuous well-mixed interaction."
"predator_prey_coupled_system",2.71,31.5016554624238,23.4530999473834,-14.8894148797165,3.04967950767356,0.7,0.05,0.02,0.5,"explicit_euler","Predator-prey terms are illustrative and assume continuous well-mixed interaction."
"predator_prey_coupled_system",2.72,31.3527613136267,23.4835967424602,-14.8668472530521,2.98371369780621,0.7,0.05,0.02,0.5,"explicit_euler","Predator-prey terms are illustrative and assume continuous well-mixed interaction."
"predator_prey_coupled_system",2.73,31.2040928410962,23.5134338794382,-14.842903700581,2.91759053602021,0.7,0.05,0.02,0.5,"explicit_euler","Predator-prey terms are illustrative and assume continuous well-mixed interaction."
"predator_prey_coupled_system",2.74,31.0556638040904,23.5426097847984,-14.8176040645162,2.85132259855254,0.7,0.05,0.02,0.5,"explicit_euler","Predator-prey terms are illustrative and assume continuous well-mixed interaction."
"predator_prey_coupled_system",2.75,30.9074877634452,23.571123010784,-14.7909683669117,2.78492241513735,0.7,0.05,0.02,0.5,"explicit_euler","Predator-prey terms are illustrative and assume continuous well-mixed interaction."
"predator_prey_coupled_system",2.76,30.7595780797761,23.5989722349353,-14.7630167973048,2.71840246379155,0.7,0.05,0.02,0.5,"explicit_euler","Predator-prey terms are illustrative and assume continuous well-mixed interaction."
"predator_prey_coupled_system",2.77,30.611947911803,23.6261562595732,-14.7337697004466,2.65177516569688,0.7,0.05,0.02,0.5,"explicit_euler","Predator-prey terms are illustrative and assume continuous well-mixed interaction."
"predator_prey_coupled_system",2.78,30.4646102147986,23.6526740112302,-14.7032475641322,2.58505288018138,0.7,0.05,0.02,0.5,"explicit_euler","Predator-prey terms are illustrative and assume continuous well-mixed interaction."
"predator_prey_coupled_system",2.79,30.3175777391572,23.678524540032,-14.6714710071381,2.51824789980325,0.7,0.05,0.02,0.5,"explicit_euler","Predator-prey terms are illustrative and assume continuous well-mixed interaction."
"predator_prey_coupled_system",2.8,30.1708630290859,23.7037070190301,-14.6384607672768,2.45137244553971,0.7,0.05,0.02,0.5,"explicit_euler","Predator-prey terms are illustrative and assume continuous well-mixed interaction."
"predator_prey_coupled_system",2.81,30.0244784214131,23.7282207434855,-14.6042376895761,2.38443866208338,0.7,0.05,0.02,0.5,"explicit_euler","Predator-prey terms are illustrative and assume continuous well-mixed interaction."
"predator_prey_coupled_system",2.82,29.8784360445173,23.7520651301063,-14.5688227145924,2.31745861324867,0.7,0.05,0.02,0.5,"explicit_euler","Predator-prey terms are illustrative and assume continuous well-mixed interaction."
"predator_prey_coupled_system",2.83,29.7327478173714,23.7752397162388,-14.532236866864,2.25044427749022,0.7,0.05,0.02,0.5,"explicit_euler","Predator-prey terms are illustrative and assume continuous well-mixed interaction."
"predator_prey_coupled_system",2.84,29.5874254487028,23.7977441590137,-14.494501243514,2.18340754353554,0.7,0.05,0.02,0.5,"explicit_euler","Predator-prey terms are illustrative and assume continuous well-mixed interaction."
"predator_prey_coupled_system",2.85,29.4424804362676,23.819578234449,-14.4556370030083,2.11636020613372,0.7,0.05,0.02,0.5,"explicit_euler","Predator-prey terms are illustrative and assume continuous well-mixed interaction."
"predator_prey_coupled_system",2.86,29.2979240662375,23.8407418365104,-14.4156653540764,2.04931396192188,0.7,0.05,0.02,0.5,"explicit_euler","Predator-prey terms are illustrative and assume continuous well-mixed interaction."
"predator_prey_coupled_system",2.87,29.1537674126968,23.8612349761296,-14.3746075448016,1.98228040541095,0.7,0.05,0.02,0.5,"explicit_euler","Predator-prey terms are illustrative and assume continuous well-mixed interaction."
"predator_prey_coupled_system",2.88,29.0100213372488,23.8810577801837,-14.3324848518858,1.91527102509214,0.7,0.05,0.02,0.5,"explicit_euler","Predator-prey terms are illustrative and assume continuous well-mixed interaction."
"predator_prey_coupled_system",2.89,28.8666964887299,23.9002104904346,-14.2893185700958,1.84829719966538,0.7,0.05,0.02,0.5,"explicit_euler","Predator-prey terms are illustrative and assume continuous well-mixed interaction."
"predator_prey_coupled_system",2.9,28.7238033030289,23.9186934624313,-14.2451300018958,1.78137019439077,0.7,0.05,0.02,0.5,"explicit_euler","Predator-prey terms are illustrative and assume continuous well-mixed interaction."
"predator_prey_coupled_system",2.91,28.58135200301,23.9365071643752,-14.1999404472719,1.71450115756396,0.7,0.05,0.02,0.5,"explicit_euler","Predator-prey terms are illustrative and assume continuous well-mixed interaction."
"predator_prey_coupled_system",2.92,28.4393525985373,23.9536521759508,-14.1537711937532,1.64770111711628,0.7,0.05,0.02,0.5,"explicit_euler","Predator-prey terms are illustrative and assume continuous well-mixed interaction."
"predator_prey_coupled_system",2.93,28.2978148865997,23.970129187122,-14.1066435066332,1.58098097734019,0.7,0.05,0.02,0.5,"explicit_euler","Predator-prey terms are illustrative and assume continuous well-mixed interaction."
"predator_prey_coupled_system",2.94,28.1567484515334,23.9859389968954,-14.0585786193971,1.51435151574048,0.7,0.05,0.02,0.5,"explicit_euler","Predator-prey terms are illustrative and assume continuous well-mixed interaction."
"predator_prey_coupled_system",2.95,28.0161626653394,24.0010825120528,-14.0095977243576,1.44782338001169,0.7,0.05,0.02,0.5,"explicit_euler","Predator-prey terms are illustrative and assume continuous well-mixed interaction."
"predator_prey_coupled_system",2.96,27.8760666880959,24.0155607458529,-13.9597219635035,1.3814070851418,0.7,0.05,0.02,0.5,"explicit_euler","Predator-prey terms are illustrative and assume continuous well-mixed interaction."
"predator_prey_coupled_system",2.97,27.7364694684608,24.0293748167043,-13.9089724195635,1.31511301064225,0.7,0.05,0.02,0.5,"explicit_euler","Predator-prey terms are illustrative and assume continuous well-mixed interaction."
"predator_prey_coupled_system",2.98,27.5973797442652,24.0425259468107,-13.8573701072886,1.24895139790433,0.7,0.05,0.02,0.5,"explicit_euler","Predator-prey terms are illustrative and assume continuous well-mixed interaction."
"predator_prey_coupled_system",2.99,27.4588060431923,24.0550154607898,-13.8049359649563,1.18293234768148,0.7,0.05,0.02,0.5,"explicit_euler","Predator-prey terms are illustrative and assume continuous well-mixed interaction."
"predator_prey_coupled_system",3,27.3207566835427,24.0668447842666,-13.751690846097,1.11706581769744,0.7,0.05,0.02,0.5,"explicit_euler","Predator-prey terms are illustrative and assume continuous well-mixed interaction."
"predator_prey_coupled_system",3.01,27.1832397750818,24.0780154424436,-13.697655511446,1.05136162037951,0.7,0.05,0.02,0.5,"explicit_euler","Predator-prey terms are illustrative and assume continuous well-mixed interaction."
"predator_prey_coupled_system",3.02,27.0462632199673,24.0885290586474,-13.6428506211233,0.985829420716472,0.7,0.05,0.02,0.5,"explicit_euler","Predator-prey terms are illustrative and assume continuous well-mixed interaction."
"predator_prey_coupled_system",3.03,26.9098347137561,24.0983873528545,-13.58729672704,0.920478734240435,0.7,0.05,0.02,0.5,"explicit_euler","Predator-prey terms are illustrative and assume continuous well-mixed interaction."
"predator_prey_coupled_system",3.04,26.7739617464857,24.1075921401969,-13.5310142655356,0.855318925131757,0.7,0.05,0.02,0.5,"explicit_euler","Predator-prey terms are illustrative and assume continuous well-mixed interaction."
"predator_prey_coupled_system",3.05,26.6386516038303,24.1161453294483,-13.4740235502444,0.790359204446105,0.7,0.05,0.02,0.5,"explicit_euler","Predator-prey terms are illustrative and assume continuous well-mixed interaction."
"predator_prey_coupled_system",3.06,26.5039113683279,24.1240489214927,-13.4163447651929,0.725608628462609,0.7,0.05,0.02,0.5,"explicit_euler","Predator-prey terms are illustrative and assume continuous well-mixed interaction."
"predator_prey_coupled_system",3.07,26.3697479206759,24.1313050077773,-13.3579979581285,0.661076097151996,0.7,0.05,0.02,0.5,"explicit_euler","Predator-prey terms are illustrative and assume continuous well-mixed interaction."
"predator_prey_coupled_system",3.08,26.2361679410946,24.1379157687489,-13.2990030340783,0.596770352763407,0.7,0.05,0.02,0.5,"explicit_euler","Predator-prey terms are illustrative and assume continuous well-mixed interaction."
"predator_prey_coupled_system",3.09,26.1031779107539,24.1438834722765,-13.2393797491395,0.532699978528616,0.7,0.05,0.02,0.5,"explicit_euler","Predator-prey terms are illustrative and assume continuous well-mixed interaction."
"predator_prey_coupled_system",3.1,25.9707841132625,24.1492104720618,-13.179147704499,0.468873397482186,0.7,0.05,0.02,0.5,"explicit_euler","Predator-prey terms are illustrative and assume continuous well-mixed interaction."
"predator_prey_coupled_system",3.11,25.8389926362175,24.1538992060366,-13.1183263406837,0.405298871396081,0.7,0.05,0.02,0.5,"explicit_euler","Predator-prey terms are illustrative and assume continuous well-mixed interaction."
"predator_prey_coupled_system",3.12,25.7078093728106,24.1579521947506,-13.0569349320386,0.34198449982712,0.7,0.05,0.02,0.5,"explicit_euler","Predator-prey terms are illustrative and assume continuous well-mixed interaction."
"predator_prey_coupled_system",3.13,25.5772400234903,24.1613720397488,-12.9949925814319,0.278938219275631,0.7,0.05,0.02,0.5,"explicit_euler","Predator-prey terms are illustrative and assume continuous well-mixed interaction."
"predator_prey_coupled_system",3.14,25.4472900976759,24.1641614219416,-12.9325182151877,0.216167802453551,0.7,0.05,0.02,0.5,"explicit_euler","Predator-prey terms are illustrative and assume continuous well-mixed interaction."
"predator_prey_coupled_system",3.15,25.3179649155241,24.1663230999661,-12.8695305782412,0.153680857660161,0.7,0.05,0.02,0.5,"explicit_euler","Predator-prey terms are illustrative and assume continuous well-mixed interaction."
"predator_prey_coupled_system",3.16,25.1892696097417,24.1678599085427,-12.8060482295183,0.0914848282636171,0.7,0.05,0.02,0.5,"explicit_euler","Predator-prey terms are illustrative and assume continuous well-mixed interaction."
"predator_prey_coupled_system",3.17,25.0612091274465,24.1687747568254,-12.742089537535,0.0295869922863119,0.7,0.05,0.02,0.5,"explicit_euler","Predator-prey terms are illustrative and assume continuous well-mixed interaction."
"predator_prey_coupled_system",3.18,24.9337882320711,24.1690706267482,-12.6776726762158,-0.0320055379078976,0.7,0.05,0.02,0.5,"explicit_euler","Predator-prey terms are illustrative and assume continuous well-mixed interaction."
"predator_prey_coupled_system",3.19,24.807011505309,24.1687505713692,-12.6128156209286,-0.0932858158266328,0.7,0.05,0.02,0.5,"explicit_euler","Predator-prey terms are illustrative and assume continuous well-mixed interaction."
"predator_prey_coupled_system",3.2,24.6808833490997,24.1678177132109,-12.5475361447334,-0.154247060964186,0.7,0.05,0.02,0.5,"explicit_euler","Predator-prey terms are illustrative and assume continuous well-mixed interaction."
"predator_prey_coupled_system",3.21,24.5554079876523,24.1662752426012,-12.4818518148421,-0.214882658821109,0.7,0.05,0.02,0.5,"explicit_euler","Predator-prey terms are illustrative and assume continuous well-mixed interaction."
"predator_prey_coupled_system",3.22,24.4305894695039,24.164126416013,-12.4157799892877,-0.275186160830325,0.7,0.05,0.02,0.5,"explicit_euler","Predator-prey terms are illustrative and assume continuous well-mixed interaction."
"predator_prey_coupled_system",3.23,24.306431669611,24.1613745544047,-12.3493378137981,-0.335151284192014,0.7,0.05,0.02,0.5,"explicit_euler","Predator-prey terms are illustrative and assume continuous well-mixed interaction."
"predator_prey_coupled_system",3.24,24.1829382914731,24.1580230415628,-12.2825422188738,-0.394771911619449,0.7,0.05,0.02,0.5,"explicit_euler","Predator-prey terms are illustrative and assume continuous well-mixed interaction."
"predator_prey_coupled_system",3.25,24.0601128692843,24.1540753224466,-12.215409917064,-0.454042090998092,0.7,0.05,0.02,0.5,"explicit_euler","Predator-prey terms are illustrative and assume continuous well-mixed interaction."
"predator_prey_coupled_system",3.26,23.9379587701137,24.1495349015366,-12.1479574004407,-0.51295603496021,0.7,0.05,0.02,0.5,"explicit_euler","Predator-prey terms are illustrative and assume continuous well-mixed interaction."
"predator_prey_coupled_system",3.27,23.8164791961093,24.144405341187,-12.080200938264,-0.571508120377302,0.7,0.05,0.02,0.5,"explicit_euler","Predator-prey terms are illustrative and assume continuous well-mixed interaction."
"predator_prey_coupled_system",3.28,23.6956771867266,24.1386902599833,-12.0121565748386,-0.629692887772713,0.7,0.05,0.02,0.5,"explicit_euler","Predator-prey terms are illustrative and assume continuous well-mixed interaction."
"predator_prey_coupled_system",3.29,23.5755556209782,24.1323933311055,-11.9438401275554,-0.687505040656704,0.7,0.05,0.02,0.5,"explicit_euler","Predator-prey terms are illustrative and assume continuous well-mixed interaction."
"predator_prey_coupled_system",3.3,23.4561172197027,24.125518280699,-11.8752671851159,-0.744939444786377,0.7,0.05,0.02,0.5,"explicit_euler","Predator-prey terms are illustrative and assume continuous well-mixed interaction."
"predator_prey_coupled_system",3.31,23.3373645478515,24.1180688862511,-11.8064531059358,-0.801991127352796,0.7,0.05,0.02,0.5,"explicit_euler","Predator-prey terms are illustrative and assume continuous well-mixed interaction."
"predator_prey_coupled_system",3.32,23.2193000167922,24.1100489749776,-11.7374130167233,-0.858655276097645,0.7,0.05,0.02,0.5,"explicit_euler","Predator-prey terms are illustrative and assume continuous well-mixed interaction."
"predator_prey_coupled_system",3.33,23.101925886625,24.1014624222166,-11.6681618112287,-0.914927238361816,0.7,0.05,0.02,0.5,"explicit_euler","Predator-prey terms are illustrative and assume continuous well-mixed interaction."
"predator_prey_coupled_system",3.34,22.9852442685127,24.092313149833,-11.5987141491617,-0.970802520068274,0.7,0.05,0.02,0.5,"explicit_euler","Predator-prey terms are illustrative and assume continuous well-mixed interaction."
"predator_prey_coupled_system",3.35,22.869257127021,24.0826051246323,-11.5290844552718,-1.02627678464153,0.7,0.05,0.02,0.5,"explicit_euler","Predator-prey terms are illustrative and assume continuous well-mixed interaction."
"predator_prey_coupled_system",3.36,22.7539662824683,24.0723423567859,-11.4592869185892,-1.08134585186614,0.7,0.05,0.02,0.5,"explicit_euler","Predator-prey terms are illustrative and assume continuous well-mixed interaction."
"predator_prey_coupled_system",3.37,22.6393734132824,24.0615288982672,-11.3893354918202,-1.13600569668645,0.7,0.05,0.02,0.5,"explicit_euler","Predator-prey terms are illustrative and assume continuous well-mixed interaction."
"predator_prey_coupled_system",3.38,22.5254800583642,24.0501688413004,-11.3192438908952,-1.1902524479501,0.7,0.05,0.02,0.5,"explicit_euler","Predator-prey terms are illustrative and assume continuous well-mixed interaction."
"predator_prey_coupled_system",3.39,22.4122876194553,24.0382663168208,-11.2490255946639,-1.24408238709737,0.7,0.05,0.02,0.5,"explicit_euler","Predator-prey terms are illustrative and assume continuous well-mixed interaction."
"predator_prey_coupled_system",3.4,22.2997973635086,24.0258254929499,-11.1786938447341,-1.29749194679889,0.7,0.05,0.02,0.5,"explicit_euler","Predator-prey terms are illustrative and assume continuous well-mixed interaction."
"predator_prey_coupled_system",3.41,22.1880104250613,24.0128505734819,-11.1082616454499,-1.35047770954383,0.7,0.05,0.02,0.5,"explicit_euler","Predator-prey terms are illustrative and assume continuous well-mixed interaction."
"predator_prey_coupled_system",3.42,22.0769278086068,23.9993457963864,-11.037741764006,-1.40303640618093,0.7,0.05,0.02,0.5,"explicit_euler","Predator-prey terms are illustrative and assume continuous well-mixed interaction."
"predator_prey_coupled_system",3.43,21.9665503909667,23.9853154323246,-10.9671467306929,-1.45516491441449,0.7,0.05,0.02,0.5,"explicit_euler","Predator-prey terms are illustrative and assume continuous well-mixed interaction."
"predator_prey_coupled_system",3.44,21.8568789236598,23.9707637831805,-10.8964888392694,-1.50686025725773,0.7,0.05,0.02,0.5,"explicit_euler","Predator-prey terms are illustrative and assume continuous well-mixed interaction."
"predator_prey_coupled_system",3.45,21.7479140352671,23.9556951806079,-10.8257801474592,-1.55811960144548,0.7,0.05,0.02,0.5,"explicit_euler","Predator-prey terms are illustrative and assume continuous well-mixed interaction."
"predator_prey_coupled_system",3.46,21.6396562337925,23.9401139845935,-10.7550324775658,-1.6089402558085,0.7,0.05,0.02,0.5,"explicit_euler","Predator-prey terms are illustrative and assume continuous well-mixed interaction."
"predator_prey_coupled_system",3.47,21.5321059090169,23.9240245820354,-10.6842574172036,-1.65931966961151,0.7,0.05,0.02,0.5,"explicit_euler","Predator-prey terms are illustrative and assume continuous well-mixed interaction."
"predator_prey_coupled_system",3.48,21.4252633348448,23.9074313853393,-10.61346632014,-1.70925543085707,0.7,0.05,0.02,0.5,"explicit_euler","Predator-prey terms are illustrative and assume continuous well-mixed interaction."
"predator_prey_coupled_system",3.49,21.3191286716434,23.8903388310307,-10.5426703072447,-1.75874526455729,0.7,0.05,0.02,0.5,"explicit_euler","Predator-prey terms are illustrative and assume continuous well-mixed interaction."
"predator_prey_coupled_system",3.5,21.213701968571,23.8727513783851,-10.471880267543,-1.80778703097547,0.7,0.05,0.02,0.5,"explicit_euler","Predator-prey terms are illustrative and assume continuous well-mixed interaction."
"predator_prey_coupled_system",3.51,21.1089831658956,23.8546735080754,-10.401106859368,-1.85637872383973,0.7,0.05,0.02,0.5,"explicit_euler","Predator-prey terms are illustrative and assume continuous well-mixed interaction."
"predator_prey_coupled_system",3.52,21.0049720973019,23.836109720837,-10.330360511609,-1.90451846853035,0.7,0.05,0.02,0.5,"explicit_euler","Predator-prey terms are illustrative and assume continuous well-mixed interaction."
"predator_prey_coupled_system",3.53,20.9016684921858,23.8170645361517,-10.2596514250518,-1.9522045202431,0.7,0.05,0.02,0.5,"explicit_euler","Predator-prey terms are illustrative and assume continuous well-mixed interaction."
"predator_prey_coupled_system",3.54,20.7990719779353,23.7975424909492,-10.1889895738066,-1.99943526213009,0.7,0.05,0.02,0.5,"explicit_euler","Predator-prey terms are illustrative and assume continuous well-mixed interaction."
"predator_prey_coupled_system",3.55,20.6971820821972,23.7775481383279,-10.1183847068211,-2.04620920342032,0.7,0.05,0.02,0.5,"explicit_euler","Predator-prey terms are illustrative and assume continuous well-mixed interaction."
"predator_prey_coupled_system",3.56,20.595998235129,23.7570860462937,-10.0478463494734,-2.0925249775214,0.7,0.05,0.02,0.5,"explicit_euler","Predator-prey terms are illustrative and assume continuous well-mixed interaction."
"predator_prey_coupled_system",3.57,20.4955197716343,23.7361607965185,-9.97738380524278,-2.13838134010455,0.7,0.05,0.02,0.5,"explicit_euler","Predator-prey terms are illustrative and assume continuous well-mixed interaction."
"predator_prey_coupled_system",3.58,20.3957459335818,23.7147769831175,-9.90700615745363,-2.18377716717437,0.7,0.05,0.02,0.5,"explicit_euler","Predator-prey terms are illustrative and assume continuous well-mixed interaction."
"predator_prey_coupled_system",3.59,20.2966758720073,23.6929392114457,-9.8367222710892,-2.22871145312514,0.7,0.05,0.02,0.5,"explicit_euler","Predator-prey terms are illustrative and assume continuous well-mixed interaction."
"predator_prey_coupled_system",3.6,20.1983086492964,23.6706520969145,-9.7665407946722,-2.27318330878536,0.7,0.05,0.02,0.5,"explicit_euler","Predator-prey terms are illustrative and assume continuous well-mixed interaction."
"predator_prey_coupled_system",3.61,20.1006432413497,23.6479202638266,-9.69647016220837,-2.31719195945205,0.7,0.05,0.02,0.5,"explicit_euler","Predator-prey terms are illustrative and assume continuous well-mixed interaction."
"predator_prey_coupled_system",3.62,20.0036785397276,23.6247483442321,-9.62651859518972,-2.36073674291643,0.7,0.05,0.02,0.5,"explicit_euler","Predator-prey terms are illustrative and assume continuous well-mixed interaction."
"predator_prey_coupled_system",3.63,19.9074133537757,23.6011409768029,-9.5566941046545,-2.40381710748247,0.7,0.05,0.02,0.5,"explicit_euler","Predator-prey terms are illustrative and assume continuous well-mixed interaction."
"predator_prey_coupled_system",3.64,19.8118464127292,23.5771028057281,-9.48700449330014,-2.44643260997983,0.7,0.05,0.02,0.5,"explicit_euler","Predator-prey terms are illustrative and assume continuous well-mixed interaction."
"predator_prey_coupled_system",3.65,19.7169763677962,23.5526384796283,-9.41745735764658,-2.4885829137726,0.7,0.05,0.02,0.5,"explicit_euler","Predator-prey terms are illustrative and assume continuous well-mixed interaction."
"predator_prey_coupled_system",3.66,19.6228017942197,23.5277526504906,-9.34806009024641,-2.53026778676522,0.7,0.05,0.02,0.5,"explicit_euler","Predator-prey terms are illustrative and assume continuous well-mixed interaction."
"predator_prey_coupled_system",3.67,19.5293211933172,23.5024499726229,-9.27881988193909,-2.57148709940701,0.7,0.05,0.02,0.5,"explicit_euler","Predator-prey terms are illustrative and assume continuous well-mixed interaction."
"predator_prey_coupled_system",3.68,19.4365329944978,23.4767351016289,-9.20974372414626,-2.61224082269653,0.7,0.05,0.02,0.5,"explicit_euler","Predator-prey terms are illustrative and assume continuous well-mixed interaction."
"predator_prey_coupled_system",3.69,19.3444355572564,23.4506126934019,-9.14083841120511,-2.65252902618712,0.7,0.05,0.02,0.5,"explicit_euler","Predator-prey terms are illustrative and assume continuous well-mixed interaction."
"predator_prey_coupled_system",3.7,19.2530271731443,23.42408740314,-9.0721105427371,-2.69235187599476,0.7,0.05,0.02,0.5,"explicit_euler","Predator-prey terms are illustrative and assume continuous well-mixed interaction."
"predator_prey_coupled_system",3.71,19.162306067717,23.3971638843801,-9.00356652604935,-2.73170963280955,0.7,0.05,0.02,0.5,"explicit_euler","Predator-prey terms are illustrative and assume continuous well-mixed interaction."
"predator_prey_coupled_system",3.72,19.0722704024565,23.369846788052,-8.93521257856578,-2.77060264991187,0.7,0.05,0.02,0.5,"explicit_euler","Predator-prey terms are illustrative and assume continuous well-mixed interaction."
"predator_prey_coupled_system",3.73,18.9829182766708,23.3421407615529,-8.86705473028566,-2.80903137119435,0.7,0.05,0.02,0.5,"explicit_euler","Predator-prey terms are illustrative and assume continuous well-mixed interaction."
"predator_prey_coupled_system",3.74,18.8942477293679,23.3140504478409,-8.79909882626684,-2.8469963291907,0.7,0.05,0.02,0.5,"explicit_euler","Predator-prey terms are illustrative and assume continuous well-mixed interaction."
"predator_prey_coupled_system",3.75,18.8062567411053,23.285580484549,-8.73135052913127,-2.88449814311252,0.7,0.05,0.02,0.5,"explicit_euler","Predator-prey terms are illustrative and assume continuous well-mixed interaction."
"predator_prey_coupled_system",3.76,18.718943235814,23.2567355031179,-8.66381532159039,-2.92153751689488,0.7,0.05,0.02,0.5,"explicit_euler","Predator-prey terms are illustrative and assume continuous well-mixed interaction."
"predator_prey_coupled_system",3.77,18.6323050825981,23.2275201279489,-8.59649850898795,-2.95811523725184,0.7,0.05,0.02,0.5,"explicit_euler","Predator-prey terms are illustrative and assume continuous well-mixed interaction."
"predator_prey_coupled_system",3.78,18.5463400975082,23.1979389755764,-8.52940522185832,-2.9942321717426,0.7,0.05,0.02,0.5,"explicit_euler","Predator-prey terms are illustrative and assume continuous well-mixed interaction."
"predator_prey_coupled_system",3.79,18.4610460452896,23.167996653859,-8.4625404184976,-3.02988926684938,0.7,0.05,0.02,0.5,"explicit_euler","Predator-prey terms are illustrative and assume continuous well-mixed interaction."
"predator_prey_coupled_system",3.8,18.3764206411046,23.1376977611905,-8.39590888754583,-3.06508754606763,0.7,0.05,0.02,0.5,"explicit_euler","Predator-prey terms are illustrative and assume continuous well-mixed interaction."
"predator_prey_coupled_system",3.81,18.2924615522292,23.1070468857298,-8.32951525057806,-3.09982810800953,0.7,0.05,0.02,0.5,"explicit_euler","Predator-prey terms are illustrative and assume continuous well-mixed interaction."
"predator_prey_coupled_system",3.82,18.2091663997234,23.0760486046497,-8.26336396470221,-3.13411212452144,0.7,0.05,0.02,0.5,"explicit_euler","Predator-prey terms are illustrative and assume continuous well-mixed interaction."
"predator_prey_coupled_system",3.83,18.1265327600764,23.0447074834045,-8.19745932516199,-3.16794083881608,0.7,0.05,0.02,0.5,"explicit_euler","Predator-prey terms are illustrative and assume continuous well-mixed interaction."
"predator_prey_coupled_system",3.84,18.0445581668247,23.0130280750164,-8.13180546794286,-3.20131556362011,0.7,0.05,0.02,0.5,"explicit_euler","Predator-prey terms are illustrative and assume continuous well-mixed interaction."
"predator_prey_coupled_system",3.85,17.9632401121453,22.9810149193802,-8.06640637237926,-3.23423767933769,0.7,0.05,0.02,0.5,"explicit_euler","Predator-prey terms are illustrative and assume continuous well-mixed interaction."
"predator_prey_coupled_system",3.86,17.8825760484215,22.9486725425868,-8.00126586376149,-3.26670863223077,0.7,0.05,0.02,0.5,"explicit_euler","Predator-prey terms are illustrative and assume continuous well-mixed interaction."
"predator_prey_coupled_system",3.87,17.8025633897839,22.9160054562645,-7.93638761594038,-3.29872993261659,0.7,0.05,0.02,0.5,"explicit_euler","Predator-prey terms are illustrative and assume continuous well-mixed interaction."
"predator_prey_coupled_system",3.88,17.7231995136245,22.8830181569383,-7.87177515392833,-3.33030315308296,0.7,0.05,0.02,0.5,"explicit_euler","Predator-prey terms are illustrative and assume continuous well-mixed interaction."
"predator_prey_coupled_system",3.89,17.6444817620852,22.8497151254075,-7.8074318564951,-3.36142992672184,0.7,0.05,0.02,0.5,"explicit_euler","Predator-prey terms are illustrative and assume continuous well-mixed interaction."
"predator_prey_coupled_system",3.9,17.5664074435203,22.8161008261403,-7.74336095875677,-3.39211194538175,0.7,0.05,0.02,0.5,"explicit_euler","Predator-prey terms are illustrative and assume continuous well-mixed interaction."
"predator_prey_coupled_system",3.91,17.4889738339327,22.7821797066864,-7.67956555475669,-3.42235095793939,0.7,0.05,0.02,0.5,"explicit_euler","Predator-prey terms are illustrative and assume continuous well-mixed interaction."
"predator_prey_coupled_system",3.92,17.4121781783851,22.747956197107,-7.61604860003681,-3.45214876859096,0.7,0.05,0.02,0.5,"explicit_euler","Predator-prey terms are illustrative and assume continuous well-mixed interaction."
"predator_prey_coupled_system",3.93,17.3360176923848,22.7134347094211,-7.55281291419821,-3.48150723516355,0.7,0.05,0.02,0.5,"explicit_euler","Predator-prey terms are illustrative and assume continuous well-mixed interaction."
"predator_prey_coupled_system",3.94,17.2604895632428,22.6786196370695,-7.4898611834496,-3.51042826744693,0.7,0.05,0.02,0.5,"explicit_euler","Predator-prey terms are illustrative and assume continuous well-mixed interaction."
"predator_prey_coupled_system",3.95,17.1855909514083,22.643515354395,-7.42719596314249,-3.5389138255462,0.7,0.05,0.02,0.5,"explicit_euler","Predator-prey terms are illustrative and assume continuous well-mixed interaction."
"predator_prey_coupled_system",3.96,17.1113189917769,22.6081262161396,-7.36481968029207,-3.56696591825544,0.7,0.05,0.02,0.5,"explicit_euler","Predator-prey terms are illustrative and assume continuous well-mixed interaction."
"predator_prey_coupled_system",3.97,17.0376707949739,22.572456556957,-7.30273463608247,-3.59458660145282,0.7,0.05,0.02,0.5,"explicit_euler","Predator-prey terms are illustrative and assume continuous well-mixed interaction."
"predator_prey_coupled_system",3.98,16.9646434486131,22.5365106909425,-7.24094300835566,-3.6217779765173,0.7,0.05,0.02,0.5,"explicit_euler","Predator-prey terms are illustrative and assume continuous well-mixed interaction."
"predator_prey_coupled_system",3.99,16.8922340185296,22.5002929111773,-7.17944685408275,-3.64854218876728,0.7,0.05,0.02,0.5,"explicit_euler","Predator-prey terms are illustrative and assume continuous well-mixed interaction."
"predator_prey_coupled_system",4,16.8204395499887,22.4638074892896,-7.11824811181691,-3.67488142592121,0.7,0.05,0.02,0.5,"explicit_euler","Predator-prey terms are illustrative and assume continuous well-mixed interaction."
"predator_prey_coupled_system",4.01,16.7492570688706,22.4270586750304,-7.05734860412702,-3.70079791658065,0.7,0.05,0.02,0.5,"explicit_euler","Predator-prey terms are illustrative and assume continuous well-mixed interaction."
"predator_prey_coupled_system",4.02,16.6786835828293,22.3900506958646,-6.99675004001114,-3.72629392873565,0.7,0.05,0.02,0.5,"explicit_euler","Predator-prey terms are illustrative and assume continuous well-mixed interaction."
"predator_prey_coupled_system",4.03,16.6087160824292,22.3527877565773,-6.93645401728912,-3.75137176829281,0.7,0.05,0.02,0.5,"explicit_euler","Predator-prey terms are illustrative and assume continuous well-mixed interaction."
"predator_prey_coupled_system",4.04,16.5393515422563,22.3152740388943,-6.87646202497354,-3.77603377762599,0.7,0.05,0.02,0.5,"explicit_euler","Predator-prey terms are illustrative and assume continuous well-mixed interaction."
"predator_prey_coupled_system",4.05,16.4705869220066,22.2775137011181,-6.81677544561827,-3.80028233414989,0.7,0.05,0.02,0.5,"explicit_euler","Predator-prey terms are illustrative and assume continuous well-mixed interaction."
"predator_prey_coupled_system",4.06,16.4024191675504,22.2395108777766,-6.75739555764412,-3.82411984891654,0.7,0.05,0.02,0.5,"explicit_euler","Predator-prey terms are illustrative and assume continuous well-mixed interaction."
"predator_prey_coupled_system",4.07,16.3348452119739,22.2012696792874,-6.69832353764075,-3.84754876523471,0.7,0.05,0.02,0.5,"explicit_euler","Predator-prey terms are illustrative and assume continuous well-mixed interaction."
"predator_prey_coupled_system",4.08,16.2678619765975,22.1627941916351,-6.63956046264456,-3.8705715573124,0.7,0.05,0.02,0.5,"explicit_euler","Predator-prey terms are illustrative and assume continuous well-mixed interaction."
"predator_prey_coupled_system",4.09,16.2014663719711,22.1240884760619,-6.58110731239176,-3.89319072892236,0.7,0.05,0.02,0.5,"explicit_euler","Predator-prey terms are illustrative and assume continuous well-mixed interaction."
"predator_prey_coupled_system",4.1,16.1356552988472,22.0851565687727,-6.52296497154632,-3.91540881209063,0.7,0.05,0.02,0.5,"explicit_euler","Predator-prey terms are illustrative and assume continuous well-mixed interaction."
"predator_prey_coupled_system",4.11,16.0704256491317,22.0460024806518,-6.4651342319022,-3.93722836580815,0.7,0.05,0.02,0.5,"explicit_euler","Predator-prey terms are illustrative and assume continuous well-mixed interaction."
"predator_prey_coupled_system",4.12,16.0057743068127,22.0066301969937,-6.40761579455964,-3.95865197476546,0.7,0.05,0.02,0.5,"explicit_euler","Predator-prey terms are illustrative and assume continuous well-mixed interaction."
"predator_prey_coupled_system",4.13,15.9416981488671,21.9670436772461,-6.35041027207485,-3.97968224811032,0.7,0.05,0.02,0.5,"explicit_euler","Predator-prey terms are illustrative and assume continuous well-mixed interaction."
"predator_prey_coupled_system",4.14,15.8781940461463,21.927246854765,-6.29351819058307,-4.00032181822828,0.7,0.05,0.02,0.5,"explicit_euler","Predator-prey terms are illustrative and assume continuous well-mixed interaction."
"predator_prey_coupled_system",4.15,15.8152588642405,21.8872436365827,-6.23693999189444,-4.02057333954623,0.7,0.05,0.02,0.5,"explicit_euler","Predator-prey terms are illustrative and assume continuous well-mixed interaction."
"predator_prey_coupled_system",4.16,15.7528894643216,21.8470379031872,-6.18067603556249,-4.04043948735858,0.7,0.05,0.02,0.5,"explicit_euler","Predator-prey terms are illustrative and assume continuous well-mixed interaction."
"predator_prey_coupled_system",4.17,15.6910827039659,21.8066335083136,-6.12472660092505,-4.05992295667634,0.7,0.05,0.02,0.5,"explicit_euler","Predator-prey terms are illustrative and assume continuous well-mixed interaction."
"predator_prey_coupled_system",4.18,15.6298354379567,21.7660342787469,-6.06909188911721,-4.07902646109868,0.7,0.05,0.02,0.5,"explicit_euler","Predator-prey terms are illustrative and assume continuous well-mixed interaction."
"predator_prey_coupled_system",4.19,15.5691445190655,21.7252440141359,-6.01377202505637,-4.09775273170705,0.7,0.05,0.02,0.5,"explicit_euler","Predator-prey terms are illustrative and assume continuous well-mixed interaction."
"predator_prey_coupled_system",4.2,15.5090067988149,21.6842664868188,-5.95876705939894,-4.11610451598165,0.7,0.05,0.02,0.5,"explicit_euler","Predator-prey terms are illustrative and assume continuous well-mixed interaction."
"predator_prey_coupled_system",4.21,15.449419128221,21.643105441659,-5.90407697046881,-4.13408457674011,0.7,0.05,0.02,0.5,"explicit_euler","Predator-prey terms are illustrative and assume continuous well-mixed interaction."
"predator_prey_coupled_system",4.22,15.3903783585163,21.6017645958916,-5.84970166615726,-4.15169569109834,0.7,0.05,0.02,0.5,"explicit_euler","Predator-prey terms are illustrative and assume continuous well-mixed interaction."
"predator_prey_coupled_system",4.23,15.3318813418547,21.5602476389806,-5.79564098579439,-4.16894064945323,0.7,0.05,0.02,0.5,"explicit_euler","Predator-prey terms are illustrative and assume continuous well-mixed interaction."
"predator_prey_coupled_system",4.24,15.2739249319967,21.5185582324861,-5.74189470199193,-4.18582225448718,0.7,0.05,0.02,0.5,"explicit_euler","Predator-prey terms are illustrative and assume continuous well-mixed interaction."
"predator_prey_coupled_system",4.25,15.2165059849768,21.4767000099412,-5.68846252245734,-4.20234332019416,0.7,0.05,0.02,0.5,"explicit_euler","Predator-prey terms are illustrative and assume continuous well-mixed interaction."
"predator_prey_coupled_system",4.26,15.1596213597523,21.4346765767393,-5.63534409177932,-4.21850667092727,0.7,0.05,0.02,0.5,"explicit_euler","Predator-prey terms are illustrative and assume continuous well-mixed interaction."
"predator_prey_coupled_system",4.27,15.1032679188345,21.39249151003,-5.58253899318461,-4.2343151404675,0.7,0.05,0.02,0.5,"explicit_euler","Predator-prey terms are illustrative and assume continuous well-mixed interaction."
"predator_prey_coupled_system",4.28,15.0474425289026,21.3501483586253,-5.53004675026612,-4.24977157111348,0.7,0.05,0.02,0.5,"explicit_euler","Predator-prey terms are illustrative and assume continuous well-mixed interaction."
"predator_prey_coupled_system",4.29,14.9921420614,21.3076506429142,-5.47786682868251,-4.2648788127921,0.7,0.05,0.02,0.5,"explicit_euler","Predator-prey terms are illustrative and assume continuous well-mixed interaction."
"predator_prey_coupled_system",4.3,14.9373633931131,21.2650018547863,-5.42599863782917,-4.27963972218979,0.7,0.05,0.02,0.5,"explicit_euler","Predator-prey terms are illustrative and assume continuous well-mixed interaction."
"predator_prey_coupled_system",4.31,14.8831034067348,21.2222054575644,-5.37444153248076,-4.29405716190412,0.7,0.05,0.02,0.5,"explicit_euler","Predator-prey terms are illustrative and assume continuous well-mixed interaction."
"predator_prey_coupled_system",4.32,14.82935899141,21.1792648859453,-5.32319481440538,-4.3081339996157,0.7,0.05,0.02,0.5,"explicit_euler","Predator-prey terms are illustrative and assume continuous well-mixed interaction."
"predator_prey_coupled_system",4.33,14.776127043266,21.1361835459492,-5.27225773395046,-4.32187310727992,0.7,0.05,0.02,0.5,"explicit_euler","Predator-prey terms are illustrative and assume continuous well-mixed interaction."
"predator_prey_coupled_system",4.34,14.7234044659265,21.0929648148764,-5.2216294916005,-4.33527736033857,0.7,0.05,0.02,0.5,"explicit_euler","Predator-prey terms are illustrative and assume continuous well-mixed interaction."
"predator_prey_coupled_system",4.35,14.6711881710105,21.049612041273,-5.17130923950686,-4.34834963695082,0.7,0.05,0.02,0.5,"explicit_euler","Predator-prey terms are illustrative and assume continuous well-mixed interaction."
"predator_prey_coupled_system",4.36,14.6194750786154,21.0061285449035,-5.12129608298962,-4.36109281724358,0.7,0.05,0.02,0.5,"explicit_euler","Predator-prey terms are illustrative and assume continuous well-mixed interaction."
"predator_prey_coupled_system",4.37,14.5682621177855,20.962517616731,-5.07158908201185,-4.37350978258084,0.7,0.05,0.02,0.5,"explicit_euler","Predator-prey terms are illustrative and assume continuous well-mixed interaction."
"predator_prey_coupled_system",4.38,14.5175462269654,20.9187825189052,-5.02218725262634,-4.38560341485177,0.7,0.05,0.02,0.5,"explicit_euler","Predator-prey terms are illustrative and assume continuous well-mixed interaction."
"predator_prey_coupled_system",4.39,14.4673243544391,20.8749264847567,-4.97308956839497,-4.39737659577742,0.7,0.05,0.02,0.5,"explicit_euler","Predator-prey terms are illustrative and assume continuous well-mixed interaction."
"predator_prey_coupled_system",4.4,14.4175934587552,20.8309527187989,-4.92429496178107,-4.40883220623559,0.7,0.05,0.02,0.5,"explicit_euler","Predator-prey terms are illustrative and assume continuous well-mixed interaction."
"predator_prey_coupled_system",4.41,14.3683505091374,20.7868643967366,-4.87580232551482,-4.4199731256039,0.7,0.05,0.02,0.5,"explicit_euler","Predator-prey terms are illustrative and assume continuous well-mixed interaction."
"predator_prey_coupled_system",4.42,14.3195924858822,20.7426646654805,-4.82761051393193,-4.43080223112048,0.7,0.05,0.02,0.5,"explicit_euler","Predator-prey terms are illustrative and assume continuous well-mixed interaction."
"predator_prey_coupled_system",4.43,14.2713163807429,20.6983566431693,-4.77971834428603,-4.44132239726225,0.7,0.05,0.02,0.5,"explicit_euler","Predator-prey terms are illustrative and assume continuous well-mixed interaction."
"predator_prey_coupled_system",4.44,14.2235191973,20.6539434191967,-4.73212459803463,-4.45153649514049,0.7,0.05,0.02,0.5,"explicit_euler","Predator-prey terms are illustrative and assume continuous well-mixed interaction."
"predator_prey_coupled_system",4.45,14.1761979513197,20.6094280542453,-4.68482802209936,-4.4614473919134,0.7,0.05,0.02,0.5,"explicit_euler","Predator-prey terms are illustrative and assume continuous well-mixed interaction."
"predator_prey_coupled_system",4.46,14.1293496710987,20.5648135803262,-4.6378273301003,-4.47105795021534,0.7,0.05,0.02,0.5,"explicit_euler","Predator-prey terms are illustrative and assume continuous well-mixed interaction."
"predator_prey_coupled_system",4.47,14.0829713977977,20.520103000824,-4.59112120356498,-4.48037102760267,0.7,0.05,0.02,0.5,"explicit_euler","Predator-prey terms are illustrative and assume continuous well-mixed interaction."
"predator_prey_coupled_system",4.48,14.037060185762,20.475299290548,-4.54470829311222,-4.48938947601574,0.7,0.05,0.02,0.5,"explicit_euler","Predator-prey terms are illustrative and assume continuous well-mixed interaction."
"predator_prey_coupled_system",4.49,13.9916131028309,20.4304053957878,-4.49858721961099,-4.49811614125687,0.7,0.05,0.02,0.5,"explicit_euler","Predator-prey terms are illustrative and assume continuous well-mixed interaction."
"predator_prey_coupled_system",4.5,13.9466272306348,20.3854242343753,-4.45275657531468,-4.50655386248402,0.7,0.05,0.02,0.5,"explicit_euler","Predator-prey terms are illustrative and assume continuous well-mixed interaction."
"predator_prey_coupled_system",4.51,13.9020996648817,20.3403586957504,-4.40721492497108,-4.51470547171992,0.7,0.05,0.02,0.5,"explicit_euler","Predator-prey terms are illustrative and assume continuous well-mixed interaction."
"predator_prey_coupled_system",4.52,13.858027515632,20.2952116410332,-4.36196080690825,-4.52257379337637,0.7,0.05,0.02,0.5,"explicit_euler","Predator-prey terms are illustrative and assume continuous well-mixed interaction."
"predator_prey_coupled_system",4.53,13.8144079075629,20.2499859030995,-4.31699273409669,-4.53016164379346,0.7,0.05,0.02,0.5,"explicit_euler","Predator-prey terms are illustrative and assume continuous well-mixed interaction."
"predator_prey_coupled_system",4.54,13.7712379802219,20.2046842866615,-4.27230919518797,-4.53747183079345,0.7,0.05,0.02,0.5,"explicit_euler","Predator-prey terms are illustrative and assume continuous well-mixed interaction."
"predator_prey_coupled_system",4.55,13.72851488827,20.1593095683536,-4.22790865553032,-4.54450715324907,0.7,0.05,0.02,0.5,"explicit_euler","Predator-prey terms are illustrative and assume continuous well-mixed interaction."
"predator_prey_coupled_system",4.56,13.6862358017147,20.1138644968211,-4.18378955816128,-4.55127040066592,0.7,0.05,0.02,0.5,"explicit_euler","Predator-prey terms are illustrative and assume continuous well-mixed interaction."
"predator_prey_coupled_system",4.57,13.6443979061331,20.0683517928145,-4.13995032477783,-4.55776435277883,0.7,0.05,0.02,0.5,"explicit_euler","Predator-prey terms are illustrative and assume continuous well-mixed interaction."
"predator_prey_coupled_system",4.58,13.6029984028853,20.0227741492867,-4.09638935668428,-4.56399177916173,0.7,0.05,0.02,0.5,"explicit_euler","Predator-prey terms are illustrative and assume continuous well-mixed interaction."
"predator_prey_coupled_system",4.59,13.5620345093185,19.977134231495,-4.05310503571823,-4.56995543885106,0.7,0.05,0.02,0.5,"explicit_euler","Predator-prey terms are illustrative and assume continuous well-mixed interaction."
"predator_prey_coupled_system",4.6,13.5215034589613,19.9314346771065,-4.01009572515495,-4.57565807998212,0.7,0.05,0.02,0.5,"explicit_euler","Predator-prey terms are illustrative and assume continuous well-mixed interaction."
"predator_prey_coupled_system",4.61,13.4814025017097,19.8856780963067,-3.96735977059038,-4.58110243943847,0.7,0.05,0.02,0.5,"explicit_euler","Predator-prey terms are illustrative and assume continuous well-mixed interaction."
"predator_prey_coupled_system",4.62,13.4417289040038,19.8398670719123,-3.92489550080321,-4.5862912425138,0.7,0.05,0.02,0.5,"explicit_euler","Predator-prey terms are illustrative and assume continuous well-mixed interaction."
"predator_prey_coupled_system",4.63,13.4024799489958,19.7940041594872,-3.88270122859627,-4.59122720258626,0.7,0.05,0.02,0.5,"explicit_euler","Predator-prey terms are illustrative and assume continuous well-mixed interaction."
"predator_prey_coupled_system",4.64,13.3636529367099,19.7480918874613,-3.84077525161753,-4.59591302080489,0.7,0.05,0.02,0.5,"explicit_euler","Predator-prey terms are illustrative and assume continuous well-mixed interaction."
"predator_prey_coupled_system",4.65,13.3252451841937,19.7021327572533,-3.79911585316111,-4.60035138578796,0.7,0.05,0.02,0.5,"explicit_euler","Predator-prey terms are illustrative and assume continuous well-mixed interaction."
"predator_prey_coupled_system",4.66,13.2872540256621,19.6561292433954,-3.75772130294852,-4.60454497333291,0.7,0.05,0.02,0.5,"explicit_euler","Predator-prey terms are illustrative and assume continuous well-mixed interaction."
"predator_prey_coupled_system",4.67,13.2496768126326,19.6100837936621,-3.71658985789051,-4.60849644613771,0.7,0.05,0.02,0.5,"explicit_euler","Predator-prey terms are illustrative and assume continuous well-mixed interaction."
"predator_prey_coupled_system",4.68,13.2125109140537,19.5639988292007,-3.6757197628298,-4.6122084535334,0.7,0.05,0.02,0.5,"explicit_euler","Predator-prey terms are illustrative and assume continuous well-mixed interaction."
"predator_prey_coupled_system",4.69,13.1757537164254,19.5178767446654,-3.63510925126509,-4.61568363122754,0.7,0.05,0.02,0.5,"explicit_euler","Predator-prey terms are illustrative and assume continuous well-mixed interaction."
"predator_prey_coupled_system",4.7,13.1394026239127,19.4717199083531,-3.5947565460565,-4.61892460105838,0.7,0.05,0.02,0.5,"explicit_euler","Predator-prey terms are illustrative and assume continuous well-mixed interaction."
"predator_prey_coupled_system",4.71,13.1034550584522,19.4255306623425,-3.55465986011296,-4.62193397075946,0.7,0.05,0.02,0.5,"explicit_euler","Predator-prey terms are illustrative and assume continuous well-mixed interaction."
"predator_prey_coupled_system",4.72,13.067908459851,19.3793113226349,-3.51481739706165,-4.6247143337345,0.7,0.05,0.02,0.5,"explicit_euler","Predator-prey terms are illustrative and assume continuous well-mixed interaction."
"predator_prey_coupled_system",4.73,13.0327602858804,19.3330641792976,-3.47522735190003,-4.62726826884225,0.7,0.05,0.02,0.5,"explicit_euler","Predator-prey terms are illustrative and assume continuous well-mixed interaction."
"predator_prey_coupled_system",4.74,12.9980080123614,19.2867914966091,-3.43588791163049,-4.62959834019118,0.7,0.05,0.02,0.5,"explicit_euler","Predator-prey terms are illustrative and assume continuous well-mixed interaction."
"predator_prey_coupled_system",4.75,12.9636491332451,19.2404955132072,-3.39679725587819,-4.63170709694371,0.7,0.05,0.02,0.5,"explicit_euler","Predator-prey terms are illustrative and assume continuous well-mixed interaction."
"predator_prey_coupled_system",4.76,12.9296811606863,19.1941784422378,-3.35795355749225,-4.63359707312982,0.7,0.05,0.02,0.5,"explicit_euler","Predator-prey terms are illustrative and assume continuous well-mixed interaction."
"predator_prey_coupled_system",4.77,12.8961016251114,19.1478424715065,-3.31935498313062,-4.6352707874698,0.7,0.05,0.02,0.5,"explicit_euler","Predator-prey terms are illustrative and assume continuous well-mixed interaction."
"predator_prey_coupled_system",4.78,12.8629080752801,19.1014897636318,-3.28099969382891,-4.63673074320591,0.7,0.05,0.02,0.5,"explicit_euler","Predator-prey terms are illustrative and assume continuous well-mixed interaction."
"predator_prey_coupled_system",4.79,12.8300980783418,19.0551224561997,-3.24288584555353,-4.63797942794274,0.7,0.05,0.02,0.5,"explicit_euler","Predator-prey terms are illustrative and assume continuous well-mixed interaction."
"predator_prey_coupled_system",4.8,12.7976692198863,19.0087426619203,-3.20501158973943,-4.63901931349622,0.7,0.05,0.02,0.5,"explicit_euler","Predator-prey terms are illustrative and assume continuous well-mixed interaction."
"predator_prey_coupled_system",4.81,12.7656191039889,18.9623524687853,-3.16737507381263,-4.63985285575073,0.7,0.05,0.02,0.5,"explicit_euler","Predator-prey terms are illustrative and assume continuous well-mixed interaction."
"predator_prey_coupled_system",4.82,12.7339453532508,18.9159539402278,-3.12997444169795,-4.64048249452453,0.7,0.05,0.02,0.5,"explicit_euler","Predator-prey terms are illustrative and assume continuous well-mixed interaction."
"predator_prey_coupled_system",4.83,12.7026456088338,18.8695491152826,-3.09280783431224,-4.64091065344294,0.7,0.05,0.02,0.5,"explicit_euler","Predator-prey terms are illustrative and assume continuous well-mixed interaction."
"predator_prey_coupled_system",4.84,12.6717175304907,18.8231400087482,-3.05587339004324,-4.6411397398194,0.7,0.05,0.02,0.5,"explicit_euler","Predator-prey terms are illustrative and assume continuous well-mixed interaction."
"predator_prey_coupled_system",4.85,12.6411587965902,18.77672861135,-3.01916924521454,-4.6411721445439,0.7,0.05,0.02,0.5,"explicit_euler","Predator-prey terms are illustrative and assume continuous well-mixed interaction."
"predator_prey_coupled_system",4.86,12.6109671041381,18.7303168899045,-2.98269353453674,-4.64101024197891,0.7,0.05,0.02,0.5,"explicit_euler","Predator-prey terms are illustrative and assume continuous well-mixed interaction."
"predator_prey_coupled_system",4.87,12.5811401687927,18.6839067874847,-2.94644439154525,-4.64065638986231,0.7,0.05,0.02,0.5,"explicit_euler","Predator-prey terms are illustrative and assume continuous well-mixed interaction."
"predator_prey_coupled_system",4.88,12.5516757248773,18.6375002235861,-2.91041994902493,-4.64011292921745,0.7,0.05,0.02,0.5,"explicit_euler","Predator-prey terms are illustrative and assume continuous well-mixed interaction."
"predator_prey_coupled_system",4.89,12.522571525387,18.5910990942939,-2.87461833942177,-4.6393821842699,0.7,0.05,0.02,0.5,"explicit_euler","Predator-prey terms are illustrative and assume continuous well-mixed interaction."
"predator_prey_coupled_system",4.9,12.4938253419928,18.5447052724512,-2.83903769524198,-4.63846646237085,0.7,0.05,0.02,0.5,"explicit_euler","Predator-prey terms are illustrative and assume continuous well-mixed interaction."
"predator_prey_coupled_system",4.91,12.4654349650404,18.4983206078275,-2.80367614943875,-4.63736805392696,0.7,0.05,0.02,0.5,"explicit_euler","Predator-prey terms are illustrative and assume continuous well-mixed interaction."
"predator_prey_coupled_system",4.92,12.437398203546,18.4519469272883,-2.76853183578686,-4.63608923233651,0.7,0.05,0.02,0.5,"explicit_euler","Predator-prey terms are illustrative and assume continuous well-mixed interaction."
"predator_prey_coupled_system",4.93,12.4097128851881,18.4055860349649,-2.73360288924544,-4.6346322539316,0.7,0.05,0.02,0.5,"explicit_euler","Predator-prey terms are illustrative and assume continuous well-mixed interaction."
"predator_prey_coupled_system",4.94,12.3823768562957,18.3592397124256,-2.69888744630917,-4.63299935792634,0.7,0.05,0.02,0.5,"explicit_euler","Predator-prey terms are illustrative and assume continuous well-mixed interaction."
"predator_prey_coupled_system",4.95,12.3553879818326,18.3129097188463,-2.66438364534813,-4.63119276637079,0.7,0.05,0.02,0.5,"explicit_euler","Predator-prey terms are illustrative and assume continuous well-mixed interaction."
"predator_prey_coupled_system",4.96,12.3287441453791,18.2665977911826,-2.6300896269365,-4.62921468411056,0.7,0.05,0.02,0.5,"explicit_euler","Predator-prey terms are illustrative and assume continuous well-mixed interaction."
"predator_prey_coupled_system",4.97,12.3024432491097,18.2203056443415,-2.59600353417044,-4.62706729875185,0.7,0.05,0.02,0.5,"explicit_euler","Predator-prey terms are illustrative and assume continuous well-mixed interaction."
"predator_prey_coupled_system",4.98,12.276483213768,18.174034971354,-2.5621235129754,-4.62475278063179,0.7,0.05,0.02,0.5,"explicit_euler","Predator-prey terms are illustrative and assume continuous well-mixed interaction."
"predator_prey_coupled_system",4.99,12.2508619786383,18.1277874435477,-2.52844771240293,-4.62227328279395,0.7,0.05,0.02,0.5,"explicit_euler","Predator-prey terms are illustrative and assume continuous well-mixed interaction."
"predator_prey_coupled_system",5,12.2255775015142,18.0815647107197,-2.49497428491748,-4.61963094096889,0.7,0.05,0.02,0.5,"explicit_euler","Predator-prey terms are illustrative and assume continuous well-mixed interaction."
"predator_prey_coupled_system",5.01,12.2006277586651,18.03536840131,-2.46170138667316,-4.61682787355954,0.7,0.05,0.02,0.5,"explicit_euler","Predator-prey terms are illustrative and assume continuous well-mixed interaction."
"predator_prey_coupled_system",5.02,12.1760107447983,17.9892001225744,-2.42862717778086,-4.61386618163135,0.7,0.05,0.02,0.5,"explicit_euler","Predator-prey terms are illustrative and assume continuous well-mixed interaction."
"predator_prey_coupled_system",5.03,12.1517244730205,17.9430614607581,-2.39574982256593,-4.61074794890695,0.7,0.05,0.02,0.5,"explicit_euler","Predator-prey terms are illustrative and assume continuous well-mixed interaction."
"predator_prey_coupled_system",5.04,12.1277669747949,17.8969539812691,-2.36306748981651,-4.60747524176537,0.7,0.05,0.02,0.5,"explicit_euler","Predator-prey terms are illustrative and assume continuous well-mixed interaction."
"predator_prey_coupled_system",5.05,12.1041362998967,17.8508792288514,-2.33057835302293,-4.60405010924546,0.7,0.05,0.02,0.5,"explicit_euler","Predator-prey terms are illustrative and assume continuous well-mixed interaction."
"predator_prey_coupled_system",5.06,12.0808305163665,17.804838727759,-2.29828059060817,-4.6004745830536,0.7,0.05,0.02,0.5,"explicit_euler","Predator-prey terms are illustrative and assume continuous well-mixed interaction."
"predator_prey_coupled_system",5.07,12.0578477104604,17.7588339819284,-2.26617238614981,-4.59675067757538,0.7,0.05,0.02,0.5,"explicit_euler","Predator-prey terms are illustrative and assume continuous well-mixed interaction."
"predator_prey_coupled_system",5.08,12.0351859865989,17.7128664751527,-2.23425192859351,-4.59288038989124,0.7,0.05,0.02,0.5,"explicit_euler","Predator-prey terms are illustrative and assume continuous well-mixed interaction."
"predator_prey_coupled_system",5.09,12.0128434673129,17.6669376712537,-2.20251741245822,-4.58886569979596,0.7,0.05,0.02,0.5,"explicit_euler","Predator-prey terms are illustrative and assume continuous well-mixed interaction."
"predator_prey_coupled_system",5.1,11.9908182931884,17.6210490142558,-2.1709670380335,-4.58470856982175,0.7,0.05,0.02,0.5,"explicit_euler","Predator-prey terms are illustrative and assume continuous well-mixed interaction."
"predator_prey_coupled_system",5.11,11.969108622808,17.5752019285576,-2.13959901156892,-4.58041094526497,0.7,0.05,0.02,0.5,"explicit_euler","Predator-prey terms are illustrative and assume continuous well-mixed interaction."
"predator_prey_coupled_system",5.12,11.9477126326923,17.5293978191049,-2.10841154545583,-4.57597475421627,0.7,0.05,0.02,0.5,"explicit_euler","Predator-prey terms are illustrative and assume continuous well-mixed interaction."
"predator_prey_coupled_system",5.13,11.9266285172378,17.4836380715628,-2.07740285840178,-4.57140190759409,0.7,0.05,0.02,0.5,"explicit_euler","Predator-prey terms are illustrative and assume continuous well-mixed interaction."
"predator_prey_coupled_system",5.14,11.9058544886538,17.4379240524868,-2.04657117559755,-4.56669429918134,0.7,0.05,0.02,0.5,"explicit_euler","Predator-prey terms are illustrative and assume continuous well-mixed interaction."
"predator_prey_coupled_system",5.15,11.8853887768978,17.392257109495,-2.01591472887718,-4.56185380566525,0.7,0.05,0.02,0.5,"explicit_euler","Predator-prey terms are illustrative and assume continuous well-mixed interaction."
"predator_prey_coupled_system",5.16,11.865229629609,17.3466385714384,-1.98543175687114,-4.5568822866802,0.7,0.05,0.02,0.5,"explicit_euler","Predator-prey terms are illustrative and assume continuous well-mixed interaction."
"predator_prey_coupled_system",5.17,11.8453753120403,17.3010697485715,-1.95512050515263,-4.55178158485344,0.7,0.05,0.02,0.5,"explicit_euler","Predator-prey terms are illustrative and assume continuous well-mixed interaction."
"predator_prey_coupled_system",5.18,11.8258241069888,17.255551932723,-1.92497922637749,-4.54655352585365,0.7,0.05,0.02,0.5,"explicit_euler","Predator-prey terms are illustrative and assume continuous well-mixed interaction."
"predator_prey_coupled_system",5.19,11.806574314725,17.2100863974645,-1.89500618041761,-4.54119991844219,0.7,0.05,0.02,0.5,"explicit_euler","Predator-prey terms are illustrative and assume continuous well-mixed interaction."
"predator_prey_coupled_system",5.2,11.7876242529208,17.1646743982801,-1.86519963448818,-4.53572255452692,0.7,0.05,0.02,0.5,"explicit_euler","Predator-prey terms are illustrative and assume continuous well-mixed interaction."
"predator_prey_coupled_system",5.21,11.7689722565759,17.1193171727348,-1.83555786326883,-4.5301232092186,0.7,0.05,0.02,0.5,"explicit_euler","Predator-prey terms are illustrative and assume continuous well-mixed interaction."
"predator_prey_coupled_system",5.22,11.7506166779433,17.0740159406426,-1.80607914901892,-4.52440364088962,0.7,0.05,0.02,0.5,"explicit_euler","Predator-prey terms are illustrative and assume continuous well-mixed interaction."
"predator_prey_coupled_system",5.23,11.7325558864531,17.0287719042337,-1.77676178168704,-4.51856559123518,0.7,0.05,0.02,0.5,"explicit_euler","Predator-prey terms are illustrative and assume continuous well-mixed interaction."
"predator_prey_coupled_system",5.24,11.7147882686362,16.9835862483214,-1.74760405901497,-4.51261078533656,0.7,0.05,0.02,0.5,"explicit_euler","Predator-prey terms are illustrative and assume continuous well-mixed interaction."
"predator_prey_coupled_system",5.25,11.697312228046,16.938460140468,-1.71860428663611,-4.50654093172666,0.7,0.05,0.02,0.5,"explicit_euler","Predator-prey terms are illustrative and assume continuous well-mixed interaction."
"predator_prey_coupled_system",5.26,11.6801261851797,16.8933947311507,-1.68976077816873,-4.50035772245756,0.7,0.05,0.02,0.5,"explicit_euler","Predator-prey terms are illustrative and assume continuous well-mixed interaction."
"predator_prey_coupled_system",5.27,11.663228577398,16.8483911539261,-1.66107185530395,-4.49406283317005,0.7,0.05,0.02,0.5,"explicit_euler","Predator-prey terms are illustrative and assume continuous well-mixed interaction."
"predator_prey_coupled_system",5.28,11.646617858845,16.8034505255944,-1.63253584788883,-4.4876579231651,0.7,0.05,0.02,0.5,"explicit_euler","Predator-prey terms are illustrative and assume continuous well-mixed interaction."
"predator_prey_coupled_system",5.29,11.6302925003661,16.7585739463628,-1.60415109400442,-4.48114463547713,0.7,0.05,0.02,0.5,"explicit_euler","Predator-prey terms are illustrative and assume continuous well-mixed interaction."
"predator_prey_coupled_system",5.3,11.614250989426,16.713762500008,-1.57591594003927,-4.47452459694901,0.7,0.05,0.02,0.5,"explicit_euler","Predator-prey terms are illustrative and assume continuous well-mixed interaction."
"predator_prey_coupled_system",5.31,11.5984918300256,16.6690172540385,-1.54782874075817,-4.46779941830882,0.7,0.05,0.02,0.5,"explicit_euler","Predator-prey terms are illustrative and assume continuous well-mixed interaction."
"predator_prey_coupled_system",5.32,11.5830135426181,16.6243392598554,-1.51988785936649,-4.46097069424807,0.7,0.05,0.02,0.5,"explicit_euler","Predator-prey terms are illustrative and assume continuous well-mixed interaction."
"predator_prey_coupled_system",5.33,11.5678146640244,16.579729552913,-1.49209166757018,-4.45404000350158,0.7,0.05,0.02,0.5,"explicit_euler","Predator-prey terms are illustrative and assume continuous well-mixed interaction."
"predator_prey_coupled_system",5.34,11.5528937473487,16.5351891528779,-1.46443854563149,-4.44700890892874,0.7,0.05,0.02,0.5,"explicit_euler","Predator-prey terms are illustrative and assume continuous well-mixed interaction."
"predator_prey_coupled_system",5.35,11.5382493618924,16.4907190637887,-1.43692688242063,-4.43987895759621,0.7,0.05,0.02,0.5,"explicit_euler","Predator-prey terms are illustrative and assume continuous well-mixed interaction."
"predator_prey_coupled_system",5.36,11.5238800930682,16.4463202742127,-1.40955507546344,-4.43265168086189,0.7,0.05,0.02,0.5,"explicit_euler","Predator-prey terms are illustrative and assume continuous well-mixed interaction."
"predator_prey_coupled_system",5.37,11.5097845423135,16.4019937574041,-1.38232153098516,-4.42532859446019,0.7,0.05,0.02,0.5,"explicit_euler","Predator-prey terms are illustrative and assume continuous well-mixed interaction."
"predator_prey_coupled_system",5.38,11.4959613270037,16.3577404714595,-1.35522466395048,-4.41791119858852,0.7,0.05,0.02,0.5,"explicit_euler","Predator-prey terms are illustrative and assume continuous well-mixed interaction."
"predator_prey_coupled_system",5.39,11.4824090803642,16.3135613594736,-1.32826289809996,-4.41040097799484,0.7,0.05,0.02,0.5,"explicit_euler","Predator-prey terms are illustrative and assume continuous well-mixed interaction."
"predator_prey_coupled_system",5.4,11.4691264513832,16.2694573496936,-1.30143466598287,-4.40279940206638,0.7,0.05,0.02,0.5,"explicit_euler","Predator-prey terms are illustrative and assume continuous well-mixed interaction."
"predator_prey_coupled_system",5.41,11.4561121047234,16.225429355673,-1.2747384089866,-4.39510792491931,0.7,0.05,0.02,0.5,"explicit_euler","Predator-prey terms are illustrative and assume continuous well-mixed interaction."
"predator_prey_coupled_system",5.42,11.4433647206335,16.1814782764238,-1.24817257736282,-4.38732798548939,0.7,0.05,0.02,0.5,"explicit_euler","Predator-prey terms are illustrative and assume continuous well-mixed interaction."
"predator_prey_coupled_system",5.43,11.4308829948599,16.1376049965689,-1.22173563025034,-4.37946100762355,0.7,0.05,0.02,0.5,"explicit_euler","Predator-prey terms are illustrative and assume continuous well-mixed interaction."
"predator_prey_coupled_system",5.44,11.4186656385574,16.0938103864927,-1.19542603569491,-4.37150840017231,0.7,0.05,0.02,0.5,"explicit_euler","Predator-prey terms are illustrative and assume continuous well-mixed interaction."
"predator_prey_coupled_system",5.45,11.4067113782004,16.0500953024909,-1.16924227066593,-4.36347155708298,0.7,0.05,0.02,0.5,"explicit_euler","Predator-prey terms are illustrative and assume continuous well-mixed interaction."
"predator_prey_coupled_system",5.46,11.3950189554937,16.0064605869201,-1.14318282107029,-4.35535185749369,0.7,0.05,0.02,0.5,"explicit_euler","Predator-prey terms are illustrative and assume continuous well-mixed interaction."
"predator_prey_coupled_system",5.47,11.383587127283,15.9629070683452,-1.11724618176335,-4.34715066582799,0.7,0.05,0.02,0.5,"explicit_euler","Predator-prey terms are illustrative and assume continuous well-mixed interaction."
"predator_prey_coupled_system",5.48,11.3724146654654,15.9194355616869,-1.09143085655719,-4.33886933189025,0.7,0.05,0.02,0.5,"explicit_euler","Predator-prey terms are illustrative and assume continuous well-mixed interaction."
"predator_prey_coupled_system",5.49,11.3615003568998,15.876046868368,-1.06573535822619,-4.33050919096157,0.7,0.05,0.02,0.5,"explicit_euler","Predator-prey terms are illustrative and assume continuous well-mixed interaction."
"predator_prey_coupled_system",5.5,11.3508430033176,15.8327417764584,-1.04015820851002,-4.32207156389626,0.7,0.05,0.02,0.5,"explicit_euler","Predator-prey terms are illustrative and assume continuous well-mixed interaction."
"predator_prey_coupled_system",5.51,11.3404414212325,15.7895210608194,-1.01469793811421,-4.31355775721893,0.7,0.05,0.02,0.5,"explicit_euler","Predator-prey terms are illustrative and assume continuous well-mixed interaction."
"predator_prey_coupled_system",5.52,11.3302944418513,15.7463854832472,-0.989353086708292,-4.30496906322192,0.7,0.05,0.02,0.5,"explicit_euler","Predator-prey terms are illustrative and assume continuous well-mixed interaction."
"predator_prey_coupled_system",5.53,11.3204009109842,15.703335792615,-0.964122202921546,-4.29630676006329,0.7,0.05,0.02,0.5,"explicit_euler","Predator-prey terms are illustrative and assume continuous well-mixed interaction."
"predator_prey_coupled_system",5.54,11.310759688955,15.6603727250144,-0.939003844336646,-4.28757211186512,0.7,0.05,0.02,0.5,"explicit_euler","Predator-prey terms are illustrative and assume continuous well-mixed interaction."
"predator_prey_coupled_system",5.55,11.3013696505117,15.6174970038957,-0.91399657748103,-4.27876636881218,0.7,0.05,0.02,0.5,"explicit_euler","Predator-prey terms are illustrative and assume continuous well-mixed interaction."
"predator_prey_coupled_system",5.56,11.2922296847369,15.5747093402076,-0.889098977816229,-4.26989076725099,0.7,0.05,0.02,0.5,"explicit_euler","Predator-prey terms are illustrative and assume continuous well-mixed interaction."
"predator_prey_coupled_system",5.57,11.2833386949587,15.5320104325351,-0.864309629725176,-4.26094652978904,0.7,0.05,0.02,0.5,"explicit_euler","Predator-prey terms are illustrative and assume continuous well-mixed interaction."
"predator_prey_coupled_system",5.58,11.2746955986614,15.4894009672372,-0.839627126497565,-4.25193486539437,0.7,0.05,0.02,0.5,"explicit_euler","Predator-prey terms are illustrative and assume continuous well-mixed interaction."
"predator_prey_coupled_system",5.59,11.2662993273965,15.4468816185832,-0.815050070313339,-4.24285696949528,0.7,0.05,0.02,0.5,"explicit_euler","Predator-prey terms are illustrative and assume continuous well-mixed interaction."
"predator_prey_coupled_system",5.6,11.2581488266933,15.4044530488883,-0.790577072224382,-4.23371402408026,0.7,0.05,0.02,0.5,"explicit_euler","Predator-prey terms are illustrative and assume continuous well-mixed interaction."
"predator_prey_coupled_system",5.61,11.2502430559711,15.3621159086475,-0.766206752134462,-4.22450719779806,0.7,0.05,0.02,0.5,"explicit_euler","Predator-prey terms are illustrative and assume continuous well-mixed interaction."
"predator_prey_coupled_system",5.62,11.2425809884497,15.3198708366695,-0.741937738777497,-4.21523764605783,0.7,0.05,0.02,0.5,"explicit_euler","Predator-prey terms are illustrative and assume continuous well-mixed interaction."
"predator_prey_coupled_system",5.63,11.235161611062,15.2777184602089,-0.717768669694233,-4.20590651112942,0.7,0.05,0.02,0.5,"explicit_euler","Predator-prey terms are illustrative and assume continuous well-mixed interaction."
"predator_prey_coupled_system",5.64,11.227983924365,15.2356593950976,-0.693698191207347,-4.19651492224367,0.7,0.05,0.02,0.5,"explicit_euler","Predator-prey terms are illustrative and assume continuous well-mixed interaction."
"predator_prey_coupled_system",5.65,11.221046942453,15.1936942458752,-0.669724958395083,-4.18706399569274,0.7,0.05,0.02,0.5,"explicit_euler","Predator-prey terms are illustrative and assume continuous well-mixed interaction."
"predator_prey_coupled_system",5.66,11.214349692869,15.1518236059183,-0.645847635063445,-4.17755483493044,0.7,0.05,0.02,0.5,"explicit_euler","Predator-prey terms are illustrative and assume continuous well-mixed interaction."
"predator_prey_coupled_system",5.67,11.2078912165184,15.110048057569,-0.62206489371703,-4.16798853067253,0.7,0.05,0.02,0.5,"explicit_euler","Predator-prey terms are illustrative and assume continuous well-mixed interaction."
"predator_prey_coupled_system",5.68,11.2016705675812,15.0683681722622,-0.598375415528527,-4.15836616099698,0.7,0.05,0.02,0.5,"explicit_euler","Predator-prey terms are illustrative and assume continuous well-mixed interaction."
"predator_prey_coupled_system",5.69,11.1956868134259,15.0267845106523,-0.574777890306985,-4.14868879144409,0.7,0.05,0.02,0.5,"explicit_euler","Predator-prey terms are illustrative and assume continuous well-mixed interaction."
"predator_prey_coupled_system",5.7,11.1899390345228,14.9852976227378,-0.551271016464835,-4.13895747511659,0.7,0.05,0.02,0.5,"explicit_euler","Predator-prey terms are illustrative and assume continuous well-mixed interaction."
"predator_prey_coupled_system",5.71,11.1844263243582,14.9439080479867,-0.527853500983785,-4.12917325277953,0.7,0.05,0.02,0.5,"explicit_euler","Predator-prey terms are illustrative and assume continuous well-mixed interaction."
"predator_prey_coupled_system",5.72,11.1791477893484,14.9026163154589,-0.504524059379592,-4.11933715296006,0.7,0.05,0.02,0.5,"explicit_euler","Predator-prey terms are illustrative and assume continuous well-mixed interaction."
"predator_prey_coupled_system",5.73,11.1741025487546,14.8614229439293,-0.481281415665788,-4.10945019204704,0.7,0.05,0.02,0.5,"explicit_euler","Predator-prey terms are illustrative and assume continuous well-mixed interaction."
"predator_prey_coupled_system",5.74,11.1692897345979,14.8203284420088,-0.458124302316382,-4.09951337439044,0.7,0.05,0.02,0.5,"explicit_euler","Predator-prey terms are illustrative and assume continuous well-mixed interaction."
"predator_prey_coupled_system",5.75,11.1647084915747,14.7793333082649,-0.435051460227609,-4.08952769240048,0.7,0.05,0.02,0.5,"explicit_euler","Predator-prey terms are illustrative and assume continuous well-mixed interaction."
"predator_prey_coupled_system",5.76,11.1603579769725,14.7384380313409,-0.412061638678761,-4.07949412664665,0.7,0.05,0.02,0.5,"explicit_euler","Predator-prey terms are illustrative and assume continuous well-mixed interaction."
"predator_prey_coupled_system",5.77,11.1562373605857,14.6976430900744,-0.38915359529214,-4.06941364595637,0.7,0.05,0.02,0.5,"explicit_euler","Predator-prey terms are illustrative and assume continuous well-mixed interaction."
"predator_prey_coupled_system",5.78,11.1523458246328,14.6569489536149,-0.36632609599218,-4.05928720751339,0.7,0.05,0.02,0.5,"explicit_euler","Predator-prey terms are illustrative and assume continuous well-mixed interaction."
"predator_prey_coupled_system",5.79,11.1486825636728,14.6163560815397,-0.343577914963786,-4.04911575695596,0.7,0.05,0.02,0.5,"explicit_euler","Predator-prey terms are illustrative and assume continuous well-mixed interaction."
"predator_prey_coupled_system",5.8,11.1452467845232,14.5758649239702,-0.320907834609913,-4.03890022847463,0.7,0.05,0.02,0.5,"explicit_euler","Predator-prey terms are illustrative and assume continuous well-mixed interaction."
"predator_prey_coupled_system",5.81,11.1420377061771,14.5354759216854,-0.298314645508447,-4.02864154490975,0.7,0.05,0.02,0.5,"explicit_euler","Predator-prey terms are illustrative and assume continuous well-mixed interaction."
"predator_prey_coupled_system",5.82,11.139054559722,14.4951895062363,-0.275797146368413,-4.01834061784864,0.7,0.05,0.02,0.5,"explicit_euler","Predator-prey terms are illustrative and assume continuous well-mixed interaction."
"predator_prey_coupled_system",5.83,11.1362965882583,14.4550061000578,-0.253354143985544,-4.00799834772237,0.7,0.05,0.02,0.5,"explicit_euler","Predator-prey terms are illustrative and assume continuous well-mixed interaction."
"predator_prey_coupled_system",5.84,11.1337630468185,14.4149261165806,-0.230984453197259,-3.99761562390223,0.7,0.05,0.02,0.5,"explicit_euler","Predator-prey terms are illustrative and assume continuous well-mixed interaction."
"predator_prey_coupled_system",5.85,11.1314532022865,14.3749499603416,-0.208686896837081,-3.98719332479574,0.7,0.05,0.02,0.5,"explicit_euler","Predator-prey terms are illustrative and assume continuous well-mixed interaction."
"predator_prey_coupled_system",5.86,11.1293663333181,14.3350780270936,-0.18646030568853,-3.97673231794233,0.7,0.05,0.02,0.5,"explicit_euler","Predator-prey terms are illustrative and assume continuous well-mixed interaction."
"predator_prey_coupled_system",5.87,11.1275017302612,14.2953107039142,-0.164303518438504,-3.96623346010856,0.7,0.05,0.02,0.5,"explicit_euler","Predator-prey terms are illustrative and assume continuous well-mixed interaction."
"predator_prey_coupled_system",5.88,11.1258586950769,14.2556483693131,-0.142215381630234,-3.95569759738295,0.7,0.05,0.02,0.5,"explicit_euler","Predator-prey terms are illustrative and assume continuous well-mixed interaction."
"predator_prey_coupled_system",5.89,11.1244365412606,14.2160913933393,-0.12019474961578,-3.94512556527038,0.7,0.05,0.02,0.5,"explicit_euler","Predator-prey terms are illustrative and assume continuous well-mixed interaction."
"predator_prey_coupled_system",5.9,11.1232345937644,14.1766401376866,-0.0982404845081417,-3.93451818878601,0.7,0.05,0.02,0.5,"explicit_euler","Predator-prey terms are illustrative and assume continuous well-mixed interaction."
"predator_prey_coupled_system",5.91,11.1222521889193,14.1372949557987,-0.0763514561330032,-3.92387628254876,0.7,0.05,0.02,0.5,"explicit_euler","Predator-prey terms are illustrative and assume continuous well-mixed interaction."
"predator_prey_coupled_system",5.92,11.121488674358,14.0980561929732,-0.054526541980132,-3.91320065087433,0.7,0.05,0.02,0.5,"explicit_euler","Predator-prey terms are illustrative and assume continuous well-mixed interaction."
"predator_prey_coupled_system",5.93,11.1209434089382,14.0589241864645,-0.0327646271544726,-3.90249208786777,0.7,0.05,0.02,0.5,"explicit_euler","Predator-prey terms are illustrative and assume continuous well-mixed interaction."
"predator_prey_coupled_system",5.94,11.1206157626666,14.0198992655858,-0.0110646043269602,-3.89175137751547,0.7,0.05,0.02,0.5,"explicit_euler","Predator-prey terms are illustrative and assume continuous well-mixed interaction."
"predator_prey_coupled_system",5.95,11.1205051166234,13.9809817518107,0.0105746263149333,-3.88097929377676,0.7,0.05,0.02,0.5,"explicit_euler","Predator-prey terms are illustrative and assume continuous well-mixed interaction."
"predator_prey_coupled_system",5.96,11.1206108628865,13.9421719588729,0.0321541571168718,-3.87017660067497,0.7,0.05,0.02,0.5,"explicit_euler","Predator-prey terms are illustrative and assume continuous well-mixed interaction."
"predator_prey_coupled_system",5.97,11.1209324044577,13.9034701928662,0.0536750730075424,-3.85934405238794,0.7,0.05,0.02,0.5,"explicit_euler","Predator-prey terms are illustrative and assume continuous well-mixed interaction."
"predator_prey_coupled_system",5.98,11.1214691551878,13.8648767523423,0.0751384515487095,-3.84848239333805,0.7,0.05,0.02,0.5,"explicit_euler","Predator-prey terms are illustrative and assume continuous well-mixed interaction."
"predator_prey_coupled_system",5.99,11.1222205397033,13.8263919284089,0.0965453629854434,-3.83759235828171,0.7,0.05,0.02,0.5,"explicit_euler","Predator-prey terms are illustrative and assume continuous well-mixed interaction."
"predator_prey_coupled_system",6,11.1231859933331,13.7880160048261,0.117896870296469,-3.82667467239836,0.7,0.05,0.02,0.5,"explicit_euler","Predator-prey terms are illustrative and assume continuous well-mixed interaction."
"predator_prey_coupled_system",6.01,11.1243649620361,13.7497492581021,0.139194029244631,-3.8157300513788,0.7,0.05,0.02,0.5,"explicit_euler","Predator-prey terms are illustrative and assume continuous well-mixed interaction."
"predator_prey_coupled_system",6.02,11.1257569023285,13.7115919575883,0.16043788842745,-3.80475920151315,0.7,0.05,0.02,0.5,"explicit_euler","Predator-prey terms are illustrative and assume continuous well-mixed interaction."
"predator_prey_coupled_system",6.03,11.1273612812128,13.6735443655732,0.181629489327742,-3.7937628197781,0.7,0.05,0.02,0.5,"explicit_euler","Predator-prey terms are illustrative and assume continuous well-mixed interaction."
"predator_prey_coupled_system",6.04,11.1291775761061,13.6356067373754,0.202769866364296,-3.78274159392371,0.7,0.05,0.02,0.5,"explicit_euler","Predator-prey terms are illustrative and assume continuous well-mixed interaction."
"predator_prey_coupled_system",6.05,11.1312052747697,13.5977793214362,0.223860046942566,-3.77169620255958,0.7,0.05,0.02,0.5,"explicit_euler","Predator-prey terms are illustrative and assume continuous well-mixed interaction."
"predator_prey_coupled_system",6.06,11.1334438752391,13.5600623594106,0.244901051505384,-3.76062731524047,0.7,0.05,0.02,0.5,"explicit_euler","Predator-prey terms are illustrative and assume continuous well-mixed interaction."
"predator_prey_coupled_system",6.07,11.1358928857542,13.5224560862582,0.265893893583652,-3.74953559255136,0.7,0.05,0.02,0.5,"explicit_euler","Predator-prey terms are illustrative and assume continuous well-mixed interaction."
"predator_prey_coupled_system",6.08,11.13855182469,13.4849607303326,0.286839579847019,-3.73842168619192,0.7,0.05,0.02,0.5,"explicit_euler","Predator-prey terms are illustrative and assume continuous well-mixed interaction."
"predator_prey_coupled_system",6.09,11.1414202204885,13.4475765134707,0.307739110154503,-3.72728623906038,0.7,0.05,0.02,0.5,"explicit_euler","Predator-prey terms are illustrative and assume continuous well-mixed interaction."
"predator_prey_coupled_system",6.1,11.14449761159,13.4103036510801,0.328593477605049,-3.71612988533687,0.7,0.05,0.02,0.5,"explicit_euler","Predator-prey terms are illustrative and assume continuous well-mixed interaction."
"predator_prey_coupled_system",6.11,11.1477835463661,13.3731423522267,0.349403668588019,-3.70495325056608,0.7,0.05,0.02,0.5,"explicit_euler","Predator-prey terms are illustrative and assume continuous well-mixed interaction."
"predator_prey_coupled_system",6.12,11.151277583052,13.3360928197211,0.370170662833574,-3.69375695173942,0.7,0.05,0.02,0.5,"explicit_euler","Predator-prey terms are illustrative and assume continuous well-mixed interaction."
"predator_prey_coupled_system",6.13,11.1549792896803,13.2991552502037,0.390895433462948,-3.68254159737654,0.7,0.05,0.02,0.5,"explicit_euler","Predator-prey terms are illustrative and assume continuous well-mixed interaction."
"predator_prey_coupled_system",6.14,11.1588882440149,13.2623298342299,0.411578947038611,-3.67130778760623,0.7,0.05,0.02,0.5,"explicit_euler","Predator-prey terms are illustrative and assume continuous well-mixed interaction."
"predator_prey_coupled_system",6.15,11.1630040334853,13.2256167563539,0.432222163614261,-3.66005611424675,0.7,0.05,0.02,0.5,"explicit_euler","Predator-prey terms are illustrative and assume continuous well-mixed interaction."
"predator_prey_coupled_system",6.16,11.1673262551215,13.1890161952114,0.452826036784702,-3.64878716088557,0.7,0.05,0.02,0.5,"explicit_euler","Predator-prey terms are illustrative and assume continuous well-mixed interaction."
"predator_prey_coupled_system",6.17,11.1718545154893,13.1525283236025,0.473391513735511,-3.63750150295847,0.7,0.05,0.02,0.5,"explicit_euler","Predator-prey terms are illustrative and assume continuous well-mixed interaction."
"predator_prey_coupled_system",6.18,11.1765884306267,13.116153308573,0.493919535292557,-3.62619970782803,0.7,0.05,0.02,0.5,"explicit_euler","Predator-prey terms are illustrative and assume continuous well-mixed interaction."
"predator_prey_coupled_system",6.19,11.1815276259796,13.0798913114947,0.514411035971305,-3.61488233486157,0.7,0.05,0.02,0.5,"explicit_euler","Predator-prey terms are illustrative and assume continuous well-mixed interaction."
"predator_prey_coupled_system",6.2,11.1866717363393,13.0437424881461,0.534866944025929,-3.6035499355084,0.7,0.05,0.02,0.5,"explicit_euler","Predator-prey terms are illustrative and assume continuous well-mixed interaction."
"predator_prey_coupled_system",6.21,11.1920204057796,13.007706988791,0.55528818149819,-3.59220305337649,0.7,0.05,0.02,0.5,"explicit_euler","Predator-prey terms are illustrative and assume continuous well-mixed interaction."
"predator_prey_coupled_system",6.22,11.1975732875946,12.9717849582572,0.575675664266096,-3.58084222430857,0.7,0.05,0.02,0.5,"explicit_euler","Predator-prey terms are illustrative and assume continuous well-mixed interaction."
"predator_prey_coupled_system",6.23,11.2033300442372,12.9359765360141,0.596030302092314,-3.56946797645757,0.7,0.05,0.02,0.5,"explicit_euler","Predator-prey terms are illustrative and assume continuous well-mixed interaction."
"predator_prey_coupled_system",6.24,11.2092903472581,12.9002818562496,0.616352998672326,-3.55808083036143,0.7,0.05,0.02,0.5,"explicit_euler","Predator-prey terms are illustrative and assume continuous well-mixed interaction."
"predator_prey_coupled_system",6.25,11.2154538772449,12.8647010479459,0.636644651682337,-3.54668129901734,0.7,0.05,0.02,0.5,"explicit_euler","Predator-prey terms are illustrative and assume continuous well-mixed interaction."
"predator_prey_coupled_system",6.26,11.2218203237617,12.8292342349558,0.656906152826889,-3.53526988795537,0.7,0.05,0.02,0.5,"explicit_euler","Predator-prey terms are illustrative and assume continuous well-mixed interaction."
"predator_prey_coupled_system",6.27,11.22838938529,12.7938815360762,0.677138387886204,-3.5238470953114,0.7,0.05,0.02,0.5,"explicit_euler","Predator-prey terms are illustrative and assume continuous well-mixed interaction."
"predator_prey_coupled_system",6.28,11.2351607691688,12.7586430651231,0.697342236763231,-3.51241341189957,0.7,0.05,0.02,0.5,"explicit_euler","Predator-prey terms are illustrative and assume continuous well-mixed interaction."
"predator_prey_coupled_system",6.29,11.2421341915364,12.7235189310041,0.71751857353039,-3.500969321284,0.7,0.05,0.02,0.5,"explicit_euler","Predator-prey terms are illustrative and assume continuous well-mixed interaction."
"predator_prey_coupled_system",6.3,11.2493093772718,12.6885092377913,0.737668266476003,-3.48951529984994,0.7,0.05,0.02,0.5,"explicit_euler","Predator-prey terms are illustrative and assume continuous well-mixed interaction."
"predator_prey_coupled_system",6.31,11.2566860599365,12.6536140847928,0.75779217815041,-3.47805181687432,0.7,0.05,0.02,0.5,"explicit_euler","Predator-prey terms are illustrative and assume continuous well-mixed interaction."
"predator_prey_coupled_system",6.32,11.264263981718,12.618833566624,0.777891165411751,-3.46657933459566,0.7,0.05,0.02,0.5,"explicit_euler","Predator-prey terms are illustrative and assume continuous well-mixed interaction."
"predator_prey_coupled_system",6.33,11.2720428933721,12.5841677732781,0.797966079471414,-3.4550983082834,0.7,0.05,0.02,0.5,"explicit_euler","Predator-prey terms are illustrative and assume continuous well-mixed interaction."
"predator_prey_coupled_system",6.34,11.2800225541668,12.5496167901952,0.818017765939137,-3.44360918630655,0.7,0.05,0.02,0.5,"explicit_euler","Predator-prey terms are illustrative and assume continuous well-mixed interaction."
"predator_prey_coupled_system",6.35,11.2882027318262,12.5151806983322,0.838047064867761,-3.43211241020184,0.7,0.05,0.02,0.5,"explicit_euler","Predator-prey terms are illustrative and assume continuous well-mixed interaction."
"predator_prey_coupled_system",6.36,11.2965832024749,12.4808595742301,0.858054810797618,-3.42060841474114,0.7,0.05,0.02,0.5,"explicit_euler","Predator-prey terms are illustrative and assume continuous well-mixed interaction."
"predator_prey_coupled_system",6.37,11.3051637505829,12.4466534900827,0.878041832800559,-3.40909762799838,0.7,0.05,0.02,0.5,"explicit_euler","Predator-prey terms are illustrative and assume continuous well-mixed interaction."
"predator_prey_coupled_system",6.38,11.3139441689109,12.4125625138027,0.8980089545236,-3.39758047141576,0.7,0.05,0.02,0.5,"explicit_euler","Predator-prey terms are illustrative and assume continuous well-mixed interaction."
"predator_prey_coupled_system",6.39,11.3229242584561,12.3785867090886,0.917956994232201,-3.38605735986946,0.7,0.05,0.02,0.5,"explicit_euler","Predator-prey terms are illustrative and assume continuous well-mixed interaction."
"predator_prey_coupled_system",6.4,11.3321038283985,12.3447261354899,0.937886764853143,-3.37452870173464,0.7,0.05,0.02,0.5,"explicit_euler","Predator-prey terms are illustrative and assume continuous well-mixed interaction."
"predator_prey_coupled_system",6.41,11.341482696047,12.3109808484725,0.957799074017028,-3.36299489894993,0.7,0.05,0.02,0.5,"explicit_euler","Predator-prey terms are illustrative and assume continuous well-mixed interaction."
"predator_prey_coupled_system",6.42,11.3510606867872,12.277350899483,0.977694724100362,-3.35145634708126,0.7,0.05,0.02,0.5,"explicit_euler","Predator-prey terms are illustrative and assume continuous well-mixed interaction."
"predator_prey_coupled_system",6.43,11.3608376340282,12.2438363360122,0.997574512267249,-3.33991343538513,0.7,0.05,0.02,0.5,"explicit_euler","Predator-prey terms are illustrative and assume continuous well-mixed interaction."
"predator_prey_coupled_system",6.44,11.3708133791508,12.2104372016584,1.01743923051067,-3.32836654687123,0.7,0.05,0.02,0.5,"explicit_euler","Predator-prey terms are illustrative and assume continuous well-mixed interaction."
"predator_prey_coupled_system",6.45,11.3809877714559,12.1771535361897,1.03728966569335,-3.31681605836451,0.7,0.05,0.02,0.5,"explicit_euler","Predator-prey terms are illustrative and assume continuous well-mixed interaction."
"predator_prey_coupled_system",6.46,11.3913606681129,12.143985375606,1.05712659958819,-3.30526234056668,0.7,0.05,0.02,0.5,"explicit_euler","Predator-prey terms are illustrative and assume continuous well-mixed interaction."
"predator_prey_coupled_system",6.47,11.4019319341088,12.1109327522004,1.07695080891828,-3.29370575811704,0.7,0.05,0.02,0.5,"explicit_euler","Predator-prey terms are illustrative and assume continuous well-mixed interaction."
"predator_prey_coupled_system",6.48,11.4127014421979,12.0779956946192,1.09676306539651,-3.28214666965278,0.7,0.05,0.02,0.5,"explicit_euler","Predator-prey terms are illustrative and assume continuous well-mixed interaction."
"predator_prey_coupled_system",6.49,11.4236690728519,12.0451742279227,1.11656413576469,-3.27058542786867,0.7,0.05,0.02,0.5,"explicit_euler","Predator-prey terms are illustrative and assume continuous well-mixed interaction."
"predator_prey_coupled_system",6.5,11.4348347142096,12.012468373644,1.13635478183226,-3.25902237957622,0.7,0.05,0.02,0.5,"explicit_euler","Predator-prey terms are illustrative and assume continuous well-mixed interaction."
"predator_prey_coupled_system",6.51,11.4461982620279,11.9798781498482,1.1561357605146,-3.24745786576214,0.7,0.05,0.02,0.5,"explicit_euler","Predator-prey terms are illustrative and assume continuous well-mixed interaction."
"predator_prey_coupled_system",6.52,11.457759619633,11.9474035711906,1.17590782387077,-3.23589222164636,0.7,0.05,0.02,0.5,"explicit_euler","Predator-prey terms are illustrative and assume continuous well-mixed interaction."
"predator_prey_coupled_system",6.53,11.4695186978717,11.9150446489741,1.19567171914095,-3.22432577673936,0.7,0.05,0.02,0.5,"explicit_euler","Predator-prey terms are illustrative and assume continuous well-mixed interaction."
"predator_prey_coupled_system",6.54,11.4814754150631,11.8828013912067,1.21542818878329,-3.212758854899,0.7,0.05,0.02,0.5,"explicit_euler","Predator-prey terms are illustrative and assume continuous well-mixed interaction."
"predator_prey_coupled_system",6.55,11.493629696951,11.8506738026577,1.23517797051038,-3.20119177438675,0.7,0.05,0.02,0.5,"explicit_euler","Predator-prey terms are illustrative and assume continuous well-mixed interaction."
"predator_prey_coupled_system",6.56,11.5059814766561,11.8186618849139,1.25492179732524,-3.18962484792333,0.7,0.05,0.02,0.5,"explicit_euler","Predator-prey terms are illustrative and assume continuous well-mixed interaction."
"predator_prey_coupled_system",6.57,11.5185306946293,11.7867656364346,1.2746603975568,-3.17805838274383,0.7,0.05,0.02,0.5,"explicit_euler","Predator-prey terms are illustrative and assume continuous well-mixed interaction."
"predator_prey_coupled_system",6.58,11.5312772986049,11.7549850526072,1.29439449489496,-3.16649268065222,0.7,0.05,0.02,0.5,"explicit_euler","Predator-prey terms are illustrative and assume continuous well-mixed interaction."
"predator_prey_coupled_system",6.59,11.5442212435538,11.7233201258007,1.31412480842516,-3.15492803807533,0.7,0.05,0.02,0.5,"explicit_euler","Predator-prey terms are illustrative and assume continuous well-mixed interaction."
"predator_prey_coupled_system",6.6,11.5573624916381,11.6917708454199,1.33385205266246,-3.14336474611628,0.7,0.05,0.02,0.5,"explicit_euler","Predator-prey terms are illustrative and assume continuous well-mixed interaction."
"predator_prey_coupled_system",6.61,11.5707010121647,11.6603371979588,1.35357693758513,-3.13180309060731,0.7,0.05,0.02,0.5,"explicit_euler","Predator-prey terms are illustrative and assume continuous well-mixed interaction."
"predator_prey_coupled_system",6.62,11.5842367815406,11.6290191670527,1.3733001686678,-3.1202433521621,0.7,0.05,0.02,0.5,"explicit_euler","Predator-prey terms are illustrative and assume continuous well-mixed interaction."
"predator_prey_coupled_system",6.63,11.5979697832272,11.5978167335311,1.39302244691404,-3.10868580622752,0.7,0.05,0.02,0.5,"explicit_euler","Predator-prey terms are illustrative and assume continuous well-mixed interaction."
"predator_prey_coupled_system",6.64,11.6119000076964,11.5667298754688,1.41274446888856,-3.09713072313483,0.7,0.05,0.02,0.5,"explicit_euler","Predator-prey terms are illustrative and assume continuous well-mixed interaction."
"predator_prey_coupled_system",6.65,11.6260274523853,11.5357585682374,1.43246692674883,-3.08557836815038,0.7,0.05,0.02,0.5,"explicit_euler","Predator-prey terms are illustrative and assume continuous well-mixed interaction."
"predator_prey_coupled_system",6.66,11.6403521216528,11.5049027845559,1.45219050827621,-3.07402900152568,0.7,0.05,0.02,0.5,"explicit_euler","Predator-prey terms are illustrative and assume continuous well-mixed interaction."
"predator_prey_coupled_system",6.67,11.6548740267355,11.4741624945407,1.47191589690661,-3.06248287854704,0.7,0.05,0.02,0.5,"explicit_euler","Predator-prey terms are illustrative and assume continuous well-mixed interaction."
"predator_prey_coupled_system",6.68,11.6695931857046,11.4435376657552,1.49164377176067,-3.05094024958459,0.7,0.05,0.02,0.5,"explicit_euler","Predator-prey terms are illustrative and assume continuous well-mixed interaction."
"predator_prey_coupled_system",6.69,11.6845096234222,11.4130282632594,1.51137480767336,-3.03940136014081,0.7,0.05,0.02,0.5,"explicit_euler","Predator-prey terms are illustrative and assume continuous well-mixed interaction."
"predator_prey_coupled_system",6.7,11.6996233714989,11.382634249658,1.53110967522313,-3.02786645089853,0.7,0.05,0.02,0.5,"explicit_euler","Predator-prey terms are illustrative and assume continuous well-mixed interaction."
"predator_prey_coupled_system",6.71,11.7149344682512,11.352355585149,1.55084904076055,-3.01633575776838,0.7,0.05,0.02,0.5,"explicit_euler","Predator-prey terms are illustrative and assume continuous well-mixed interaction."
"predator_prey_coupled_system",6.72,11.7304429586588,11.3221922275713,1.5705935664364,-3.00480951193575,0.7,0.05,0.02,0.5,"explicit_euler","Predator-prey terms are illustrative and assume continuous well-mixed interaction."
"predator_prey_coupled_system",6.73,11.7461488943231,11.2921441324519,1.59034391022931,-2.99328793990721,0.7,0.05,0.02,0.5,"explicit_euler","Predator-prey terms are illustrative and assume continuous well-mixed interaction."
"predator_prey_coupled_system",6.74,11.7620523334254,11.2622112530529,1.61010072597277,-2.98177126355642,0.7,0.05,0.02,0.5,"explicit_euler","Predator-prey terms are illustrative and assume continuous well-mixed interaction."
"predator_prey_coupled_system",6.75,11.7781533406852,11.2323935404173,1.62986466338179,-2.97025970016952,0.7,0.05,0.02,0.5,"explicit_euler","Predator-prey terms are illustrative and assume continuous well-mixed interaction."
"predator_prey_coupled_system",6.76,11.794451987319,11.2026909434156,1.64963636807886,-2.95875346249003,0.7,0.05,0.02,0.5,"explicit_euler","Predator-prey terms are illustrative and assume continuous well-mixed interaction."
"predator_prey_coupled_system",6.77,11.8109483509998,11.1731034087907,1.66941648161951,-2.94725275876322,0.7,0.05,0.02,0.5,"explicit_euler","Predator-prey terms are illustrative and assume continuous well-mixed interaction."
"predator_prey_coupled_system",6.78,11.827642515816,11.1436308812031,1.68920564151731,-2.93575779277999,0.7,0.05,0.02,0.5,"explicit_euler","Predator-prey terms are illustrative and assume continuous well-mixed interaction."
"predator_prey_coupled_system",6.79,11.8445345722311,11.1142733032753,1.70900448126832,-2.92426876392025,0.7,0.05,0.02,0.5,"explicit_euler","Predator-prey terms are illustrative and assume continuous well-mixed interaction."
"predator_prey_coupled_system",6.8,11.8616246170438,11.0850306156361,1.72881363037501,-2.91278586719577,0.7,0.05,0.02,0.5,"explicit_euler","Predator-prey terms are illustrative and assume continuous well-mixed interaction."
"predator_prey_coupled_system",6.81,11.8789127533476,11.0559027569641,1.74863371436972,-2.90130929329263,0.7,0.05,0.02,0.5,"explicit_euler","Predator-prey terms are illustrative and assume continuous well-mixed interaction."
"predator_prey_coupled_system",6.82,11.8963990904913,11.0268896640312,1.76846535483748,-2.88983922861303,0.7,0.05,0.02,0.5,"explicit_euler","Predator-prey terms are illustrative and assume continuous well-mixed interaction."
"predator_prey_coupled_system",6.83,11.9140837440396,10.9979912717451,1.78830916943837,-2.87837585531678,0.7,0.05,0.02,0.5,"explicit_euler","Predator-prey terms are illustrative and assume continuous well-mixed interaction."
"predator_prey_coupled_system",6.84,11.931966835734,10.9692075131919,1.80816577192931,-2.86691935136214,0.7,0.05,0.02,0.5,"explicit_euler","Predator-prey terms are illustrative and assume continuous well-mixed interaction."
"predator_prey_coupled_system",6.85,11.9500484934533,10.9405383196783,1.82803577218534,-2.85546989054634,0.7,0.05,0.02,0.5,"explicit_euler","Predator-prey terms are illustrative and assume continuous well-mixed interaction."
"predator_prey_coupled_system",6.86,11.9683288511752,10.9119836207728,1.84791977622032,-2.84402764254548,0.7,0.05,0.02,0.5,"explicit_euler","Predator-prey terms are illustrative and assume continuous well-mixed interaction."
"predator_prey_coupled_system",6.87,11.9868080489374,10.8835433443473,1.86781838620708,-2.83259277295404,0.7,0.05,0.02,0.5,"explicit_euler","Predator-prey terms are illustrative and assume continuous well-mixed interaction."
"predator_prey_coupled_system",6.88,12.0054862327994,10.8552174166178,1.88773220049712,-2.82116544332391,0.7,0.05,0.02,0.5,"explicit_euler","Predator-prey terms are illustrative and assume continuous well-mixed interaction."
"predator_prey_coupled_system",6.89,12.0243635548044,10.8270057621846,1.90766181363961,-2.8097458112029,0.7,0.05,0.02,0.5,"explicit_euler","Predator-prey terms are illustrative and assume continuous well-mixed interaction."
"predator_prey_coupled_system",6.9,12.0434401729408,10.7989083040725,1.9276078164,-2.79833403017284,0.7,0.05,0.02,0.5,"explicit_euler","Predator-prey terms are illustrative and assume continuous well-mixed interaction."
"predator_prey_coupled_system",6.91,12.0627162511048,10.7709249637708,1.94757079577793,-2.78693024988723,0.7,0.05,0.02,0.5,"explicit_euler","Predator-prey terms are illustrative and assume continuous well-mixed interaction."
"predator_prey_coupled_system",6.92,12.0821919590626,10.7430556612719,1.96755133502473,-2.77553461610834,0.7,0.05,0.02,0.5,"explicit_euler","Predator-prey terms are illustrative and assume continuous well-mixed interaction."
"predator_prey_coupled_system",6.93,12.1018674724128,10.7153003151109,1.98755001366023,-2.76414727074393,0.7,0.05,0.02,0.5,"explicit_euler","Predator-prey terms are illustrative and assume continuous well-mixed interaction."
"predator_prey_coupled_system",6.94,12.1217429725494,10.6876588424034,2.00756740748913,-2.75276835188352,0.7,0.05,0.02,0.5,"explicit_euler","Predator-prey terms are illustrative and assume continuous well-mixed interaction."
"predator_prey_coupled_system",6.95,12.1418186466243,10.6601311588846,2.02760408861674,-2.74139799383417,0.7,0.05,0.02,0.5,"explicit_euler","Predator-prey terms are illustrative and assume continuous well-mixed interaction."
"predator_prey_coupled_system",6.96,12.1620946875105,10.6327171789462,2.04766062546416,-2.73003632715585,0.7,0.05,0.02,0.5,"explicit_euler","Predator-prey terms are illustrative and assume continuous well-mixed interaction."
"predator_prey_coupled_system",6.97,12.1825712937651,10.6054168156747,2.06773758278297,-2.71868347869629,0.7,0.05,0.02,0.5,"explicit_euler","Predator-prey terms are illustrative and assume continuous well-mixed interaction."
"predator_prey_coupled_system",6.98,12.203248669593,10.5782299808877,2.08783552166925,-2.70733957162553,0.7,0.05,0.02,0.5,"explicit_euler","Predator-prey terms are illustrative and assume continuous well-mixed interaction."
"predator_prey_coupled_system",6.99,12.2241270248097,10.5511565851715,2.10795499957712,-2.69600472546987,0.7,0.05,0.02,0.5,"explicit_euler","Predator-prey terms are illustrative and assume continuous well-mixed interaction."
"predator_prey_coupled_system",7,12.2452065748054,10.5241965379168,2.12809657033166,-2.68467905614552,0.7,0.05,0.02,0.5,"explicit_euler","Predator-prey terms are illustrative and assume continuous well-mixed interaction."
"predator_prey_coupled_system",7.01,12.2664875405087,10.4973497473553,2.14826078414129,-2.67336267599172,0.7,0.05,0.02,0.5,"explicit_euler","Predator-prey terms are illustrative and assume continuous well-mixed interaction."
"predator_prey_coupled_system",7.02,12.2879701483502,10.4706161205954,2.16844818760961,-2.66205569380349,0.7,0.05,0.02,0.5,"explicit_euler","Predator-prey terms are illustrative and assume continuous well-mixed interaction."
"predator_prey_coupled_system",7.03,12.3096546302263,10.4439955636574,2.18865932374652,-2.65075821486393,0.7,0.05,0.02,0.5,"explicit_euler","Predator-prey terms are illustrative and assume continuous well-mixed interaction."
"predator_prey_coupled_system",7.04,12.3315412234637,10.4174879815087,2.20889473197897,-2.63947034097611,0.7,0.05,0.02,0.5,"explicit_euler","Predator-prey terms are illustrative and assume continuous well-mixed interaction."
"predator_prey_coupled_system",7.05,12.3536301707835,10.391093278099,2.22915494816101,-2.6281921704945,0.7,0.05,0.02,0.5,"explicit_euler","Predator-prey terms are illustrative and assume continuous well-mixed interaction."
"predator_prey_coupled_system",7.06,12.3759217202651,10.364811356394,2.24944050458322,-2.61692379835606,0.7,0.05,0.02,0.5,"explicit_euler","Predator-prey terms are illustrative and assume continuous well-mixed interaction."
"predator_prey_coupled_system",7.07,12.398416125311,10.3386421184105,2.26975192998171,-2.60566531611084,0.7,0.05,0.02,0.5,"explicit_euler","Predator-prey terms are illustrative and assume continuous well-mixed interaction."
"predator_prey_coupled_system",7.08,12.4211136446108,10.3125854652493,2.29008974954637,-2.5944168119522,0.7,0.05,0.02,0.5,"explicit_euler","Predator-prey terms are illustrative and assume continuous well-mixed interaction."
"predator_prey_coupled_system",7.09,12.4440145421062,10.2866412971298,2.31045448492866,-2.58317837074663,0.7,0.05,0.02,0.5,"explicit_euler","Predator-prey terms are illustrative and assume continuous well-mixed interaction."
"predator_prey_coupled_system",7.1,12.4671190869555,10.2608095134224,2.33084665424873,-2.57195007406312,0.7,0.05,0.02,0.5,"explicit_euler","Predator-prey terms are illustrative and assume continuous well-mixed interaction."
"predator_prey_coupled_system",7.11,12.490427553498,10.2350900126817,2.351266772102,-2.56073200020222,0.7,0.05,0.02,0.5,"explicit_euler","Predator-prey terms are illustrative and assume continuous well-mixed interaction."
"predator_prey_coupled_system",7.12,12.513940221219,10.2094826926797,2.37171534956512,-2.54952422422457,0.7,0.05,0.02,0.5,"explicit_euler","Predator-prey terms are illustrative and assume continuous well-mixed interaction."
"predator_prey_coupled_system",7.13,12.5376573747147,10.1839874504375,2.39219289420133,-2.53832681797915,0.7,0.05,0.02,0.5,"explicit_euler","Predator-prey terms are illustrative and assume continuous well-mixed interaction."
"predator_prey_coupled_system",7.14,12.5615793036567,10.1586041822577,2.41269991006527,-2.52713985013107,0.7,0.05,0.02,0.5,"explicit_euler","Predator-prey terms are illustrative and assume continuous well-mixed interaction."
"predator_prey_coupled_system",7.15,12.5857063027573,10.1333327837564,2.43323689770714,-2.51596338618898,0.7,0.05,0.02,0.5,"explicit_euler","Predator-prey terms are illustrative and assume continuous well-mixed interaction."
"predator_prey_coupled_system",7.16,12.6100386717344,10.1081731498945,2.45380435417626,-2.5047974885321,0.7,0.05,0.02,0.5,"explicit_euler","Predator-prey terms are illustrative and assume continuous well-mixed interaction."
"predator_prey_coupled_system",7.17,12.6345767152762,10.0831251750091,2.47440277302405,-2.49364221643686,0.7,0.05,0.02,0.5,"explicit_euler","Predator-prey terms are illustrative and assume continuous well-mixed interaction."
"predator_prey_coupled_system",7.18,12.6593207430064,10.0581887528448,2.49503264430641,-2.48249762610315,0.7,0.05,0.02,0.5,"explicit_euler","Predator-prey terms are illustrative and assume continuous well-mixed interaction."
"predator_prey_coupled_system",7.19,12.6842710694495,10.0333637765837,2.51569445458546,-2.4713637706802,0.7,0.05,0.02,0.5,"explicit_euler","Predator-prey terms are illustrative and assume continuous well-mixed interaction."
"predator_prey_coupled_system",7.2,12.7094280139953,10.0086501388769,2.53638868693069,-2.46024070029205,0.7,0.05,0.02,0.5,"explicit_euler","Predator-prey terms are illustrative and assume continuous well-mixed interaction."
"predator_prey_coupled_system",7.21,12.7347919008646,9.98404773187402,2.55711582091948,-2.4491284620627,0.7,0.05,0.02,0.5,"explicit_euler","Predator-prey terms are illustrative and assume continuous well-mixed interaction."
"predator_prey_coupled_system",7.22,12.7603630590738,9.9595564472534,2.57787633263704,-2.43802710014084,0.7,0.05,0.02,0.5,"explicit_euler","Predator-prey terms are illustrative and assume continuous well-mixed interaction."
"predator_prey_coupled_system",7.23,12.7861418224002,9.93517617625199,2.59867069467566,-2.4269366557242,0.7,0.05,0.02,0.5,"explicit_euler","Predator-prey terms are illustrative and assume continuous well-mixed interaction."
"predator_prey_coupled_system",7.24,12.812128529347,9.91090680969474,2.61949937613342,-2.41585716708359,0.7,0.05,0.02,0.5,"explicit_euler","Predator-prey terms are illustrative and assume continuous well-mixed interaction."
"predator_prey_coupled_system",7.25,12.8383235231083,9.88674823802391,2.64036284261221,-2.40478866958652,0.7,0.05,0.02,0.5,"explicit_euler","Predator-prey terms are illustrative and assume continuous well-mixed interaction."
"predator_prey_coupled_system",7.26,12.8647271515344,9.86270035132804,2.6612615562152,-2.39373119572046,0.7,0.05,0.02,0.5,"explicit_euler","Predator-prey terms are illustrative and assume continuous well-mixed interaction."
"predator_prey_coupled_system",7.27,12.8913397670966,9.83876303937084,2.68219597554354,-2.38268477511579,0.7,0.05,0.02,0.5,"explicit_euler","Predator-prey terms are illustrative and assume continuous well-mixed interaction."
"predator_prey_coupled_system",7.28,12.918161726852,9.81493619161968,2.70316655569261,-2.37164943456832,0.7,0.05,0.02,0.5,"explicit_euler","Predator-prey terms are illustrative and assume continuous well-mixed interaction."
"predator_prey_coupled_system",7.29,12.9451933924089,9.791219697274,2.72417374824748,-2.36062519806149,0.7,0.05,0.02,0.5,"explicit_euler","Predator-prey terms are illustrative and assume continuous well-mixed interaction."
"predator_prey_coupled_system",7.3,12.9724351298914,9.76761344529338,2.74521800127781,-2.34961208678822,0.7,0.05,0.02,0.5,"explicit_euler","Predator-prey terms are illustrative and assume continuous well-mixed interaction."
"predator_prey_coupled_system",7.31,12.9998873099042,9.7441173244255,2.7662997593321,-2.33861011917242,0.7,0.05,0.02,0.5,"explicit_euler","Predator-prey terms are illustrative and assume continuous well-mixed interaction."
"predator_prey_coupled_system",7.32,13.0275503074975,9.72073122323378,2.78741946343126,-2.32761931089009,0.7,0.05,0.02,0.5,"explicit_euler","Predator-prey terms are illustrative and assume continuous well-mixed interaction."
"predator_prey_coupled_system",7.33,13.0554245021318,9.69745503012488,2.80857755106159,-2.31663967489016,0.7,0.05,0.02,0.5,"explicit_euler","Predator-prey terms are illustrative and assume continuous well-mixed interaction."
"predator_prey_coupled_system",7.34,13.0835102776424,9.67428863337597,2.82977445616701,-2.30567122141491,0.7,0.05,0.02,0.5,"explicit_euler","Predator-prey terms are illustrative and assume continuous well-mixed interaction."
"predator_prey_coupled_system",7.35,13.1118080222041,9.65123192116183,2.85101060914078,-2.29471395802007,0.7,0.05,0.02,0.5,"explicit_euler","Predator-prey terms are illustrative and assume continuous well-mixed interaction."
"predator_prey_coupled_system",7.36,13.1403181282955,9.62828478158163,2.87228643681642,-2.28376788959463,0.7,0.05,0.02,0.5,"explicit_euler","Predator-prey terms are illustrative and assume continuous well-mixed interaction."
"predator_prey_coupled_system",7.37,13.1690409926637,9.60544710268568,2.89360236245806,-2.27283301838023,0.7,0.05,0.02,0.5,"explicit_euler","Predator-prey terms are illustrative and assume continuous well-mixed interaction."
"predator_prey_coupled_system",7.38,13.1979770162883,9.58271877250188,2.91495880575009,-2.26190934399026,0.7,0.05,0.02,0.5,"explicit_euler","Predator-prey terms are illustrative and assume continuous well-mixed interaction."
"predator_prey_coupled_system",7.39,13.2271266043458,9.56009967906197,2.93635618278613,-2.25099686342863,0.7,0.05,0.02,0.5,"explicit_euler","Predator-prey terms are illustrative and assume continuous well-mixed interaction."
"predator_prey_coupled_system",7.4,13.2564901661736,9.53758971042769,2.95779490605737,-2.24009557110818,0.7,0.05,0.02,0.5,"explicit_euler","Predator-prey terms are illustrative and assume continuous well-mixed interaction."
"predator_prey_coupled_system",7.41,13.2860681152342,9.51518875471661,2.97927538444017,-2.2292054588688,0.7,0.05,0.02,0.5,"explicit_euler","Predator-prey terms are illustrative and assume continuous well-mixed interaction."
"predator_prey_coupled_system",7.42,13.3158608690786,9.49289670012792,3.00079802318308,-2.21832651599518,0.7,0.05,0.02,0.5,"explicit_euler","Predator-prey terms are illustrative and assume continuous well-mixed interaction."
"predator_prey_coupled_system",7.43,13.3458688493104,9.47071343496797,3.02236322389306,-2.20745872923429,0.7,0.05,0.02,0.5,"explicit_euler","Predator-prey terms are illustrative and assume continuous well-mixed interaction."
"predator_prey_coupled_system",7.44,13.3760924815494,9.44863884767562,3.0439713845211,-2.19660208281243,0.7,0.05,0.02,0.5,"explicit_euler","Predator-prey terms are illustrative and assume continuous well-mixed interaction."
"predator_prey_coupled_system",7.45,13.4065321953946,9.4266728268475,3.06562289934709,-2.18575655845211,0.7,0.05,0.02,0.5,"explicit_euler","Predator-prey terms are illustrative and assume continuous well-mixed interaction."
"predator_prey_coupled_system",7.46,13.437188424388,9.40481526126298,3.08731815896409,-2.17492213538847,0.7,0.05,0.02,0.5,"explicit_euler","Predator-prey terms are illustrative and assume continuous well-mixed interaction."
"predator_prey_coupled_system",7.47,13.4680616059777,9.38306603990909,3.10905755026174,-2.16409879038549,0.7,0.05,0.02,0.5,"explicit_euler","Predator-prey terms are illustrative and assume continuous well-mixed interaction."
"predator_prey_coupled_system",7.48,13.4991521814803,9.36142505200524,3.13084145640917,-2.1532864977518,0.7,0.05,0.02,0.5,"explicit_euler","Predator-prey terms are illustrative and assume continuous well-mixed interaction."
"predator_prey_coupled_system",7.49,13.5304605960444,9.33989218702772,3.152670256837,-2.14248522935623,0.7,0.05,0.02,0.5,"explicit_euler","Predator-prey terms are illustrative and assume continuous well-mixed interaction."
"predator_prey_coupled_system",7.5,13.5619872986128,9.31846733473416,3.1745443272188,-2.13169495464303,0.7,0.05,0.02,0.5,"explicit_euler","Predator-prey terms are illustrative and assume continuous well-mixed interaction."
"predator_prey_coupled_system",7.51,13.593732741885,9.29715038518773,3.19646403945173,-2.12091564064677,0.7,0.05,0.02,0.5,"explicit_euler","Predator-prey terms are illustrative and assume continuous well-mixed interaction."
"predator_prey_coupled_system",7.52,13.6256973822795,9.27594122878126,3.21842976163647,-2.11014725200697,0.7,0.05,0.02,0.5,"explicit_euler","Predator-prey terms are illustrative and assume continuous well-mixed interaction."
"predator_prey_coupled_system",7.53,13.6578816798958,9.2548397562612,3.24044185805651,-2.09938975098237,0.7,0.05,0.02,0.5,"explicit_euler","Predator-prey terms are illustrative and assume continuous well-mixed interaction."
"predator_prey_coupled_system",7.54,13.6902860984764,9.23384585875137,3.26250068915659,-2.08864309746493,0.7,0.05,0.02,0.5,"explicit_euler","Predator-prey terms are illustrative and assume continuous well-mixed interaction."
"predator_prey_coupled_system",7.55,13.722911105368,9.21295942777672,3.28460661152049,-2.07790724899353,0.7,0.05,0.02,0.5,"explicit_euler","Predator-prey terms are illustrative and assume continuous well-mixed interaction."
"predator_prey_coupled_system",7.56,13.7557571714832,9.19218035528679,3.30675997784807,-2.06718216076733,0.7,0.05,0.02,0.5,"explicit_euler","Predator-prey terms are illustrative and assume continuous well-mixed interaction."
"predator_prey_coupled_system",7.57,13.7888247712617,9.17150853367911,3.32896113693154,-2.05646778565891,0.7,0.05,0.02,0.5,"explicit_euler","Predator-prey terms are illustrative and assume continuous well-mixed interaction."
"predator_prey_coupled_system",7.58,13.822114382631,9.15094385582253,3.35121043363103,-2.045764074227,0.7,0.05,0.02,0.5,"explicit_euler","Predator-prey terms are illustrative and assume continuous well-mixed interaction."
"predator_prey_coupled_system",7.59,13.8556264869673,9.13048621508026,3.37350820884931,-2.03507097472902,0.7,0.05,0.02,0.5,"explicit_euler","Predator-prey terms are illustrative and assume continuous well-mixed interaction."
"predator_prey_coupled_system",7.6,13.8893615690558,9.11013550533296,3.39585479950593,-2.02438843313324,0.7,0.05,0.02,0.5,"explicit_euler","Predator-prey terms are illustrative and assume continuous well-mixed interaction."
"predator_prey_coupled_system",7.61,13.9233201170508,9.08989162100163,3.41825053851039,-2.01371639313074,0.7,0.05,0.02,0.5,"explicit_euler","Predator-prey terms are illustrative and assume continuous well-mixed interaction."
"predator_prey_coupled_system",7.62,13.9575026224359,9.06975445707032,3.4406957547347,-2.00305479614698,0.7,0.05,0.02,0.5,"explicit_euler","Predator-prey terms are illustrative and assume continuous well-mixed interaction."
"predator_prey_coupled_system",7.63,13.9919095799833,9.04972390910885,3.4631907729851,-1.99240358135315,0.7,0.05,0.02,0.5,"explicit_euler","Predator-prey terms are illustrative and assume continuous well-mixed interaction."
"predator_prey_coupled_system",7.64,14.0265414877131,9.02979987329532,3.48573591397301,-1.98176268567719,0.7,0.05,0.02,0.5,"explicit_euler","Predator-prey terms are illustrative and assume continuous well-mixed interaction."
"predator_prey_coupled_system",7.65,14.0613988468529,9.00998224643855,3.50833149428521,-1.97113204381456,0.7,0.05,0.02,0.5,"explicit_euler","Predator-prey terms are illustrative and assume continuous well-mixed interaction."
"predator_prey_coupled_system",7.66,14.0964821617957,8.9902709260004,3.53097782635323,-1.9605115882387,0.7,0.05,0.02,0.5,"explicit_euler","Predator-prey terms are illustrative and assume continuous well-mixed interaction."
"predator_prey_coupled_system",7.67,14.1317919400592,8.97066581011802,3.55367521842193,-1.94990124921119,0.7,0.05,0.02,0.5,"explicit_euler","Predator-prey terms are illustrative and assume continuous well-mixed interaction."
"predator_prey_coupled_system",7.68,14.1673286922435,8.9511667976259,3.5764239745173,-1.9393009547917,0.7,0.05,0.02,0.5,"explicit_euler","Predator-prey terms are illustrative and assume continuous well-mixed interaction."
"predator_prey_coupled_system",7.69,14.2030929319886,8.93177378807799,3.59922439441345,-1.92871063084756,0.7,0.05,0.02,0.5,"explicit_euler","Predator-prey terms are illustrative and assume continuous well-mixed interaction."
"predator_prey_coupled_system",7.7,14.2390851759328,8.91248668176951,3.62207677359881,-1.91813020106311,0.7,0.05,0.02,0.5,"explicit_euler","Predator-prey terms are illustrative and assume continuous well-mixed interaction."
"predator_prey_coupled_system",7.71,14.2753059436688,8.89330537975888,3.64498140324147,-1.90755958694877,0.7,0.05,0.02,0.5,"explicit_euler","Predator-prey terms are illustrative and assume continuous well-mixed interaction."
"predator_prey_coupled_system",7.72,14.3117557577012,8.87422978388939,3.66793857015371,-1.89699870784985,0.7,0.05,0.02,0.5,"explicit_euler","Predator-prey terms are illustrative and assume continuous well-mixed interaction."
"predator_prey_coupled_system",7.73,14.3484351434027,8.8552597968109,3.69094855675577,-1.886447480955,0.7,0.05,0.02,0.5,"explicit_euler","Predator-prey terms are illustrative and assume continuous well-mixed interaction."
"predator_prey_coupled_system",7.74,14.3853446289703,8.83639532200134,3.71401164103869,-1.87590582130447,0.7,0.05,0.02,0.5,"explicit_euler","Predator-prey terms are illustrative and assume continuous well-mixed interaction."
"predator_prey_coupled_system",7.75,14.4224847453807,8.8176362637883,3.73712809652636,-1.86537364179811,0.7,0.05,0.02,0.5,"explicit_euler","Predator-prey terms are illustrative and assume continuous well-mixed interaction."
"predator_prey_coupled_system",7.76,14.4598560263459,8.79898252737032,3.76029819223674,-1.854850853203,0.7,0.05,0.02,0.5,"explicit_euler","Predator-prey terms are illustrative and assume continuous well-mixed interaction."
"predator_prey_coupled_system",7.77,14.4974590082683,8.78043401883829,3.78352219264218,-1.84433736416089,0.7,0.05,0.02,0.5,"explicit_euler","Predator-prey terms are illustrative and assume continuous well-mixed interaction."
"predator_prey_coupled_system",7.78,14.5352942301947,8.76199064519668,3.80680035762893,-1.83383308119539,0.7,0.05,0.02,0.5,"explicit_euler","Predator-prey terms are illustrative and assume continuous well-mixed interaction."
"predator_prey_coupled_system",7.79,14.573362233771,8.74365231438473,3.83013294245576,-1.82333790871879,0.7,0.05,0.02,0.5,"explicit_euler","Predator-prey terms are illustrative and assume continuous well-mixed interaction."
"predator_prey_coupled_system",7.8,14.6116635631956,8.72541893529754,3.85352019771171,-1.8128517490387,0.7,0.05,0.02,0.5,"explicit_euler","Predator-prey terms are illustrative and assume continuous well-mixed interaction."
"predator_prey_coupled_system",7.81,14.6501987651727,8.70729041780715,3.87696236927296,-1.80237450236441,0.7,0.05,0.02,0.5,"explicit_euler","Predator-prey terms are illustrative and assume continuous well-mixed interaction."
"predator_prey_coupled_system",7.82,14.6889683888654,8.6892666727835,3.90045969825885,-1.79190606681298,0.7,0.05,0.02,0.5,"explicit_euler","Predator-prey terms are illustrative and assume continuous well-mixed interaction."
"predator_prey_coupled_system",7.83,14.727972985848,8.67134761211538,3.92401242098696,-1.78144633841503,0.7,0.05,0.02,0.5,"explicit_euler","Predator-prey terms are illustrative and assume continuous well-mixed interaction."
"predator_prey_coupled_system",7.84,14.7672131100579,8.65353314873123,3.9476207689273,-1.77099521112033,0.7,0.05,0.02,0.5,"explicit_euler","Predator-prey terms are illustrative and assume continuous well-mixed interaction."
"predator_prey_coupled_system",7.85,14.8066893177471,8.63582319662002,3.97128496865566,-1.76055257680308,0.7,0.05,0.02,0.5,"explicit_euler","Predator-prey terms are illustrative and assume continuous well-mixed interaction."
"predator_prey_coupled_system",7.86,14.8464021674337,8.61821767085199,3.99500524180597,-1.75011832526695,0.7,0.05,0.02,0.5,"explicit_euler","Predator-prey terms are illustrative and assume continuous well-mixed interaction."
"predator_prey_coupled_system",7.87,14.8863522198518,8.60071648759932,4.01878180502174,-1.73969234424987,0.7,0.05,0.02,0.5,"explicit_euler","Predator-prey terms are illustrative and assume continuous well-mixed interaction."
"predator_prey_coupled_system",7.88,14.926540037902,8.58331956415682,4.04261486990667,-1.72927451942853,0.7,0.05,0.02,0.5,"explicit_euler","Predator-prey terms are illustrative and assume continuous well-mixed interaction."
"predator_prey_coupled_system",7.89,14.966966186601,8.56602681896254,4.06650464297423,-1.71886473442267,0.7,0.05,0.02,0.5,"explicit_euler","Predator-prey terms are illustrative and assume continuous well-mixed interaction."
"predator_prey_coupled_system",7.9,15.0076312330308,8.54883817161831,4.09045132559631,-1.70846287079906,0.7,0.05,0.02,0.5,"explicit_euler","Predator-prey terms are illustrative and assume continuous well-mixed interaction."
"predator_prey_coupled_system",7.91,15.0485357462867,8.53175354291032,4.114455113951,-1.69806880807527,0.7,0.05,0.02,0.5,"explicit_euler","Predator-prey terms are illustrative and assume continuous well-mixed interaction."
"predator_prey_coupled_system",7.92,15.0896802974263,8.51477285482956,4.1385161989693,-1.68768242372315,0.7,0.05,0.02,0.5,"explicit_euler","Predator-prey terms are illustrative and assume continuous well-mixed interaction."
"predator_prey_coupled_system",7.93,15.1310654594159,8.49789603059233,4.16263476628099,-1.6773035931721,0.7,0.05,0.02,0.5,"explicit_euler","Predator-prey terms are illustrative and assume continuous well-mixed interaction."
"predator_prey_coupled_system",7.94,15.1726918070788,8.48112299466061,4.18681099615941,-1.66693218981202,0.7,0.05,0.02,0.5,"explicit_euler","Predator-prey terms are illustrative and assume continuous well-mixed interaction."
"predator_prey_coupled_system",7.95,15.2145599170404,8.46445367276249,4.21104506346539,-1.6565680849961,0.7,0.05,0.02,0.5,"explicit_euler","Predator-prey terms are illustrative and assume continuous well-mixed interaction."
"predator_prey_coupled_system",7.96,15.256670367675,8.44788799191253,4.23533713759003,-1.64621114804328,0.7,0.05,0.02,0.5,"explicit_euler","Predator-prey terms are illustrative and assume continuous well-mixed interaction."
"predator_prey_coupled_system",7.97,15.2990237390509,8.4314258804321,4.25968738239669,-1.63586124624047,0.7,0.05,0.02,0.5,"explicit_euler","Predator-prey terms are illustrative and assume continuous well-mixed interaction."
"predator_prey_coupled_system",7.98,15.3416206128749,8.41506726796969,4.28409595616179,-1.6255182448446,0.7,0.05,0.02,0.5,"explicit_euler","Predator-prey terms are illustrative and assume continuous well-mixed interaction."
"predator_prey_coupled_system",7.99,15.3844615724365,8.39881208552125,4.3085630115147,-1.61518200708429,0.7,0.05,0.02,0.5,"explicit_euler","Predator-prey terms are illustrative and assume continuous well-mixed interaction."
"predator_prey_coupled_system",8,15.4275472025516,8.3826602654504,4.33308869537664,-1.6048523941614,0.7,0.05,0.02,0.5,"explicit_euler","Predator-prey terms are illustrative and assume continuous well-mixed interaction."
"predator_prey_coupled_system",8.01,15.4708780895054,8.36661174150879,4.35767314889843,-1.59452926525226,0.7,0.05,0.02,0.5,"explicit_euler","Predator-prey terms are illustrative and assume continuous well-mixed interaction."
"predator_prey_coupled_system",8.02,15.5144548209944,8.35066644885627,4.38231650739736,-1.58421247750865,0.7,0.05,0.02,0.5,"explicit_euler","Predator-prey terms are illustrative and assume continuous well-mixed interaction."
"predator_prey_coupled_system",8.03,15.5582779860684,8.33482432408118,4.40701890029288,-1.5739018860586,0.7,0.05,0.02,0.5,"explicit_euler","Predator-prey terms are illustrative and assume continuous well-mixed interaction."
"predator_prey_coupled_system",8.04,15.6023481750713,8.3190853052206,4.43178045104136,-1.56359734400688,0.7,0.05,0.02,0.5,"explicit_euler","Predator-prey terms are illustrative and assume continuous well-mixed interaction."
"predator_prey_coupled_system",8.05,15.6466659795817,8.30344933178053,4.45660127706965,-1.55329870243525,0.7,0.05,0.02,0.5,"explicit_euler","Predator-prey terms are illustrative and assume continuous well-mixed interaction."
"predator_prey_coupled_system",8.06,15.6912319923524,8.28791634475617,4.48148148970776,-1.54300581040252,0.7,0.05,0.02,0.5,"explicit_euler","Predator-prey terms are illustrative and assume continuous well-mixed interaction."
"predator_prey_coupled_system",8.07,15.7360468072495,8.27248628665215,4.50642119412025,-1.53271851494432,0.7,0.05,0.02,0.5,"explicit_euler","Predator-prey terms are illustrative and assume continuous well-mixed interaction."
"predator_prey_coupled_system",8.08,15.7811110191907,8.2571591015027,4.53142048923673,-1.52243666107265,0.7,0.05,0.02,0.5,"explicit_euler","Predator-prey terms are illustrative and assume continuous well-mixed interaction."
"predator_prey_coupled_system",8.09,15.826425224083,8.24193473489198,4.5564794676811,-1.51216009177518,0.7,0.05,0.02,0.5,"explicit_euler","Predator-prey terms are illustrative and assume continuous well-mixed interaction."
"predator_prey_coupled_system",8.1,15.8719900187599,8.22681313397423,4.58159821569983,-1.50188864801428,0.7,0.05,0.02,0.5,"explicit_euler","Predator-prey terms are illustrative and assume continuous well-mixed interaction."
"predator_prey_coupled_system",8.11,15.9178060009169,8.21179424749409,4.60677681308901,-1.49162216872592,0.7,0.05,0.02,0.5,"explicit_euler","Predator-prey terms are illustrative and assume continuous well-mixed interaction."
"predator_prey_coupled_system",8.12,15.9638737690477,8.19687802580683,4.63201533312035,-1.48136049081818,0.7,0.05,0.02,0.5,"explicit_euler","Predator-prey terms are illustrative and assume continuous well-mixed interaction."
"predator_prey_coupled_system",8.13,16.010193922379,8.18206442089864,4.65731384246604,-1.47110344916963,0.7,0.05,0.02,0.5,"explicit_euler","Predator-prey terms are illustrative and assume continuous well-mixed interaction."
"predator_prey_coupled_system",8.14,16.0567670608036,8.16735338640695,4.68267240112243,-1.46085087662744,0.7,0.05,0.02,0.5,"explicit_euler","Predator-prey terms are illustrative and assume continuous well-mixed interaction."
"predator_prey_coupled_system",8.15,16.1035937848148,8.15274487764067,4.70809106233262,-1.45060260400523,0.7,0.05,0.02,0.5,"explicit_euler","Predator-prey terms are illustrative and assume continuous well-mixed interaction."
"predator_prey_coupled_system",8.16,16.1506746954382,8.13823885160062,4.73356987250782,-1.44035846008075,0.7,0.05,0.02,0.5,"explicit_euler","Predator-prey terms are illustrative and assume continuous well-mixed interaction."
"predator_prey_coupled_system",8.17,16.1980103941632,8.12383526699981,4.75910887114762,-1.43011827159325,0.7,0.05,0.02,0.5,"explicit_euler","Predator-prey terms are illustrative and assume continuous well-mixed interaction."
"predator_prey_coupled_system",8.18,16.2456014828747,8.10953408428388,4.78470809075904,-1.41988186324063,0.7,0.05,0.02,0.5,"explicit_euler","Predator-prey terms are illustrative and assume continuous well-mixed interaction."
"predator_prey_coupled_system",8.19,16.2934485637823,8.09533526565147,4.81036755677435,-1.40964905767643,0.7,0.05,0.02,0.5,"explicit_euler","Predator-prey terms are illustrative and assume continuous well-mixed interaction."
"predator_prey_coupled_system",8.2,16.3415522393501,8.08123877507471,4.83608728746781,-1.39941967550646,0.7,0.05,0.02,0.5,"explicit_euler","Predator-prey terms are illustrative and assume continuous well-mixed interaction."
"predator_prey_coupled_system",8.21,16.3899131122247,8.06724457831964,4.86186729387106,-1.38919353528532,0.7,0.05,0.02,0.5,"explicit_euler","Predator-prey terms are illustrative and assume continuous well-mixed interaction."
"predator_prey_coupled_system",8.22,16.4385317851634,8.05335264296679,4.88770757968743,-1.3789704535126,0.7,0.05,0.02,0.5,"explicit_euler","Predator-prey terms are illustrative and assume continuous well-mixed interaction."
"predator_prey_coupled_system",8.23,16.4874088609603,8.03956293843166,4.9136081412049,-1.3687502446289,0.7,0.05,0.02,0.5,"explicit_euler","Predator-prey terms are illustrative and assume continuous well-mixed interaction."
"predator_prey_coupled_system",8.24,16.5365449423724,8.02587543598537,4.93956896720793,-1.3585327210116,0.7,0.05,0.02,0.5,"explicit_euler","Predator-prey terms are illustrative and assume continuous well-mixed interaction."
"predator_prey_coupled_system",8.25,16.5859406320444,8.01229010877526,4.96559003888794,-1.34831769297036,0.7,0.05,0.02,0.5,"explicit_euler","Predator-prey terms are illustrative and assume continuous well-mixed interaction."
"predator_prey_coupled_system",8.26,16.6355965324333,7.99880693184555,4.99167132975265,-1.33810496874251,0.7,0.05,0.02,0.5,"explicit_euler","Predator-prey terms are illustrative and assume continuous well-mixed interaction."
"predator_prey_coupled_system",8.27,16.6855132457308,7.98542588215813,5.01781280553402,-1.32789435448804,0.7,0.05,0.02,0.5,"explicit_euler","Predator-prey terms are illustrative and assume continuous well-mixed interaction."
"predator_prey_coupled_system",8.28,16.7356913737862,7.97214693861325,5.04401442409504,-1.31768565428451,0.7,0.05,0.02,0.5,"explicit_euler","Predator-prey terms are illustrative and assume continuous well-mixed interaction."
"predator_prey_coupled_system",8.29,16.7861315180271,7.9589700820704,5.07027613533514,-1.30747867012166,0.7,0.05,0.02,0.5,"explicit_euler","Predator-prey terms are illustrative and assume continuous well-mixed interaction."
"predator_prey_coupled_system",8.3,16.8368342793805,7.94589529536919,5.09659788109434,-1.29727320189579,0.7,0.05,0.02,0.5,"explicit_euler","Predator-prey terms are illustrative and assume continuous well-mixed interaction."
"predator_prey_coupled_system",8.31,16.8878002581914,7.93292256335023,5.12297959505607,-1.28706904740394,0.7,0.05,0.02,0.5,"explicit_euler","Predator-prey terms are illustrative and assume continuous well-mixed interaction."
"predator_prey_coupled_system",8.32,16.939030054142,7.92005187287619,5.14942120264873,-1.27686600233783,0.7,0.05,0.02,0.5,"explicit_euler","Predator-prey terms are illustrative and assume continuous well-mixed interaction."
"predator_prey_coupled_system",8.33,16.9905242661685,7.90728321285281,5.17592262094582,-1.26666386027756,0.7,0.05,0.02,0.5,"explicit_euler","Predator-prey terms are illustrative and assume continuous well-mixed interaction."
"predator_prey_coupled_system",8.34,17.0422834923779,7.89461657425004,5.20248375856482,-1.25646241268512,0.7,0.05,0.02,0.5,"explicit_euler","Predator-prey terms are illustrative and assume continuous well-mixed interaction."
"predator_prey_coupled_system",8.35,17.0943083299636,7.88205195012319,5.22910451556469,-1.24626144889766,0.7,0.05,0.02,0.5,"explicit_euler","Predator-prey terms are illustrative and assume continuous well-mixed interaction."
"predator_prey_coupled_system",8.36,17.1465993751192,7.86958933563421,5.25578478334194,-1.23606075612049,0.7,0.05,0.02,0.5,"explicit_euler","Predator-prey terms are illustrative and assume continuous well-mixed interaction."
"predator_prey_coupled_system",8.37,17.1991572229527,7.857228728073,5.28252444452546,-1.22586011941994,0.7,0.05,0.02,0.5,"explicit_euler","Predator-prey terms are illustrative and assume continuous well-mixed interaction."
"predator_prey_coupled_system",8.38,17.2519824673979,7.8449701268788,5.30932337286986,-1.21565932171593,0.7,0.05,0.02,0.5,"explicit_euler","Predator-prey terms are illustrative and assume continuous well-mixed interaction."
"predator_prey_coupled_system",8.39,17.3050757011266,7.83281353366165,5.33618143314744,-1.20545814377435,0.7,0.05,0.02,0.5,"explicit_euler","Predator-prey terms are illustrative and assume continuous well-mixed interaction."
"predator_prey_coupled_system",8.4,17.3584375154581,7.8207589522239,5.36309848103876,-1.19525636419919,0.7,0.05,0.02,0.5,"explicit_euler","Predator-prey terms are illustrative and assume continuous well-mixed interaction."
"predator_prey_coupled_system",8.41,17.4120685002685,7.80880638858191,5.39007436302182,-1.18505375942451,0.7,0.05,0.02,0.5,"explicit_euler","Predator-prey terms are illustrative and assume continuous well-mixed interaction."
"predator_prey_coupled_system",8.42,17.4659692438987,7.79695585098766,5.41710891625976,-1.1748501037061,0.7,0.05,0.02,0.5,"explicit_euler","Predator-prey terms are illustrative and assume continuous well-mixed interaction."
"predator_prey_coupled_system",8.43,17.5201403330613,7.7852073499506,5.44420196848716,-1.16464516911301,0.7,0.05,0.02,0.5,"explicit_euler","Predator-prey terms are illustrative and assume continuous well-mixed interaction."
"predator_prey_coupled_system",8.44,17.5745823527462,7.77356089825947,5.47135333789488,-1.15443872551877,0.7,0.05,0.02,0.5,"explicit_euler","Predator-prey terms are illustrative and assume continuous well-mixed interaction."
"predator_prey_coupled_system",8.45,17.6292958861251,7.76201651100429,5.49856283301342,-1.14423054059248,0.7,0.05,0.02,0.5,"explicit_euler","Predator-prey terms are illustrative and assume continuous well-mixed interaction."
"predator_prey_coupled_system",8.46,17.6842815144552,7.75057420559836,5.52583025259483,-1.13402037978965,0.7,0.05,0.02,0.5,"explicit_euler","Predator-prey terms are illustrative and assume continuous well-mixed interaction."
"predator_prey_coupled_system",8.47,17.7395398169812,7.73923400180047,5.55315538549313,-1.12380800634275,0.7,0.05,0.02,0.5,"explicit_euler","Predator-prey terms are illustrative and assume continuous well-mixed interaction."
"predator_prey_coupled_system",8.48,17.7950713708361,7.72799592173704,5.58053801054323,-1.1135931812517,0.7,0.05,0.02,0.5,"explicit_euler","Predator-prey terms are illustrative and assume continuous well-mixed interaction."
"predator_prey_coupled_system",8.49,17.8508767509416,7.71685998992452,5.60797789643835,-1.10337566327397,0.7,0.05,0.02,0.5,"explicit_euler","Predator-prey terms are illustrative and assume continuous well-mixed interaction."
"predator_prey_coupled_system",8.5,17.9069565299059,7.70582623329178,5.63547480160592,-1.0931552089146,0.7,0.05,0.02,0.5,"explicit_euler","Predator-prey terms are illustrative and assume continuous well-mixed interaction."
"predator_prey_coupled_system",8.51,17.963311277922,7.69489468120263,5.66302847408193,-1.08293157241593,0.7,0.05,0.02,0.5,"explicit_euler","Predator-prey terms are illustrative and assume continuous well-mixed interaction."
"predator_prey_coupled_system",8.52,18.0199415626628,7.68406536547848,5.6906386513838,-1.07270450574717,0.7,0.05,0.02,0.5,"explicit_euler","Predator-prey terms are illustrative and assume continuous well-mixed interaction."
"predator_prey_coupled_system",8.53,18.0768479491767,7.673338320421,5.7183050603816,-1.06247375859368,0.7,0.05,0.02,0.5,"explicit_euler","Predator-prey terms are illustrative and assume continuous well-mixed interaction."
"predator_prey_coupled_system",8.54,18.1340309997805,7.66271358283507,5.74602741716783,-1.05223907834613,0.7,0.05,0.02,0.5,"explicit_euler","Predator-prey terms are illustrative and assume continuous well-mixed interaction."
"predator_prey_coupled_system",8.55,18.1914912739521,7.6521911920516,5.77380542692549,-1.0420002100894,0.7,0.05,0.02,0.5,"explicit_euler","Predator-prey terms are illustrative and assume continuous well-mixed interaction."
"predator_prey_coupled_system",8.56,18.2492293282214,7.64177118995071,5.80163878379469,-1.03175689659124,0.7,0.05,0.02,0.5,"explicit_euler","Predator-prey terms are illustrative and assume continuous well-mixed interaction."
"predator_prey_coupled_system",8.57,18.3072457160593,7.6314536209848,5.82952717073756,-1.02150887829081,0.7,0.05,0.02,0.5,"explicit_euler","Predator-prey terms are illustrative and assume continuous well-mixed interaction."
"predator_prey_coupled_system",8.58,18.3655409877667,7.62123853220189,5.85747025940166,-1.01125589328693,0.7,0.05,0.02,0.5,"explicit_euler","Predator-prey terms are illustrative and assume continuous well-mixed interaction."
"predator_prey_coupled_system",8.59,18.4241156903607,7.61112597326902,5.88546770998162,-1.00099767732615,0.7,0.05,0.02,0.5,"explicit_euler","Predator-prey terms are illustrative and assume continuous well-mixed interaction."
"predator_prey_coupled_system",8.6,18.4829703674606,7.60111599649576,5.91351917107931,-0.990733963790649,0.7,0.05,0.02,0.5,"explicit_euler","Predator-prey terms are illustrative and assume continuous well-mixed interaction."
"predator_prey_coupled_system",8.61,18.5421055591714,7.59120865685785,5.94162427956226,-0.980464483685853,0.7,0.05,0.02,0.5,"explicit_euler","Predator-prey terms are illustrative and assume continuous well-mixed interaction."
"predator_prey_coupled_system",8.62,18.601521801967,7.581404012021,5.96978266042046,-0.970188965627929,0.7,0.05,0.02,0.5,"explicit_euler","Predator-prey terms are illustrative and assume continuous well-mixed interaction."
"predator_prey_coupled_system",8.63,18.6612196285712,7.57170212236472,5.9979939266215,-0.959907135831028,0.7,0.05,0.02,0.5,"explicit_euler","Predator-prey terms are illustrative and assume continuous well-mixed interaction."
"predator_prey_coupled_system",8.64,18.7211995678374,7.56210305100641,6.02625767896403,-0.949618718094344,0.7,0.05,0.02,0.5,"explicit_euler","Predator-prey terms are illustrative and assume continuous well-mixed interaction."
"predator_prey_coupled_system",8.65,18.781462144627,7.55260686382546,6.05457350592951,-0.939323433788967,0.7,0.05,0.02,0.5,"explicit_euler","Predator-prey terms are illustrative and assume continuous well-mixed interaction."
"predator_prey_coupled_system",8.66,18.8420078796863,7.54321362948757,6.08294098353232,-0.929021001844543,0.7,0.05,0.02,0.5,"explicit_euler","Predator-prey terms are illustrative and assume continuous well-mixed interaction."
"predator_prey_coupled_system",8.67,18.9028372895217,7.53392341946913,6.11135967516808,-0.918711138735734,0.7,0.05,0.02,0.5,"explicit_euler","Predator-prey terms are illustrative and assume continuous well-mixed interaction."
"predator_prey_coupled_system",8.68,18.9639508862733,7.52473630808177,6.13982913146031,-0.908393558468477,0.7,0.05,0.02,0.5,"explicit_euler","Predator-prey terms are illustrative and assume continuous well-mixed interaction."
"predator_prey_coupled_system",8.69,19.0253491775879,7.51565237249709,6.16834889010534,-0.898067972566058,0.7,0.05,0.02,0.5,"explicit_euler","Predator-prey terms are illustrative and assume continuous well-mixed interaction."
"predator_prey_coupled_system",8.7,19.087032666489,7.50667169277143,6.19691847571547,-0.887734090054985,0.7,0.05,0.02,0.5,"explicit_euler","Predator-prey terms are illustrative and assume continuous well-mixed interaction."
"predator_prey_coupled_system",8.71,19.1490018512461,7.49779435187088,6.22553739966038,-0.877391617450672,0.7,0.05,0.02,0.5,"explicit_euler","Predator-prey terms are illustrative and assume continuous well-mixed interaction."
"predator_prey_coupled_system",8.72,19.2112572252427,7.48902043569637,6.2542051599068,-0.867040258742935,0.7,0.05,0.02,0.5,"explicit_euler","Predator-prey terms are illustrative and assume continuous well-mixed interaction."
"predator_prey_coupled_system",8.73,19.2737992768418,7.48035003310894,6.28292124085633,-0.856679715381296,0.7,0.05,0.02,0.5,"explicit_euler","Predator-prey terms are illustrative and assume continuous well-mixed interaction."
"predator_prey_coupled_system",8.74,19.3366284892504,7.47178323595513,6.3116851131816,-0.846309686260098,0.7,0.05,0.02,0.5,"explicit_euler","Predator-prey terms are illustrative and assume continuous well-mixed interaction."
"predator_prey_coupled_system",8.75,19.3997453403822,7.46332013909253,6.3404962336605,-0.835929867703447,0.7,0.05,0.02,0.5,"explicit_euler","Predator-prey terms are illustrative and assume continuous well-mixed interaction."
"predator_prey_coupled_system",8.76,19.4631503027188,7.45496084041549,6.36935404500868,-0.825539953449955,0.7,0.05,0.02,0.5,"explicit_euler","Predator-prey terms are illustrative and assume continuous well-mixed interaction."
"predator_prey_coupled_system",8.77,19.5268438431689,7.44670544088099,6.39825797571026,-0.815139634637311,0.7,0.05,0.02,0.5,"explicit_euler","Predator-prey terms are illustrative and assume continuous well-mixed interaction."
"predator_prey_coupled_system",8.78,19.590826422926,7.43855404453462,6.4272074398466,-0.804728599786674,0.7,0.05,0.02,0.5,"explicit_euler","Predator-prey terms are illustrative and assume continuous well-mixed interaction."
"predator_prey_coupled_system",8.79,19.6550984973245,7.43050675853675,6.45620183692337,-0.794306534786878,0.7,0.05,0.02,0.5,"explicit_euler","Predator-prey terms are illustrative and assume continuous well-mixed interaction."
"predator_prey_coupled_system",8.8,19.7196605156937,7.42256369318888,6.48524055169566,-0.783873122878475,0.7,0.05,0.02,0.5,"explicit_euler","Predator-prey terms are illustrative and assume continuous well-mixed interaction."
"predator_prey_coupled_system",8.81,19.7845129212106,7.4147249619601,6.51432295399132,-0.773428044637596,0.7,0.05,0.02,0.5,"explicit_euler","Predator-prey terms are illustrative and assume continuous well-mixed interaction."
"predator_prey_coupled_system",8.82,19.8496561507506,7.40699068151372,6.54344839853234,-0.762970977959643,0.7,0.05,0.02,0.5,"explicit_euler","Predator-prey terms are illustrative and assume continuous well-mixed interaction."
"predator_prey_coupled_system",8.83,19.9150906347359,7.39936097173413,6.57261622475449,-0.752501598042814,0.7,0.05,0.02,0.5,"explicit_euler","Predator-prey terms are illustrative and assume continuous well-mixed interaction."
"predator_prey_coupled_system",8.84,19.9808167969834,7.3918359557537,6.60182575662492,-0.742019577371459,0.7,0.05,0.02,0.5,"explicit_euler","Predator-prey terms are illustrative and assume continuous well-mixed interaction."
"predator_prey_coupled_system",8.85,20.0468350545497,7.38441575997998,6.63107630245798,-0.731524585699276,0.7,0.05,0.02,0.5,"explicit_euler","Predator-prey terms are illustrative and assume continuous well-mixed interaction."
"predator_prey_coupled_system",8.86,20.1131458175743,7.37710051412299,6.66036715472909,-0.721016290032341,0.7,0.05,0.02,0.5,"explicit_euler","Predator-prey terms are illustrative and assume continuous well-mixed interaction."
"predator_prey_coupled_system",8.87,20.1797494891215,7.36989035122267,6.68969758988671,-0.710494354611985,0.7,0.05,0.02,0.5,"explicit_euler","Predator-prey terms are illustrative and assume continuous well-mixed interaction."
"predator_prey_coupled_system",8.88,20.2466464650204,7.36278540767655,6.71906686816237,-0.699958440897509,0.7,0.05,0.02,0.5,"explicit_euler","Predator-prey terms are illustrative and assume continuous well-mixed interaction."
"predator_prey_coupled_system",8.89,20.313837133702,7.35578582326757,6.74847423337883,-0.68940820754875,0.7,0.05,0.02,0.5,"explicit_euler","Predator-prey terms are illustrative and assume continuous well-mixed interaction."
"predator_prey_coupled_system",8.9,20.3813218760358,7.34889174119209,6.77791891275621,-0.678843310408498,0.7,0.05,0.02,0.5,"explicit_euler","Predator-prey terms are illustrative and assume continuous well-mixed interaction."
"predator_prey_coupled_system",8.91,20.4491010651634,7.342103308088,6.80740011671627,-0.668263402484761,0.7,0.05,0.02,0.5,"explicit_euler","Predator-prey terms are illustrative and assume continuous well-mixed interaction."
"predator_prey_coupled_system",8.92,20.5171750663305,7.33542067406315,6.83691703868468,-0.657668133932894,0.7,0.05,0.02,0.5,"explicit_euler","Predator-prey terms are illustrative and assume continuous well-mixed interaction."
"predator_prey_coupled_system",8.93,20.5855442367174,7.32884399272382,6.86646885489133,-0.647057152037576,0.7,0.05,0.02,0.5,"explicit_euler","Predator-prey terms are illustrative and assume continuous well-mixed interaction."
"predator_prey_coupled_system",8.94,20.6542089252663,7.32237342120345,6.89605472416876,-0.636430101194663,0.7,0.05,0.02,0.5,"explicit_euler","Predator-prey terms are illustrative and assume continuous well-mixed interaction."
"predator_prey_coupled_system",8.95,20.723169472508,7.3160091201915,6.92567378774847,-0.625786622892898,0.7,0.05,0.02,0.5,"explicit_euler","Predator-prey terms are illustrative and assume continuous well-mixed interaction."
"predator_prey_coupled_system",8.96,20.7924262103855,7.30975125396257,6.95532516905536,-0.615126355695495,0.7,0.05,0.02,0.5,"explicit_euler","Predator-prey terms are illustrative and assume continuous well-mixed interaction."
"predator_prey_coupled_system",8.97,20.861979462076,7.30359999040562,6.98500797350019,-0.604448935221594,0.7,0.05,0.02,0.5,"explicit_euler","Predator-prey terms are illustrative and assume continuous well-mixed interaction."
"predator_prey_coupled_system",8.98,20.931829541811,7.2975555010534,7.01472128826996,-0.593753994127596,0.7,0.05,0.02,0.5,"explicit_euler","Predator-prey terms are illustrative and assume continuous well-mixed interaction."
"predator_prey_coupled_system",8.99,21.0019767546937,7.29161796111213,7.0444641821164,-0.583041162088379,0.7,0.05,0.02,0.5,"explicit_euler","Predator-prey terms are illustrative and assume continuous well-mixed interaction."
"predator_prey_coupled_system",9,21.0724213965149,7.28578754949124,7.07423570514237,-0.572310065778399,0.7,0.05,0.02,0.5,"explicit_euler","Predator-prey terms are illustrative and assume continuous well-mixed interaction."
"predator_prey_coupled_system",9.01,21.1431637535663,7.28006444883346,7.10403488858631,-0.561560328852682,0.7,0.05,0.02,0.5,"explicit_euler","Predator-prey terms are illustrative and assume continuous well-mixed interaction."
"predator_prey_coupled_system",9.02,21.2142041024522,7.27444884554493,7.13386074460464,-0.550791571927709,0.7,0.05,0.02,0.5,"explicit_euler","Predator-prey terms are illustrative and assume continuous well-mixed interaction."
"predator_prey_coupled_system",9.03,21.2855427098982,7.26894092982565,7.1637122660522,-0.5400034125622,0.7,0.05,0.02,0.5,"explicit_euler","Predator-prey terms are illustrative and assume continuous well-mixed interaction."
"predator_prey_coupled_system",9.04,21.3571798325588,7.26354089570003,7.1935884262606,-0.529195465237806,0.7,0.05,0.02,0.5,"explicit_euler","Predator-prey terms are illustrative and assume continuous well-mixed interaction."
"predator_prey_coupled_system",9.05,21.4291157168214,7.25824894104765,7.22348817881464,-0.518367341339701,0.7,0.05,0.02,0.5,"explicit_euler","Predator-prey terms are illustrative and assume continuous well-mixed interaction."
"predator_prey_coupled_system",9.06,21.5013505986095,7.25306526763426,7.25341045732657,-0.507518649137095,0.7,0.05,0.02,0.5,"explicit_euler","Predator-prey terms are illustrative and assume continuous well-mixed interaction."
"predator_prey_coupled_system",9.07,21.5738847031828,7.24799008114289,7.28335417520849,-0.496648993763664,0.7,0.05,0.02,0.5,"explicit_euler","Predator-prey terms are illustrative and assume continuous well-mixed interaction."
"predator_prey_coupled_system",9.08,21.6467182449349,7.24302359120525,7.31331822544259,-0.4857579771979,0.7,0.05,0.02,0.5,"explicit_euler","Predator-prey terms are illustrative and assume continuous well-mixed interaction."
"predator_prey_coupled_system",9.09,21.7198514271893,7.23816601143327,7.3433014803494,-0.474845198243397,0.7,0.05,0.02,0.5,"explicit_euler","Predator-prey terms are illustrative and assume continuous well-mixed interaction."
"predator_prey_coupled_system",9.1,21.7932844419928,7.23341755945084,7.37330279135408,-0.463910252509073,0.7,0.05,0.02,0.5,"explicit_euler","Predator-prey terms are illustrative and assume continuous well-mixed interaction."
"predator_prey_coupled_system",9.11,21.8670174699063,7.22877845692575,7.40332098875054,-0.452952732389318,0.7,0.05,0.02,0.5,"explicit_euler","Predator-prey terms are illustrative and assume continuous well-mixed interaction."
"predator_prey_coupled_system",9.12,21.9410506797938,7.22424892960185,7.43335488146365,-0.441972227044115,0.7,0.05,0.02,0.5,"explicit_euler","Predator-prey terms are illustrative and assume continuous well-mixed interaction."
"predator_prey_coupled_system",9.13,22.0153842286085,7.21982920733141,7.46340325680939,-0.430968322379092,0.7,0.05,0.02,0.5,"explicit_euler","Predator-prey terms are illustrative and assume continuous well-mixed interaction."
"predator_prey_coupled_system",9.14,22.0900182611766,7.21551952410762,7.49346488025292,-0.419940601025544,0.7,0.05,0.02,0.5,"explicit_euler","Predator-prey terms are illustrative and assume continuous well-mixed interaction."
"predator_prey_coupled_system",9.15,22.1649529099791,7.21132011809737,7.52353849516471,-0.408888642320424,0.7,0.05,0.02,0.5,"explicit_euler","Predator-prey terms are illustrative and assume continuous well-mixed interaction."
"predator_prey_coupled_system",9.16,22.2401882949307,7.20723123167416,7.55362282257457,-0.397812022286303,0.7,0.05,0.02,0.5,"explicit_euler","Predator-prey terms are illustrative and assume continuous well-mixed interaction."
"predator_prey_coupled_system",9.17,22.3157245231565,7.2032531114513,7.58371656092369,-0.38671031361131,0.7,0.05,0.02,0.5,"explicit_euler","Predator-prey terms are illustrative and assume continuous well-mixed interaction."
"predator_prey_coupled_system",9.18,22.3915616887657,7.19938600831518,7.61381838581469,-0.375583085629068,0.7,0.05,0.02,0.5,"explicit_euler","Predator-prey terms are illustrative and assume continuous well-mixed interaction."
"predator_prey_coupled_system",9.19,22.4676998726239,7.19563017745889,7.64392694975962,-0.364429904298615,0.7,0.05,0.02,0.5,"explicit_euler","Predator-prey terms are illustrative and assume continuous well-mixed interaction."
"predator_prey_coupled_system",9.2,22.5441391421215,7.19198587841591,7.67404088192598,-0.353250332184337,0.7,0.05,0.02,0.5,"explicit_euler","Predator-prey terms are illustrative and assume continuous well-mixed interaction."
"predator_prey_coupled_system",9.21,22.6208795509407,7.18845337509406,7.7041587878807,-0.34204392843591,0.7,0.05,0.02,0.5,"explicit_euler","Predator-prey terms are illustrative and assume continuous well-mixed interaction."
"predator_prey_coupled_system",9.22,22.6979211388195,7.1850329358097,7.73427924933218,-0.33081024876826,0.7,0.05,0.02,0.5,"explicit_euler","Predator-prey terms are illustrative and assume continuous well-mixed interaction."
"predator_prey_coupled_system",9.23,22.7752639313128,7.18172483332202,7.76440082387035,-0.319548845441555,0.7,0.05,0.02,0.5,"explicit_euler","Predator-prey terms are illustrative and assume continuous well-mixed interaction."
"predator_prey_coupled_system",9.24,22.8529079395515,7.17852934486761,7.79452204470465,-0.308259267241229,0.7,0.05,0.02,0.5,"explicit_euler","Predator-prey terms are illustrative and assume continuous well-mixed interaction."
"predator_prey_coupled_system",9.25,22.9308531599986,7.17544675219519,7.82464142040017,-0.296941059458061,0.7,0.05,0.02,0.5,"explicit_euler","Predator-prey terms are illustrative and assume continuous well-mixed interaction."
"predator_prey_coupled_system",9.26,23.0090995742026,7.17247734160061,7.85475743461179,-0.285593763868297,0.7,0.05,0.02,0.5,"explicit_euler","Predator-prey terms are illustrative and assume continuous well-mixed interaction."
"predator_prey_coupled_system",9.27,23.0876471485487,7.16962140396193,7.88486854581632,-0.274216918713855,0.7,0.05,0.02,0.5,"explicit_euler","Predator-prey terms are illustrative and assume continuous well-mixed interaction."
"predator_prey_coupled_system",9.28,23.1664958340069,7.16687923477479,7.91497318704278,-0.262810058682584,0.7,0.05,0.02,0.5,"explicit_euler","Predator-prey terms are illustrative and assume continuous well-mixed interaction."
"predator_prey_coupled_system",9.29,23.2456455658773,7.16425113418797,7.94506976560071,-0.251372714888624,0.7,0.05,0.02,0.5,"explicit_euler","Predator-prey terms are illustrative and assume continuous well-mixed interaction."
"predator_prey_coupled_system",9.3,23.3250962635333,7.16173740703908,7.97515666280662,-0.23990441485286,0.7,0.05,0.02,0.5,"explicit_euler","Predator-prey terms are illustrative and assume continuous well-mixed interaction."
"predator_prey_coupled_system",9.31,23.4048478301614,7.15933836289055,8.00523223370846,-0.228404682483475,0.7,0.05,0.02,0.5,"explicit_euler","Predator-prey terms are illustrative and assume continuous well-mixed interaction."
"predator_prey_coupled_system",9.32,23.4849001524985,7.15705431606572,8.03529480680835,-0.216873038056628,0.7,0.05,0.02,0.5,"explicit_euler","Predator-prey terms are illustrative and assume continuous well-mixed interaction."
"predator_prey_coupled_system",9.33,23.5652531005665,7.15488558568515,8.06534268378329,-0.205308998197258,0.7,0.05,0.02,0.5,"explicit_euler","Predator-prey terms are illustrative and assume continuous well-mixed interaction."
"predator_prey_coupled_system",9.34,23.6459065274044,7.15283249570318,8.09537413920417,-0.19371207586003,0.7,0.05,0.02,0.5,"explicit_euler","Predator-prey terms are illustrative and assume continuous well-mixed interaction."
"predator_prey_coupled_system",9.35,23.7268602687964,7.15089537494458,8.12538742025286,-0.182081780310437,0.7,0.05,0.02,0.5,"explicit_euler","Predator-prey terms are illustrative and assume continuous well-mixed interaction."
"predator_prey_coupled_system",9.36,23.8081141429989,7.14907455714147,8.15538074643757,-0.17041761710606,0.7,0.05,0.02,0.5,"explicit_euler","Predator-prey terms are illustrative and assume continuous well-mixed interaction."
"predator_prey_coupled_system",9.37,23.8896679504633,7.14737038097041,8.18535230930634,-0.158719088078013,0.7,0.05,0.02,0.5,"explicit_euler","Predator-prey terms are illustrative and assume continuous well-mixed interaction."
"predator_prey_coupled_system",9.38,23.9715214735564,7.14578319008963,8.21530027215888,-0.146985691312579,0.7,0.05,0.02,0.5,"explicit_euler","Predator-prey terms are illustrative and assume continuous well-mixed interaction."
"predator_prey_coupled_system",9.39,24.053674476278,7.1443133331765,8.24522276975657,-0.13521692113305,0.7,0.05,0.02,0.5,"explicit_euler","Predator-prey terms are illustrative and assume continuous well-mixed interaction."
"predator_prey_coupled_system",9.4,24.1361267039755,7.14296116396518,8.27511790803087,-0.123412268081787,0.7,0.05,0.02,0.5,"explicit_euler","Predator-prey terms are illustrative and assume continuous well-mixed interaction."
"predator_prey_coupled_system",9.41,24.2188778830558,7.14172704128436,8.30498376378991,-0.111571218902507,0.7,0.05,0.02,0.5,"explicit_euler","Predator-prey terms are illustrative and assume continuous well-mixed interaction."
"predator_prey_coupled_system",9.42,24.3019277206937,7.14061132909533,8.33481838442354,-0.099693256522833,0.7,0.05,0.02,0.5,"explicit_euler","Predator-prey terms are illustrative and assume continuous well-mixed interaction."
"predator_prey_coupled_system",9.43,24.385275904538,7.1396143965301,8.36461978760668,-0.0877778600370913,0.7,0.05,0.02,0.5,"explicit_euler","Predator-prey terms are illustrative and assume continuous well-mixed interaction."
"predator_prey_coupled_system",9.44,24.468922102414,7.13873661792973,8.39438596100117,-0.0758245046893995,0.7,0.05,0.02,0.5,"explicit_euler","Predator-prey terms are illustrative and assume continuous well-mixed interaction."
"predator_prey_coupled_system",9.45,24.5528659620241,7.13797837288284,8.42411486195589,-0.0638326618570404,0.7,0.05,0.02,0.5,"explicit_euler","Predator-prey terms are illustrative and assume continuous well-mixed interaction."
"predator_prey_coupled_system",9.46,24.6371071106436,7.13734004626427,8.45380441720559,-0.0518017990341568,0.7,0.05,0.02,0.5,"explicit_euler","Predator-prey terms are illustrative and assume continuous well-mixed interaction."
"predator_prey_coupled_system",9.47,24.7216451548157,7.13682202827393,8.48345252256797,-0.0397313798157652,0.7,0.05,0.02,0.5,"explicit_euler","Predator-prey terms are illustrative and assume continuous well-mixed interaction."
"predator_prey_coupled_system",9.48,24.8064796800414,7.13642471447577,8.51305704263954,-0.0276208638821225,0.7,0.05,0.02,0.5,"explicit_euler","Predator-prey terms are illustrative and assume continuous well-mixed interaction."
"predator_prey_coupled_system",9.49,24.8916102504678,7.13614850583695,8.54261581048987,-0.0154697069834513,0.7,0.05,0.02,0.5,"explicit_euler","Predator-prey terms are illustrative and assume continuous well-mixed interaction."
"predator_prey_coupled_system",9.5,24.9770364085727,7.13599380876711,8.57212662735459,-0.00327736092505226,0.7,0.05,0.02,0.5,"explicit_euler","Predator-prey terms are illustrative and assume continuous well-mixed interaction."
"predator_prey_coupled_system",9.51,25.0627576748462,7.13596103515786,8.60158726232703,0.0089567264471917,0.7,0.05,0.02,0.5,"explicit_euler","Predator-prey terms are illustrative and assume continuous well-mixed interaction."
"predator_prey_coupled_system",9.52,25.1487735474695,7.13605060242233,8.63099545204851,0.0212331112608797,0.7,0.05,0.02,0.5,"explicit_euler","Predator-prey terms are illustrative and assume continuous well-mixed interaction."
"predator_prey_coupled_system",9.53,25.23508350199,7.13626293353494,8.66034890039746,0.0335523536307298,0.7,0.05,0.02,0.5,"explicit_euler","Predator-prey terms are illustrative and assume continuous well-mixed interaction."
"predator_prey_coupled_system",9.54,25.3216869909939,7.13659845707125,8.68964527817733,0.0459150176717427,0.7,0.05,0.02,0.5,"explicit_euler","Predator-prey terms are illustrative and assume continuous well-mixed interaction."
"predator_prey_coupled_system",9.55,25.4085834437757,7.13705760724797,8.71888222280328,0.0583216715118979,0.7,0.05,0.02,0.5,"explicit_euler","Predator-prey terms are illustrative and assume continuous well-mixed interaction."
"predator_prey_coupled_system",9.56,25.4957722660037,7.13764082396309,8.7480573379879,0.0707728873043383,0.7,0.05,0.02,0.5,"explicit_euler","Predator-prey terms are illustrative and assume continuous well-mixed interaction."
"predator_prey_coupled_system",9.57,25.5832528393836,7.13834855283613,8.77716819342578,0.083269241239031,0.7,0.05,0.02,0.5,"explicit_euler","Predator-prey terms are illustrative and assume continuous well-mixed interaction."
"predator_prey_coupled_system",9.58,25.6710245213179,7.13918124524852,8.80621232447713,0.0958113135538872,0.7,0.05,0.02,0.5,"explicit_euler","Predator-prey terms are illustrative and assume continuous well-mixed interaction."
"predator_prey_coupled_system",9.59,25.7590866445626,7.14013935838406,8.8351872318505,0.108399688545307,0.7,0.05,0.02,0.5,"explicit_euler","Predator-prey terms are illustrative and assume continuous well-mixed interaction."
"predator_prey_coupled_system",9.6,25.8474385168811,7.14122335526951,8.86409038128458,0.121034954578132,0.7,0.05,0.02,0.5,"explicit_euler","Predator-prey terms are illustrative and assume continuous well-mixed interaction."
"predator_prey_coupled_system",9.61,25.936079420694,7.14243370481529,8.89291920322923,0.133717704094974,0.7,0.05,0.02,0.5,"explicit_euler","Predator-prey terms are illustrative and assume continuous well-mixed interaction."
"predator_prey_coupled_system",9.62,26.0250086127263,7.14377088185624,8.9216710925258,0.146448533624917,0.7,0.05,0.02,0.5,"explicit_euler","Predator-prey terms are illustrative and assume continuous well-mixed interaction."
"predator_prey_coupled_system",9.63,26.1142253236515,7.14523536719249,8.95034340808663,0.159228043791529,0.7,0.05,0.02,0.5,"explicit_euler","Predator-prey terms are illustrative and assume continuous well-mixed interaction."
"predator_prey_coupled_system",9.64,26.2037287577324,7.14682764763041,8.97893347257418,0.172056839320195,0.7,0.05,0.02,0.5,"explicit_euler","Predator-prey terms are illustrative and assume continuous well-mixed interaction."
"predator_prey_coupled_system",9.65,26.2935180924581,7.14854821602361,9.00743857207939,0.184935529044719,0.7,0.05,0.02,0.5,"explicit_euler","Predator-prey terms are illustrative and assume continuous well-mixed interaction."
"predator_prey_coupled_system",9.66,26.3835924781789,7.15039757131406,9.03585595579973,0.197864725913181,0.7,0.05,0.02,0.5,"explicit_euler","Predator-prey terms are illustrative and assume continuous well-mixed interaction."
"predator_prey_coupled_system",9.67,26.4739510377369,7.15237621857319,9.06418283571682,0.210845046993019,0.7,0.05,0.02,0.5,"explicit_euler","Predator-prey terms are illustrative and assume continuous well-mixed interaction."
"predator_prey_coupled_system",9.68,26.5645928660941,7.15448466904312,9.09241638627375,0.22387711347529,0.7,0.05,0.02,0.5,"explicit_euler","Predator-prey terms are illustrative and assume continuous well-mixed interaction."
"predator_prey_coupled_system",9.69,26.6555170299568,7.15672344017787,9.12055374405216,0.236961550678116,0.7,0.05,0.02,0.5,"explicit_euler","Predator-prey terms are illustrative and assume continuous well-mixed interaction."
"predator_prey_coupled_system",9.7,26.7467225673974,7.15909305568465,9.14859200744923,0.250098988049242,0.7,0.05,0.02,0.5,"explicit_euler","Predator-prey terms are illustrative and assume continuous well-mixed interaction."
"predator_prey_coupled_system",9.71,26.8382084874719,7.16159404556514,9.17652823635458,0.263290059167716,0.7,0.05,0.02,0.5,"explicit_euler","Predator-prey terms are illustrative and assume continuous well-mixed interaction."
"predator_prey_coupled_system",9.72,26.9299737698354,7.16422694615682,9.20435945182722,0.276535401744613,0.7,0.05,0.02,0.5,"explicit_euler","Predator-prey terms are illustrative and assume continuous well-mixed interaction."
"predator_prey_coupled_system",9.73,27.0220173643537,7.16699230017427,9.23208263577266,0.28983565762283,0.7,0.05,0.02,0.5,"explicit_euler","Predator-prey terms are illustrative and assume continuous well-mixed interaction."
"predator_prey_coupled_system",9.74,27.1143381907114,7.1698906567505,9.25969473062024,0.303191472775849,0.7,0.05,0.02,0.5,"explicit_euler","Predator-prey terms are illustrative and assume continuous well-mixed interaction."
"predator_prey_coupled_system",9.75,27.2069351380176,7.17292257147825,9.28719263900076,0.316603497305499,0.7,0.05,0.02,0.5,"explicit_euler","Predator-prey terms are illustrative and assume continuous well-mixed interaction."
"predator_prey_coupled_system",9.76,27.2998070644076,7.17608860645131,9.31457322342461,0.330072385438635,0.7,0.05,0.02,0.5,"explicit_euler","Predator-prey terms are illustrative and assume continuous well-mixed interaction."
"predator_prey_coupled_system",9.77,27.3929527966419,7.1793893303057,9.34183330596039,0.343598795522714,0.7,0.05,0.02,0.5,"explicit_euler","Predator-prey terms are illustrative and assume continuous well-mixed interaction."
"predator_prey_coupled_system",9.78,27.4863711297015,7.18282531826092,9.36896966791423,0.357183390020253,0.7,0.05,0.02,0.5,"explicit_euler","Predator-prey terms are illustrative and assume continuous well-mixed interaction."
"predator_prey_coupled_system",9.79,27.5800608263806,7.18639715216112,9.39597904950981,0.370826835502081,0.7,0.05,0.02,0.5,"explicit_euler","Predator-prey terms are illustrative and assume continuous well-mixed interaction."
"predator_prey_coupled_system",9.8,27.6740206168757,7.19010542051615,9.42285814956931,0.384529802639398,0.7,0.05,0.02,0.5,"explicit_euler","Predator-prey terms are illustrative and assume continuous well-mixed interaction."
"predator_prey_coupled_system",9.81,27.7682491983714,7.19395071854254,9.44960362519537,0.398292966194574,0.7,0.05,0.02,0.5,"explicit_euler","Predator-prey terms are illustrative and assume continuous well-mixed interaction."
"predator_prey_coupled_system",9.82,27.8627452346233,7.19793364820448,9.47621209145411,0.412117005010649,0.7,0.05,0.02,0.5,"explicit_euler","Predator-prey terms are illustrative and assume continuous well-mixed interaction."
"predator_prey_coupled_system",9.83,27.9575073555379,7.20205481825459,9.50268012105953,0.426002601999501,0.7,0.05,0.02,0.5,"explicit_euler","Predator-prey terms are illustrative and assume continuous well-mixed interaction."
"predator_prey_coupled_system",9.84,28.0525341567485,7.20631484427459,9.52900424405911,0.439950444128636,0.7,0.05,0.02,0.5,"explicit_euler","Predator-prey terms are illustrative and assume continuous well-mixed interaction."
"predator_prey_coupled_system",9.85,28.1478241991891,7.21071434871587,9.55518094752112,0.453961222406554,0.7,0.05,0.02,0.5,"explicit_euler","Predator-prey terms are illustrative and assume continuous well-mixed interaction."
"predator_prey_coupled_system",9.86,28.2433760086643,7.21525396093994,9.58120667522345,0.468035631866651,0.7,0.05,0.02,0.5,"explicit_euler","Predator-prey terms are illustrative and assume continuous well-mixed interaction."
"predator_prey_coupled_system",9.87,28.3391880754165,7.2199343172586,9.60707782734428,0.482174371549609,0.7,0.05,0.02,0.5,"explicit_euler","Predator-prey terms are illustrative and assume continuous well-mixed interaction."
"predator_prey_coupled_system",9.88,28.43525885369,7.2247560609741,9.63279076015477,0.496378144484231,0.7,0.05,0.02,0.5,"explicit_euler","Predator-prey terms are illustrative and assume continuous well-mixed interaction."
"predator_prey_coupled_system",9.89,28.5315867612915,7.22971984241894,9.65834178571371,0.510647657666666,0.7,0.05,0.02,0.5,"explicit_euler","Predator-prey terms are illustrative and assume continuous well-mixed interaction."
"predator_prey_coupled_system",9.9,28.6281701791486,7.23482631899561,9.68372717156456,0.524983622037993,0.7,0.05,0.02,0.5,"explicit_euler","Predator-prey terms are illustrative and assume continuous well-mixed interaction."
"predator_prey_coupled_system",9.91,28.7250074508643,7.24007615521599,9.70894314043479,0.53938675246009,0.7,0.05,0.02,0.5,"explicit_euler","Predator-prey terms are illustrative and assume continuous well-mixed interaction."
"predator_prey_coupled_system",9.92,28.8220968822686,7.24547002274059,9.73398586993792,0.553857767689755,0.7,0.05,0.02,0.5,"explicit_euler","Predator-prey terms are illustrative and assume continuous well-mixed interaction."
"predator_prey_coupled_system",9.93,28.919436740968,7.25100860041749,9.75885149227818,0.568397390351028,0.7,0.05,0.02,0.5,"explicit_euler","Predator-prey terms are illustrative and assume continuous well-mixed interaction."
"predator_prey_coupled_system",9.94,29.0170252558908,7.256692574321,9.78353609395817,0.583006346905654,0.7,0.05,0.02,0.5,"explicit_euler","Predator-prey terms are illustrative and assume continuous well-mixed interaction."
"predator_prey_coupled_system",9.95,29.1148606168304,7.26252263779006,9.80803571548963,0.597685367621628,0.7,0.05,0.02,0.5,"explicit_euler","Predator-prey terms are illustrative and assume continuous well-mixed interaction."
"predator_prey_coupled_system",9.96,29.2129409739853,7.26849949146627,9.83234635110738,0.612435186539789,0.7,0.05,0.02,0.5,"explicit_euler","Predator-prey terms are illustrative and assume continuous well-mixed interaction."
"predator_prey_coupled_system",9.97,29.3112644374964,7.27462384333167,9.85646394848692,0.627256541438377,0.7,0.05,0.02,0.5,"explicit_euler","Predator-prey terms are illustrative and assume continuous well-mixed interaction."
"predator_prey_coupled_system",9.98,29.4098290769812,7.28089640874605,9.88038440846546,0.642150173795531,0.7,0.05,0.02,0.5,"explicit_euler","Predator-prey terms are illustrative and assume continuous well-mixed interaction."
"predator_prey_coupled_system",9.99,29.5086329210659,7.28731791048401,9.90410358476704,0.657116828749625,0.7,0.05,0.02,0.5,"explicit_euler","Predator-prey terms are illustrative and assume continuous well-mixed interaction."
"predator_prey_coupled_system",10,29.6076739569135,7.29388907877151,9.92761728373152,0.672157255057433,0.7,0.05,0.02,0.5,"explicit_euler","Predator-prey terms are illustrative and assume continuous well-mixed interaction."
"predator_prey_coupled_system",10.01,29.7069501297509,7.30061065132208,9.95092126404795,0.68727220505002,0.7,0.05,0.02,0.5,"explicit_euler","Predator-prey terms are illustrative and assume continuous well-mixed interaction."
"predator_prey_coupled_system",10.02,29.8064593423913,7.30748337337258,9.97401123649241,0.702462434586321,0.7,0.05,0.02,0.5,"explicit_euler","Predator-prey terms are illustrative and assume continuous well-mixed interaction."
"predator_prey_coupled_system",10.03,29.9061994547563,7.31450799771844,9.9968828636705,0.717728703004331,0.7,0.05,0.02,0.5,"explicit_euler","Predator-prey terms are illustrative and assume continuous well-mixed interaction."
"predator_prey_coupled_system",10.04,30.006168283393,7.32168528474849,10.0195317597648,0.733071773069858,0.7,0.05,0.02,0.5,"explicit_euler","Predator-prey terms are illustrative and assume continuous well-mixed interaction."
"predator_prey_coupled_system",10.05,30.1063636009906,7.32901600247919,10.0419534902876,0.74849241092275,0.7,0.05,0.02,0.5,"explicit_euler","Predator-prey terms are illustrative and assume continuous well-mixed interaction."
"predator_prey_coupled_system",10.06,30.2067831358935,7.33650092658841,10.0641435718385,0.763991386020551,0.7,0.05,0.02,0.5,"explicit_euler","Predator-prey terms are illustrative and assume continuous well-mixed interaction."
"predator_prey_coupled_system",10.07,30.3074245716119,7.34414084044862,10.0860974718688,0.779569471079507,0.7,0.05,0.02,0.5,"explicit_euler","Predator-prey terms are illustrative and assume continuous well-mixed interaction."
"predator_prey_coupled_system",10.08,30.4082855463306,7.35193653515941,10.10781060845,0.795227442012846,0.7,0.05,0.02,0.5,"explicit_euler","Predator-prey terms are illustrative and assume continuous well-mixed interaction."
"predator_prey_coupled_system",10.09,30.5093636524151,7.35988880957954,10.1292783500504,0.810966077866279,0.7,0.05,0.02,0.5,"explicit_euler","Predator-prey terms are illustrative and assume continuous well-mixed interaction."
"predator_prey_coupled_system",10.1,30.6106564359156,7.36799847035821,10.1504960153166,0.826786160750628,0.7,0.05,0.02,0.5,"explicit_euler","Predator-prey terms are illustrative and assume continuous well-mixed interaction."
"predator_prey_coupled_system",10.11,30.7121613960687,7.37626633196571,10.1714588728622,0.842688475771523,0.7,0.05,0.02,0.5,"explicit_euler","Predator-prey terms are illustrative and assume continuous well-mixed interaction."
"predator_prey_coupled_system",10.12,30.8138759847974,7.38469321672343,10.1921621410637,0.858673810956086,0.7,0.05,0.02,0.5,"explicit_euler","Predator-prey terms are illustrative and assume continuous well-mixed interaction."
"predator_prey_coupled_system",10.13,30.915797606208,7.39327995483299,10.212600987863,0.874742957176532,0.7,0.05,0.02,0.5,"explicit_euler","Predator-prey terms are illustrative and assume continuous well-mixed interaction."
"predator_prey_coupled_system",10.14,31.0179236160866,7.40202738440475,10.2327705305782,0.890896708070586,0.7,0.05,0.02,0.5,"explicit_euler","Predator-prey terms are illustrative and assume continuous well-mixed interaction."
"predator_prey_coupled_system",10.15,31.1202513213924,7.41093635148546,10.2526658357212,0.907135859958679,0.7,0.05,0.02,0.5,"explicit_euler","Predator-prey terms are illustrative and assume continuous well-mixed interaction."
"predator_prey_coupled_system",10.16,31.2227779797496,7.42000771008505,10.2722819188239,0.923461211757794,0.7,0.05,0.02,0.5,"explicit_euler","Predator-prey terms are illustrative and assume continuous well-mixed interaction."
"predator_prey_coupled_system",10.17,31.3255007989379,7.42924232220262,10.2916137442734,0.939873564891915,0.7,0.05,0.02,0.5,"explicit_euler","Predator-prey terms are illustrative and assume continuous well-mixed interaction."
"predator_prey_coupled_system",10.18,31.4284169363806,7.43864105785154,10.3106562251545,0.956373723198979,0.7,0.05,0.02,0.5,"explicit_euler","Predator-prey terms are illustrative and assume continuous well-mixed interaction."
"predator_prey_coupled_system",10.19,31.5315234986321,7.44820479508353,10.3294042231024,0.972962492834255,0.7,0.05,0.02,0.5,"explicit_euler","Predator-prey terms are illustrative and assume continuous well-mixed interaction."
"predator_prey_coupled_system",10.2,31.6348175408632,7.45793442001188,10.3478525481643,0.98964068217004,0.7,0.05,0.02,0.5,"explicit_euler","Predator-prey terms are illustrative and assume continuous well-mixed interaction."
"predator_prey_coupled_system",10.21,31.7382960663448,7.46783082683358,10.3659959586703,1.00640910169162,0.7,0.05,0.02,0.5,"explicit_euler","Predator-prey terms are illustrative and assume continuous well-mixed interaction."
"predator_prey_coupled_system",10.22,31.8419560259315,7.47789491785049,10.3838291611155,1.0232685638894,0.7,0.05,0.02,0.5,"explicit_euler","Predator-prey terms are illustrative and assume continuous well-mixed interaction."
"predator_prey_coupled_system",10.23,31.9457943175427,7.48812760348939,10.4013468100506,1.04021988314702,0.7,0.05,0.02,0.5,"explicit_euler","Predator-prey terms are illustrative and assume continuous well-mixed interaction."
"predator_prey_coupled_system",10.24,32.0498077856432,7.49852980232086,10.4185435079852,1.05726387562558,0.7,0.05,0.02,0.5,"explicit_euler","Predator-prey terms are illustrative and assume continuous well-mixed interaction."
"predator_prey_coupled_system",10.25,32.153993220723,7.50910244107711,10.4354138053007,1.07440135914361,0.7,0.05,0.02,0.5,"explicit_euler","Predator-prey terms are illustrative and assume continuous well-mixed interaction."
"predator_prey_coupled_system",10.26,32.258347358776,7.51984645466855,10.4519522001753,1.0916331530529,0.7,0.05,0.02,0.5,"explicit_euler","Predator-prey terms are illustrative and assume continuous well-mixed interaction."
"predator_prey_coupled_system",10.27,32.3628668807778,7.53076278619908,10.4681531385206,1.10896007810998,0.7,0.05,0.02,0.5,"explicit_euler","Predator-prey terms are illustrative and assume continuous well-mixed interaction."
"predator_prey_coupled_system",10.28,32.467548412163,7.54185238698018,10.4840110139308,1.12638295634323,0.7,0.05,0.02,0.5,"explicit_euler","Predator-prey terms are illustrative and assume continuous well-mixed interaction."
"predator_prey_coupled_system",10.29,32.5723885223023,7.55311621654361,10.4995201676436,1.1439026109154,0.7,0.05,0.02,0.5,"explicit_euler","Predator-prey terms are illustrative and assume continuous well-mixed interaction."
"predator_prey_coupled_system",10.3,32.6773837239787,7.56455524265277,10.5146748885151,1.16151986598161,0.7,0.05,0.02,0.5,"explicit_euler","Predator-prey terms are illustrative and assume continuous well-mixed interaction."
"predator_prey_coupled_system",10.31,32.7825304728639,7.57617044131258,10.5294694130077,1.17923554654252,0.7,0.05,0.02,0.5,"explicit_euler","Predator-prey terms are illustrative and assume continuous well-mixed interaction."
"predator_prey_coupled_system",10.32,32.887825166994,7.58796279677801,10.5438979251913,1.19705047829279,0.7,0.05,0.02,0.5,"explicit_euler","Predator-prey terms are illustrative and assume continuous well-mixed interaction."
"predator_prey_coupled_system",10.33,32.9932641462459,7.59993330156094,10.5579545567596,1.21496548746454,0.7,0.05,0.02,0.5,"explicit_euler","Predator-prey terms are illustrative and assume continuous well-mixed interaction."
"predator_prey_coupled_system",10.34,33.0988436918135,7.61208295643558,10.5716333870605,1.23298140066578,0.7,0.05,0.02,0.5,"explicit_euler","Predator-prey terms are illustrative and assume continuous well-mixed interaction."
"predator_prey_coupled_system",10.35,33.2045600256841,7.62441277044224,10.5849284431418,1.25109904471371,0.7,0.05,0.02,0.5,"explicit_euler","Predator-prey terms are illustrative and assume continuous well-mixed interaction."
"predator_prey_coupled_system",10.36,33.3104093101155,7.63692376088938,10.5978336998123,1.26931924646275,0.7,0.05,0.02,0.5,"explicit_euler","Predator-prey terms are illustrative and assume continuous well-mixed interaction."
"predator_prey_coupled_system",10.37,33.4163876471136,7.649616953354,10.610343079719,1.28764283262719,0.7,0.05,0.02,0.5,"explicit_euler","Predator-prey terms are illustrative and assume continuous well-mixed interaction."
"predator_prey_coupled_system",10.38,33.5224910779108,7.66249338168028,10.6224504534412,1.30607062959841,0.7,0.05,0.02,0.5,"explicit_euler","Predator-prey terms are illustrative and assume continuous well-mixed interaction."
"predator_prey_coupled_system",10.39,33.6287155824452,7.67555408797626,10.6341496396002,1.32460346325644,0.7,0.05,0.02,0.5,"explicit_euler","Predator-prey terms are illustrative and assume continuous well-mixed interaction."
"predator_prey_coupled_system",10.4,33.7350570788412,7.68880012260882,10.6454344049884,1.34324215877579,0.7,0.05,0.02,0.5,"explicit_euler","Predator-prey terms are illustrative and assume continuous well-mixed interaction."
"predator_prey_coupled_system",10.41,33.8415114228911,7.70223254419658,10.6562984647142,1.36198754042555,0.7,0.05,0.02,0.5,"explicit_euler","Predator-prey terms are illustrative and assume continuous well-mixed interaction."
"predator_prey_coupled_system",10.42,33.9480744075382,7.71585241960084,10.6667354823671,1.38084043136345,0.7,0.05,0.02,0.5,"explicit_euler","Predator-prey terms are illustrative and assume continuous well-mixed interaction."
"predator_prey_coupled_system",10.43,34.0547417623619,7.72966082391447,10.6767390702007,1.39980165342382,0.7,0.05,0.02,0.5,"explicit_euler","Predator-prey terms are illustrative and assume continuous well-mixed interaction."
"predator_prey_coupled_system",10.44,34.1615091530639,7.74365884044871,10.6863027893351,1.4188720268995,0.7,0.05,0.02,0.5,"explicit_euler","Predator-prey terms are illustrative and assume continuous well-mixed interaction."
"predator_prey_coupled_system",10.45,34.2683721809573,7.7578475607177,10.6954201499798,1.43805237031726,0.7,0.05,0.02,0.5,"explicit_euler","Predator-prey terms are illustrative and assume continuous well-mixed interaction."
"predator_prey_coupled_system",10.46,34.3753263824571,7.77222808442088,10.7040846116766,1.4573435002069,0.7,0.05,0.02,0.5,"explicit_euler","Predator-prey terms are illustrative and assume continuous well-mixed interaction."
"predator_prey_coupled_system",10.47,34.4823672285738,7.78680151942294,10.7122895835637,1.4767462308637,0.7,0.05,0.02,0.5,"explicit_euler","Predator-prey terms are illustrative and assume continuous well-mixed interaction."
"predator_prey_coupled_system",10.48,34.5894901244095,7.80156898173158,10.7200284246614,1.49626137410428,0.7,0.05,0.02,0.5,"explicit_euler","Predator-prey terms are illustrative and assume continuous well-mixed interaction."
"predator_prey_coupled_system",10.49,34.6966904086561,7.81653159547262,10.7272944441796,1.51588973901553,0.7,0.05,0.02,0.5,"explicit_euler","Predator-prey terms are illustrative and assume continuous well-mixed interaction."
"predator_prey_coupled_system",10.5,34.8039633530979,7.83169049286278,10.7340809018485,1.53563213169664,0.7,0.05,0.02,0.5,"explicit_euler","Predator-prey terms are illustrative and assume continuous well-mixed interaction."
"predator_prey_coupled_system",10.51,34.9113041621164,7.84704681417975,10.7403810082717,1.55548935499403,0.7,0.05,0.02,0.5,"explicit_euler","Predator-prey terms are illustrative and assume continuous well-mixed interaction."
"predator_prey_coupled_system",10.52,35.0187079721991,7.86260170772969,10.7461879253044,1.57546220822915,0.7,0.05,0.02,0.5,"explicit_euler","Predator-prey terms are illustrative and assume continuous well-mixed interaction."
"predator_prey_coupled_system",10.53,35.1261698514521,7.87835632981198,10.7514947664546,1.59555148691878,0.7,0.05,0.02,0.5,"explicit_euler","Predator-prey terms are illustrative and assume continuous well-mixed interaction."
"predator_prey_coupled_system",10.54,35.2336847991167,7.89431184468117,10.7562945973102,1.61575798248801,0.7,0.05,0.02,0.5,"explicit_euler","Predator-prey terms are illustrative and assume continuous well-mixed interaction."
"predator_prey_coupled_system",10.55,35.3412477450898,7.91046942450605,10.7605804359915,1.6360824819755,0.7,0.05,0.02,0.5,"explicit_euler","Predator-prey terms are illustrative and assume continuous well-mixed interaction."
"predator_prey_coupled_system",10.56,35.4488535494497,7.9268302493258,10.7643452536299,1.65652576773106,0.7,0.05,0.02,0.5,"explicit_euler","Predator-prey terms are illustrative and assume continuous well-mixed interaction."
"predator_prey_coupled_system",10.57,35.556497001986,7.94339550700311,10.7675819748729,1.67708861710535,0.7,0.05,0.02,0.5,"explicit_euler","Predator-prey terms are illustrative and assume continuous well-mixed interaction."
"predator_prey_coupled_system",10.58,35.6641728217347,7.96016639317417,10.7702834784179,1.69777180213148,0.7,0.05,0.02,0.5,"explicit_euler","Predator-prey terms are illustrative and assume continuous well-mixed interaction."
"predator_prey_coupled_system",10.59,35.7718756565189,7.97714411119548,10.7724425975724,1.71857608919859,0.7,0.05,0.02,0.5,"explicit_euler","Predator-prey terms are illustrative and assume continuous well-mixed interaction."
"predator_prey_coupled_system",10.6,35.8796000824946,7.99432987208747,10.7740521208443,1.73950223871704,0.7,0.05,0.02,0.5,"explicit_euler","Predator-prey terms are illustrative and assume continuous well-mixed interaction."
"predator_prey_coupled_system",10.61,35.9873406037031,8.01172489447464,10.7751047925609,1.7605510047752,0.7,0.05,0.02,0.5,"explicit_euler","Predator-prey terms are illustrative and assume continuous well-mixed interaction."
"predator_prey_coupled_system",10.62,36.0950916516287,8.02933040452239,10.7755933135178,1.78172313478769,0.7,0.05,0.02,0.5,"explicit_euler","Predator-prey terms are illustrative and assume continuous well-mixed interaction."
"predator_prey_coupled_system",10.63,36.2028475847639,8.04714763587027,10.7755103416595,1.80301936913495,0.7,0.05,0.02,0.5,"explicit_euler","Predator-prey terms are illustrative and assume continuous well-mixed interaction."
"predator_prey_coupled_system",10.64,36.3106026881804,8.06517782956161,10.7748484927896,1.82444044079386,0.7,0.05,0.02,0.5,"explicit_euler","Predator-prey terms are illustrative and assume continuous well-mixed interaction."
"predator_prey_coupled_system",10.65,36.4183511731083,8.08342223396955,10.7736003413151,1.84598707495953,0.7,0.05,0.02,0.5,"explicit_euler","Predator-prey terms are illustrative and assume continuous well-mixed interaction."
"predator_prey_coupled_system",10.66,36.5260871765215,8.10188210471915,10.7717584210215,1.86765998865785,0.7,0.05,0.02,0.5,"explicit_euler","Predator-prey terms are illustrative and assume continuous well-mixed interaction."
"predator_prey_coupled_system",10.67,36.6338047607317,8.12055870460573,10.7693152258829,1.88945989034887,0.7,0.05,0.02,0.5,"explicit_euler","Predator-prey terms are illustrative and assume continuous well-mixed interaction."
"predator_prey_coupled_system",10.68,36.7414979129905,8.13945330350922,10.766263210905,1.91138747952075,0.7,0.05,0.02,0.5,"explicit_euler","Predator-prey terms are illustrative and assume continuous well-mixed interaction."
"predator_prey_coupled_system",10.69,36.8491605450996,8.15856717830442,10.7625947930037,1.93344344627418,0.7,0.05,0.02,0.5,"explicit_euler","Predator-prey terms are illustrative and assume continuous well-mixed interaction."
"predator_prey_coupled_system",10.7,36.9567864930296,8.17790161276717,10.7583023519188,1.95562847089719,0.7,0.05,0.02,0.5,"explicit_euler","Predator-prey terms are illustrative and assume continuous well-mixed interaction."
"predator_prey_coupled_system",10.71,37.0643695165488,8.19745789747614,10.7533782311638,1.97794322343007,0.7,0.05,0.02,0.5,"explicit_euler","Predator-prey terms are illustrative and assume continuous well-mixed interaction."
"predator_prey_coupled_system",10.72,37.1719032988604,8.21723732971044,10.7478147390132,2.00038836322043,0.7,0.05,0.02,0.5,"explicit_euler","Predator-prey terms are illustrative and assume continuous well-mixed interaction."
"predator_prey_coupled_system",10.73,37.2793814462506,8.23724121334264,10.7416041495266,2.02296453846821,0.7,0.05,0.02,0.5,"explicit_euler","Predator-prey terms are illustrative and assume continuous well-mixed interaction."
"predator_prey_coupled_system",10.74,37.3867974877458,8.25747085872733,10.734738703612,2.04567238576036,0.7,0.05,0.02,0.5,"explicit_euler","Predator-prey terms are illustrative and assume continuous well-mixed interaction."
"predator_prey_coupled_system",10.75,37.494144874782,8.27792758258493,10.7272106101277,2.0685125295954,0.7,0.05,0.02,0.5,"explicit_euler","Predator-prey terms are illustrative and assume continuous well-mixed interaction."
"predator_prey_coupled_system",10.76,37.6014169808832,8.29861270788088,10.719012047024,2.09148558189727,0.7,0.05,0.02,0.5,"explicit_euler","Predator-prey terms are illustrative and assume continuous well-mixed interaction."
"predator_prey_coupled_system",10.77,37.7086071013535,8.31952756369986,10.7101351625255,2.11459214151884,0.7,0.05,0.02,0.5,"explicit_euler","Predator-prey terms are illustrative and assume continuous well-mixed interaction."
"predator_prey_coupled_system",10.78,37.8157084529787,8.34067348511504,10.7005720763551,2.13783279373449,0.7,0.05,0.02,0.5,"explicit_euler","Predator-prey terms are illustrative and assume continuous well-mixed interaction."
"predator_prey_coupled_system",10.79,37.9227141737423,8.36205181305239,10.6903148809991,2.16120810972199,0.7,0.05,0.02,0.5,"explicit_euler","Predator-prey terms are illustrative and assume continuous well-mixed interaction."
"predator_prey_coupled_system",10.8,38.0296173225523,8.38366389414961,10.6793556430162,2.18471864603336,0.7,0.05,0.02,0.5,"explicit_euler","Predator-prey terms are illustrative and assume continuous well-mixed interaction."
"predator_prey_coupled_system",10.81,38.1364108789824,8.40551108060994,10.6676864043887,2.20836494405464,0.7,0.05,0.02,0.5,"explicit_euler","Predator-prey terms are illustrative and assume continuous well-mixed interaction."
"predator_prey_coupled_system",10.82,38.2430877430263,8.42759473005049,10.6552991839191,2.2321475294545,0.7,0.05,0.02,0.5,"explicit_euler","Predator-prey terms are illustrative and assume continuous well-mixed interaction."
"predator_prey_coupled_system",10.83,38.3496407348655,8.44991620534504,10.6421859786708,2.25606691162149,0.7,0.05,0.02,0.5,"explicit_euler","Predator-prey terms are illustrative and assume continuous well-mixed interaction."
"predator_prey_coupled_system",10.84,38.4560625946522,8.47247687446125,10.6283387654553,2.28012358308988,0.7,0.05,0.02,0.5,"explicit_euler","Predator-prey terms are illustrative and assume continuous well-mixed interaction."
"predator_prey_coupled_system",10.85,38.5623459823068,8.49527811029215,10.6137495023646,2.30431801895399,0.7,0.05,0.02,0.5,"explicit_euler","Predator-prey terms are illustrative and assume continuous well-mixed interaction."
"predator_prey_coupled_system",10.86,38.6684834773304,8.51832129048169,10.5984101303521,2.32865067627082,0.7,0.05,0.02,0.5,"explicit_euler","Predator-prey terms are illustrative and assume continuous well-mixed interaction."
"predator_prey_coupled_system",10.87,38.7744675786339,8.5416077972444,10.5823125748608,2.353121993451,0.7,0.05,0.02,0.5,"explicit_euler","Predator-prey terms are illustrative and assume continuous well-mixed interaction."
"predator_prey_coupled_system",10.88,38.8802907043825,8.56513901717891,10.5654487474995,2.37773238963785,0.7,0.05,0.02,0.5,"explicit_euler","Predator-prey terms are illustrative and assume continuous well-mixed interaction."
"predator_prey_coupled_system",10.89,38.9859451918575,8.58891634107529,10.5478105477697,2.40248226407457,0.7,0.05,0.02,0.5,"explicit_euler","Predator-prey terms are illustrative and assume continuous well-mixed interaction."
"predator_prey_coupled_system",10.9,39.0914232973352,8.61294116371603,10.5293898648413,2.42737199545931,0.7,0.05,0.02,0.5,"explicit_euler","Predator-prey terms are illustrative and assume continuous well-mixed interaction."
"predator_prey_coupled_system",10.91,39.1967171959836,8.63721488367062,10.5101785793796,2.45240194128825,0.7,0.05,0.02,0.5,"explicit_euler","Predator-prey terms are illustrative and assume continuous well-mixed interaction."
"predator_prey_coupled_system",10.92,39.3018189817774,8.66173890308351,10.4901685654238,2.4775724371864,0.7,0.05,0.02,0.5,"explicit_euler","Predator-prey terms are illustrative and assume continuous well-mixed interaction."
"predator_prey_coupled_system",10.93,39.4067206674317,8.68651462745537,10.4693516923175,2.50288379622618,0.7,0.05,0.02,0.5,"explicit_euler","Predator-prey terms are illustrative and assume continuous well-mixed interaction."
"predator_prey_coupled_system",10.94,39.5114141843549,8.71154346541763,10.4477198266921,2.52833630823371,0.7,0.05,0.02,0.5,"explicit_euler","Predator-prey terms are illustrative and assume continuous well-mixed interaction."
"predator_prey_coupled_system",10.95,39.6158913826218,8.73682682849997,10.4252648345037,2.55393023908263,0.7,0.05,0.02,0.5,"explicit_euler","Predator-prey terms are illustrative and assume continuous well-mixed interaction."
"predator_prey_coupled_system",10.96,39.7201440309668,8.7623661308908,10.4019785831244,2.57966582997556,0.7,0.05,0.02,0.5,"explicit_euler","Predator-prey terms are illustrative and assume continuous well-mixed interaction."
"predator_prey_coupled_system",10.97,39.8241638167981,8.78816278919055,10.377852943488,2.60554329671299,0.7,0.05,0.02,0.5,"explicit_euler","Predator-prey terms are illustrative and assume continuous well-mixed interaction."
"predator_prey_coupled_system",10.98,39.9279423462329,8.81421822215768,10.3528797922917,2.63156282894971,0.7,0.05,0.02,0.5,"explicit_euler","Predator-prey terms are illustrative and assume continuous well-mixed interaction."
"predator_prey_coupled_system",10.99,40.0314711441559,8.84053385044718,10.3270510142536,2.6577245894386,0.7,0.05,0.02,0.5,"explicit_euler","Predator-prey terms are illustrative and assume continuous well-mixed interaction."
"predator_prey_coupled_system",11,40.1347416542984,8.86711109634157,10.3003585044273,2.68402871326184,0.7,0.05,0.02,0.5,"explicit_euler","Predator-prey terms are illustrative and assume continuous well-mixed interaction."
"predator_prey_coupled_system",11.01,40.2377452393427,8.89395138347418,10.2727941705732,2.71047530704958,0.7,0.05,0.02,0.5,"explicit_euler","Predator-prey terms are illustrative and assume continuous well-mixed interaction."
"predator_prey_coupled_system",11.02,40.3404731810484,8.92105613654468,10.2443499355885,2.73706444818582,0.7,0.05,0.02,0.5,"explicit_euler","Predator-prey terms are illustrative and assume continuous well-mixed interaction."
"predator_prey_coupled_system",11.03,40.4429166804043,8.94842678102654,10.2150177399953,2.76379618400182,0.7,0.05,0.02,0.5,"explicit_euler","Predator-prey terms are illustrative and assume continuous well-mixed interaction."
"predator_prey_coupled_system",11.04,40.5450668578042,8.97606474286655,10.1847895444878,2.7906705309568,0.7,0.05,0.02,0.5,"explicit_euler","Predator-prey terms are illustrative and assume continuous well-mixed interaction."
"predator_prey_coupled_system",11.05,40.6469147532491,9.00397144817612,10.1536573325392,2.81768747380602,0.7,0.05,0.02,0.5,"explicit_euler","Predator-prey terms are illustrative and assume continuous well-mixed interaction."
"predator_prey_coupled_system",11.06,40.7484513265745,9.03214832291418,10.1216131130686,2.84484696475631,0.7,0.05,0.02,0.5,"explicit_euler","Predator-prey terms are illustrative and assume continuous well-mixed interaction."
"predator_prey_coupled_system",11.07,40.8496674577052,9.06059679256175,10.0886489231687,2.87214892260908,0.7,0.05,0.02,0.5,"explicit_euler","Predator-prey terms are illustrative and assume continuous well-mixed interaction."
"predator_prey_coupled_system",11.08,40.9505539469369,9.08931828178784,10.0547568308942,2.89959323189073,0.7,0.05,0.02,0.5,"explicit_euler","Predator-prey terms are illustrative and assume continuous well-mixed interaction."
"predator_prey_coupled_system",11.09,41.0511015152458,9.11831421410674,10.0199289381118,2.92717974197073,0.7,0.05,0.02,0.5,"explicit_euler","Predator-prey terms are illustrative and assume continuous well-mixed interaction."
"predator_prey_coupled_system",11.1,41.1513008046269,9.14758601152645,9.98415738341273,2.95490826616722,0.7,0.05,0.02,0.5,"explicit_euler","Predator-prey terms are illustrative and assume continuous well-mixed interaction."
"predator_prey_coupled_system",11.11,41.2511423784611,9.17713509418812,9.94743434508644,2.98277858084046,0.7,0.05,0.02,0.5,"explicit_euler","Predator-prey terms are illustrative and assume continuous well-mixed interaction."
"predator_prey_coupled_system",11.12,41.3506167219119,9.20696287999653,9.909752044158,3.01079042447387,0.7,0.05,0.02,0.5,"explicit_euler","Predator-prey terms are illustrative and assume continuous well-mixed interaction."
"predator_prey_coupled_system",11.13,41.4497142423535,9.23707078424127,9.87110274748781,3.03894349674322,0.7,0.05,0.02,0.5,"explicit_euler","Predator-prey terms are illustrative and assume continuous well-mixed interaction."
"predator_prey_coupled_system",11.14,41.5484252698284,9.2674602192087,9.83147877093486,3.06723745757365,0.7,0.05,0.02,0.5,"explicit_euler","Predator-prey terms are illustrative and assume continuous well-mixed interaction."
"predator_prey_coupled_system",11.15,41.6467400575377,9.29813259378444,9.79087248258344,3.09567192618497,0.7,0.05,0.02,0.5,"explicit_euler","Predator-prey terms are illustrative and assume continuous well-mixed interaction."
"predator_prey_coupled_system",11.16,41.7446487823636,9.32908931304629,9.74927630603356,3.12424648012523,0.7,0.05,0.02,0.5,"explicit_euler","Predator-prey terms are illustrative and assume continuous well-mixed interaction."
"predator_prey_coupled_system",11.17,41.8421415454239,9.36033177784754,9.70668272375543,3.15296065429275,0.7,0.05,0.02,0.5,"explicit_euler","Predator-prey terms are illustrative and assume continuous well-mixed interaction."
"predator_prey_coupled_system",11.18,41.9392083726615,9.39186138439046,9.6630842805078,3.18181393994686,0.7,0.05,0.02,0.5,"explicit_euler","Predator-prey terms are illustrative and assume continuous well-mixed interaction."
"predator_prey_coupled_system",11.19,42.0358392154665,9.42367952378993,9.61847358682067,3.21080578370739,0.7,0.05,0.02,0.5,"explicit_euler","Predator-prey terms are illustrative and assume continuous well-mixed interaction."
"predator_prey_coupled_system",11.2,42.1320239513347,9.45578758162701,9.57284332254218,3.23993558654335,0.7,0.05,0.02,0.5,"explicit_euler","Predator-prey terms are illustrative and assume continuous well-mixed interaction."
"predator_prey_coupled_system",11.21,42.2277523845602,9.48818693749244,9.52618624044966,3.26920270275076,0.7,0.05,0.02,0.5,"explicit_euler","Predator-prey terms are illustrative and assume continuous well-mixed interaction."
"predator_prey_coupled_system",11.22,42.3230142469647,9.52087896451995,9.47849516992506,3.29860643892011,0.7,0.05,0.02,0.5,"explicit_euler","Predator-prey terms are illustrative and assume continuous well-mixed interaction."
"predator_prey_coupled_system",11.23,42.4177991986639,9.55386502890915,9.42976302069445,3.32814605289354,0.7,0.05,0.02,0.5,"explicit_euler","Predator-prey terms are illustrative and assume continuous well-mixed interaction."
"predator_prey_coupled_system",11.24,42.5120968288709,9.58714648943809,9.37998278663154,3.35782075271218,0.7,0.05,0.02,0.5,"explicit_euler","Predator-prey terms are illustrative and assume continuous well-mixed interaction."
"predator_prey_coupled_system",11.25,42.6058966567372,9.62072469696521,9.32914754962509,3.38762969555377,0.7,0.05,0.02,0.5,"explicit_euler","Predator-prey terms are illustrative and assume continuous well-mixed interaction."
"predator_prey_coupled_system",11.26,42.6991881322334,9.65460099392074,9.27725048350991,3.41757198666102,0.7,0.05,0.02,0.5,"explicit_euler","Predator-prey terms are illustrative and assume continuous well-mixed interaction."
"predator_prey_coupled_system",11.27,42.7919606370685,9.68877671378735,9.22428485806124,3.44764667826102,0.7,0.05,0.02,0.5,"explicit_euler","Predator-prey terms are illustrative and assume continuous well-mixed interaction."
"predator_prey_coupled_system",11.28,42.8842034856491,9.72325318056996,9.17024404305202,3.47785276847597,0.7,0.05,0.02,0.5,"explicit_euler","Predator-prey terms are illustrative and assume continuous well-mixed interaction."
"predator_prey_coupled_system",11.29,42.9759059260797,9.75803170825472,9.11512151237289,3.50818920022579,0.7,0.05,0.02,0.5,"explicit_euler","Predator-prey terms are illustrative and assume continuous well-mixed interaction."
"predator_prey_coupled_system",11.3,43.0670571412034,9.79311360025698,9.05891084821419,3.53865486012278,0.7,0.05,0.02,0.5,"explicit_euler","Predator-prey terms are illustrative and assume continuous well-mixed interaction."
"predator_prey_coupled_system",11.31,43.1576462496855,9.82850014885821,9.00160574530966,3.56924857735898,0.7,0.05,0.02,0.5,"explicit_euler","Predator-prey terms are illustrative and assume continuous well-mixed interaction."
"predator_prey_coupled_system",11.32,43.2476623071386,9.8641926346318,8.94320001524103,3.5999691225865,0.7,0.05,0.02,0.5,"explicit_euler","Predator-prey terms are illustrative and assume continuous well-mixed interaction."
"predator_prey_coupled_system",11.33,43.337094307291,9.90019232585766,8.8836875908031,3.63081520679142,0.7,0.05,0.02,0.5,"explicit_euler","Predator-prey terms are illustrative and assume continuous well-mixed interaction."
"predator_prey_coupled_system",11.34,43.4259311831991,9.93650047792558,8.82306253042831,3.66178548016163,0.7,0.05,0.02,0.5,"explicit_euler","Predator-prey terms are illustrative and assume continuous well-mixed interaction."
"predator_prey_coupled_system",11.35,43.5141618085034,9.97311833272719,8.76131902267023,3.69287853094925,0.7,0.05,0.02,0.5,"explicit_euler","Predator-prey terms are illustrative and assume continuous well-mixed interaction."
"predator_prey_coupled_system",11.36,43.6017749987301,10.0100471180367,8.69845139074495,3.72409288432809,0.7,0.05,0.02,0.5,"explicit_euler","Predator-prey terms are illustrative and assume continuous well-mixed interaction."
"predator_prey_coupled_system",11.37,43.6887595126375,10.04728804688,8.63445409712944,3.75542700124674,0.7,0.05,0.02,0.5,"explicit_euler","Predator-prey terms are illustrative and assume continuous well-mixed interaction."
"predator_prey_coupled_system",11.38,43.7751040536088,10.0848423168924,8.56932174821598,3.78687927727786,0.7,0.05,0.02,0.5,"explicit_euler","Predator-prey terms are illustrative and assume continuous well-mixed interaction."
"predator_prey_coupled_system",11.39,43.860797271091,10.1227111096652,8.50304909902137,3.81844804146432,0.7,0.05,0.02,0.5,"explicit_euler","Predator-prey terms are illustrative and assume continuous well-mixed interaction."
"predator_prey_coupled_system",11.4,43.9458277620812,10.1608955900799,8.43563105794985,3.85013155516286,0.7,0.05,0.02,0.5,"explicit_euler","Predator-prey terms are illustrative and assume continuous well-mixed interaction."
"predator_prey_coupled_system",11.41,44.0301840726607,10.1993969056315,8.36706269160848,3.88192801088586,0.7,0.05,0.02,0.5,"explicit_euler","Predator-prey terms are illustrative and assume continuous well-mixed interaction."
"predator_prey_coupled_system",11.42,44.1138546995768,10.2382161857403,8.29733922967351,3.91383553114192,0.7,0.05,0.02,0.5,"explicit_euler","Predator-prey terms are illustrative and assume continuous well-mixed interaction."
"predator_prey_coupled_system",11.43,44.1968280918735,10.2773545410518,8.22645606980644,3.94585216727612,0.7,0.05,0.02,0.5,"explicit_euler","Predator-prey terms are illustrative and assume continuous well-mixed interaction."
"predator_prey_coupled_system",11.44,44.2790926525716,10.3168130627245,8.1544087826181,3.97797589831053,0.7,0.05,0.02,0.5,"explicit_euler","Predator-prey terms are illustrative and assume continuous well-mixed interaction."
"predator_prey_coupled_system",11.45,44.3606367403977,10.3565928217076,8.08119311667927,4.01020462978585,0.7,0.05,0.02,0.5,"explicit_euler","Predator-prey terms are illustrative and assume continuous well-mixed interaction."
"predator_prey_coupled_system",11.46,44.4414486715645,10.3966948680055,8.00680500357596,4.04253619260494,0.7,0.05,0.02,0.5,"explicit_euler","Predator-prey terms are illustrative and assume continuous well-mixed interaction."
"predator_prey_coupled_system",11.47,44.5215167216003,10.4371202299315,7.93124056300773,4.07496834187922,0.7,0.05,0.02,0.5,"explicit_euler","Predator-prey terms are illustrative and assume continuous well-mixed interaction."
"predator_prey_coupled_system",11.48,44.6008291272304,10.4778699133503,7.85449610792696,4.10749875577856,0.7,0.05,0.02,0.5,"explicit_euler","Predator-prey terms are illustrative and assume continuous well-mixed interaction."
"predator_prey_coupled_system",11.49,44.6793740883096,10.5189449009081,7.77656814971721,4.14012503438576,0.7,0.05,0.02,0.5,"explicit_euler","Predator-prey terms are illustrative and assume continuous well-mixed interaction."
"predator_prey_coupled_system",11.5,44.7571397698068,10.560346151252,7.69745340340847,4.17284469855653,0.7,0.05,0.02,0.5,"explicit_euler","Predator-prey terms are illustrative and assume continuous well-mixed interaction."
"predator_prey_coupled_system",11.51,44.8341143038409,10.6020745982375,7.61714879292714,4.20565518878583,0.7,0.05,0.02,0.5,"explicit_euler","Predator-prey terms are illustrative and assume continuous well-mixed interaction."
"predator_prey_coupled_system",11.52,44.9102857917702,10.6441311501254,7.53565145637837,4.2385538640816,0.7,0.05,0.02,0.5,"explicit_euler","Predator-prey terms are illustrative and assume continuous well-mixed interaction."
"predator_prey_coupled_system",11.53,44.985642306334,10.6865166887662,7.45295875135851,4.271538000847,0.7,0.05,0.02,0.5,"explicit_euler","Predator-prey terms are illustrative and assume continuous well-mixed interaction."
"predator_prey_coupled_system",11.54,45.0601718938475,10.7292320687747,7.36906826029485,4.30460479177203,0.7,0.05,0.02,0.5,"explicit_euler","Predator-prey terms are illustrative and assume continuous well-mixed interaction."
"predator_prey_coupled_system",11.55,45.1338625764505,10.7722781166924,7.28397779581035,4.33775134473579,0.7,0.05,0.02,0.5,"explicit_euler","Predator-prey terms are illustrative and assume continuous well-mixed interaction."
"predator_prey_coupled_system",11.56,45.2067023544086,10.8156556301398,7.19768540611043,4.37097468172035,0.7,0.05,0.02,0.5,"explicit_euler","Predator-prey terms are illustrative and assume continuous well-mixed interaction."
"predator_prey_coupled_system",11.57,45.2786792084697,10.859365376957,7.11018938038894,4.40427173773746,0.7,0.05,0.02,0.5,"explicit_euler","Predator-prey terms are illustrative and assume continuous well-mixed interaction."
"predator_prey_coupled_system",11.58,45.3497811022736,10.9034080943343,7.0214882542505,4.43763935976924,0.7,0.05,0.02,0.5,"explicit_euler","Predator-prey terms are illustrative and assume continuous well-mixed interaction."
"predator_prey_coupled_system",11.59,45.4199959848161,10.947784487932,6.93158081514603,4.47107430572408,0.7,0.05,0.02,0.5,"explicit_euler","Predator-prey terms are illustrative and assume continuous well-mixed interaction."
"predator_prey_coupled_system",11.6,45.4893117929676,10.9924952309893,6.84046610781829,4.50457324340896,0.7,0.05,0.02,0.5,"explicit_euler","Predator-prey terms are illustrative and assume continuous well-mixed interaction."
"predator_prey_coupled_system",11.61,45.5577164540457,11.0375409634234,6.7481434397542,4.53813274951945,0.7,0.05,0.02,0.5,"explicit_euler","Predator-prey terms are illustrative and assume continuous well-mixed interaction."
"predator_prey_coupled_system",11.62,45.6251978884433,11.0829222909186,6.65461238664038,4.57174930864869,0.7,0.05,0.02,0.5,"explicit_euler","Predator-prey terms are illustrative and assume continuous well-mixed interaction."
"predator_prey_coupled_system",11.63,45.6917440123097,11.128639784005,6.55987279781859,4.60541931231676,0.7,0.05,0.02,0.5,"explicit_euler","Predator-prey terms are illustrative and assume continuous well-mixed interaction."
"predator_prey_coupled_system",11.64,45.7573427402879,11.1746939771282,6.46392480173721,4.63913905802162,0.7,0.05,0.02,0.5,"explicit_euler","Predator-prey terms are illustrative and assume continuous well-mixed interaction."
"predator_prey_coupled_system",11.65,45.8219819883052,11.2210853677084,6.36676881139512,4.67290474831321,0.7,0.05,0.02,0.5,"explicit_euler","Predator-prey terms are illustrative and assume continuous well-mixed interaction."
"predator_prey_coupled_system",11.66,45.8856496764192,11.2678144151916,6.26840552977414,4.70671248989194,0.7,0.05,0.02,0.5,"explicit_euler","Predator-prey terms are illustrative and assume continuous well-mixed interaction."
"predator_prey_coupled_system",11.67,45.9483337317169,11.3148815400905,6.16883595525582,4.74055829273317,0.7,0.05,0.02,0.5,"explicit_euler","Predator-prey terms are illustrative and assume continuous well-mixed interaction."
"predator_prey_coupled_system",11.68,46.0100220912695,11.3622871230178,6.06806138701883,4.77443806923902,0.7,0.05,0.02,0.5,"explicit_euler","Predator-prey terms are illustrative and assume continuous well-mixed interaction."
"predator_prey_coupled_system",11.69,46.0707027051397,11.4100315037102,5.96608343041225,4.80834763341911,0.7,0.05,0.02,0.5,"explicit_euler","Predator-prey terms are illustrative and assume continuous well-mixed interaction."
"predator_prey_coupled_system",11.7,46.1303635394438,11.4581149800444,5.86290400230093,4.8422827001017,0.7,0.05,0.02,0.5,"explicit_euler","Predator-prey terms are illustrative and assume continuous well-mixed interaction."
"predator_prey_coupled_system",11.71,46.1889925794668,11.5065378070454,5.75852533637803,4.87623888417679,0.7,0.05,0.02,0.5,"explicit_euler","Predator-prey terms are illustrative and assume continuous well-mixed interaction."
"predator_prey_coupled_system",11.72,46.2465778328306,11.5553001958872,5.65294998844047,4.91021169987279,0.7,0.05,0.02,0.5,"explicit_euler","Predator-prey terms are illustrative and assume continuous well-mixed interaction."
"predator_prey_coupled_system",11.73,46.303107332715,11.6044023128859,5.54618084162238,4.94419656006829,0.7,0.05,0.02,0.5,"explicit_euler","Predator-prey terms are illustrative and assume continuous well-mixed interaction."
"predator_prey_coupled_system",11.74,46.3585691411312,11.6538442784866,5.438221111582,4.97818877564065,0.7,0.05,0.02,0.5,"explicit_euler","Predator-prey terms are illustrative and assume continuous well-mixed interaction."
"predator_prey_coupled_system",11.75,46.4129513522471,11.703626166243,5.32907435163684,5.01218355485294,0.7,0.05,0.02,0.5,"explicit_euler","Predator-prey terms are illustrative and assume continuous well-mixed interaction."
"predator_prey_coupled_system",11.76,46.4662420957634,11.7537480017915,5.21874445784237,5.04617600278105,0.7,0.05,0.02,0.5,"explicit_euler","Predator-prey terms are illustrative and assume continuous well-mixed interaction."
"predator_prey_coupled_system",11.77,46.5184295403418,11.8042097618193,5.10723567400889,5.0801611207825,0.7,0.05,0.02,0.5,"explicit_euler","Predator-prey terms are illustrative and assume continuous well-mixed interaction."
"predator_prey_coupled_system",11.78,46.5695018970819,11.8550113730272,4.99455259665155,5.11413380600874,0.7,0.05,0.02,0.5,"explicit_euler","Predator-prey terms are illustrative and assume continuous well-mixed interaction."
"predator_prey_coupled_system",11.79,46.6194474230484,11.9061527110872,4.88070017986803,5.14808885096273,0.7,0.05,0.02,0.5,"explicit_euler","Predator-prey terms are illustrative and assume continuous well-mixed interaction."
"predator_prey_coupled_system",11.8,46.6682544248471,11.9576335995969,4.76568374013862,5.18202094310331,0.7,0.05,0.02,0.5,"explicit_euler","Predator-prey terms are illustrative and assume continuous well-mixed interaction."
"predator_prey_coupled_system",11.81,46.7159112622485,12.0094538090279,4.64950896104295,5.21592466449845,0.7,0.05,0.02,0.5,"explicit_euler","Predator-prey terms are illustrative and assume continuous well-mixed interaction."
"predator_prey_coupled_system",11.82,46.7624063518589,12.0616130556729,4.53218189788812,5.24979449152881,0.7,0.05,0.02,0.5,"explicit_euler","Predator-prey terms are illustrative and assume continuous well-mixed interaction."
"predator_prey_coupled_system",11.83,46.8077281708378,12.1141110005882,4.41370898224209,5.28362479464367,0.7,0.05,0.02,0.5,"explicit_euler","Predator-prey terms are illustrative and assume continuous well-mixed interaction."
"predator_prey_coupled_system",11.84,46.8518652606602,12.1669472485346,4.29409702636693,5.31740983817079,0.7,0.05,0.02,0.5,"explicit_euler","Predator-prey terms are illustrative and assume continuous well-mixed interaction."
"predator_prey_coupled_system",11.85,46.8948062309239,12.2201213469163,4.17335322754584,5.3511437801822,0.7,0.05,0.02,0.5,"explicit_euler","Predator-prey terms are illustrative and assume continuous well-mixed interaction."
"predator_prey_coupled_system",11.86,46.9365397631994,12.2736327847181,4.05148517229802,5.38482067241754,0.7,0.05,0.02,0.5,"explicit_euler","Predator-prey terms are illustrative and assume continuous well-mixed interaction."
"predator_prey_coupled_system",11.87,46.9770546149224,12.3274809914423,3.92850084047549,5.4184344602669,0.7,0.05,0.02,0.5,"explicit_euler","Predator-prey terms are illustrative and assume continuous well-mixed interaction."
"predator_prey_coupled_system",11.88,47.0163396233271,12.381665336045,3.80440860923558,5.45197898281486,0.7,0.05,0.02,0.5,"explicit_euler","Predator-prey terms are illustrative and assume continuous well-mixed interaction."
"predator_prey_coupled_system",11.89,47.0543837094195,12.4361851258731,3.67921725688313,5.48544797294762,0.7,0.05,0.02,0.5,"explicit_euler","Predator-prey terms are illustrative and assume continuous well-mixed interaction."
"predator_prey_coupled_system",11.9,47.0911758819883,12.4910396056026,3.55293596657608,5.51883505752498,0.7,0.05,0.02,0.5,"explicit_euler","Predator-prey terms are illustrative and assume continuous well-mixed interaction."
"predator_prey_coupled_system",11.91,47.1267052416541,12.5462279561779,3.42557432988813,5.55213375761895,0.7,0.05,0.02,0.5,"explicit_euler","Predator-prey terms are illustrative and assume continuous well-mixed interaction."
"predator_prey_coupled_system",11.92,47.1609609849529,12.6017492937541,3.29714235022239,5.58533748882084,0.7,0.05,0.02,0.5,"explicit_euler","Predator-prey terms are illustrative and assume continuous well-mixed interaction."
"predator_prey_coupled_system",11.93,47.1939324084552,12.6576026686423,3.16765044606938,5.61843956161856,0.7,0.05,0.02,0.5,"explicit_euler","Predator-prey terms are illustrative and assume continuous well-mixed interaction."
"predator_prey_coupled_system",11.94,47.2256089129159,12.7137870642584,3.03710945410319,5.65143318184594,0.7,0.05,0.02,0.5,"explicit_euler","Predator-prey terms are illustrative and assume continuous well-mixed interaction."
"predator_prey_coupled_system",11.95,47.2559800074569,12.7703013960769,2.90553063210936,5.68431145120573,0.7,0.05,0.02,0.5,"explicit_euler","Predator-prey terms are illustrative and assume continuous well-mixed interaction."
"predator_prey_coupled_system",11.96,47.285035313778,12.827144510589,2.77292566173795,5.71706736786817,0.7,0.05,0.02,0.5,"explicit_euler","Predator-prey terms are illustrative and assume continuous well-mixed interaction."
"predator_prey_coupled_system",11.97,47.3127645703954,12.8843151842676,2.63930665107548,5.74969382714668,0.7,0.05,0.02,0.5,"explicit_euler","Predator-prey terms are illustrative and assume continuous well-mixed interaction."
"predator_prey_coupled_system",11.98,47.3391576369061,12.9418121225391,2.5046861370292,5.78218362225247,0.7,0.05,0.02,0.5,"explicit_euler","Predator-prey terms are illustrative and assume continuous well-mixed interaction."
"predator_prey_coupled_system",11.99,47.3642044982764,12.9996339587616,2.36907708751725,5.81452944512967,0.7,0.05,0.02,0.5,"explicit_euler","Predator-prey terms are illustrative and assume continuous well-mixed interaction."
"predator_prey_coupled_system",12,47.3878952691516,13.0577792532129,2.23249290345835,5.84672388737263,0.7,0.05,0.02,0.5,"explicit_euler","Predator-prey terms are illustrative and assume continuous well-mixed interaction."
"predator_prey_coupled_system",12.01,47.4102201981862,13.1162464920867,2.09494742055454,5.87875944122698,0.7,0.05,0.02,0.5,"explicit_euler","Predator-prey terms are illustrative and assume continuous well-mixed interaction."
"predator_prey_coupled_system",12.02,47.4311696723917,13.1750340864989,1.95645491086044,5.91062850067603,0.7,0.05,0.02,0.5,"explicit_euler","Predator-prey terms are illustrative and assume continuous well-mixed interaction."
"predator_prey_coupled_system",12.03,47.4507342215003,13.2341403715057,1.81703008413301,5.94232336261403,0.7,0.05,0.02,0.5,"explicit_euler","Predator-prey terms are illustrative and assume continuous well-mixed interaction."
"predator_prey_coupled_system",12.04,47.4689045223416,13.2935636051318,1.67668808895521,5.97383622810765,0.7,0.05,0.02,0.5,"explicit_euler","Predator-prey terms are illustrative and assume continuous well-mixed interaction."
"predator_prey_coupled_system",12.05,47.4856714032312,13.3533019674129,1.53544451362733,6.00515920374734,0.7,0.05,0.02,0.5,"explicit_euler","Predator-prey terms are illustrative and assume continuous well-mixed interaction."
"predator_prey_coupled_system",12.06,47.5010258483675,13.4133535594504,1.39331538682001,6.03628430308969,0.7,0.05,0.02,0.5,"explicit_euler","Predator-prey terms are illustrative and assume continuous well-mixed interaction."
"predator_prey_coupled_system",12.07,47.5149590022357,13.4737164024813,1.25031717798256,6.06720344819232,0.7,0.05,0.02,0.5,"explicit_euler","Predator-prey terms are illustrative and assume continuous well-mixed interaction."
"predator_prey_coupled_system",12.08,47.5274621740155,13.5343884369632,1.10646679750078,6.09790847124242,0.7,0.05,0.02,0.5,"explicit_euler","Predator-prey terms are illustrative and assume continuous well-mixed interaction."
"predator_prey_coupled_system",12.09,47.5385268419905,13.5953675216756,0.961781596598222,6.12839111628024,0.7,0.05,0.02,0.5,"explicit_euler","Predator-prey terms are illustrative and assume continuous well-mixed interaction."
"predator_prey_coupled_system",12.1,47.5481446579565,13.6566514328384,0.816279366975024,6.15864304101859,0.7,0.05,0.02,0.5,"explicit_euler","Predator-prey terms are illustrative and assume continuous well-mixed interaction."
"predator_prey_coupled_system",12.11,47.5563074516262,13.7182378632486,0.669978340178808,6.18865581875951,0.7,0.05,0.02,0.5,"explicit_euler","Predator-prey terms are illustrative and assume continuous well-mixed interaction."
"predator_prey_coupled_system",12.12,47.563007235028,13.7801244214362,0.522897186701776,6.21842094040903,0.7,0.05,0.02,0.5,"explicit_euler","Predator-prey terms are illustrative and assume continuous well-mixed interaction."
"predator_prey_coupled_system",12.13,47.568236206895,13.8423086308403,0.37505501479886,6.24792981659091,0.7,0.05,0.02,0.5,"explicit_euler","Predator-prey terms are illustrative and assume continuous well-mixed interaction."
"predator_prey_coupled_system",12.14,47.571986757043,13.9047879290062,0.226471369021368,6.2771737798604,0.7,0.05,0.02,0.5,"explicit_euler","Predator-prey terms are illustrative and assume continuous well-mixed interaction."
"predator_prey_coupled_system",12.15,47.5742514707332,13.9675596668048,0.0771662284611097,6.30614408701846,0.7,0.05,0.02,0.5,"explicit_euler","Predator-prey terms are illustrative and assume continuous well-mixed interaction."
"predator_prey_coupled_system",12.16,47.5750231330179,14.030621107675,-0.0728399952998302,6.33483192152743,0.7,0.05,0.02,0.5,"explicit_euler","Predator-prey terms are illustrative and assume continuous well-mixed interaction."
"predator_prey_coupled_system",12.17,47.5742947330649,14.0939694268903,-0.22352646053875,6.36322839602852,0.7,0.05,0.02,0.5,"explicit_euler","Predator-prey terms are illustrative and assume continuous well-mixed interaction."
"predator_prey_coupled_system",12.18,47.5720594684595,14.1576017108506,-0.374871898045683,6.39132455496164,0.7,0.05,0.02,0.5,"explicit_euler","Predator-prey terms are illustrative and assume continuous well-mixed interaction."
"predator_prey_coupled_system",12.19,47.568310749479,14.2215149564002,-0.526854614085032,6.41911137728805,0.7,0.05,0.02,0.5,"explicit_euler","Predator-prey terms are illustrative and assume continuous well-mixed interaction."
"predator_prey_coupled_system",12.2,47.5630422033382,14.285706070173,-0.679452493669537,6.44657977931597,0.7,0.05,0.02,0.5,"explicit_euler","Predator-prey terms are illustrative and assume continuous well-mixed interaction."
"predator_prey_coupled_system",12.21,47.5562476784015,14.3501718679662,-0.832643004150484,6.4737206176295,0.7,0.05,0.02,0.5,"explicit_euler","Predator-prey terms are illustrative and assume continuous well-mixed interaction."
"predator_prey_coupled_system",12.22,47.54792124836,14.4149090741425,-0.986403199127892,6.50052469212069,0.7,0.05,0.02,0.5,"explicit_euler","Predator-prey terms are illustrative and assume continuous well-mixed interaction."
"predator_prey_coupled_system",12.23,47.5380572163687,14.4799143210637,-1.14070972268407,6.526982749125,0.7,0.05,0.02,0.5,"explicit_euler","Predator-prey terms are illustrative and assume continuous well-mixed interaction."
"predator_prey_coupled_system",12.24,47.5266501191418,14.545184148555,-1.2955388139437,6.55308548465971,0.7,0.05,0.02,0.5,"explicit_euler","Predator-prey terms are illustrative and assume continuous well-mixed interaction."
"predator_prey_coupled_system",12.25,47.5136947310024,14.6107150034016,-1.45086631196324,6.57882354776519,0.7,0.05,0.02,0.5,"explicit_euler","Predator-prey terms are illustrative and assume continuous well-mixed interaction."
"predator_prey_coupled_system",12.26,47.4991860678828,14.6765032388792,-1.60666766095245,6.60418754394855,0.7,0.05,0.02,0.5,"explicit_euler","Predator-prey terms are illustrative and assume continuous well-mixed interaction."
"predator_prey_coupled_system",12.27,47.4831193912732,14.7425451143187,-1.76291791583007,6.62916803872919,0.7,0.05,0.02,0.5,"explicit_euler","Predator-prey terms are illustrative and assume continuous well-mixed interaction."
"predator_prey_coupled_system",12.28,47.4654902121149,14.808836794706,-1.91959174811578,6.6537555612855,0.7,0.05,0.02,0.5,"explicit_euler","Predator-prey terms are illustrative and assume continuous well-mixed interaction."
"predator_prey_coupled_system",12.29,47.4462942946338,14.8753743503188,-2.07666345216009,6.67794060820207,0.7,0.05,0.02,0.5,"explicit_euler","Predator-prey terms are illustrative and assume continuous well-mixed interaction."
"predator_prey_coupled_system",12.3,47.4255276601122,14.9421537564009,-2.23410695171339,6.70171364731633,0.7,0.05,0.02,0.5,"explicit_euler","Predator-prey terms are illustrative and assume continuous well-mixed interaction."
"predator_prey_coupled_system",12.31,47.4031865905951,15.009170892874,-2.39189580683524,6.7250651216637,0.7,0.05,0.02,0.5,"explicit_euler","Predator-prey terms are illustrative and assume continuous well-mixed interaction."
"predator_prey_coupled_system",12.32,47.3792676325267,15.0764215440907,-2.55000322114446,6.74798545351993,0.7,0.05,0.02,0.5,"explicit_euler","Predator-prey terms are illustrative and assume continuous well-mixed interaction."
"predator_prey_coupled_system",12.33,47.3537676003153,15.1439013986259,-2.70840204941023,6.77046504853944,0.7,0.05,0.02,0.5,"explicit_euler","Predator-prey terms are illustrative and assume continuous well-mixed interaction."
"predator_prey_coupled_system",12.34,47.3266835798212,15.2116060491113,-2.86706480548428,6.79249429998801,0.7,0.05,0.02,0.5,"explicit_euler","Predator-prey terms are illustrative and assume continuous well-mixed interaction."
"predator_prey_coupled_system",12.35,47.2980129317663,15.2795309921111,-3.02596367057342,6.81406359306837,0.7,0.05,0.02,0.5,"explicit_euler","Predator-prey terms are illustrative and assume continuous well-mixed interaction."
"predator_prey_coupled_system",12.36,47.2677532950606,15.3476716280418,-3.18507050185167,6.83516330933672,0.7,0.05,0.02,0.5,"explicit_euler","Predator-prey terms are illustrative and assume continuous well-mixed interaction."
"predator_prey_coupled_system",12.37,47.2359025900421,15.4160232611352,-3.34435684141077,6.85578383120849,0.7,0.05,0.02,0.5,"explicit_euler","Predator-prey terms are illustrative and assume continuous well-mixed interaction."
"predator_prey_coupled_system",12.38,47.202459021628,15.4845810994473,-3.50379392554717,6.87591554655106,0.7,0.05,0.02,0.5,"explicit_euler","Predator-prey terms are illustrative and assume continuous well-mixed interaction."
"predator_prey_coupled_system",12.39,47.1674210823725,15.5533402549128,-3.66335269438355,6.89554885336132,0.7,0.05,0.02,0.5,"explicit_euler","Predator-prey terms are illustrative and assume continuous well-mixed interaction."
"predator_prey_coupled_system",12.4,47.1307875554286,15.6222957434464,-3.82300380182242,6.91467416452579,0.7,0.05,0.02,0.5,"explicit_euler","Predator-prey terms are illustrative and assume continuous well-mixed interaction."
"predator_prey_coupled_system",12.41,47.0925575174104,15.6914424850917,-3.98271762582852,6.9332819126605,0.7,0.05,0.02,0.5,"explicit_euler","Predator-prey terms are illustrative and assume continuous well-mixed interaction."
"predator_prey_coupled_system",12.42,47.0527303411521,15.7607753042183,-4.14246427903709,6.95136255502831,0.7,0.05,0.02,0.5,"explicit_euler","Predator-prey terms are illustrative and assume continuous well-mixed interaction."
"predator_prey_coupled_system",12.43,47.0113056983618,15.8302889297685,-4.30221361968381,6.96890657853055,0.7,0.05,0.02,0.5,"explicit_euler","Predator-prey terms are illustrative and assume continuous well-mixed interaction."
"predator_prey_coupled_system",12.44,46.9682835621649,15.8999779955538,-4.46193526285234,6.98590450477019,0.7,0.05,0.02,0.5,"explicit_euler","Predator-prey terms are illustrative and assume continuous well-mixed interaction."
"predator_prey_coupled_system",12.45,46.9236642095364,15.9698370406015,-4.6215985920347,7.0023468951833,0.7,0.05,0.02,0.5,"explicit_euler","Predator-prey terms are illustrative and assume continuous well-mixed interaction."
"predator_prey_coupled_system",12.46,46.8774482236161,16.0398605095534,-4.78117277099939,7.01822435623556,0.7,0.05,0.02,0.5,"explicit_euler","Predator-prey terms are illustrative and assume continuous well-mixed interaction."
"predator_prey_coupled_system",12.47,46.8296364959061,16.1100427531157,-4.94062675596155,7.03352754468045,0.7,0.05,0.02,0.5,"explicit_euler","Predator-prey terms are illustrative and assume continuous well-mixed interaction."
"predator_prey_coupled_system",12.48,46.7802302283464,16.1803780285625,-5.0999293080492,7.04824717287541,0.7,0.05,0.02,0.5,"explicit_euler","Predator-prey terms are illustrative and assume continuous well-mixed interaction."
"predator_prey_coupled_system",12.49,46.729230935266,16.2508605002913,-5.25904900605902,7.06237401415243,0.7,0.05,0.02,0.5,"explicit_euler","Predator-prey terms are illustrative and assume continuous well-mixed interaction."
"predator_prey_coupled_system",12.5,46.6766404452054,16.3214842404328,-5.41795425949469,7.07589890823896,0.7,0.05,0.02,0.5,"explicit_euler","Predator-prey terms are illustrative and assume continuous well-mixed interaction."
"predator_prey_coupled_system",12.51,46.6224609026104,16.3922432295152,-5.57661332188037,7.08881276672546,0.7,0.05,0.02,0.5,"explicit_euler","Predator-prey terms are illustrative and assume continuous well-mixed interaction."
"predator_prey_coupled_system",12.52,46.5666947693916,16.4631313571825,-5.73499430434167,7.10110657857509,0.7,0.05,0.02,0.5,"explicit_euler","Predator-prey terms are illustrative and assume continuous well-mixed interaction."
"predator_prey_coupled_system",12.53,46.5093448263482,16.5341424229682,-5.89306518944532,7.11277141567152,0.7,0.05,0.02,0.5,"explicit_euler","Predator-prey terms are illustrative and assume continuous well-mixed interaction."
"predator_prey_coupled_system",12.54,46.4504141744537,16.6052701371249,-6.05079384528946,7.12379843840037,0.7,0.05,0.02,0.5,"explicit_euler","Predator-prey terms are illustrative and assume continuous well-mixed interaction."
"predator_prey_coupled_system",12.55,46.3899062360009,16.6765081215089,-6.20814803983474,7.13417890125966,0.7,0.05,0.02,0.5,"explicit_euler","Predator-prey terms are illustrative and assume continuous well-mixed interaction."
"predator_prey_coupled_system",12.56,46.3278247556025,16.7478499105215,-6.36509545546699,7.14390415849473,0.7,0.05,0.02,0.5,"explicit_euler","Predator-prey terms are illustrative and assume continuous well-mixed interaction."
"predator_prey_coupled_system",12.57,46.2641738010478,16.8192889521065,-6.52160370378143,7.15296566975272,0.7,0.05,0.02,0.5,"explicit_euler","Predator-prey terms are illustrative and assume continuous well-mixed interaction."
"predator_prey_coupled_system",12.58,46.19895776401,16.890818608804,-6.67764034057755,7.16135500575182,0.7,0.05,0.02,0.5,"explicit_euler","Predator-prey terms are illustrative and assume continuous well-mixed interaction."
"predator_prey_coupled_system",12.59,46.1321813606042,16.9624321588615,-6.83317288105433,7.16906385396016,0.7,0.05,0.02,0.5,"explicit_euler","Predator-prey terms are illustrative and assume continuous well-mixed interaction."
"predator_prey_coupled_system",12.6,46.0638496317937,17.0341227974011,-6.98816881519415,7.17608402427933,0.7,0.05,0.02,0.5,"explicit_euler","Predator-prey terms are illustrative and assume continuous well-mixed interaction."
"predator_prey_coupled_system",12.61,45.9939679436418,17.1058836376439,-7.14259562332381,7.18240745472725,0.7,0.05,0.02,0.5,"explicit_euler","Predator-prey terms are illustrative and assume continuous well-mixed interaction."
"predator_prey_coupled_system",12.62,45.9225419874085,17.1777077121912,-7.29642079184061,7.18802621711503,0.7,0.05,0.02,0.5,"explicit_euler","Predator-prey terms are illustrative and assume continuous well-mixed interaction."
"predator_prey_coupled_system",12.63,45.8495777794901,17.2495879743623,-7.44961182909111,7.1929325227125,0.7,0.05,0.02,0.5,"explicit_euler","Predator-prey terms are illustrative and assume continuous well-mixed interaction."
"predator_prey_coupled_system",12.64,45.7750816611992,17.3215172995895,-7.6021362813897,7.19711872789692,0.7,0.05,0.02,0.5,"explicit_euler","Predator-prey terms are illustrative and assume continuous well-mixed interaction."
"predator_prey_coupled_system",12.65,45.6990602983853,17.3934884868684,-7.75396174916386,7.20057733977921,0.7,0.05,0.02,0.5,"explicit_euler","Predator-prey terms are illustrative and assume continuous well-mixed interaction."
"predator_prey_coupled_system",12.66,45.6215206808937,17.4654942602662,-7.9050559032127,7.2033010218022,0.7,0.05,0.02,0.5,"explicit_euler","Predator-prey terms are illustrative and assume continuous well-mixed interaction."
"predator_prey_coupled_system",12.67,45.5424701218615,17.5375272704843,-8.05538650106498,7.2052825993051,0.7,0.05,0.02,0.5,"explicit_euler","Predator-prey terms are illustrative and assume continuous well-mixed interaction."
"predator_prey_coupled_system",12.68,45.4619162568509,17.6095800964773,-8.20492140342235,7.20651506504854,0.7,0.05,0.02,0.5,"explicit_euler","Predator-prey terms are illustrative and assume continuous well-mixed interaction."
"predator_prey_coupled_system",12.69,45.3798670428167,17.6816452471278,-8.35362859067385,7.20699158469432,0.7,0.05,0.02,0.5,"explicit_euler","Predator-prey terms are illustrative and assume continuous well-mixed interaction."
"predator_prey_coupled_system",12.7,45.2963307569099,17.7537151629747,-8.50147617946658,7.20670550223405,0.7,0.05,0.02,0.5,"explicit_euler","Predator-prey terms are illustrative and assume continuous well-mixed interaction."
"predator_prey_coupled_system",12.71,45.2113159951153,17.8257822179971,-8.64843243931793,7.20565034536091,0.7,0.05,0.02,0.5,"explicit_euler","Predator-prey terms are illustrative and assume continuous well-mixed interaction."
"predator_prey_coupled_system",12.72,45.1248316707221,17.8978387214507,-8.79446580925423,7.20381983077854,0.7,0.05,0.02,0.5,"explicit_euler","Predator-prey terms are illustrative and assume continuous well-mixed interaction."
"predator_prey_coupled_system",12.73,45.0368870126296,17.9698769197585,-8.9395449144604,7.2012078694412,0.7,0.05,0.02,0.5,"explicit_euler","Predator-prey terms are illustrative and assume continuous well-mixed interaction."
"predator_prey_coupled_system",12.74,44.947491563485,18.0418889984529,-9.08363858292518,7.19780857171942,0.7,0.05,0.02,0.5,"explicit_euler","Predator-prey terms are illustrative and assume continuous well-mixed interaction."
"predator_prey_coupled_system",12.75,44.8566551776557,18.1138670841701,-9.22671586206625,7.19361625248506,0.7,0.05,0.02,0.5,"explicit_euler","Predator-prey terms are illustrative and assume continuous well-mixed interaction."
"predator_prey_coupled_system",12.76,44.764388019035,18.1858032466949,-9.36874603531941,7.18862543611012,0.7,0.05,0.02,0.5,"explicit_euler","Predator-prey terms are illustrative and assume continuous well-mixed interaction."
"predator_prey_coupled_system",12.77,44.6707005586818,18.257689501056,-9.50969863867586,7.18283086137325,0.7,0.05,0.02,0.5,"explicit_euler","Predator-prey terms are illustrative and assume continuous well-mixed interaction."
"predator_prey_coupled_system",12.78,44.5756035722951,18.3295178096698,-9.64954347715153,7.17622748626835,0.7,0.05,0.02,0.5,"explicit_euler","Predator-prey terms are illustrative and assume continuous well-mixed interaction."
"predator_prey_coupled_system",12.79,44.4791081375236,18.4012800845324,-9.78825064117237,7.16881049270933,0.7,0.05,0.02,0.5,"explicit_euler","Predator-prey terms are illustrative and assume continuous well-mixed interaction."
"predator_prey_coupled_system",12.8,44.3812256311119,18.4729681894595,-9.92579052285948,7.16057529112534,0.7,0.05,0.02,0.5,"explicit_euler","Predator-prey terms are illustrative and assume continuous well-mixed interaction."
"predator_prey_coupled_system",12.81,44.2819677258833,18.5445739423708,-10.0621338321977,7.15151752494099,0.7,0.05,0.02,0.5,"explicit_euler","Predator-prey terms are illustrative and assume continuous well-mixed interaction."
"predator_prey_coupled_system",12.82,44.1813463875613,18.6160891176202,-10.1972516130715,7.14163307493566,0.7,0.05,0.02,0.5,"explicit_euler","Predator-prey terms are illustrative and assume continuous well-mixed interaction."
"predator_prey_coupled_system",12.83,44.0793738714306,18.6875054483696,-10.3311152591525,7.13091806347677,0.7,0.05,0.02,0.5,"explicit_euler","Predator-prey terms are illustrative and assume continuous well-mixed interaction."
"predator_prey_coupled_system",12.84,43.976062718839,18.7588146290043,-10.4636965296211,7.11936885862123,0.7,0.05,0.02,0.5,"explicit_euler","Predator-prey terms are illustrative and assume continuous well-mixed interaction."
"predator_prey_coupled_system",12.85,43.8714257535428,18.8300083175905,-10.5949675647084,7.10698207808007,0.7,0.05,0.02,0.5,"explicit_euler","Predator-prey terms are illustrative and assume continuous well-mixed interaction."
"predator_prey_coupled_system",12.86,43.7654760778957,18.9010781383713,-10.7249009010394,7.09375459304091,0.7,0.05,0.02,0.5,"explicit_euler","Predator-prey terms are illustrative and assume continuous well-mixed interaction."
"predator_prey_coupled_system",12.87,43.6582270688854,18.9720156843017,-10.8534694867653,7.07968353184313,0.7,0.05,0.02,0.5,"explicit_euler","Predator-prey terms are illustrative and assume continuous well-mixed interaction."
"predator_prey_coupled_system",12.88,43.5496923740177,19.0428125196202,-10.9806466964652,7.06476628350094,0.7,0.05,0.02,0.5,"explicit_euler","Predator-prey terms are illustrative and assume continuous well-mixed interaction."
"predator_prey_coupled_system",12.89,43.4398859070531,19.1134601824552,-11.1064063458056,7.0490005010695,0.7,0.05,0.02,0.5,"explicit_euler","Predator-prey terms are illustrative and assume continuous well-mixed interaction."
"predator_prey_coupled_system",12.9,43.328821843595,19.1839501874659,-11.230722705939,7.03238410484926,0.7,0.05,0.02,0.5,"explicit_euler","Predator-prey terms are illustrative and assume continuous well-mixed interaction."
"predator_prey_coupled_system",12.91,43.2165146165356,19.2542740285144,-11.3535705176287,7.01491528542428,0.7,0.05,0.02,0.5,"explicit_euler","Predator-prey terms are illustrative and assume continuous well-mixed interaction."
"predator_prey_coupled_system",12.92,43.1029789113593,19.3244231813686,-11.4749250050842,6.99659250652999,0.7,0.05,0.02,0.5,"explicit_euler","Predator-prey terms are illustrative and assume continuous well-mixed interaction."
"predator_prey_coupled_system",12.93,42.9882296613085,19.3943891064339,-11.5947618894921,6.97741450774625,0.7,0.05,0.02,0.5,"explicit_euler","Predator-prey terms are illustrative and assume continuous well-mixed interaction."
"predator_prey_coupled_system",12.94,42.8722820424136,19.4641632515114,-11.7130574022294,6.95738030701185,0.7,0.05,0.02,0.5,"explicit_euler","Predator-prey terms are illustrative and assume continuous well-mixed interaction."
"predator_prey_coupled_system",12.95,42.7551514683913,19.5337370545815,-11.8297882977441,6.93648920295643,0.7,0.05,0.02,0.5,"explicit_euler","Predator-prey terms are illustrative and assume continuous well-mixed interaction."
"predator_prey_coupled_system",12.96,42.6368535854138,19.6031019466111,-11.9449318660902,6.9147407770464,0.7,0.05,0.02,0.5,"explicit_euler","Predator-prey terms are illustrative and assume continuous well-mixed interaction."
"predator_prey_coupled_system",12.97,42.5174042667529,19.6722493543815,-12.0584659451034,6.89213489554141,0.7,0.05,0.02,0.5,"explicit_euler","Predator-prey terms are illustrative and assume continuous well-mixed interaction."
"predator_prey_coupled_system",12.98,42.3968196073019,19.7411707033369,-12.1703689322051,6.86867171125811,0.7,0.05,0.02,0.5,"explicit_euler","Predator-prey terms are illustrative and assume continuous well-mixed interaction."
"predator_prey_coupled_system",12.99,42.2751159179798,19.8098574204495,-12.2806197958219,6.84435166513837,0.7,0.05,0.02,0.5,"explicit_euler","Predator-prey terms are illustrative and assume continuous well-mixed interaction."
"predator_prey_coupled_system",13,42.1523097200216,19.8783009371009,-12.3891980864085,6.81917548761901,0.7,0.05,0.02,0.5,"explicit_euler","Predator-prey terms are illustrative and assume continuous well-mixed interaction."
"predator_prey_coupled_system",13.01,42.0284177391575,19.9464926919771,-12.496083947063,6.79314419980077,0.7,0.05,0.02,0.5,"explicit_euler","Predator-prey terms are illustrative and assume continuous well-mixed interaction."
"predator_prey_coupled_system",13.02,41.9034568996869,20.0144241339751,-12.6012581237231,6.76625911441403,0.7,0.05,0.02,0.5,"explicit_euler","Predator-prey terms are illustrative and assume continuous well-mixed interaction."
"predator_prey_coupled_system",13.03,41.7774443184497,20.0820867251192,-12.7047019749326,6.73852183657931,0.7,0.05,0.02,0.5,"explicit_euler","Predator-prey terms are illustrative and assume continuous well-mixed interaction."
"predator_prey_coupled_system",13.04,41.6503972987003,20.149471943485,-12.8063974811681,6.70993426436083,0.7,0.05,0.02,0.5,"explicit_euler","Predator-prey terms are illustrative and assume continuous well-mixed interaction."
"predator_prey_coupled_system",13.05,41.5223333238887,20.2165712861286,-12.9063272537175,6.68049858911148,0.7,0.05,0.02,0.5,"explicit_euler","Predator-prey terms are illustrative and assume continuous well-mixed interaction."
"predator_prey_coupled_system",13.06,41.3932700513515,20.2833762720198,-13.0044745430984,6.65021729560789,0.7,0.05,0.02,0.5,"explicit_euler","Predator-prey terms are illustrative and assume continuous well-mixed interaction."
"predator_prey_coupled_system",13.07,41.2632253059205,20.3498784449758,-13.1008232470123,6.61909316197474,0.7,0.05,0.02,0.5,"explicit_euler","Predator-prey terms are illustrative and assume continuous well-mixed interaction."
"predator_prey_coupled_system",13.08,41.1322170734504,20.4160693765956,-13.1953579178224,6.58712925939725,0.7,0.05,0.02,0.5,"explicit_euler","Predator-prey terms are illustrative and assume continuous well-mixed interaction."
"predator_prey_coupled_system",13.09,41.0002634942721,20.4819406691896,-13.2880637695505,6.55432895162164,0.7,0.05,0.02,0.5,"explicit_euler","Predator-prey terms are illustrative and assume continuous well-mixed interaction."
"predator_prey_coupled_system",13.1,40.8673828565766,20.5474839587058,-13.3789266843862,6.52069589424303,0.7,0.05,0.02,0.5,"explicit_euler","Predator-prey terms are illustrative and assume continuous well-mixed interaction."
"predator_prey_coupled_system",13.11,40.7335935897328,20.6126909176482,-13.4679332187,6.48623403378106,0.7,0.05,0.02,0.5,"explicit_euler","Predator-prey terms are illustrative and assume continuous well-mixed interaction."
"predator_prey_coupled_system",13.12,40.5989142575458,20.677553257986,-13.5550706085585,6.4509476065432,0.7,0.05,0.02,0.5,"explicit_euler","Predator-prey terms are illustrative and assume continuous well-mixed interaction."
"predator_prey_coupled_system",13.13,40.4633635514602,20.7420627340514,-13.6403267747338,6.41484113727664,0.7,0.05,0.02,0.5,"explicit_euler","Predator-prey terms are illustrative and assume continuous well-mixed interaction."
"predator_prey_coupled_system",13.14,40.3269602837129,20.8062111454242,-13.7236903272043,6.37791943760921,0.7,0.05,0.02,0.5,"explicit_euler","Predator-prey terms are illustrative and assume continuous well-mixed interaction."
"predator_prey_coupled_system",13.15,40.1897233804408,20.8699903398003,-13.8051505691438,6.34018760428077,0.7,0.05,0.02,0.5,"explicit_euler","Predator-prey terms are illustrative and assume continuous well-mixed interaction."
"predator_prey_coupled_system",13.16,40.0516718747494,20.9333922158431,-13.8846975003945,6.30165101716607,0.7,0.05,0.02,0.5,"explicit_euler","Predator-prey terms are illustrative and assume continuous well-mixed interaction."
"predator_prey_coupled_system",13.17,39.9128248997454,20.9964087260148,-13.9623218204239,6.26231533709091,0.7,0.05,0.02,0.5,"explicit_euler","Predator-prey terms are illustrative and assume continuous well-mixed interaction."
"predator_prey_coupled_system",13.18,39.7732016815412,21.0590318793857,-14.0380149307618,6.2221865034434,0.7,0.05,0.02,0.5,"explicit_euler","Predator-prey terms are illustrative and assume continuous well-mixed interaction."
"predator_prey_coupled_system",13.19,39.6328215322336,21.1212537444201,-14.1117689369176,6.1812707315824,0.7,0.05,0.02,0.5,"explicit_euler","Predator-prey terms are illustrative and assume continuous well-mixed interaction."
"predator_prey_coupled_system",13.2,39.4917038428644,21.1830664517359,-14.1835766497785,6.13957451004548,0.7,0.05,0.02,0.5,"explicit_euler","Predator-prey terms are illustrative and assume continuous well-mixed interaction."
"predator_prey_coupled_system",13.21,39.3498680763666,21.2444621968364,-14.2534315864869,6.0971045975592,0.7,0.05,0.02,0.5,"explicit_euler","Predator-prey terms are illustrative and assume continuous well-mixed interaction."
"predator_prey_coupled_system",13.22,39.2073337605017,21.305433242812,-14.3213279707997,6.05386801985438,0.7,0.05,0.02,0.5,"explicit_euler","Predator-prey terms are illustrative and assume continuous well-mixed interaction."
"predator_prey_coupled_system",13.23,39.0641204807937,21.3659719230105,-14.3872607329314,6.00987206628953,0.7,0.05,0.02,0.5,"explicit_euler","Predator-prey terms are illustrative and assume continuous well-mixed interaction."
"predator_prey_coupled_system",13.24,38.9202478734644,21.4260706436734,-14.4512255088814,5.96512428628587,0.7,0.05,0.02,0.5,"explicit_euler","Predator-prey terms are illustrative and assume continuous well-mixed interaction."
"predator_prey_coupled_system",13.25,38.7757356183756,21.4857218865363,-14.513218639251,5.91963248557741,0.7,0.05,0.02,0.5,"explicit_euler","Predator-prey terms are illustrative and assume continuous well-mixed interaction."
"predator_prey_coupled_system",13.26,38.6306034319831,21.5449182113921,-14.5732371675517,5.87340472227992,0.7,0.05,0.02,0.5,"explicit_euler","Predator-prey terms are illustrative and assume continuous well-mixed interaction."
"predator_prey_coupled_system",13.27,38.4848710603076,21.6036522586149,-14.6312788380105,5.82644930278289,0.7,0.05,0.02,0.5,"explicit_euler","Predator-prey terms are illustrative and assume continuous well-mixed interaction."
"predator_prey_coupled_system",13.28,38.3385582719275,21.6619167516427,-14.6873420928755,5.77877477746857,0.7,0.05,0.02,0.5,"explicit_euler","Predator-prey terms are illustrative and assume continuous well-mixed interaction."
"predator_prey_coupled_system",13.29,38.1916848509987,21.7197044994174,-14.7414260692293,5.73038993626267,0.7,0.05,0.02,0.5,"explicit_euler","Predator-prey terms are illustrative and assume continuous well-mixed interaction."
"predator_prey_coupled_system",13.3,38.0442705903064,21.77700839878,-14.7935305953136,5.68130380402124,0.7,0.05,0.02,0.5,"explicit_euler","Predator-prey terms are illustrative and assume continuous well-mixed interaction."
"predator_prey_coupled_system",13.31,37.8963352843533,21.8338214368202,-14.8436561863747,5.63152563575868,0.7,0.05,0.02,0.5,"explicit_euler","Predator-prey terms are illustrative and assume continuous well-mixed interaction."
"predator_prey_coupled_system",13.32,37.7478987224896,21.8901366931778,-14.8918040400337,5.58106491172166,0.7,0.05,0.02,0.5,"explicit_euler","Predator-prey terms are illustrative and assume continuous well-mixed interaction."
"predator_prey_coupled_system",13.33,37.5989806820892,21.945947342295,-14.9379760311924,5.52993133231444,0.7,0.05,0.02,0.5,"explicit_euler","Predator-prey terms are illustrative and assume continuous well-mixed interaction."
"predator_prey_coupled_system",13.34,37.4496009217773,22.0012466556182,-14.9821747064803,5.47813481288067,0.7,0.05,0.02,0.5,"explicit_euler","Predator-prey terms are illustrative and assume continuous well-mixed interaction."
"predator_prey_coupled_system",13.35,37.2997791747125,22.056028003747,-15.0244032782531,5.42568547834725,0.7,0.05,0.02,0.5,"explicit_euler","Predator-prey terms are illustrative and assume continuous well-mixed interaction."
"predator_prey_coupled_system",13.36,37.14953514193,22.1102848585304,-15.0646656181519,5.37259365773595,0.7,0.05,0.02,0.5,"explicit_euler","Predator-prey terms are illustrative and assume continuous well-mixed interaction."
"predator_prey_coupled_system",13.37,36.9988884857484,22.1640107951078,-15.102966250232,5.31886987854846,0.7,0.05,0.02,0.5,"explicit_euler","Predator-prey terms are illustrative and assume continuous well-mixed interaction."
"predator_prey_coupled_system",13.38,36.8478588232461,22.2171994938933,-15.1393103436714,5.26452486103085,0.7,0.05,0.02,0.5,"explicit_euler","Predator-prey terms are illustrative and assume continuous well-mixed interaction."
"predator_prey_coupled_system",13.39,36.6964657198094,22.2698447425036,-15.1737037050714,5.20956951232342,0.7,0.05,0.02,0.5,"explicit_euler","Predator-prey terms are illustrative and assume continuous well-mixed interaction."
"predator_prey_coupled_system",13.4,36.5447286827587,22.3219404376268,-15.2061527703575,5.15401492050202,0.7,0.05,0.02,0.5,"explicit_euler","Predator-prey terms are illustrative and assume continuous well-mixed interaction."
"predator_prey_coupled_system",13.41,36.3926671550551,22.3734805868318,-15.2366645962943,5.09787234851724,0.7,0.05,0.02,0.5,"explicit_euler","Predator-prey terms are illustrative and assume continuous well-mixed interaction."
"predator_prey_coupled_system",13.42,36.2403005090922,22.424459310317,-15.2652468516254,5.04115322803746,0.7,0.05,0.02,0.5,"explicit_euler","Predator-prey terms are illustrative and assume continuous well-mixed interaction."
"predator_prey_coupled_system",13.43,36.0876480405759,22.4748708425974,-15.2919078078497,4.98386915320243,0.7,0.05,0.02,0.5,"explicit_euler","Predator-prey terms are illustrative and assume continuous well-mixed interaction."
"predator_prey_coupled_system",13.44,35.9347289624974,22.5247095341294,-15.3166563296479,4.92603187429373,0.7,0.05,0.02,0.5,"explicit_euler","Predator-prey terms are illustrative and assume continuous well-mixed interaction."
"predator_prey_coupled_system",13.45,35.7815623992009,22.5739698528723,-15.339501864971,4.86765329132848,0.7,0.05,0.02,0.5,"explicit_euler","Predator-prey terms are illustrative and assume continuous well-mixed interaction."
"predator_prey_coupled_system",13.46,35.6281673805512,22.6226463857856,-15.3604544348038,4.80874544758304,0.7,0.05,0.02,0.5,"explicit_euler","Predator-prey terms are illustrative and assume continuous well-mixed interaction."
"predator_prey_coupled_system",13.47,35.4745628362032,22.6707338402615,-15.3795246226174,4.74932052305314,0.7,0.05,0.02,0.5,"explicit_euler","Predator-prey terms are illustrative and assume continuous well-mixed interaction."
"predator_prey_coupled_system",13.48,35.320767589977,22.718227045492,-15.3967235635237,4.68939082785707,0.7,0.05,0.02,0.5,"explicit_euler","Predator-prey terms are illustrative and assume continuous well-mixed interaction."
"predator_prey_coupled_system",13.49,35.1668003543418,22.7651209537706,-15.4120629331454,4.62896879558856,0.7,0.05,0.02,0.5,"explicit_euler","Predator-prey terms are illustrative and assume continuous well-mixed interaction."
"predator_prey_coupled_system",13.5,35.0126797250103,22.8114106417264,-15.4255549362158,4.56806697662599,0.7,0.05,0.02,0.5,"explicit_euler","Predator-prey terms are illustrative and assume continuous well-mixed interaction."
"predator_prey_coupled_system",13.51,34.8584241756482,22.8570913114927,-15.437212294923,4.50669803140435,0.7,0.05,0.02,0.5,"explicit_euler","Predator-prey terms are illustrative and assume continuous well-mixed interaction."
"predator_prey_coupled_system",13.52,34.704052052699,22.9021582918067,-15.4470482370113,4.44487472365687,0.7,0.05,0.02,0.5,"explicit_euler","Predator-prey terms are illustrative and assume continuous well-mixed interaction."
"predator_prey_coupled_system",13.53,34.5495815703288,22.9466070390433,-15.4550764836553,4.38260991363252,0.7,0.05,0.02,0.5,"explicit_euler","Predator-prey terms are illustrative and assume continuous well-mixed interaction."
"predator_prey_coupled_system",13.54,34.3950308054923,22.9904331381796,-15.4613112371204,4.31991655129617,0.7,0.05,0.02,0.5,"explicit_euler","Predator-prey terms are illustrative and assume continuous well-mixed interaction."
"predator_prey_coupled_system",13.55,34.2404176931211,23.0336323036926,-15.4657671682253,4.25680766951773,0.7,0.05,0.02,0.5,"explicit_euler","Predator-prey terms are illustrative and assume continuous well-mixed interaction."
"predator_prey_coupled_system",13.56,34.0857600214388,23.0762003803878,-15.4684594036195,4.19329637725678,0.7,0.05,0.02,0.5,"explicit_euler","Predator-prey terms are illustrative and assume continuous well-mixed interaction."
"predator_prey_coupled_system",13.57,33.9310754274026,23.1181333441603,-15.469403512891,4.12939585274896,0.7,0.05,0.02,0.5,"explicit_euler","Predator-prey terms are illustrative and assume continuous well-mixed interaction."
"predator_prey_coupled_system",13.58,33.7763813922737,23.1594273026878,-15.4686154955195,4.06511933670051,0.7,0.05,0.02,0.5,"explicit_euler","Predator-prey terms are illustrative and assume continuous well-mixed interaction."
"predator_prey_coupled_system",13.59,33.6216952373185,23.2000784960548,-15.4661117676882,4.00048012549704,0.7,0.05,0.02,0.5,"explicit_euler","Predator-prey terms are illustrative and assume continuous well-mixed interaction."
"predator_prey_coupled_system",13.6,33.4670341196416,23.2400832973098,-15.4619091489699,3.93549156443272,0.7,0.05,0.02,0.5,"explicit_euler","Predator-prey terms are illustrative and assume continuous well-mixed interaction."
"predator_prey_coupled_system",13.61,33.3124150281519,23.2794382129541,-15.456024848901,3.87016704096589,0.7,0.05,0.02,0.5,"explicit_euler","Predator-prey terms are illustrative and assume continuous well-mixed interaction."
"predator_prey_coupled_system",13.62,33.1578547796629,23.3181398833638,-15.4484764534581,3.80451997800696,0.7,0.05,0.02,0.5,"explicit_euler","Predator-prey terms are illustrative and assume continuous well-mixed interaction."
"predator_prey_coupled_system",13.63,33.0033700151284,23.3561850831439,-15.4392819114511,3.73856382724443,0.7,0.05,0.02,0.5,"explicit_euler","Predator-prey terms are illustrative and assume continuous well-mixed interaction."
"predator_prey_coupled_system",13.64,32.8489771960138,23.3935707214163,-15.4284595208474,3.67231206251467,0.7,0.05,0.02,0.5,"explicit_euler","Predator-prey terms are illustrative and assume continuous well-mixed interaction."
"predator_prey_coupled_system",13.65,32.6946926008054,23.4302938420415,-15.4160279150407,3.60577817322104,0.7,0.05,0.02,0.5,"explicit_euler","Predator-prey terms are illustrative and assume continuous well-mixed interaction."
"predator_prey_coupled_system",13.66,32.540532321655,23.4663516237737,-15.4020060490779,3.53897565780771,0.7,0.05,0.02,0.5,"explicit_euler","Predator-prey terms are illustrative and assume continuous well-mixed interaction."
"predator_prey_coupled_system",13.67,32.3865122611642,23.5017413803517,-15.3864131858587,3.47191801729356,0.7,0.05,0.02,0.5,"explicit_euler","Predator-prey terms are illustrative and assume continuous well-mixed interaction."
"predator_prey_coupled_system",13.68,32.2326481293056,23.5364605605247,-15.3692688823196,3.40461874887108,0.7,0.05,0.02,0.5,"explicit_euler","Predator-prey terms are illustrative and assume continuous well-mixed interaction."
"predator_prey_coupled_system",13.69,32.0789554404824,23.5705067480134,-15.3505929756179,3.33709133957553,0.7,0.05,0.02,0.5,"explicit_euler","Predator-prey terms are illustrative and assume continuous well-mixed interaction."
"predator_prey_coupled_system",13.7,31.9254495107262,23.6038776614091,-15.3304055693255,3.26934926002895,0.7,0.05,0.02,0.5,"explicit_euler","Predator-prey terms are illustrative and assume continuous well-mixed interaction."
"predator_prey_coupled_system",13.71,31.772145455033,23.6365711540094,-15.3087270196481,3.20140595826377,0.7,0.05,0.02,0.5,"explicit_euler","Predator-prey terms are illustrative and assume continuous well-mixed interaction."
"predator_prey_coupled_system",13.72,31.6190581848365,23.6685852135921,-15.2855779216809,3.13327485363053,0.7,0.05,0.02,0.5,"explicit_euler","Predator-prey terms are illustrative and assume continuous well-mixed interaction."
"predator_prey_coupled_system",13.73,31.4662024056197,23.6999179621284,-15.2609790957119,3.06496933079407,0.7,0.05,0.02,0.5,"explicit_euler","Predator-prey terms are illustrative and assume continuous well-mixed interaction."
"predator_prey_coupled_system",13.74,31.3135926146626,23.7305676554363,-15.2349515735872,2.99650273382226,0.7,0.05,0.02,0.5,"explicit_euler","Predator-prey terms are illustrative and assume continuous well-mixed interaction."
"predator_prey_coupled_system",13.75,31.1612430989267,23.7605326827745,-15.2075165851478,2.92788836037134,0.7,0.05,0.02,0.5,"explicit_euler","Predator-prey terms are illustrative and assume continuous well-mixed interaction."
"predator_prey_coupled_system",13.76,31.0091679330752,23.7898115663782,-15.1786955447493,2.85913945597164,0.7,0.05,0.02,0.5,"explicit_euler","Predator-prey terms are illustrative and assume continuous well-mixed interaction."
"predator_prey_coupled_system",13.77,30.8573809776277,23.818402960938,-15.1485100378765,2.7902692084174,0.7,0.05,0.02,0.5,"explicit_euler","Predator-prey terms are illustrative and assume continuous well-mixed interaction."
"predator_prey_coupled_system",13.78,30.705895877249,23.8463056530221,-15.1169818078633,2.72129074226395,0.7,0.05,0.02,0.5,"explicit_euler","Predator-prey terms are illustrative and assume continuous well-mixed interaction."
"predator_prey_coupled_system",13.79,30.5547260591703,23.8735185604448,-15.0841327427262,2.65221711343578,0.7,0.05,0.02,0.5,"explicit_euler","Predator-prey terms are illustrative and assume continuous well-mixed interaction."
"predator_prey_coupled_system",13.8,30.4038847317431,23.9000407315791,-15.0499848621247,2.58306130394836,0.7,0.05,0.02,0.5,"explicit_euler","Predator-prey terms are illustrative and assume continuous well-mixed interaction."
"predator_prey_coupled_system",13.81,30.2533848831218,23.9258713446186,-15.0145603044548,2.51383621674674,0.7,0.05,0.02,0.5,"explicit_euler","Predator-prey terms are illustrative and assume continuous well-mixed interaction."
"predator_prey_coupled_system",13.82,30.1032392800773,23.9510097067861,-14.9778813140877,2.44455467066365,0.7,0.05,0.02,0.5,"explicit_euler","Predator-prey terms are illustrative and assume continuous well-mixed interaction."
"predator_prey_coupled_system",13.83,29.9534604669364,23.9754552534927,-14.9399702287594,2.37522939549957,0.7,0.05,0.02,0.5,"explicit_euler","Predator-prey terms are illustrative and assume continuous well-mixed interaction."
"predator_prey_coupled_system",13.84,29.8040607646488,23.9992075474477,-14.9008494671233,2.30587302722714,0.7,0.05,0.02,0.5,"explicit_euler","Predator-prey terms are illustrative and assume continuous well-mixed interaction."
"predator_prey_coupled_system",13.85,29.6550522699776,24.02226627772,-14.860541516471,2.23649810332212,0.7,0.05,0.02,0.5,"explicit_euler","Predator-prey terms are illustrative and assume continuous well-mixed interaction."
"predator_prey_coupled_system",13.86,29.5064468548129,24.0446312587532,-14.8190689206297,2.16711705822287,0.7,0.05,0.02,0.5,"explicit_euler","Predator-prey terms are illustrative and assume continuous well-mixed interaction."
"predator_prey_coupled_system",13.87,29.3582561656066,24.0663024293354,-14.7764542680449,2.09774221892007,0.7,0.05,0.02,0.5,"explicit_euler","Predator-prey terms are illustrative and assume continuous well-mixed interaction."
"predator_prey_coupled_system",13.88,29.2104916229261,24.0872798515246,-14.7327201800536,2.02838580067843,0.7,0.05,0.02,0.5,"explicit_euler","Predator-prey terms are illustrative and assume continuous well-mixed interaction."
"predator_prey_coupled_system",13.89,29.0631644211256,24.1075637095314,-14.6878892993557,1.95905990289172,0.7,0.05,0.02,0.5,"explicit_euler","Predator-prey terms are illustrative and assume continuous well-mixed interaction."
"predator_prey_coupled_system",13.9,28.916285528132,24.1271543085603,-14.6419842786892,1.88977650507246,0.7,0.05,0.02,0.5,"explicit_euler","Predator-prey terms are illustrative and assume continuous well-mixed interaction."
"predator_prey_coupled_system",13.91,28.7698656853451,24.1460520736111,-14.5950277697154,1.82054746297726,0.7,0.05,0.02,0.5,"explicit_euler","Predator-prey terms are illustrative and assume continuous well-mixed interaction."
"predator_prey_coupled_system",13.92,28.623915407648,24.1642575482408,-14.5470424121197,1.75138450486888,0.7,0.05,0.02,0.5,"explicit_euler","Predator-prey terms are illustrative and assume continuous well-mixed interaction."
"predator_prey_coupled_system",13.93,28.4784449835268,24.1817713932895,-14.4980508229321,1.68229922791559,0.7,0.05,0.02,0.5,"explicit_euler","Predator-prey terms are illustrative and assume continuous well-mixed interaction."
"predator_prey_coupled_system",13.94,28.3334644752975,24.1985943855687,-14.4480755860739,1.61330309472851,0.7,0.05,0.02,0.5,"explicit_euler","Predator-prey terms are illustrative and assume continuous well-mixed interaction."
"predator_prey_coupled_system",13.95,28.1889837194367,24.214727416516,-14.3971392421326,1.54440743003735,0.7,0.05,0.02,0.5,"explicit_euler","Predator-prey terms are illustrative and assume continuous well-mixed interaction."
"predator_prey_coupled_system",13.96,28.0450123270154,24.2301714908163,-14.3452642783713,1.47562341750466,0.7,0.05,0.02,0.5,"explicit_euler","Predator-prey terms are illustrative and assume continuous well-mixed interaction."
"predator_prey_coupled_system",13.97,27.9015596842317,24.2449277249914,-14.2924731189743,1.40696209667892,0.7,0.05,0.02,0.5,"explicit_euler","Predator-prey terms are illustrative and assume continuous well-mixed interaction."
"predator_prey_coupled_system",13.98,27.7586349530419,24.2589973459582,-14.238788115534,1.33843436008623,0.7,0.05,0.02,0.5,"explicit_euler","Predator-prey terms are illustrative and assume continuous well-mixed interaction."
"predator_prey_coupled_system",13.99,27.6162470718866,24.272381689559,-14.1842315377793,1.27005095046045,0.7,0.05,0.02,0.5,"explicit_euler","Predator-prey terms are illustrative and assume continuous well-mixed interaction."
"predator_prey_coupled_system",14,27.4744047565088,24.2850821990636,-14.1288255645519,1.20182245811141,0.7,0.05,0.02,0.5,"explicit_euler","Predator-prey terms are illustrative and assume continuous well-mixed interaction."
"predator_prey_coupled_system",14.01,27.3331165008633,24.2971004236448,-14.0725922750285,1.13375931843076,0.7,0.05,0.02,0.5,"explicit_euler","Predator-prey terms are illustrative and assume continuous well-mixed interaction."
"predator_prey_coupled_system",14.02,27.192390578113,24.3084380168291,-14.0155536401942,1.0658718095348,0.7,0.05,0.02,0.5,"explicit_euler","Predator-prey terms are illustrative and assume continuous well-mixed interaction."
"predator_prey_coupled_system",14.03,27.0522350417111,24.3190967349244,-13.9577315145664,0.998170050043456,0.7,0.05,0.02,0.5,"explicit_euler","Predator-prey terms are illustrative and assume continuous well-mixed interaction."
"predator_prey_coupled_system",14.04,26.9126577265654,24.3290784354248,-13.8991476281718,0.930663996994614,0.7,0.05,0.02,0.5,"explicit_euler","Predator-prey terms are illustrative and assume continuous well-mixed interaction."
"predator_prey_coupled_system",14.05,26.7736662502837,24.3383850753948,-13.8398235787767,0.863363443892712,0.7,0.05,0.02,0.5,"explicit_euler","Predator-prey terms are illustrative and assume continuous well-mixed interaction."
"predator_prey_coupled_system",14.06,26.6352680144959,24.3470187098337,-13.7797808243712,0.796278018890488,0.7,0.05,0.02,0.5,"explicit_euler","Predator-prey terms are illustrative and assume continuous well-mixed interaction."
"predator_prey_coupled_system",14.07,26.4974702062522,24.3549814900226,-13.7190406759084,0.729417183102651,0.7,0.05,0.02,0.5,"explicit_euler","Predator-prey terms are illustrative and assume continuous well-mixed interaction."
"predator_prey_coupled_system",14.08,26.3602797994931,24.3622756618537,-13.657624290297,0.662790229050042,0.7,0.05,0.02,0.5,"explicit_euler","Predator-prey terms are illustrative and assume continuous well-mixed interaction."
"predator_prey_coupled_system",14.09,26.2237035565901,24.3689035641442,-13.5955526636494,0.596406279232907,0.7,0.05,0.02,0.5,"explicit_euler","Predator-prey terms are illustrative and assume continuous well-mixed interaction."
"predator_prey_coupled_system",14.1,26.0877480299536,24.3748676269365,-13.5328466247821,0.53027428483162,0.7,0.05,0.02,0.5,"explicit_euler","Predator-prey terms are illustrative and assume continuous well-mixed interaction."
"predator_prey_coupled_system",14.11,25.9524195637058,24.3801703697848,-13.4695268289701,0.464403024533283,0.7,0.05,0.02,0.5,"explicit_euler","Predator-prey terms are illustrative and assume continuous well-mixed interaction."
"predator_prey_coupled_system",14.12,25.8177242954161,24.3848144000301,-13.4056137519523,0.39880110348235,0.7,0.05,0.02,0.5,"explicit_euler","Predator-prey terms are illustrative and assume continuous well-mixed interaction."
"predator_prey_coupled_system",14.13,25.6836681578966,24.388802411065,-13.3411276841874,0.333476952353539,0.7,0.05,0.02,0.5,"explicit_euler","Predator-prey terms are illustrative and assume continuous well-mixed interaction."
"predator_prey_coupled_system",14.14,25.5502568810547,24.3921371805885,-13.2760887253598,0.268438826544994,0.7,0.05,0.02,0.5,"explicit_euler","Predator-prey terms are illustrative and assume continuous well-mixed interaction."
"predator_prey_coupled_system",14.15,25.4174959938011,24.3948215688539,-13.2105167791311,0.2036948054898,0.7,0.05,0.02,0.5,"explicit_euler","Predator-prey terms are illustrative and assume continuous well-mixed interaction."
"predator_prey_coupled_system",14.16,25.2853908260098,24.3968585169088,-13.1444315481384,0.139252792083706,0.7,0.05,0.02,0.5,"explicit_euler","Predator-prey terms are illustrative and assume continuous well-mixed interaction."
"predator_prey_coupled_system",14.17,25.1539465105284,24.3982510448297,-13.0778525292346,0.0751205122269631,0.7,0.05,0.02,0.5,"explicit_euler","Predator-prey terms are illustrative and assume continuous well-mixed interaction."
"predator_prey_coupled_system",14.18,25.0231679852361,24.3990022499519,-13.0107990089698,0.0113055144780407,0.7,0.05,0.02,0.5,"explicit_euler","Predator-prey terms are illustrative and assume continuous well-mixed interaction."
"predator_prey_coupled_system",14.19,24.8930599951464,24.3991153050967,-12.9432900593109,-0.0521848301830179,0.7,0.05,0.02,0.5,"explicit_euler","Predator-prey terms are illustrative and assume continuous well-mixed interaction."
"predator_prey_coupled_system",14.2,24.7636270945533,24.3985934567949,-12.8753445335965,-0.11534332848392,0.7,0.05,0.02,0.5,"explicit_euler","Predator-prey terms are illustrative and assume continuous well-mixed interaction."
"predator_prey_coupled_system",14.21,24.6348736492173,24.3974400235101,-12.8069810627243,-0.178162964884475,0.7,0.05,0.02,0.5,"explicit_euler","Predator-prey terms are illustrative and assume continuous well-mixed interaction."
"predator_prey_coupled_system",14.22,24.5068038385901,24.3956583938612,-12.7382180515675,-0.240636901498405,0.7,0.05,0.02,0.5,"explicit_euler","Predator-prey terms are illustrative and assume continuous well-mixed interaction."
"predator_prey_coupled_system",14.23,24.3794216580744,24.3932520248462,-12.6690736756181,-0.302758477915049,0.7,0.05,0.02,0.5,"explicit_euler","Predator-prey terms are illustrative and assume continuous well-mixed interaction."
"predator_prey_coupled_system",14.24,24.2527309213182,24.3902244400671,-12.5995658778526,-0.364521210923419,0.7,0.05,0.02,0.5,"explicit_euler","Predator-prey terms are illustrative and assume continuous well-mixed interaction."
"predator_prey_coupled_system",14.25,24.1267352625397,24.3865792279578,-12.5297123658166,-0.425918794141154,0.7,0.05,0.02,0.5,"explicit_euler","Predator-prey terms are illustrative and assume continuous well-mixed interaction."
"predator_prey_coupled_system",14.26,24.0014381388815,24.3823200400164,-12.4595306089262,-0.486945097550903,0.7,0.05,0.02,0.5,"explicit_euler","Predator-prey terms are illustrative and assume continuous well-mixed interaction."
"predator_prey_coupled_system",14.27,23.8768428327923,24.3774505890409,-12.3890378359799,-0.547594166946677,0.7,0.05,0.02,0.5,"explicit_euler","Predator-prey terms are illustrative and assume continuous well-mixed interaction."
"predator_prey_coupled_system",14.28,23.7529524544325,24.3719746473715,-12.3182510328797,-0.607860223292777,0.7,0.05,0.02,0.5,"explicit_euler","Predator-prey terms are illustrative and assume continuous well-mixed interaction."
"predator_prey_coupled_system",14.29,23.6297699441037,24.3658960451385,-12.2471869405559,-0.667737661997888,0.7,0.05,0.02,0.5,"explicit_euler","Predator-prey terms are illustrative and assume continuous well-mixed interaction."
"predator_prey_coupled_system",14.3,23.5072980746981,24.3592186685186,-12.1758620530921,-0.727221052106948,0.7,0.05,0.02,0.5,"explicit_euler","Predator-prey terms are illustrative and assume continuous well-mixed interaction."
"predator_prey_coupled_system",14.31,23.3855394541672,24.3519464579975,-12.1042926160463,-0.786305135413402,0.7,0.05,0.02,0.5,"explicit_euler","Predator-prey terms are illustrative and assume continuous well-mixed interaction."
"predator_prey_coupled_system",14.32,23.2644965280067,24.3440834066433,-12.0324946249633,-0.844984825494471,0.7,0.05,0.02,0.5,"explicit_euler","Predator-prey terms are illustrative and assume continuous well-mixed interaction."
"predator_prey_coupled_system",14.33,23.1441715817571,24.3356335583884,-11.9604838240754,-0.90325520667206,0.7,0.05,0.02,0.5,"explicit_euler","Predator-prey terms are illustrative and assume continuous well-mixed interaction."
"predator_prey_coupled_system",14.34,23.0245667435163,24.3266010063217,-11.8882757051858,-0.961111532901937,0.7,0.05,0.02,0.5,"explicit_euler","Predator-prey terms are illustrative and assume continuous well-mixed interaction."
"predator_prey_coupled_system",14.35,22.9056839864645,24.3169898909927,-11.8158855067313,-1.01854922659375,0.7,0.05,0.02,0.5,"explicit_euler","Predator-prey terms are illustrative and assume continuous well-mixed interaction."
"predator_prey_coupled_system",14.36,22.7875251313972,24.3068043987267,-11.743328213019,-1.07556387736456,0.7,0.05,0.02,0.5,"explicit_euler","Predator-prey terms are illustrative and assume continuous well-mixed interaction."
"predator_prey_coupled_system",14.37,22.670091849267,24.2960487599531,-11.6706185536334,-1.13215124072843,0.7,0.05,0.02,0.5,"explicit_euler","Predator-prey terms are illustrative and assume continuous well-mixed interaction."
"predator_prey_coupled_system",14.38,22.5533856637306,24.2847272475458,-11.597771003009,-1.18830723672473,0.7,0.05,0.02,0.5,"explicit_euler","Predator-prey terms are illustrative and assume continuous well-mixed interaction."
"predator_prey_coupled_system",14.39,22.4374079537005,24.2728441751785,-11.5247997801639,-1.24402794848757,0.7,0.05,0.02,0.5,"explicit_euler","Predator-prey terms are illustrative and assume continuous well-mixed interaction."
"predator_prey_coupled_system",14.4,22.3221599558989,24.2604038956937,-11.4517188485901,-1.29930962075909,0.7,0.05,0.02,0.5,"explicit_euler","Predator-prey terms are illustrative and assume continuous well-mixed interaction."
"predator_prey_coupled_system",14.41,22.207642767413,24.2474107994861,-11.3785419162959,-1.35414865834906,0.7,0.05,0.02,0.5,"explicit_euler","Predator-prey terms are illustrative and assume continuous well-mixed interaction."
"predator_prey_coupled_system",14.42,22.09385734825,24.2338693129026,-11.3052824359952,-1.40854162454321,0.7,0.05,0.02,0.5,"explicit_euler","Predator-prey terms are illustrative and assume continuous well-mixed interaction."
"predator_prey_coupled_system",14.43,21.9808045238901,24.2197838966572,-11.231953605441,-1.46248523946293,0.7,0.05,0.02,0.5,"explicit_euler","Predator-prey terms are illustrative and assume continuous well-mixed interaction."
"predator_prey_coupled_system",14.44,21.8684849878357,24.2051590442625,-11.1585683678965,-1.51597637837866,0.7,0.05,0.02,0.5,"explicit_euler","Predator-prey terms are illustrative and assume continuous well-mixed interaction."
"predator_prey_coupled_system",14.45,21.7568993041567,24.1899992804787,-11.0851394127403,-1.56901206997938,0.7,0.05,0.02,0.5,"explicit_euler","Predator-prey terms are illustrative and assume continuous well-mixed interaction."
"predator_prey_coupled_system",14.46,21.6460479100293,24.174309159779,-11.0116791762013,-1.62158949460076,0.7,0.05,0.02,0.5,"explicit_euler","Predator-prey terms are illustrative and assume continuous well-mixed interaction."
"predator_prey_coupled_system",14.47,21.5359311182673,24.1580932648329,-10.9381998422189,-1.67370598241408,0.7,0.05,0.02,0.5,"explicit_euler","Predator-prey terms are illustrative and assume continuous well-mixed interaction."
"predator_prey_coupled_system",14.48,21.4265491198451,24.1413562050088,-10.8647133434234,-1.72535901157842,0.7,0.05,0.02,0.5,"explicit_euler","Predator-prey terms are illustrative and assume continuous well-mixed interaction."
"predator_prey_coupled_system",14.49,21.3179019864109,24.124102614893,-10.7912313622328,-1.77654620635835,0.7,0.05,0.02,0.5,"explicit_euler","Predator-prey terms are illustrative and assume continuous well-mixed interaction."
"predator_prey_coupled_system",14.5,21.2099896727886,24.1063371528294,-10.7177653320616,-1.82726533520929,0.7,0.05,0.02,0.5,"explicit_euler","Predator-prey terms are illustrative and assume continuous well-mixed interaction."
"predator_prey_coupled_system",14.51,21.1028120194679,24.0880644994773,-10.6443264386369,-1.87751430883288,0.7,0.05,0.02,0.5,"explicit_euler","Predator-prey terms are illustrative and assume continuous well-mixed interaction."
"predator_prey_coupled_system",14.52,20.9963687550816,24.069289356389,-10.5709256214181,-1.92729117820443,0.7,0.05,0.02,0.5,"explicit_euler","Predator-prey terms are illustrative and assume continuous well-mixed interaction."
"predator_prey_coupled_system",14.53,20.8906594988674,24.050016444607,-10.4975735751151,-1.97659413257457,0.7,0.05,0.02,0.5,"explicit_euler","Predator-prey terms are illustrative and assume continuous well-mixed interaction."
"predator_prey_coupled_system",14.54,20.7856837631162,24.0302505032812,-10.4242807513021,-2.02542149744724,0.7,0.05,0.02,0.5,"explicit_euler","Predator-prey terms are illustrative and assume continuous well-mixed interaction."
"predator_prey_coupled_system",14.55,20.6814409556032,24.0099962883068,-10.3510573601212,-2.073771732536,0.7,0.05,0.02,0.5,"explicit_euler","Predator-prey terms are illustrative and assume continuous well-mixed interaction."
"predator_prey_coupled_system",14.56,20.577930382002,23.9892585709814,-10.2779133720736,-2.12164342970069,0.7,0.05,0.02,0.5,"explicit_euler","Predator-prey terms are illustrative and assume continuous well-mixed interaction."
"predator_prey_coupled_system",14.57,20.4751512482813,23.9680421366844,-10.2048585198927,-2.16903531086636,0.7,0.05,0.02,0.5,"explicit_euler","Predator-prey terms are illustrative and assume continuous well-mixed interaction."
"predator_prey_coupled_system",14.58,20.3731026630823,23.9463517835757,-10.131902300496,-2.21594622592639,0.7,0.05,0.02,0.5,"explicit_euler","Predator-prey terms are illustrative and assume continuous well-mixed interaction."
"predator_prey_coupled_system",14.59,20.2717836400774,23.9241923213165,-10.0590539770122,-2.26237515063167,0.7,0.05,0.02,0.5,"explicit_euler","Predator-prey terms are illustrative and assume continuous well-mixed interaction."
"predator_prey_coupled_system",14.6,20.1711931003073,23.9015685698101,-9.98632258087869,-2.30832118446756,0.7,0.05,0.02,0.5,"explicit_euler","Predator-prey terms are illustrative and assume continuous well-mixed interaction."
"predator_prey_coupled_system",14.61,20.0713298744985,23.8784853579655,-9.91371691400641,-2.3537835485206,0.7,0.05,0.02,0.5,"explicit_euler","Predator-prey terms are illustrative and assume continuous well-mixed interaction."
"predator_prey_coupled_system",14.62,19.9721927053584,23.8549475224803,-9.84124555100851,-2.39876158333637,0.7,0.05,0.02,0.5,"explicit_euler","Predator-prey terms are illustrative and assume continuous well-mixed interaction."
"predator_prey_coupled_system",14.63,19.8737802498483,23.8309599066469,-9.7689168414885,-2.44325474677052,0.7,0.05,0.02,0.5,"explicit_euler","Predator-prey terms are illustrative and assume continuous well-mixed interaction."
"predator_prey_coupled_system",14.64,19.7760910814334,23.8065273591792,-9.69673891238484,-2.4872626118343,0.7,0.05,0.02,0.5,"explicit_euler","Predator-prey terms are illustrative and assume continuous well-mixed interaction."
"predator_prey_coupled_system",14.65,19.6791236923096,23.7816547330609,-9.62471967036851,-2.53078486453633,0.7,0.05,0.02,0.5,"explicit_euler","Predator-prey terms are illustrative and assume continuous well-mixed interaction."
"predator_prey_coupled_system",14.66,19.5828764956059,23.7563468844155,-9.55286680428991,-2.57382130172213,0.7,0.05,0.02,0.5,"explicit_euler","Predator-prey terms are illustrative and assume continuous well-mixed interaction."
"predator_prey_coupled_system",14.67,19.487347827563,23.7306086713983,-9.48118778767195,-2.61637182891271,0.7,0.05,0.02,0.5,"explicit_euler","Predator-prey terms are illustrative and assume continuous well-mixed interaction."
"predator_prey_coupled_system",14.68,19.3925359496863,23.7044449531091,-9.40968988124604,-2.65843645814399,0.7,0.05,0.02,0.5,"explicit_euler","Predator-prey terms are illustrative and assume continuous well-mixed interaction."
"predator_prey_coupled_system",14.69,19.2984390508738,23.6778605885277,-9.3383801355278,-2.70001530580806,0.7,0.05,0.02,0.5,"explicit_euler","Predator-prey terms are illustrative and assume continuous well-mixed interaction."
"predator_prey_coupled_system",14.7,19.2050552495186,23.6508604354696,-9.26726539342935,-2.74110859049788,0.7,0.05,0.02,0.5,"explicit_euler","Predator-prey terms are illustrative and assume continuous well-mixed interaction."
"predator_prey_coupled_system",14.71,19.1123825955843,23.6234493495646,-9.1963522929053,-2.78171663085661,0.7,0.05,0.02,0.5,"explicit_euler","Predator-prey terms are illustrative and assume continuous well-mixed interaction."
"predator_prey_coupled_system",14.72,19.0204190726552,23.5956321832561,-9.1256472696294,-2.82183984343282,0.7,0.05,0.02,0.5,"explicit_euler","Predator-prey terms are illustrative and assume continuous well-mixed interaction."
"predator_prey_coupled_system",14.73,18.9291625999589,23.5674137848217,-9.05515655969897,-2.86147874054279,0.7,0.05,0.02,0.5,"explicit_euler","Predator-prey terms are illustrative and assume continuous well-mixed interaction."
"predator_prey_coupled_system",14.74,18.8386110343619,23.5387989974163,-8.98488620236438,-2.90063392814107,0.7,0.05,0.02,0.5,"explicit_euler","Predator-prey terms are illustrative and assume continuous well-mixed interaction."
"predator_prey_coupled_system",14.75,18.7487621723383,23.5097926581349,-8.91484204278101,-2.93930610370033,0.7,0.05,0.02,0.5,"explicit_euler","Predator-prey terms are illustrative and assume continuous well-mixed interaction."
"predator_prey_coupled_system",14.76,18.6596137519105,23.4803995970979,-8.84502973478074,-2.97749605410173,0.7,0.05,0.02,0.5,"explicit_euler","Predator-prey terms are illustrative and assume continuous well-mixed interaction."
"predator_prey_coupled_system",14.77,18.5711634545627,23.4506246365569,-8.77545474366075,-3.0152046535366,0.7,0.05,0.02,0.5,"explicit_euler","Predator-prey terms are illustrative and assume continuous well-mixed interaction."
"predator_prey_coupled_system",14.78,18.4834089071261,23.4204725900215,-8.70612234898704,-3.05243286142065,0.7,0.05,0.02,0.5,"explicit_euler","Predator-prey terms are illustrative and assume continuous well-mixed interaction."
"predator_prey_coupled_system",14.79,18.3963476836362,23.3899482614073,-8.63703764741022,-3.08918172032144,0.7,0.05,0.02,0.5,"explicit_euler","Predator-prey terms are illustrative and assume continuous well-mixed interaction."
"predator_prey_coupled_system",14.8,18.3099773071621,23.3590564442041,-8.56820555549131,-3.12545235390014,0.7,0.05,0.02,0.5,"explicit_euler","Predator-prey terms are illustrative and assume continuous well-mixed interaction."
"predator_prey_coupled_system",14.81,18.2242952516072,23.3278019206651,-8.49963081253547,-3.16124596486836,0.7,0.05,0.02,0.5,"explicit_euler","Predator-prey terms are illustrative and assume continuous well-mixed interaction."
"predator_prey_coupled_system",14.82,18.1392989434818,23.2961894610164,-8.4313179834311,-3.19656383296086,0.7,0.05,0.02,0.5,"explicit_euler","Predator-prey terms are illustrative and assume continuous well-mixed interaction."
"predator_prey_coupled_system",14.83,18.0549857636475,23.2642238226868,-8.36327146149273,-3.23140731292501,0.7,0.05,0.02,0.5,"explicit_euler","Predator-prey terms are illustrative and assume continuous well-mixed interaction."
"predator_prey_coupled_system",14.84,17.9713530490326,23.2319097495576,-8.29549547130524,-3.26577783252756,0.7,0.05,0.02,0.5,"explicit_euler","Predator-prey terms are illustrative and assume continuous well-mixed interaction."
"predator_prey_coupled_system",14.85,17.8883980943195,23.1992519712323,-8.22799407156784,-3.29967689057954,0.7,0.05,0.02,0.5,"explicit_euler","Predator-prey terms are illustrative and assume continuous well-mixed interaction."
"predator_prey_coupled_system",14.86,17.8061181536039,23.1662552023265,-8.16077115793557,-3.33310605497994,0.7,0.05,0.02,0.5,"explicit_euler","Predator-prey terms are illustrative and assume continuous well-mixed interaction."
"predator_prey_coupled_system",14.87,17.7245104420245,23.1329241417767,-8.09383046585693,-3.36606696077872,0.7,0.05,0.02,0.5,"explicit_euler","Predator-prey terms are illustrative and assume continuous well-mixed interaction."
"predator_prey_coupled_system",14.88,17.6435721373659,23.0992634721689,-8.02717557340554,-3.39856130825978,0.7,0.05,0.02,0.5,"explicit_euler","Predator-prey terms are illustrative and assume continuous well-mixed interaction."
"predator_prey_coupled_system",14.89,17.5633003816319,23.0652778590863,-7.96080990410447,-3.43059086104444,0.7,0.05,0.02,0.5,"explicit_euler","Predator-prey terms are illustrative and assume continuous well-mixed interaction."
"predator_prey_coupled_system",14.9,17.4836922825908,23.0309719504759,-7.89473672974145,-3.46215744421592,0.7,0.05,0.02,0.5,"explicit_euler","Predator-prey terms are illustrative and assume continuous well-mixed interaction."
"predator_prey_coupled_system",14.91,17.4047449152934,22.9963503760337,-7.82895917317352,-3.49326294246528,0.7,0.05,0.02,0.5,"explicit_euler","Predator-prey terms are illustrative and assume continuous well-mixed interaction."
"predator_prey_coupled_system",14.92,17.3264553235617,22.961417746609,-7.76348021111972,-3.52390929825937,0.7,0.05,0.02,0.5,"explicit_euler","Predator-prey terms are illustrative and assume continuous well-mixed interaction."
"predator_prey_coupled_system",14.93,17.2488205214505,22.9261786536265,-7.69830267694026,-3.55409851003099,0.7,0.05,0.02,0.5,"explicit_euler","Predator-prey terms are illustrative and assume continuous well-mixed interaction."
"predator_prey_coupled_system",14.94,17.1718374946811,22.8906376685261,-7.63342926340105,-3.58383263039195,0.7,0.05,0.02,0.5,"explicit_euler","Predator-prey terms are illustrative and assume continuous well-mixed interaction."
"predator_prey_coupled_system",14.95,17.0955032020471,22.8547993422222,-7.56886252542221,-3.61311376436905,0.7,0.05,0.02,0.5,"explicit_euler","Predator-prey terms are illustrative and assume continuous well-mixed interaction."
"predator_prey_coupled_system",14.96,17.0198145767928,22.8186682045785,-7.50460488280926,-3.64194406766357,0.7,0.05,0.02,0.5,"explicit_euler","Predator-prey terms are illustrative and assume continuous well-mixed interaction."
"predator_prey_coupled_system",14.97,16.9447685279647,22.7822487639019,-7.44065862296611,-3.67032574493437,0.7,0.05,0.02,0.5,"explicit_euler","Predator-prey terms are illustrative and assume continuous well-mixed interaction."
"predator_prey_coupled_system",14.98,16.8703619417351,22.7455455064526,-7.37702590358847,-3.69826104810506,0.7,0.05,0.02,0.5,"explicit_euler","Predator-prey terms are illustrative and assume continuous well-mixed interaction."
"predator_prey_coupled_system",14.99,16.7965916826992,22.7085628959715,-7.31370875533689,-3.72575227469522,0.7,0.05,0.02,0.5,"explicit_euler","Predator-prey terms are illustrative and assume continuous well-mixed interaction."
"predator_prey_coupled_system",15,16.7234545951458,22.6713053732245,-7.25070908448824,-3.75280176617615,0.7,0.05,0.02,0.5,"explicit_euler","Predator-prey terms are illustrative and assume continuous well-mixed interaction."
"predator_prey_coupled_system",15.01,16.6509475043009,22.6337773555628,-7.18802867556491,-3.77941190635116,0.7,0.05,0.02,0.5,"explicit_euler","Predator-prey terms are illustrative and assume continuous well-mixed interaction."
"predator_prey_coupled_system",15.02,16.5790672175453,22.5959832364993,-7.1256691939407,-3.80558511976067,0.7,0.05,0.02,0.5,"explicit_euler","Predator-prey terms are illustrative and assume continuous well-mixed interaction."
"predator_prey_coupled_system",15.03,16.5078105256059,22.5579273853017,-7.06363218842269,-3.83132387011211,0.7,0.05,0.02,0.5,"explicit_euler","Predator-prey terms are illustrative and assume continuous well-mixed interaction."
"predator_prey_coupled_system",15.04,16.4371742037217,22.5196141466005,-7.00191909380823,-3.85663065873491,0.7,0.05,0.02,0.5,"explicit_euler","Predator-prey terms are illustrative and assume continuous well-mixed interaction."
"predator_prey_coupled_system",15.05,16.3671550127836,22.4810478400132,-6.94053123341647,-3.88150802306061,0.7,0.05,0.02,0.5,"explicit_euler","Predator-prey terms are illustrative and assume continuous well-mixed interaction."
"predator_prey_coupled_system",15.06,16.2977497004494,22.4422327597826,-6.87946982159355,-3.90595853512804,0.7,0.05,0.02,0.5,"explicit_euler","Predator-prey terms are illustrative and assume continuous well-mixed interaction."
"predator_prey_coupled_system",15.07,16.2289550022335,22.4031731744313,-6.81873596619106,-3.92998480011386,0.7,0.05,0.02,0.5,"explicit_euler","Predator-prey terms are illustrative and assume continuous well-mixed interaction."
"predator_prey_coupled_system",15.08,16.1607676425716,22.3638733264302,-6.75833067101701,-3.95358945488824,0.7,0.05,0.02,0.5,"explicit_euler","Predator-prey terms are illustrative and assume continuous well-mixed interaction."
"predator_prey_coupled_system",15.09,16.0931843358614,22.3243374318813,-6.69825483825884,-3.97677516659592,0.7,0.05,0.02,0.5,"explicit_euler","Predator-prey terms are illustrative and assume continuous well-mixed interaction."
"predator_prey_coupled_system",15.1,16.0262017874788,22.2845696802153,-6.63850927087799,-3.9995446312624,0.7,0.05,0.02,0.5,"explicit_euler","Predator-prey terms are illustrative and assume continuous well-mixed interaction."
"predator_prey_coupled_system",15.11,15.95981669477,22.2445742339027,-6.57909467497556,-4.02190057242552,0.7,0.05,0.02,0.5,"explicit_euler","Predator-prey terms are illustrative and assume continuous well-mixed interaction."
"predator_prey_coupled_system",15.12,15.8940257480203,22.2043552281784,-6.52001166212865,-4.04384573979209,0.7,0.05,0.02,0.5,"explicit_euler","Predator-prey terms are illustrative and assume continuous well-mixed interaction."
"predator_prey_coupled_system",15.13,15.828825631399,22.1639167707805,-6.46126075169695,-4.06538290791977,0.7,0.05,0.02,0.5,"explicit_euler","Predator-prey terms are illustrative and assume continuous well-mixed interaction."
"predator_prey_coupled_system",15.14,15.764213023882,22.1232629417013,-6.40284237309932,-4.08651487492397,0.7,0.05,0.02,0.5,"explicit_euler","Predator-prey terms are illustrative and assume continuous well-mixed interaction."
"predator_prey_coupled_system",15.15,15.700184600151,22.0823977929521,-6.34475686806006,-4.10724446120973,0.7,0.05,0.02,0.5,"explicit_euler","Predator-prey terms are illustrative and assume continuous well-mixed interaction."
"predator_prey_coupled_system",15.16,15.6367370314704,22.04132534834,-6.28700449282449,-4.12757450822848,0.7,0.05,0.02,0.5,"explicit_euler","Predator-prey terms are illustrative and assume continuous well-mixed interaction."
"predator_prey_coupled_system",15.17,15.5738669865422,22.0000496032577,-6.22958542034376,-4.14750787725954,0.7,0.05,0.02,0.5,"explicit_euler","Predator-prey terms are illustrative and assume continuous well-mixed interaction."
"predator_prey_coupled_system",15.18,15.5115711323387,21.9585745244851,-6.17249974242849,-4.16704744821631,0.7,0.05,0.02,0.5,"explicit_euler","Predator-prey terms are illustrative and assume continuous well-mixed interaction."
"predator_prey_coupled_system",15.19,15.4498461349145,21.9169040500029,-6.11574747187134,-4.18619611847689,0.7,0.05,0.02,0.5,"explicit_euler","Predator-prey terms are illustrative and assume continuous well-mixed interaction."
"predator_prey_coupled_system",15.2,15.3886886601957,21.8750420888182,-6.05932854453803,-4.20495680173907,0.7,0.05,0.02,0.5,"explicit_euler","Predator-prey terms are illustrative and assume continuous well-mixed interaction."
"predator_prey_coupled_system",15.21,15.3280953747504,21.8329925208008,-6.00324282142704,-4.22333242689947,0.7,0.05,0.02,0.5,"explicit_euler","Predator-prey terms are illustrative and assume continuous well-mixed interaction."
"predator_prey_coupled_system",15.22,15.2680629465361,21.7907591965318,-5.94749009069762,-4.24132593695674,0.7,0.05,0.02,0.5,"explicit_euler","Predator-prey terms are illustrative and assume continuous well-mixed interaction."
"predator_prey_coupled_system",15.23,15.2085880456291,21.7483459371622,-5.89207006966622,-4.25894028793847,0.7,0.05,0.02,0.5,"explicit_euler","Predator-prey terms are illustrative and assume continuous well-mixed interaction."
"predator_prey_coupled_system",15.24,15.1496673449325,21.7057565342828,-5.83698240677123,-4.27617844785184,0.7,0.05,0.02,0.5,"explicit_euler","Predator-prey terms are illustrative and assume continuous well-mixed interaction."
"predator_prey_coupled_system",15.25,15.0912975208647,21.6629947498043,-5.78222668350608,-4.2930433956576,0.7,0.05,0.02,0.5,"explicit_euler","Predator-prey terms are illustrative and assume continuous well-mixed interaction."
"predator_prey_coupled_system",15.26,15.0334752540297,21.6200643158477,-5.72780241632059,-4.30953812026732,0.7,0.05,0.02,0.5,"explicit_euler","Predator-prey terms are illustrative and assume continuous well-mixed interaction."
"predator_prey_coupled_system",15.27,14.9761972298665,21.5769689346451,-5.6737090584908,-4.3256656195636,0.7,0.05,0.02,0.5,"explicit_euler","Predator-prey terms are illustrative and assume continuous well-mixed interaction."
"predator_prey_coupled_system",15.28,14.9194601392816,21.5337122784494,-5.61994600195713,-4.34142889944303,0.7,0.05,0.02,0.5,"explicit_euler","Predator-prey terms are illustrative and assume continuous well-mixed interaction."
"predator_prey_coupled_system",15.29,14.863260679262,21.490297989455,-5.56651257913109,-4.35683097288171,0.7,0.05,0.02,0.5,"explicit_euler","Predator-prey terms are illustrative and assume continuous well-mixed interaction."
"predator_prey_coupled_system",15.3,14.8075955534707,21.4467296797262,-5.51340806467059,-4.37187485902307,0.7,0.05,0.02,0.5,"explicit_euler","Predator-prey terms are illustrative and assume continuous well-mixed interaction."
"predator_prey_coupled_system",15.31,14.752461472824,21.403010931136,-5.4606316772239,-4.3865635822877,0.7,0.05,0.02,0.5,"explicit_euler","Predator-prey terms are illustrative and assume continuous well-mixed interaction."
"predator_prey_coupled_system",15.32,14.6978551560517,21.3591452953131,-5.40818258114257,-4.40090017150503,0.7,0.05,0.02,0.5,"explicit_euler","Predator-prey terms are illustrative and assume continuous well-mixed interaction."
"predator_prey_coupled_system",15.33,14.6437733302403,21.315136293598,-5.3560598881632,-4.41488765906645,0.7,0.05,0.02,0.5,"explicit_euler","Predator-prey terms are illustrative and assume continuous well-mixed interaction."
"predator_prey_coupled_system",15.34,14.5902127313587,21.2709874170074,-5.30426265905849,-4.42852908009986,0.7,0.05,0.02,0.5,"explicit_euler","Predator-prey terms are illustrative and assume continuous well-mixed interaction."
"predator_prey_coupled_system",15.35,14.5371701047681,21.2267021262064,-5.25278990525757,-4.44182747166509,0.7,0.05,0.02,0.5,"explicit_euler","Predator-prey terms are illustrative and assume continuous well-mixed interaction."
"predator_prey_coupled_system",15.36,14.4846422057155,21.1822838514897,-5.20164059043585,-4.45478587197017,0.7,0.05,0.02,0.5,"explicit_euler","Predator-prey terms are illustrative and assume continuous well-mixed interaction."
"predator_prey_coupled_system",15.37,14.4326257998112,21.13773599277,-5.15081363207467,-4.46740731960802,0.7,0.05,0.02,0.5,"explicit_euler","Predator-prey terms are illustrative and assume continuous well-mixed interaction."
"predator_prey_coupled_system",15.38,14.3811176634904,21.0930619195739,-5.1003079029908,-4.47969485281333,0.7,0.05,0.02,0.5,"explicit_euler","Predator-prey terms are illustrative and assume continuous well-mixed interaction."
"predator_prey_coupled_system",15.39,14.3301145844605,21.0482649710458,-5.05012223283628,-4.49165150873945,0.7,0.05,0.02,0.5,"explicit_euler","Predator-prey terms are illustrative and assume continuous well-mixed interaction."
"predator_prey_coupled_system",15.4,14.2796133621321,21.0033484559584,-5.00025540956856,-4.50328032275478,0.7,0.05,0.02,0.5,"explicit_euler","Predator-prey terms are illustrative and assume continuous well-mixed interaction."
"predator_prey_coupled_system",15.41,14.2296108080365,20.9583156527309,-4.95070618089142,-4.51458432775865,0.7,0.05,0.02,0.5,"explicit_euler","Predator-prey terms are illustrative and assume continuous well-mixed interaction."
"predator_prey_coupled_system",15.42,14.1801037462275,20.9131698094533,-4.90147325566678,-4.52556655351621,0.7,0.05,0.02,0.5,"explicit_euler","Predator-prey terms are illustrative and assume continuous well-mixed interaction."
"predator_prey_coupled_system",15.43,14.1310890136709,20.8679141439181,-4.8525553052978,-4.53623002601209,0.7,0.05,0.02,0.5,"explicit_euler","Predator-prey terms are illustrative and assume continuous well-mixed interaction."
"predator_prey_coupled_system",15.44,14.0825634606179,20.822551843658,-4.80395096508346,-4.54657776682259,0.7,0.05,0.02,0.5,"explicit_euler","Predator-prey terms are illustrative and assume continuous well-mixed interaction."
"predator_prey_coupled_system",15.45,14.0345239509671,20.7770860659898,-4.75565883554492,-4.55661279250613,0.7,0.05,0.02,0.5,"explicit_euler","Predator-prey terms are illustrative and assume continuous well-mixed interaction."
"predator_prey_coupled_system",15.46,13.9869673626116,20.7315199380647,-4.70767748372402,-4.56633811401149,0.7,0.05,0.02,0.5,"explicit_euler","Predator-prey terms are illustrative and assume continuous well-mixed interaction."
"predator_prey_coupled_system",15.47,13.9398905877744,20.6858565569246,-4.66000544445413,-4.57575673610381,0.7,0.05,0.02,0.5,"explicit_euler","Predator-prey terms are illustrative and assume continuous well-mixed interaction."
"predator_prey_coupled_system",15.48,13.8932905333298,20.6400989895635,-4.61264122160382,-4.58487165680789,0.7,0.05,0.02,0.5,"explicit_euler","Predator-prey terms are illustrative and assume continuous well-mixed interaction."
"predator_prey_coupled_system",15.49,13.8471641211138,20.5942502729955,-4.56558328929339,-4.59368586686852,0.7,0.05,0.02,0.5,"explicit_euler","Predator-prey terms are illustrative and assume continuous well-mixed interaction."
"predator_prey_coupled_system",15.5,13.8015082882209,20.5483134143268,-4.51883009308495,-4.60220234922757,0.7,0.05,0.02,0.5,"explicit_euler","Predator-prey terms are illustrative and assume continuous well-mixed interaction."
"predator_prey_coupled_system",15.51,13.75631998729,20.5022913908345,-4.47238005114603,-4.61042407851764,0.7,0.05,0.02,0.5,"explicit_euler","Predator-prey terms are illustrative and assume continuous well-mixed interaction."
"predator_prey_coupled_system",15.52,13.7115961867786,20.4561871500493,-4.42623155538726,-4.61835402057177,0.7,0.05,0.02,0.5,"explicit_euler","Predator-prey terms are illustrative and assume continuous well-mixed interaction."
"predator_prey_coupled_system",15.53,13.6673338712247,20.4100036098436,-4.38038297257441,-4.62599513194913,0.7,0.05,0.02,0.5,"explicit_euler","Predator-prey terms are illustrative and assume continuous well-mixed interaction."
"predator_prey_coupled_system",15.54,13.6235300414989,20.3637436585241,-4.33483264541509,-4.63335035947632,0.7,0.05,0.02,0.5,"explicit_euler","Predator-prey terms are illustrative and assume continuous well-mixed interaction."
"predator_prey_coupled_system",15.55,13.5801817150448,20.3174101549294,-4.2895788936205,-4.64042263980394,0.7,0.05,0.02,0.5,"explicit_euler","Predator-prey terms are illustrative and assume continuous well-mixed interaction."
"predator_prey_coupled_system",15.56,13.5372859261086,20.2710059285313,-4.24462001494253,-4.64721489897824,0.7,0.05,0.02,0.5,"explicit_euler","Predator-prey terms are illustrative and assume continuous well-mixed interaction."
"predator_prey_coupled_system",15.57,13.4948397259592,20.2245337795415,-4.19995428618659,-4.65373005202757,0.7,0.05,0.02,0.5,"explicit_euler","Predator-prey terms are illustrative and assume continuous well-mixed interaction."
"predator_prey_coupled_system",15.58,13.4528401830973,20.1779964790213,-4.15557996420054,-4.65997100256317,0.7,0.05,0.02,0.5,"explicit_euler","Predator-prey terms are illustrative and assume continuous well-mixed interaction."
"predator_prey_coupled_system",15.59,13.4112843834553,20.1313967689956,-4.11149528683997,-4.66594064239435,0.7,0.05,0.02,0.5,"explicit_euler","Predator-prey terms are illustrative and assume continuous well-mixed interaction."
"predator_prey_coupled_system",15.6,13.3701694305869,20.0847373625717,-4.06769847391029,-4.6716418511574,0.7,0.05,0.02,0.5,"explicit_euler","Predator-prey terms are illustrative and assume continuous well-mixed interaction."
"predator_prey_coupled_system",15.61,13.3294924458478,20.0380209440601,-4.024187728086,-4.67707749595828,0.7,0.05,0.02,0.5,"explicit_euler","Predator-prey terms are illustrative and assume continuous well-mixed interaction."
"predator_prey_coupled_system",15.62,13.2892505685669,19.9912501691005,-3.98096123580729,-4.68225043102861,0.7,0.05,0.02,0.5,"explicit_euler","Predator-prey terms are illustrative and assume continuous well-mixed interaction."
"predator_prey_coupled_system",15.63,13.2494409562089,19.9444276647902,-3.93801716815464,-4.68716349739479,0.7,0.05,0.02,0.5,"explicit_euler","Predator-prey terms are illustrative and assume continuous well-mixed interaction."
"predator_prey_coupled_system",15.64,13.2100607845273,19.8975560298163,-3.89535368170144,-4.69181952255993,0.7,0.05,0.02,0.5,"explicit_euler","Predator-prey terms are illustrative and assume continuous well-mixed interaction."
"predator_prey_coupled_system",15.65,13.1711072477103,19.8506378345907,-3.85296891934528,-4.69622132019836,0.7,0.05,0.02,0.5,"explicit_euler","Predator-prey terms are illustrative and assume continuous well-mixed interaction."
"predator_prey_coupled_system",15.66,13.1325775585168,19.8036756213887,-3.81086101111804,-4.70037168986243,0.7,0.05,0.02,0.5,"explicit_euler","Predator-prey terms are illustrative and assume continuous well-mixed interaction."
"predator_prey_coupled_system",15.67,13.0944689484057,19.7566719044901,-3.76902807497524,-4.70427341670137,0.7,0.05,0.02,0.5,"explicit_euler","Predator-prey terms are illustrative and assume continuous well-mixed interaction."
"predator_prey_coupled_system",15.68,13.0567786676559,19.7096291703231,-3.72746821756501,-4.70792927119188,0.7,0.05,0.02,0.5,"explicit_euler","Predator-prey terms are illustrative and assume continuous well-mixed interaction."
"predator_prey_coupled_system",15.69,13.0195039854803,19.6625498776112,-3.68617953497696,-4.71134200888032,0.7,0.05,0.02,0.5,"explicit_euler","Predator-prey terms are illustrative and assume continuous well-mixed interaction."
"predator_prey_coupled_system",15.7,12.9826421901305,19.6154364575224,-3.64516011347133,-4.71451437013611,0.7,0.05,0.02,0.5,"explicit_euler","Predator-prey terms are illustrative and assume continuous well-mixed interaction."
"predator_prey_coupled_system",15.71,12.9461905889958,19.568291313821,-3.60440803018881,-4.71744907991615,0.7,0.05,0.02,0.5,"explicit_euler","Predator-prey terms are illustrative and assume continuous well-mixed interaction."
"predator_prey_coupled_system",15.72,12.9101465086939,19.5211168230218,-3.56392135384132,-4.7201488475401,0.7,0.05,0.02,0.5,"explicit_euler","Predator-prey terms are illustrative and assume continuous well-mixed interaction."
"predator_prey_coupled_system",15.73,12.8745072951555,19.4739153345464,-3.52369814538407,-4.72261636647605,0.7,0.05,0.02,0.5,"explicit_euler","Predator-prey terms are illustrative and assume continuous well-mixed interaction."
"predator_prey_coupled_system",15.74,12.8392703137016,19.4266891708817,-3.48373645866936,-4.72485431413664,0.7,0.05,0.02,0.5,"explicit_euler","Predator-prey terms are illustrative and assume continuous well-mixed interaction."
"predator_prey_coupled_system",15.75,12.8044329491149,19.3794406277403,-3.44403434108227,-4.72686535168506,0.7,0.05,0.02,0.5,"explicit_euler","Predator-prey terms are illustrative and assume continuous well-mixed interaction."
"predator_prey_coupled_system",15.76,12.7699926057041,19.3321719742234,-3.40458983415881,-4.72865212385105,0.7,0.05,0.02,0.5,"explicit_euler","Predator-prey terms are illustrative and assume continuous well-mixed interaction."
"predator_prey_coupled_system",15.77,12.7359467073625,19.2848854529849,-3.36540097418658,-4.73021725875633,0.7,0.05,0.02,0.5,"explicit_euler","Predator-prey terms are illustrative and assume continuous well-mixed interaction."
"predator_prey_coupled_system",15.78,12.7022926976207,19.2375832803974,-3.32646579278858,-4.73156336774947,0.7,0.05,0.02,0.5,"explicit_euler","Predator-prey terms are illustrative and assume continuous well-mixed interaction."
"predator_prey_coupled_system",15.79,12.6690280396928,19.1902676467199,-3.28778231749022,-4.73269304524987,0.7,0.05,0.02,0.5,"explicit_euler","Predator-prey terms are illustrative and assume continuous well-mixed interaction."
"predator_prey_coupled_system",15.8,12.6361502165179,19.1429407162674,-3.24934857227003,-4.73360886860067,0.7,0.05,0.02,0.5,"explicit_euler","Predator-prey terms are illustrative and assume continuous well-mixed interaction."
"predator_prey_coupled_system",15.81,12.6036567307952,19.0956046275814,-3.21116257809435,-4.7343133979303,0.7,0.05,0.02,0.5,"explicit_euler","Predator-prey terms are illustrative and assume continuous well-mixed interaction."
"predator_prey_coupled_system",15.82,12.5715451050142,19.0482614936021,-3.17322235343625,-4.73480917602255,0.7,0.05,0.02,0.5,"explicit_euler","Predator-prey terms are illustrative and assume continuous well-mixed interaction."
"predator_prey_coupled_system",15.83,12.5398128814799,19.0009134018418,-3.13552591477909,-4.73509872819493,0.7,0.05,0.02,0.5,"explicit_euler","Predator-prey terms are illustrative and assume continuous well-mixed interaction."
"predator_prey_coupled_system",15.84,12.5084576223321,18.9535624145599,-3.09807127710497,-4.73518456218498,0.7,0.05,0.02,0.5,"explicit_euler","Predator-prey terms are illustrative and assume continuous well-mixed interaction."
"predator_prey_coupled_system",15.85,12.477476909561,18.906210568938,-3.06085645436844,-4.73506916804456,0.7,0.05,0.02,0.5,"explicit_euler","Predator-prey terms are illustrative and assume continuous well-mixed interaction."
"predator_prey_coupled_system",15.86,12.4468683450173,18.8588598772576,-3.02387945995562,-4.73475501804169,0.7,0.05,0.02,0.5,"explicit_euler","Predator-prey terms are illustrative and assume continuous well-mixed interaction."
"predator_prey_coupled_system",15.87,12.4166295504178,18.8115123270772,-2.9871383071293,-4.73424456656989,0.7,0.05,0.02,0.5,"explicit_euler","Predator-prey terms are illustrative and assume continuous well-mixed interaction."
"predator_prey_coupled_system",15.88,12.3867581673465,18.7641698814115,-2.95063100946,-4.73354025006473,0.7,0.05,0.02,0.5,"explicit_euler","Predator-prey terms are illustrative and assume continuous well-mixed interaction."
"predator_prey_coupled_system",15.89,12.3572518572519,18.7168344789108,-2.91435558124354,-4.73264448692747,0.7,0.05,0.02,0.5,"explicit_euler","Predator-prey terms are illustrative and assume continuous well-mixed interaction."
"predator_prey_coupled_system",15.9,12.3281083014395,18.6695080340416,-2.8783100379053,-4.73155967745561,0.7,0.05,0.02,0.5,"explicit_euler","Predator-prey terms are illustrative and assume continuous well-mixed interaction."
"predator_prey_coupled_system",15.91,12.2993252010604,18.622192437267,-2.84249239639145,-4.73028820378001,0.7,0.05,0.02,0.5,"explicit_euler","Predator-prey terms are illustrative and assume continuous well-mixed interaction."
"predator_prey_coupled_system",15.92,12.2709002770965,18.5748895552292,-2.8069006755474,-4.72883242980863,0.7,0.05,0.02,0.5,"explicit_euler","Predator-prey terms are illustrative and assume continuous well-mixed interaction."
"predator_prey_coupled_system",15.93,12.242831270341,18.5276012309311,-2.7715328964839,-4.72719470117652,0.7,0.05,0.02,0.5,"explicit_euler","Predator-prey terms are illustrative and assume continuous well-mixed interaction."
"predator_prey_coupled_system",15.94,12.2151159413762,18.4803292839194,-2.73638708293089,-4.72537734520199,0.7,0.05,0.02,0.5,"explicit_euler","Predator-prey terms are illustrative and assume continuous well-mixed interaction."
"predator_prey_coupled_system",15.95,12.1877520705469,18.4330755104673,-2.70146126157945,-4.72338267084877,0.7,0.05,0.02,0.5,"explicit_euler","Predator-prey terms are illustrative and assume continuous well-mixed interaction."
"predator_prey_coupled_system",15.96,12.1607374579311,18.3858416837588,-2.66675346241209,-4.72121296869389,0.7,0.05,0.02,0.5,"explicit_euler","Predator-prey terms are illustrative and assume continuous well-mixed interaction."
"predator_prey_coupled_system",15.97,12.134069923307,18.3386295540719,-2.63226171902173,-4.71887051090131,0.7,0.05,0.02,0.5,"explicit_euler","Predator-prey terms are illustrative and assume continuous well-mixed interaction."
"predator_prey_coupled_system",15.98,12.1077473061167,18.2914408489629,-2.59798406891949,-4.71635755120097,0.7,0.05,0.02,0.5,"explicit_euler","Predator-prey terms are illustrative and assume continuous well-mixed interaction."
"predator_prey_coupled_system",15.99,12.0817674654275,18.2442772734509,-2.56391855383162,-4.71367632487308,0.7,0.05,0.02,0.5,"explicit_euler","Predator-prey terms are illustrative and assume continuous well-mixed interaction."
"predator_prey_coupled_system",16,12.0561282798892,18.1971405102022,-2.53006321998585,-4.71082904873776,0.7,0.05,0.02,0.5,"explicit_euler","Predator-prey terms are illustrative and assume continuous well-mixed interaction."
"predator_prey_coupled_system",16.01,12.0308276476894,18.1500322197148,-2.49641611838731,-4.70781792114944,0.7,0.05,0.02,0.5,"explicit_euler","Predator-prey terms are illustrative and assume continuous well-mixed interaction."
"predator_prey_coupled_system",16.02,12.0058634865055,18.1029540405033,-2.46297530508443,-4.70464512199633,0.7,0.05,0.02,0.5,"explicit_euler","Predator-prey terms are illustrative and assume continuous well-mixed interaction."
"predator_prey_coupled_system",16.03,11.9812337334546,18.0559075892833,-2.42973884142481,-4.70131281270444,0.7,0.05,0.02,0.5,"explicit_euler","Predator-prey terms are illustrative and assume continuous well-mixed interaction."
"predator_prey_coupled_system",16.04,11.9569363450404,18.0088944611563,-2.39670479430153,-4.69782313624621,0.7,0.05,0.02,0.5,"explicit_euler","Predator-prey terms are illustrative and assume continuous well-mixed interaction."
"predator_prey_coupled_system",16.05,11.9329692970974,17.9619162297938,-2.36387123639007,-4.69417821715361,0.7,0.05,0.02,0.5,"explicit_euler","Predator-prey terms are illustrative and assume continuous well-mixed interaction."
"predator_prey_coupled_system",16.06,11.9093305847335,17.9149744476223,-2.33123624637591,-4.6903801615354,0.7,0.05,0.02,0.5,"explicit_euler","Predator-prey terms are illustrative and assume continuous well-mixed interaction."
"predator_prey_coupled_system",16.07,11.8860182222697,17.8680706460069,-2.29879790917325,-4.68643105709864,0.7,0.05,0.02,0.5,"explicit_euler","Predator-prey terms are illustrative and assume continuous well-mixed interaction."
"predator_prey_coupled_system",16.08,11.863030243178,17.8212063354359,-2.266554316135,-4.68233297317413,0.7,0.05,0.02,0.5,"explicit_euler","Predator-prey terms are illustrative and assume continuous well-mixed interaction."
"predator_prey_coupled_system",16.09,11.8403647000166,17.7743830057042,-2.23450356525414,-4.67808796074579,0.7,0.05,0.02,0.5,"explicit_euler","Predator-prey terms are illustrative and assume continuous well-mixed interaction."
"predator_prey_coupled_system",16.1,11.8180196643641,17.7276021260967,-2.20264376135684,-4.67369805248369,0.7,0.05,0.02,0.5,"explicit_euler","Predator-prey terms are illustrative and assume continuous well-mixed interaction."
"predator_prey_coupled_system",16.11,11.7959932267505,17.6808651455719,-2.17097301628742,-4.66916526278084,0.7,0.05,0.02,0.5,"explicit_euler","Predator-prey terms are illustrative and assume continuous well-mixed interaction."
"predator_prey_coupled_system",16.12,11.7742834965877,17.6341734929441,-2.1394894490854,-4.66449158779334,0.7,0.05,0.02,0.5,"explicit_euler","Predator-prey terms are illustrative and assume continuous well-mixed interaction."
"predator_prey_coupled_system",16.13,11.7528886020968,17.5875285770662,-2.10819118615488,-4.65967900548403,0.7,0.05,0.02,0.5,"explicit_euler","Predator-prey terms are illustrative and assume continuous well-mixed interaction."
"predator_prey_coupled_system",16.14,11.7318066902353,17.5409317870113,-2.07707636142631,-4.65472947566927,0.7,0.05,0.02,0.5,"explicit_euler","Predator-prey terms are illustrative and assume continuous well-mixed interaction."
"predator_prey_coupled_system",16.15,11.711035926621,17.4943844922546,-2.04614311651106,-4.64964494006901,0.7,0.05,0.02,0.5,"explicit_euler","Predator-prey terms are illustrative and assume continuous well-mixed interaction."
"predator_prey_coupled_system",16.16,11.6905744954559,17.4478880428539,-2.01538960084878,-4.64442732235981,0.7,0.05,0.02,0.5,"explicit_euler","Predator-prey terms are illustrative and assume continuous well-mixed interaction."
"predator_prey_coupled_system",16.17,11.6704205994474,17.4014437696303,-1.9848139718478,-4.63907852823078,0.7,0.05,0.02,0.5,"explicit_euler","Predator-prey terms are illustrative and assume continuous well-mixed interaction."
"predator_prey_coupled_system",16.18,11.6505724597289,17.355052984348,-1.95441439501883,-4.63360044544239,0.7,0.05,0.02,0.5,"explicit_euler","Predator-prey terms are illustrative and assume continuous well-mixed interaction."
"predator_prey_coupled_system",16.19,11.6310283157787,17.3087169798936,-1.92418904410203,-4.62799494388795,0.7,0.05,0.02,0.5,"explicit_euler","Predator-prey terms are illustrative and assume continuous well-mixed interaction."
"predator_prey_coupled_system",16.2,11.6117864253377,17.2624370304547,-1.89413610118767,-4.62226387565774,0.7,0.05,0.02,0.5,"explicit_euler","Predator-prey terms are illustrative and assume continuous well-mixed interaction."
"predator_prey_coupled_system",16.21,11.5928450643258,17.2162143916982,-1.86425375683059,-4.61640907510561,0.7,0.05,0.02,0.5,"explicit_euler","Predator-prey terms are illustrative and assume continuous well-mixed interaction."
"predator_prey_coupled_system",16.22,11.5742025267575,17.1700503009471,-1.83454021015852,-4.61043235891803,0.7,0.05,0.02,0.5,"explicit_euler","Predator-prey terms are illustrative and assume continuous well-mixed interaction."
"predator_prey_coupled_system",16.23,11.5558571246559,17.1239459773579,-1.80499366897459,-4.60433552618546,0.7,0.05,0.02,0.5,"explicit_euler","Predator-prey terms are illustrative and assume continuous well-mixed interaction."
"predator_prey_coupled_system",16.24,11.5378071879662,17.0779026220961,-1.775612349854,-4.5981203584759,0.7,0.05,0.02,0.5,"explicit_euler","Predator-prey terms are illustrative and assume continuous well-mixed interaction."
"predator_prey_coupled_system",16.25,11.5200510644677,17.0319214185113,-1.74639447823517,-4.59178861991064,0.7,0.05,0.02,0.5,"explicit_euler","Predator-prey terms are illustrative and assume continuous well-mixed interaction."
"predator_prey_coupled_system",16.26,11.5025871196853,16.9860035323122,-1.71733828850546,-4.58534205724203,0.7,0.05,0.02,0.5,"explicit_euler","Predator-prey terms are illustrative and assume continuous well-mixed interaction."
"predator_prey_coupled_system",16.27,11.4854137368003,16.9401501117398,-1.68844202408154,-4.5787823999332,0.7,0.05,0.02,0.5,"explicit_euler","Predator-prey terms are illustrative and assume continuous well-mixed interaction."
"predator_prey_coupled_system",16.28,11.4685293165594,16.8943622877404,-1.65970393748477,-4.57211136023967,0.7,0.05,0.02,0.5,"explicit_euler","Predator-prey terms are illustrative and assume continuous well-mixed interaction."
"predator_prey_coupled_system",16.29,11.4519322771846,16.848641174138,-1.63112229041143,-4.56533063329277,0.7,0.05,0.02,0.5,"explicit_euler","Predator-prey terms are illustrative and assume continuous well-mixed interaction."
"predator_prey_coupled_system",16.3,11.4356210542805,16.8029878678051,-1.60269535379825,-4.55844189718473,0.7,0.05,0.02,0.5,"explicit_euler","Predator-prey terms are illustrative and assume continuous well-mixed interaction."
"predator_prey_coupled_system",16.31,11.4195941007425,16.7574034488333,-1.57442140788317,-4.55144681305547,0.7,0.05,0.02,0.5,"explicit_euler","Predator-prey terms are illustrative and assume continuous well-mixed interaction."
"predator_prey_coupled_system",16.32,11.4038498866637,16.7118889807027,-1.54629874226156,-4.54434702518091,0.7,0.05,0.02,0.5,"explicit_euler","Predator-prey terms are illustrative and assume continuous well-mixed interaction."
"predator_prey_coupled_system",16.33,11.388386899241,16.6664455104509,-1.51832565593796,-4.53714416106278,0.7,0.05,0.02,0.5,"explicit_euler","Predator-prey terms are illustrative and assume continuous well-mixed interaction."
"predator_prey_coupled_system",16.34,11.3732036426817,16.6210740688403,-1.49050045737364,-4.52983983151982,0.7,0.05,0.02,0.5,"explicit_euler","Predator-prey terms are illustrative and assume continuous well-mixed interaction."
"predator_prey_coupled_system",16.35,11.3582986381079,16.5757756705251,-1.46282146452983,-4.52243563078039,0.7,0.05,0.02,0.5,"explicit_euler","Predator-prey terms are illustrative and assume continuous well-mixed interaction."
"predator_prey_coupled_system",16.36,11.3436704234626,16.5305513142173,-1.43528700490705,-4.51493313657628,0.7,0.05,0.02,0.5,"explicit_euler","Predator-prey terms are illustrative and assume continuous well-mixed interaction."
"predator_prey_coupled_system",16.37,11.3293175534136,16.4854019828515,-1.40789541558043,-4.50733391023779,0.7,0.05,0.02,0.5,"explicit_euler","Predator-prey terms are illustrative and assume continuous well-mixed interaction."
"predator_prey_coupled_system",16.38,11.3152385992578,16.4403286437491,-1.38064504323123,-4.49963949678991,0.7,0.05,0.02,0.5,"explicit_euler","Predator-prey terms are illustrative and assume continuous well-mixed interaction."
"predator_prey_coupled_system",16.39,11.3014321488254,16.3953322487812,-1.35353424417473,-4.4918514250496,0.7,0.05,0.02,0.5,"explicit_euler","Predator-prey terms are illustrative and assume continuous well-mixed interaction."
"predator_prey_coupled_system",16.4,11.2878968063837,16.3504137345307,-1.3265613843845,-4.48397120772414,0.7,0.05,0.02,0.5,"explicit_euler","Predator-prey terms are illustrative and assume continuous well-mixed interaction."
"predator_prey_coupled_system",16.41,11.2746311925398,16.3055740224535,-1.29972483951319,-4.47600034151032,0.7,0.05,0.02,0.5,"explicit_euler","Predator-prey terms are illustrative and assume continuous well-mixed interaction."
"predator_prey_coupled_system",16.42,11.2616339441447,16.2608140190384,-1.27302299491005,-4.46794030719466,0.7,0.05,0.02,0.5,"explicit_euler","Predator-prey terms are illustrative and assume continuous well-mixed interaction."
"predator_prey_coupled_system",16.43,11.2489037141956,16.2161346159665,-1.24645424563513,-4.4597925697544,0.7,0.05,0.02,0.5,"explicit_euler","Predator-prey terms are illustrative and assume continuous well-mixed interaction."
"predator_prey_coupled_system",16.44,11.2364391717393,16.1715366902689,-1.22001699647033,-4.45155857845933,0.7,0.05,0.02,0.5,"explicit_euler","Predator-prey terms are illustrative and assume continuous well-mixed interaction."
"predator_prey_coupled_system",16.45,11.2242390017746,16.1270211044843,-1.19370966192752,-4.44323976697427,0.7,0.05,0.02,0.5,"explicit_euler","Predator-prey terms are illustrative and assume continuous well-mixed interaction."
"predator_prey_coupled_system",16.46,11.2123019051553,16.0825887068146,-1.1675306662536,-4.43483755346237,0.7,0.05,0.02,0.5,"explicit_euler","Predator-prey terms are illustrative and assume continuous well-mixed interaction."
"predator_prey_coupled_system",16.47,11.2006265984927,16.0382403312799,-1.14147844343274,-4.42635334068891,0.7,0.05,0.02,0.5,"explicit_euler","Predator-prey terms are illustrative and assume continuous well-mixed interaction."
"predator_prey_coupled_system",16.48,11.1892118140584,15.9939767978731,-1.11555143718598,-4.41778851612578,0.7,0.05,0.02,0.5,"explicit_euler","Predator-prey terms are illustrative and assume continuous well-mixed interaction."
"predator_prey_coupled_system",16.49,11.1780562996866,15.9497989127118,-1.08974810096801,-4.40914445205646,0.7,0.05,0.02,0.5,"explicit_euler","Predator-prey terms are illustrative and assume continuous well-mixed interaction."
"predator_prey_coupled_system",16.5,11.1671588186769,15.9057074681912,-1.06406689796151,-4.40042250568149,0.7,0.05,0.02,0.5,"explicit_euler","Predator-prey terms are illustrative and assume continuous well-mixed interaction."
"predator_prey_coupled_system",16.51,11.1565181496973,15.8617032431344,-1.03850630106897,-4.39162401922439,0.7,0.05,0.02,0.5,"explicit_euler","Predator-prey terms are illustrative and assume continuous well-mixed interaction."
"predator_prey_coupled_system",16.52,11.1461330866866,15.8177870029422,-1.01306479290213,-4.38275032003799,0.7,0.05,0.02,0.5,"explicit_euler","Predator-prey terms are illustrative and assume continuous well-mixed interaction."
"predator_prey_coupled_system",16.53,11.1360024387576,15.7739594997418,-0.987740865769091,-4.37380272071115,0.7,0.05,0.02,0.5,"explicit_euler","Predator-prey terms are illustrative and assume continuous well-mixed interaction."
"predator_prey_coupled_system",16.54,11.1261250300999,15.7302214725347,-0.962533021659222,-4.36478251917569,0.7,0.05,0.02,0.5,"explicit_euler","Predator-prey terms are illustrative and assume continuous well-mixed interaction."
"predator_prey_coupled_system",16.55,11.1164996998833,15.6865736473429,-0.937439772225937,-4.35569099881377,0.7,0.05,0.02,0.5,"explicit_euler","Predator-prey terms are illustrative and assume continuous well-mixed interaction."
"predator_prey_coupled_system",16.56,11.107125302161,15.6430167373548,-0.912459638767373,-4.34652942856536,0.7,0.05,0.02,0.5,"explicit_euler","Predator-prey terms are illustrative and assume continuous well-mixed interaction."
"predator_prey_coupled_system",16.57,11.0980007057733,15.5995514430691,-0.887591152205105,-4.33729906303599,0.7,0.05,0.02,0.5,"explicit_euler","Predator-prey terms are illustrative and assume continuous well-mixed interaction."
"predator_prey_coupled_system",16.58,11.0891247942513,15.5561784524388,-0.862832853060925,-4.32800114260466,0.7,0.05,0.02,0.5,"explicit_euler","Predator-prey terms are illustrative and assume continuous well-mixed interaction."
"predator_prey_coupled_system",16.59,11.0804964657207,15.5128984410127,-0.838183291431798,-4.31863689353186,0.7,0.05,0.02,0.5,"explicit_euler","Predator-prey terms are illustrative and assume continuous well-mixed interaction."
"predator_prey_coupled_system",16.6,11.0721146328064,15.4697120720774,-0.813641026963026,-4.30920752806772,0.7,0.05,0.02,0.5,"explicit_euler","Predator-prey terms are illustrative and assume continuous well-mixed interaction."
"predator_prey_coupled_system",16.61,11.0639782225367,15.4266199967967,-0.789204628819728,-4.29971424456019,0.7,0.05,0.02,0.5,"explicit_euler","Predator-prey terms are illustrative and assume continuous well-mixed interaction."
"predator_prey_coupled_system",16.62,11.0560861762485,15.3836228543511,-0.764872675656658,-4.29015822756332,0.7,0.05,0.02,0.5,"explicit_euler","Predator-prey terms are illustrative and assume continuous well-mixed interaction."
"predator_prey_coupled_system",16.63,11.048437449492,15.3407212720755,-0.740643755586476,-4.28054064794541,0.7,0.05,0.02,0.5,"explicit_euler","Predator-prey terms are illustrative and assume continuous well-mixed interaction."
"predator_prey_coupled_system",16.64,11.0410310119361,15.297915865596,-0.716516466146496,-4.27086266299732,0.7,0.05,0.02,0.5,"explicit_euler","Predator-prey terms are illustrative and assume continuous well-mixed interaction."
"predator_prey_coupled_system",16.65,11.0338658472746,15.2552072389661,-0.692489414263984,-4.26112541654054,0.7,0.05,0.02,0.5,"explicit_euler","Predator-prey terms are illustrative and assume continuous well-mixed interaction."
"predator_prey_coupled_system",16.66,11.026940953132,15.2125959848007,-0.668561216220097,-4.25133003903534,0.7,0.05,0.02,0.5,"explicit_euler","Predator-prey terms are illustrative and assume continuous well-mixed interaction."
"predator_prey_coupled_system",16.67,11.0202553409698,15.1700826844103,-0.644730497612453,-4.24147764768863,0.7,0.05,0.02,0.5,"explicit_euler","Predator-prey terms are illustrative and assume continuous well-mixed interaction."
"predator_prey_coupled_system",16.68,11.0138080359937,15.1276679079334,-0.620995893316469,-4.2315693465619,0.7,0.05,0.02,0.5,"explicit_euler","Predator-prey terms are illustrative and assume continuous well-mixed interaction."
"predator_prey_coupled_system",16.69,11.0075980770605,15.0853522144678,-0.597356047445463,-4.22160622667878,0.7,0.05,0.02,0.5,"explicit_euler","Predator-prey terms are illustrative and assume continuous well-mixed interaction."
"predator_prey_coupled_system",16.7,11.0016245165861,15.043136152201,-0.5738096133096,-4.21158936613257,0.7,0.05,0.02,0.5,"explicit_euler","Predator-prey terms are illustrative and assume continuous well-mixed interaction."
"predator_prey_coupled_system",16.71,10.995886420453,15.0010202585397,-0.550355253373749,-4.20151983019352,0.7,0.05,0.02,0.5,"explicit_euler","Predator-prey terms are illustrative and assume continuous well-mixed interaction."
"predator_prey_coupled_system",16.72,10.9903828679192,14.9590050602378,-0.526991639214248,-4.1913986714158,0.7,0.05,0.02,0.5,"explicit_euler","Predator-prey terms are illustrative and assume continuous well-mixed interaction."
"predator_prey_coupled_system",16.73,10.9851129515271,14.9170910735236,-0.5037174514747,-4.18122692974434,0.7,0.05,0.02,0.5,"explicit_euler","Predator-prey terms are illustrative and assume continuous well-mixed interaction."
"predator_prey_coupled_system",16.74,10.9800757770123,14.8752788042262,-0.480531379820798,-4.17100563262131,0.7,0.05,0.02,0.5,"explicit_euler","Predator-prey terms are illustrative and assume continuous well-mixed interaction."
"predator_prey_coupled_system",16.75,10.9752704632141,14.8335687478999,-0.457432122894234,-4.16073579509233,0.7,0.05,0.02,0.5,"explicit_euler","Predator-prey terms are illustrative and assume continuous well-mixed interaction."
"predator_prey_coupled_system",16.76,10.9706961419852,14.791961389949,-0.434418388265749,-4.15041841991236,0.7,0.05,0.02,0.5,"explicit_euler","Predator-prey terms are illustrative and assume continuous well-mixed interaction."
"predator_prey_coupled_system",16.77,10.9663519581025,14.7504572057499,-0.411488892387379,-4.14005449765129,0.7,0.05,0.02,0.5,"explicit_euler","Predator-prey terms are illustrative and assume continuous well-mixed interaction."
"predator_prey_coupled_system",16.78,10.9622370691787,14.7090566607734,-0.388642360543904,-4.12964500679911,0.7,0.05,0.02,0.5,"explicit_euler","Predator-prey terms are illustrative and assume continuous well-mixed interaction."
"predator_prey_coupled_system",16.79,10.9583506455732,14.6677602107054,-0.365877526803579,-4.11919091387077,0.7,0.05,0.02,0.5,"explicit_euler","Predator-prey terms are illustrative and assume continuous well-mixed interaction."
"predator_prey_coupled_system",16.8,10.9546918703052,14.6265683015667,-0.343193133968177,-4.10869317351063,0.7,0.05,0.02,0.5,"explicit_euler","Predator-prey terms are illustrative and assume continuous well-mixed interaction."
"predator_prey_coupled_system",16.81,10.9512599389655,14.5854813698316,-0.320587933522363,-4.09815272859651,0.7,0.05,0.02,0.5,"explicit_euler","Predator-prey terms are illustrative and assume continuous well-mixed interaction."
"predator_prey_coupled_system",16.82,10.9480540596303,14.5444998425456,-0.298060685582481,-4.08757051034334,0.7,0.05,0.02,0.5,"explicit_euler","Predator-prey terms are illustrative and assume continuous well-mixed interaction."
"predator_prey_coupled_system",16.83,10.9450734527744,14.5036241374422,-0.275610158844745,-4.07694743840635,0.7,0.05,0.02,0.5,"explicit_euler","Predator-prey terms are illustrative and assume continuous well-mixed interaction."
"predator_prey_coupled_system",16.84,10.942317351186,14.4628546630581,-0.253235130532913,-4.06628442098382,0.7,0.05,0.02,0.5,"explicit_euler","Predator-prey terms are illustrative and assume continuous well-mixed interaction."
"predator_prey_coupled_system",16.85,10.9397849998807,14.4221918188483,-0.23093438634544,-4.05558235491938,0.7,0.05,0.02,0.5,"explicit_euler","Predator-prey terms are illustrative and assume continuous well-mixed interaction."
"predator_prey_coupled_system",16.86,10.9374756560172,14.3816359952991,-0.208706720402184,-4.04484212580385,0.7,0.05,0.02,0.5,"explicit_euler","Predator-prey terms are illustrative and assume continuous well-mixed interaction."
"predator_prey_coupled_system",16.87,10.9353885888132,14.341187574041,-0.186550935190669,-4.03406460807656,0.7,0.05,0.02,0.5,"explicit_euler","Predator-prey terms are illustrative and assume continuous well-mixed interaction."
"predator_prey_coupled_system",16.88,10.9335230794613,14.3008469279603,-0.164465841511941,-4.02325066512621,0.7,0.05,0.02,0.5,"explicit_euler","Predator-prey terms are illustrative and assume continuous well-mixed interaction."
"predator_prey_coupled_system",16.89,10.9318784210462,14.260614421309,-0.142450258426078,-4.01240114939115,0.7,0.05,0.02,0.5,"explicit_euler","Predator-prey terms are illustrative and assume continuous well-mixed interaction."
"predator_prey_coupled_system",16.9,10.9304539184619,14.2204904098151,-0.120503013197342,-4.00151690245928,0.7,0.05,0.02,0.5,"explicit_euler","Predator-prey terms are illustrative and assume continuous well-mixed interaction."
"predator_prey_coupled_system",16.91,10.9292488883299,14.1804752407905,-0.0986229412390429,-3.99059875516726,0.7,0.05,0.02,0.5,"explicit_euler","Predator-prey terms are illustrative and assume continuous well-mixed interaction."
"predator_prey_coupled_system",16.92,10.9282626589175,14.1405692532388,-0.0768088860581004,-3.97964752769927,0.7,0.05,0.02,0.5,"explicit_euler","Predator-prey terms are illustrative and assume continuous well-mixed interaction."
"predator_prey_coupled_system",16.93,10.927494570057,14.1007727779619,-0.0550596991993864,-3.96866402968522,0.7,0.05,0.02,0.5,"explicit_euler","Predator-prey terms are illustrative and assume continuous well-mixed interaction."
"predator_prey_coupled_system",16.94,10.926943973065,14.061086137665,-0.0333742401898203,-3.95764906029838,0.7,0.05,0.02,0.5,"explicit_euler","Predator-prey terms are illustrative and assume continuous well-mixed interaction."
"predator_prey_coupled_system",16.95,10.9266102306631,14.021509647062,-0.0117513764822901,-3.94660340835243,0.7,0.05,0.02,0.5,"explicit_euler","Predator-prey terms are illustrative and assume continuous well-mixed interaction."
"predator_prey_coupled_system",16.96,10.9264927168982,13.9820436129785,0.00981001660061587,-3.93552785239798,0.7,0.05,0.02,0.5,"explicit_euler","Predator-prey terms are illustrative and assume continuous well-mixed interaction."
"predator_prey_coupled_system",16.97,10.9265908170643,13.9426883344545,0.0313110559229983,-3.92442316081846,0.7,0.05,0.02,0.5,"explicit_euler","Predator-prey terms are illustrative and assume continuous well-mixed interaction."
"predator_prey_coupled_system",16.98,10.9269039276235,13.9034441028463,0.0527528505921824,-3.91329009192546,0.7,0.05,0.02,0.5,"explicit_euler","Predator-prey terms are illustrative and assume continuous well-mixed interaction."
"predator_prey_coupled_system",16.99,10.9274314561294,13.8643112019271,0.0741365020153246,-3.90212939405343,0.7,0.05,0.02,0.5,"explicit_euler","Predator-prey terms are illustrative and assume continuous well-mixed interaction."
"predator_prey_coupled_system",17,10.9281728211496,13.8252899079865,0.0954631039561011,-3.89094180565383,0.7,0.05,0.02,0.5,"explicit_euler","Predator-prey terms are illustrative and assume continuous well-mixed interaction."
"predator_prey_coupled_system",17.01,10.9291274521891,13.78638048993,0.11673374259146,-3.87972805538863,0.7,0.05,0.02,0.5,"explicit_euler","Predator-prey terms are illustrative and assume continuous well-mixed interaction."
"predator_prey_coupled_system",17.02,10.930294789615,13.7475832093761,0.13794949656838,-3.8684888622232,0.7,0.05,0.02,0.5,"explicit_euler","Predator-prey terms are illustrative and assume continuous well-mixed interaction."
"predator_prey_coupled_system",17.03,10.9316742845807,13.7088983207539,0.159111437060652,-3.8572249355186,0.7,0.05,0.02,0.5,"explicit_euler","Predator-prey terms are illustrative and assume continuous well-mixed interaction."
"predator_prey_coupled_system",17.04,10.9332653989513,13.6703260713987,0.180220627825649,-3.84593697512324,0.7,0.05,0.02,0.5,"explicit_euler","Predator-prey terms are illustrative and assume continuous well-mixed interaction."
"predator_prey_coupled_system",17.05,10.9350676052296,13.6318667016475,0.201278125261056,-3.83462567146387,0.7,0.05,0.02,0.5,"explicit_euler","Predator-prey terms are illustrative and assume continuous well-mixed interaction."
"predator_prey_coupled_system",17.06,10.9370803864822,13.5935204449328,0.22228497846156,-3.82329170563602,0.7,0.05,0.02,0.5,"explicit_euler","Predator-prey terms are illustrative and assume continuous well-mixed interaction."
"predator_prey_coupled_system",17.07,10.9393032362668,13.5552875278765,0.243242229275459,-3.81193574949371,0.7,0.05,0.02,0.5,"explicit_euler","Predator-prey terms are illustrative and assume continuous well-mixed interaction."
"predator_prey_coupled_system",17.08,10.9417356585596,13.5171681703815,0.2641509123612,-3.80055846573857,0.7,0.05,0.02,0.5,"explicit_euler","Predator-prey terms are illustrative and assume continuous well-mixed interaction."
"predator_prey_coupled_system",17.09,10.9443771676832,13.4791625857241,0.285012055243791,-3.7891605080083,0.7,0.05,0.02,0.5,"explicit_euler","Predator-prey terms are illustrative and assume continuous well-mixed interaction."
"predator_prey_coupled_system",17.1,10.9472272882356,13.4412709806441,0.305826678371123,-3.77774252096451,0.7,0.05,0.02,0.5,"explicit_euler","Predator-prey terms are illustrative and assume continuous well-mixed interaction."
"predator_prey_coupled_system",17.11,10.9502855550193,13.4034935554344,0.326595795170123,-3.76630514037985,0.7,0.05,0.02,0.5,"explicit_euler","Predator-prey terms are illustrative and assume continuous well-mixed interaction."
"predator_prey_coupled_system",17.12,10.953551512971,13.3658305040306,0.347320412102776,-3.75484899322453,0.7,0.05,0.02,0.5,"explicit_euler","Predator-prey terms are illustrative and assume continuous well-mixed interaction."
"predator_prey_coupled_system",17.13,10.957024717092,13.3282820140984,0.368001528721972,-3.7433746977522,0.7,0.05,0.02,0.5,"explicit_euler","Predator-prey terms are illustrative and assume continuous well-mixed interaction."
"predator_prey_coupled_system",17.14,10.9607047323793,13.2908482671208,0.388640137727173,-3.7318828635851,0.7,0.05,0.02,0.5,"explicit_euler","Predator-prey terms are illustrative and assume continuous well-mixed interaction."
"predator_prey_coupled_system",17.15,10.9645911337565,13.253529438485,0.409237225019882,-3.72037409179862,0.7,0.05,0.02,0.5,"explicit_euler","Predator-prey terms are illustrative and assume continuous well-mixed interaction."
"predator_prey_coupled_system",17.16,10.9686835060067,13.216325697567,0.429793769758902,-3.70884897500518,0.7,0.05,0.02,0.5,"explicit_euler","Predator-prey terms are illustrative and assume continuous well-mixed interaction."
"predator_prey_coupled_system",17.17,10.9729814437043,13.179237207817,0.450310744415371,-3.69730809743742,0.7,0.05,0.02,0.5,"explicit_euler","Predator-prey terms are illustrative and assume continuous well-mixed interaction."
"predator_prey_coupled_system",17.18,10.9774845511485,13.1422641268426,0.470789114827567,-3.68575203503075,0.7,0.05,0.02,0.5,"explicit_euler","Predator-prey terms are illustrative and assume continuous well-mixed interaction."
"predator_prey_coupled_system",17.19,10.9821924422968,13.1054066064923,0.491229840255455,-3.67418135550523,0.7,0.05,0.02,0.5,"explicit_euler","Predator-prey terms are illustrative and assume continuous well-mixed interaction."
"predator_prey_coupled_system",17.2,10.9871047406993,13.0686647929372,0.511633873434978,-3.6625966184468,0.7,0.05,0.02,0.5,"explicit_euler","Predator-prey terms are illustrative and assume continuous well-mixed interaction."
"predator_prey_coupled_system",17.21,10.9922210794337,13.0320388267528,0.532002160632083,-3.65099837538779,0.7,0.05,0.02,0.5,"explicit_euler","Predator-prey terms are illustrative and assume continuous well-mixed interaction."
"predator_prey_coupled_system",17.22,10.99754110104,12.9955288429989,0.552335641696448,-3.63938716988682,0.7,0.05,0.02,0.5,"explicit_euler","Predator-prey terms are illustrative and assume continuous well-mixed interaction."
"predator_prey_coupled_system",17.23,11.0030644574569,12.9591349713,0.572635250114935,-3.62776353760804,0.7,0.05,0.02,0.5,"explicit_euler","Predator-prey terms are illustrative and assume continuous well-mixed interaction."
"predator_prey_coupled_system",17.24,11.0087908099581,12.9228573359239,0.592901913064718,-3.61612800639959,0.7,0.05,0.02,0.5,"explicit_euler","Predator-prey terms are illustrative and assume continuous well-mixed interaction."
"predator_prey_coupled_system",17.25,11.0147198290887,12.8866960558599,0.613136551466112,-3.60448109637157,0.7,0.05,0.02,0.5,"explicit_euler","Predator-prey terms are illustrative and assume continuous well-mixed interaction."
"predator_prey_coupled_system",17.26,11.0208511946034,12.8506512448962,0.63334008003507,-3.59282331997319,0.7,0.05,0.02,0.5,"explicit_euler","Predator-prey terms are illustrative and assume continuous well-mixed interaction."
"predator_prey_coupled_system",17.27,11.0271845954038,12.8147230116965,0.653513407335351,-3.58115518206933,0.7,0.05,0.02,0.5,"explicit_euler","Predator-prey terms are illustrative and assume continuous well-mixed interaction."
"predator_prey_coupled_system",17.28,11.0337197294771,12.7789114598758,0.67365743583034,-3.56947718001644,0.7,0.05,0.02,0.5,"explicit_euler","Predator-prey terms are illustrative and assume continuous well-mixed interaction."
"predator_prey_coupled_system",17.29,11.0404563038354,12.7432166880756,0.693773061934526,-3.55778980373771,0.7,0.05,0.02,0.5,"explicit_euler","Predator-prey terms are illustrative and assume continuous well-mixed interaction."
"predator_prey_coupled_system",17.3,11.0473940344548,12.7076387900383,0.713861176064605,-3.54609353579764,0.7,0.05,0.02,0.5,"explicit_euler","Predator-prey terms are illustrative and assume continuous well-mixed interaction."
"predator_prey_coupled_system",17.31,11.0545326462154,12.6721778546803,0.733922662690231,-3.53438885147592,0.7,0.05,0.02,0.5,"explicit_euler","Predator-prey terms are illustrative and assume continuous well-mixed interaction."
"predator_prey_coupled_system",17.32,11.0618718728423,12.6368339661655,0.753958400384382,-3.52267621884067,0.7,0.05,0.02,0.5,"explicit_euler","Predator-prey terms are illustrative and assume continuous well-mixed interaction."
"predator_prey_coupled_system",17.33,11.0694114568462,12.6016072039771,0.773969261873343,-3.51095609882097,0.7,0.05,0.02,0.5,"explicit_euler","Predator-prey terms are illustrative and assume continuous well-mixed interaction."
"predator_prey_coupled_system",17.34,11.0771511494649,12.5664976429889,0.793956114086305,-3.49922894527881,0.7,0.05,0.02,0.5,"explicit_euler","Predator-prey terms are illustrative and assume continuous well-mixed interaction."
"predator_prey_coupled_system",17.35,11.0850907106057,12.5315053535361,0.813919818204554,-3.48749520508027,0.7,0.05,0.02,0.5,"explicit_euler","Predator-prey terms are illustrative and assume continuous well-mixed interaction."
"predator_prey_coupled_system",17.36,11.0932299087878,12.4966304014853,0.83386122971027,-3.47575531816618,0.7,0.05,0.02,0.5,"explicit_euler","Predator-prey terms are illustrative and assume continuous well-mixed interaction."
"predator_prey_coupled_system",17.37,11.1015685210849,12.4618728483037,0.853781198434907,-3.46400971762202,0.7,0.05,0.02,0.5,"explicit_euler","Predator-prey terms are illustrative and assume continuous well-mixed interaction."
"predator_prey_coupled_system",17.38,11.1101063330692,12.4272327511274,0.873680568607151,-3.45225882974719,0.7,0.05,0.02,0.5,"explicit_euler","Predator-prey terms are illustrative and assume continuous well-mixed interaction."
"predator_prey_coupled_system",17.39,11.1188431387553,12.39271016283,0.893560178900463,-3.44050307412368,0.7,0.05,0.02,0.5,"explicit_euler","Predator-prey terms are illustrative and assume continuous well-mixed interaction."
"predator_prey_coupled_system",17.4,11.1277787405443,12.3583051320887,0.913420862480192,-3.42874286368403,0.7,0.05,0.02,0.5,"explicit_euler","Predator-prey terms are illustrative and assume continuous well-mixed interaction."
"predator_prey_coupled_system",17.41,11.1369129491691,12.3240177034519,0.933263447050247,-3.41697860477869,0.7,0.05,0.02,0.5,"explicit_euler","Predator-prey terms are illustrative and assume continuous well-mixed interaction."
"predator_prey_coupled_system",17.42,11.1462455836396,12.2898479174041,0.953088754899335,-3.40521069724269,0.7,0.05,0.02,0.5,"explicit_euler","Predator-prey terms are illustrative and assume continuous well-mixed interaction."
"predator_prey_coupled_system",17.43,11.1557764711886,12.2557958104317,0.97289760294675,-3.39343953446172,0.7,0.05,0.02,0.5,"explicit_euler","Predator-prey terms are illustrative and assume continuous well-mixed interaction."
"predator_prey_coupled_system",17.44,11.1655054472181,12.221861415087,0.992690802787709,-3.38166550343754,0.7,0.05,0.02,0.5,"explicit_euler","Predator-prey terms are illustrative and assume continuous well-mixed interaction."
"predator_prey_coupled_system",17.45,11.175432355246,12.1880447600527,1.01246916073824,-3.36988898485276,0.7,0.05,0.02,0.5,"explicit_euler","Predator-prey terms are illustrative and assume continuous well-mixed interaction."
"predator_prey_coupled_system",17.46,11.1855570468533,12.1543458702041,1.0322334778796,-3.35811035313498,0.7,0.05,0.02,0.5,"explicit_euler","Predator-prey terms are illustrative and assume continuous well-mixed interaction."
"predator_prey_coupled_system",17.47,11.1958793816321,12.1207647666728,1.05198455010223,-3.34632997652029,0.7,0.05,0.02,0.5,"explicit_euler","Predator-prey terms are illustrative and assume continuous well-mixed interaction."
"predator_prey_coupled_system",17.48,11.2063992271332,12.0873014669076,1.07172316814927,-3.33454821711622,0.7,0.05,0.02,0.5,"explicit_euler","Predator-prey terms are illustrative and assume continuous well-mixed interaction."
"predator_prey_coupled_system",17.49,11.2171164588147,12.0539559847364,1.09145011765954,-3.32276543096393,0.7,0.05,0.02,0.5,"explicit_euler","Predator-prey terms are illustrative and assume continuous well-mixed interaction."
"predator_prey_coupled_system",17.5,11.2280309599913,12.0207283304268,1.11116617921008,-3.31098196809988,0.7,0.05,0.02,0.5,"explicit_euler","Predator-prey terms are illustrative and assume continuous well-mixed interaction."
"predator_prey_coupled_system",17.51,11.2391426217834,11.9876185107458,1.13087212835824,-3.29919817261685,0.7,0.05,0.02,0.5,"explicit_euler","Predator-prey terms are illustrative and assume continuous well-mixed interaction."
"predator_prey_coupled_system",17.52,11.2504513430669,11.9546265290196,1.15056873568323,-3.28741438272436,0.7,0.05,0.02,0.5,"explicit_euler","Predator-prey terms are illustrative and assume continuous well-mixed interaction."
"predator_prey_coupled_system",17.53,11.2619570304238,11.9217523851924,1.1702567668272,-3.27563093080842,0.7,0.05,0.02,0.5,"explicit_euler","Predator-prey terms are illustrative and assume continuous well-mixed interaction."
"predator_prey_coupled_system",17.54,11.273659598092,11.8889960758843,1.18993698253585,-3.26384814349072,0.7,0.05,0.02,0.5,"explicit_euler","Predator-prey terms are illustrative and assume continuous well-mixed interaction."
"predator_prey_coupled_system",17.55,11.2855589679174,11.8563575944494,1.20961013869848,-3.25206634168722,0.7,0.05,0.02,0.5,"explicit_euler","Predator-prey terms are illustrative and assume continuous well-mixed interaction."
"predator_prey_coupled_system",17.56,11.2976550693044,11.8238369310325,1.22927698638767,-3.2402858406661,0.7,0.05,0.02,0.5,"explicit_euler","Predator-prey terms are illustrative and assume continuous well-mixed interaction."
"predator_prey_coupled_system",17.57,11.3099478391683,11.7914340726259,1.24893827189829,-3.22850695010513,0.7,0.05,0.02,0.5,"explicit_euler","Predator-prey terms are illustrative and assume continuous well-mixed interaction."
"predator_prey_coupled_system",17.58,11.3224372218872,11.7591490031248,1.26859473678614,-3.21672997414843,0.7,0.05,0.02,0.5,"explicit_euler","Predator-prey terms are illustrative and assume continuous well-mixed interaction."
"predator_prey_coupled_system",17.59,11.3351231692551,11.7269817033833,1.28824711790602,-3.20495521146264,0.7,0.05,0.02,0.5,"explicit_euler","Predator-prey terms are illustrative and assume continuous well-mixed interaction."
"predator_prey_coupled_system",17.6,11.3480056404342,11.6949321512687,1.30789614744931,-3.19318295529251,0.7,0.05,0.02,0.5,"explicit_euler","Predator-prey terms are illustrative and assume continuous well-mixed interaction."
"predator_prey_coupled_system",17.61,11.3610846019087,11.6630003217158,1.32754255298102,-3.18141349351587,0.7,0.05,0.02,0.5,"explicit_euler","Predator-prey terms are illustrative and assume continuous well-mixed interaction."
"predator_prey_coupled_system",17.62,11.3743600274385,11.6311861867806,1.34718705747633,-3.16964710869807,0.7,0.05,0.02,0.5,"explicit_euler","Predator-prey terms are illustrative and assume continuous well-mixed interaction."
"predator_prey_coupled_system",17.63,11.3878318980132,11.5994897156936,1.36683037935664,-3.15788407814577,0.7,0.05,0.02,0.5,"explicit_euler","Predator-prey terms are illustrative and assume continuous well-mixed interaction."
"predator_prey_coupled_system",17.64,11.4015002018068,11.5679108749122,1.38647323252505,-3.1461246739602,0.7,0.05,0.02,0.5,"explicit_euler","Predator-prey terms are illustrative and assume continuous well-mixed interaction."
"predator_prey_coupled_system",17.65,11.415364934132,11.5364496281726,1.40611632640134,-3.13436916308985,0.7,0.05,0.02,0.5,"explicit_euler","Predator-prey terms are illustrative and assume continuous well-mixed interaction."
"predator_prey_coupled_system",17.66,11.4294260973961,11.5051059365417,1.42576036595645,-3.12261780738252,0.7,0.05,0.02,0.5,"explicit_euler","Predator-prey terms are illustrative and assume continuous well-mixed interaction."
"predator_prey_coupled_system",17.67,11.4436837010556,11.4738797584678,1.44540605174641,-3.11087086363691,0.7,0.05,0.02,0.5,"explicit_euler","Predator-prey terms are illustrative and assume continuous well-mixed interaction."
"predator_prey_coupled_system",17.68,11.4581377615731,11.4427710498315,1.46505407994569,-3.09912858365355,0.7,0.05,0.02,0.5,"explicit_euler","Predator-prey terms are illustrative and assume continuous well-mixed interaction."
"predator_prey_coupled_system",17.69,11.4727883023725,11.4117797639949,1.48470514238013,-3.08739121428521,0.7,0.05,0.02,0.5,"explicit_euler","Predator-prey terms are illustrative and assume continuous well-mixed interaction."
"predator_prey_coupled_system",17.7,11.4876353537963,11.3809058518521,1.50435992655925,-3.07565899748677,0.7,0.05,0.02,0.5,"explicit_euler","Predator-prey terms are illustrative and assume continuous well-mixed interaction."
"predator_prey_coupled_system",17.71,11.5026789530619,11.3501492618772,1.52401911570802,-3.06393217036448,0.7,0.05,0.02,0.5,"explicit_euler","Predator-prey terms are illustrative and assume continuous well-mixed interaction."
"predator_prey_coupled_system",17.72,11.517919144219,11.3195099401736,1.54368338879817,-3.05221096522473,0.7,0.05,0.02,0.5,"explicit_euler","Predator-prey terms are illustrative and assume continuous well-mixed interaction."
"predator_prey_coupled_system",17.73,11.533355978107,11.2889878305213,1.56335342057888,-3.04049560962226,0.7,0.05,0.02,0.5,"explicit_euler","Predator-prey terms are illustrative and assume continuous well-mixed interaction."
"predator_prey_coupled_system",17.74,11.5489895123128,11.2585828744251,1.58302988160695,-3.02878632640776,0.7,0.05,0.02,0.5,"explicit_euler","Predator-prey terms are illustrative and assume continuous well-mixed interaction."
"predator_prey_coupled_system",17.75,11.5648198111289,11.228295011161,1.60271343827648,-3.01708333377503,0.7,0.05,0.02,0.5,"explicit_euler","Predator-prey terms are illustrative and assume continuous well-mixed interaction."
"predator_prey_coupled_system",17.76,11.5808469455116,11.1981241778233,1.62240475284791,-3.00538684530755,0.7,0.05,0.02,0.5,"explicit_euler","Predator-prey terms are illustrative and assume continuous well-mixed interaction."
"predator_prey_coupled_system",17.77,11.5970709930401,11.1680703093702,1.64210448347659,-2.99369707002451,0.7,0.05,0.02,0.5,"explicit_euler","Predator-prey terms are illustrative and assume continuous well-mixed interaction."
"predator_prey_coupled_system",17.78,11.6134920378749,11.13813333867,1.6618132842408,-2.98201421242634,0.7,0.05,0.02,0.5,"explicit_euler","Predator-prey terms are illustrative and assume continuous well-mixed interaction."
"predator_prey_coupled_system",17.79,11.6301101707173,11.1083131965457,1.68153180516914,-2.97033847253967,0.7,0.05,0.02,0.5,"explicit_euler","Predator-prey terms are illustrative and assume continuous well-mixed interaction."
"predator_prey_coupled_system",17.8,11.646925488769,11.0786098118203,1.70126069226748,-2.95867004596183,0.7,0.05,0.02,0.5,"explicit_euler","Predator-prey terms are illustrative and assume continuous well-mixed interaction."
"predator_prey_coupled_system",17.81,11.6639380956916,11.0490231113607,1.72100058754528,-2.9470091239048,0.7,0.05,0.02,0.5,"explicit_euler","Predator-prey terms are illustrative and assume continuous well-mixed interaction."
"predator_prey_coupled_system",17.82,11.6811481015671,11.0195530201216,1.74075212904138,-2.93535589323858,0.7,0.05,0.02,0.5,"explicit_euler","Predator-prey terms are illustrative and assume continuous well-mixed interaction."
"predator_prey_coupled_system",17.83,11.6985556228575,10.9901994611893,1.7605159508492,-2.9237105365342,0.7,0.05,0.02,0.5,"explicit_euler","Predator-prey terms are illustrative and assume continuous well-mixed interaction."
"predator_prey_coupled_system",17.84,11.716160782366,10.9609623558239,1.78029268314149,-2.91207323210607,0.7,0.05,0.02,0.5,"explicit_euler","Predator-prey terms are illustrative and assume continuous well-mixed interaction."
"predator_prey_coupled_system",17.85,11.7339637091974,10.9318416235028,1.80008295219438,-2.9004441540539,0.7,0.05,0.02,0.5,"explicit_euler","Predator-prey terms are illustrative and assume continuous well-mixed interaction."
"predator_prey_coupled_system",17.86,11.7519645387194,10.9028371819623,1.81988738041095,-2.88882347230411,0.7,0.05,0.02,0.5,"explicit_euler","Predator-prey terms are illustrative and assume continuous well-mixed interaction."
"predator_prey_coupled_system",17.87,11.7701634125235,10.8739489472393,1.83970658634424,-2.87721135265076,0.7,0.05,0.02,0.5,"explicit_euler","Predator-prey terms are illustrative and assume continuous well-mixed interaction."
"predator_prey_coupled_system",17.88,11.7885604783869,10.8451768337128,1.85954118471966,-2.86560795679591,0.7,0.05,0.02,0.5,"explicit_euler","Predator-prey terms are illustrative and assume continuous well-mixed interaction."
"predator_prey_coupled_system",17.89,11.8071558902341,10.8165207541448,1.87939178645686,-2.85401344238959,0.7,0.05,0.02,0.5,"explicit_euler","Predator-prey terms are illustrative and assume continuous well-mixed interaction."
"predator_prey_coupled_system",17.9,11.8259498080987,10.7879806197209,1.89925899869104,-2.84242796306924,0.7,0.05,0.02,0.5,"explicit_euler","Predator-prey terms are illustrative and assume continuous well-mixed interaction."
"predator_prey_coupled_system",17.91,11.8449423980856,10.7595563400902,1.91914342479365,-2.8308516684986,0.7,0.05,0.02,0.5,"explicit_euler","Predator-prey terms are illustrative and assume continuous well-mixed interaction."
"predator_prey_coupled_system",17.92,11.8641338323335,10.7312478234052,1.9390456643926,-2.81928470440626,0.7,0.05,0.02,0.5,"explicit_euler","Predator-prey terms are illustrative and assume continuous well-mixed interaction."
"predator_prey_coupled_system",17.93,11.8835242889775,10.7030549763612,1.95896631339177,-2.8077272126236,0.7,0.05,0.02,0.5,"explicit_euler","Predator-prey terms are illustrative and assume continuous well-mixed interaction."
"predator_prey_coupled_system",17.94,11.9031139521114,10.6749777042349,1.97890596399013,-2.79617933112233,0.7,0.05,0.02,0.5,"explicit_euler","Predator-prey terms are illustrative and assume continuous well-mixed interaction."
"predator_prey_coupled_system",17.95,11.9229030117513,10.6470159109237,1.99886520470009,-2.78464119405153,0.7,0.05,0.02,0.5,"explicit_euler","Predator-prey terms are illustrative and assume continuous well-mixed interaction."
"predator_prey_coupled_system",17.96,11.9428916637983,10.6191694989832,2.01884462036543,-2.77311293177425,0.7,0.05,0.02,0.5,"explicit_euler","Predator-prey terms are illustrative and assume continuous well-mixed interaction."
"predator_prey_coupled_system",17.97,11.9630801100019,10.5914383696654,2.03884479217855,-2.7615946709036,0.7,0.05,0.02,0.5,"explicit_euler","Predator-prey terms are illustrative and assume continuous well-mixed interaction."
"predator_prey_coupled_system",17.98,11.9834685579237,10.5638224229564,2.05886629769722,-2.75008653433845,0.7,0.05,0.02,0.5,"explicit_euler","Predator-prey terms are illustrative and assume continuous well-mixed interaction."
"predator_prey_coupled_system",17.99,12.0040572209007,10.536321557613,2.07890971086067,-2.73858864129859,0.7,0.05,0.02,0.5,"explicit_euler","Predator-prey terms are illustrative and assume continuous well-mixed interaction."
"predator_prey_coupled_system",18,12.0248463180093,10.5089356712,2.09897560200519,-2.72710110735949,0.7,0.05,0.02,0.5,"explicit_euler","Predator-prey terms are illustrative and assume continuous well-mixed interaction."
"predator_prey_coupled_system",18.01,12.0458360740293,10.4816646601264,2.11906453787906,-2.71562404448663,0.7,0.05,0.02,0.5,"explicit_euler","Predator-prey terms are illustrative and assume continuous well-mixed interaction."
"predator_prey_coupled_system",18.02,12.0670267194081,10.4545084196816,2.13917708165695,-2.70415756106929,0.7,0.05,0.02,0.5,"explicit_euler","Predator-prey terms are illustrative and assume continuous well-mixed interaction."
"predator_prey_coupled_system",18.03,12.0884184902247,10.4274668440709,2.15931379295371,-2.69270176195401,0.7,0.05,0.02,0.5,"explicit_euler","Predator-prey terms are illustrative and assume continuous well-mixed interaction."
"predator_prey_coupled_system",18.04,12.1100116281542,10.4005398264513,2.17947522783761,-2.68125674847753,0.7,0.05,0.02,0.5,"explicit_euler","Predator-prey terms are illustrative and assume continuous well-mixed interaction."
"predator_prey_coupled_system",18.05,12.1318063804326,10.3737272589666,2.19966193884291,-2.66982261849932,0.7,0.05,0.02,0.5,"explicit_euler","Predator-prey terms are illustrative and assume continuous well-mixed interaction."
"predator_prey_coupled_system",18.06,12.153802999821,10.3470290327816,2.21987447498192,-2.65839946643367,0.7,0.05,0.02,0.5,"explicit_euler","Predator-prey terms are illustrative and assume continuous well-mixed interaction."
"predator_prey_coupled_system",18.07,12.1760017445709,10.3204450381172,2.24011338175644,-2.64698738328136,0.7,0.05,0.02,0.5,"explicit_euler","Predator-prey terms are illustrative and assume continuous well-mixed interaction."
"predator_prey_coupled_system",18.08,12.1984028783884,10.2939751642844,2.26037920116859,-2.63558645666089,0.7,0.05,0.02,0.5,"explicit_euler","Predator-prey terms are illustrative and assume continuous well-mixed interaction."
"predator_prey_coupled_system",18.09,12.2210066704001,10.2676192997178,2.28067247173106,-2.6241967708393,0.7,0.05,0.02,0.5,"explicit_euler","Predator-prey terms are illustrative and assume continuous well-mixed interaction."
"predator_prey_coupled_system",18.1,12.2438133951174,10.2413773320094,2.30099372847675,-2.61281840676253,0.7,0.05,0.02,0.5,"explicit_euler","Predator-prey terms are illustrative and assume continuous well-mixed interaction."
"predator_prey_coupled_system",18.11,12.2668233324022,10.2152491479418,2.32134350296783,-2.60145144208542,0.7,0.05,0.02,0.5,"explicit_euler","Predator-prey terms are illustrative and assume continuous well-mixed interaction."
"predator_prey_coupled_system",18.12,12.2900367674319,10.1892346335209,2.34172232330418,-2.59009595120122,0.7,0.05,0.02,0.5,"explicit_euler","Predator-prey terms are illustrative and assume continuous well-mixed interaction."
"predator_prey_coupled_system",18.13,12.3134539906649,10.1633336740089,2.36213071413122,-2.57875200527078,0.7,0.05,0.02,0.5,"explicit_euler","Predator-prey terms are illustrative and assume continuous well-mixed interaction."
"predator_prey_coupled_system",18.14,12.3370752978062,10.1375461539562,2.38256919664716,-2.56741967225124,0.7,0.05,0.02,0.5,"explicit_euler","Predator-prey terms are illustrative and assume continuous well-mixed interaction."
"predator_prey_coupled_system",18.15,12.3609009897727,10.1118719572337,2.40303828860964,-2.55609901692436,0.7,0.05,0.02,0.5,"explicit_euler","Predator-prey terms are illustrative and assume continuous well-mixed interaction."
"predator_prey_coupled_system",18.16,12.3849313726588,10.0863109670645,2.42353850434169,-2.54479010092445,0.7,0.05,0.02,0.5,"explicit_euler","Predator-prey terms are illustrative and assume continuous well-mixed interaction."
"predator_prey_coupled_system",18.17,12.4091667577022,10.0608630660552,2.44407035473722,-2.53349298276588,0.7,0.05,0.02,0.5,"explicit_euler","Predator-prey terms are illustrative and assume continuous well-mixed interaction."
"predator_prey_coupled_system",18.18,12.4336074612496,10.0355281362276,2.46463434726575,-2.5222077178702,0.7,0.05,0.02,0.5,"explicit_euler","Predator-prey terms are illustrative and assume continuous well-mixed interaction."
"predator_prey_coupled_system",18.19,12.4582538047222,10.0103060590489,2.48523098597659,-2.51093435859284,0.7,0.05,0.02,0.5,"explicit_euler","Predator-prey terms are illustrative and assume continuous well-mixed interaction."
"predator_prey_coupled_system",18.2,12.483106114582,9.98519671546294,2.50586077150242,-2.49967295424948,0.7,0.05,0.02,0.5,"explicit_euler","Predator-prey terms are illustrative and assume continuous well-mixed interaction."
"predator_prey_coupled_system",18.21,12.508164722297,9.96019998592044,2.52652420106225,-2.48842355114195,0.7,0.05,0.02,0.5,"explicit_euler","Predator-prey terms are illustrative and assume continuous well-mixed interaction."
"predator_prey_coupled_system",18.22,12.5334299643076,9.93531575040902,2.54722176846365,-2.47718619258383,0.7,0.05,0.02,0.5,"explicit_euler","Predator-prey terms are illustrative and assume continuous well-mixed interaction."
"predator_prey_coupled_system",18.23,12.5589021819923,9.91054388848318,2.56795396410451,-2.46596091892556,0.7,0.05,0.02,0.5,"explicit_euler","Predator-prey terms are illustrative and assume continuous well-mixed interaction."
"predator_prey_coupled_system",18.24,12.5845817216333,9.88588427929393,2.5887212749741,-2.45474776757927,0.7,0.05,0.02,0.5,"explicit_euler","Predator-prey terms are illustrative and assume continuous well-mixed interaction."
"predator_prey_coupled_system",18.25,12.6104689343831,9.86133680161814,2.60952418465345,-2.44354677304319,0.7,0.05,0.02,0.5,"explicit_euler","Predator-prey terms are illustrative and assume continuous well-mixed interaction."
"predator_prey_coupled_system",18.26,12.6365641762296,9.8369013338877,2.6303631733152,-2.43235796692564,0.7,0.05,0.02,0.5,"explicit_euler","Predator-prey terms are illustrative and assume continuous well-mixed interaction."
"predator_prey_coupled_system",18.27,12.6628678079628,9.81257775421845,2.65123871772272,-2.42118137796874,0.7,0.05,0.02,0.5,"explicit_euler","Predator-prey terms are illustrative and assume continuous well-mixed interaction."
"predator_prey_coupled_system",18.28,12.68938019514,9.78836594043876,2.67215129122867,-2.41001703207165,0.7,0.05,0.02,0.5,"explicit_euler","Predator-prey terms are illustrative and assume continuous well-mixed interaction."
"predator_prey_coupled_system",18.29,12.7161017080523,9.76426577011804,2.69310136377287,-2.39886495231353,0.7,0.05,0.02,0.5,"explicit_euler","Predator-prey terms are illustrative and assume continuous well-mixed interaction."
"predator_prey_coupled_system",18.3,12.74303272169,9.74027712059491,2.71408940187953,-2.38772515897607,0.7,0.05,0.02,0.5,"explicit_euler","Predator-prey terms are illustrative and assume continuous well-mixed interaction."
"predator_prey_coupled_system",18.31,12.7701736157088,9.71639986900515,2.73511586865386,-2.37659766956566,0.7,0.05,0.02,0.5,"explicit_euler","Predator-prey terms are illustrative and assume continuous well-mixed interaction."
"predator_prey_coupled_system",18.32,12.7975247743953,9.69263389230949,2.756181223778,-2.36548249883525,0.7,0.05,0.02,0.5,"explicit_euler","Predator-prey terms are illustrative and assume continuous well-mixed interaction."
"predator_prey_coupled_system",18.33,12.8250865866331,9.66897906732114,2.77728592350634,-2.35437965880584,0.7,0.05,0.02,0.5,"explicit_euler","Predator-prey terms are illustrative and assume continuous well-mixed interaction."
"predator_prey_coupled_system",18.34,12.8528594458682,9.64543527073308,2.79843042066013,-2.34328915878751,0.7,0.05,0.02,0.5,"explicit_euler","Predator-prey terms are illustrative and assume continuous well-mixed interaction."
"predator_prey_coupled_system",18.35,12.8808437500748,9.62200237914521,2.81961516462149,-2.33221100540026,0.7,0.05,0.02,0.5,"explicit_euler","Predator-prey terms are illustrative and assume continuous well-mixed interaction."
"predator_prey_coupled_system",18.36,12.909039901721,9.5986802690912,2.84084060132668,-2.32114520259439,0.7,0.05,0.02,0.5,"explicit_euler","Predator-prey terms are illustrative and assume continuous well-mixed interaction."
"predator_prey_coupled_system",18.37,12.9374483077343,9.57546881706526,2.86210717325882,-2.31009175167057,0.7,0.05,0.02,0.5,"explicit_euler","Predator-prey terms are illustrative and assume continuous well-mixed interaction."
"predator_prey_coupled_system",18.38,12.9660693794669,9.55236789954856,2.88341531943987,-2.29905065129951,0.7,0.05,0.02,0.5,"explicit_euler","Predator-prey terms are illustrative and assume continuous well-mixed interaction."
"predator_prey_coupled_system",18.39,12.9949035326612,9.52937739303556,2.90476547542187,-2.28802189754138,0.7,0.05,0.02,0.5,"explicit_euler","Predator-prey terms are illustrative and assume continuous well-mixed interaction."
"predator_prey_coupled_system",18.4,13.0239511874155,9.50649717406015,2.9261580732777,-2.27700548386482,0.7,0.05,0.02,0.5,"explicit_euler","Predator-prey terms are illustrative and assume continuous well-mixed interaction."
"predator_prey_coupled_system",18.41,13.0532127681482,9.4837271192215,2.94759354159098,-2.26600140116563,0.7,0.05,0.02,0.5,"explicit_euler","Predator-prey terms are illustrative and assume continuous well-mixed interaction."
"predator_prey_coupled_system",18.42,13.0826887035642,9.46106710520984,2.96907230544535,-2.2550096377851,0.7,0.05,0.02,0.5,"explicit_euler","Predator-prey terms are illustrative and assume continuous well-mixed interaction."
"predator_prey_coupled_system",18.43,13.1123794266186,9.43851700883199,2.99059478641311,-2.24403017952803,0.7,0.05,0.02,0.5,"explicit_euler","Predator-prey terms are illustrative and assume continuous well-mixed interaction."
"predator_prey_coupled_system",18.44,13.1422853744827,9.41607670703671,3.01216140254311,-2.23306300968043,0.7,0.05,0.02,0.5,"explicit_euler","Predator-prey terms are illustrative and assume continuous well-mixed interaction."
"predator_prey_coupled_system",18.45,13.1724069885082,9.3937460769399,3.033772568348,-2.22210810902686,0.7,0.05,0.02,0.5,"explicit_euler","Predator-prey terms are illustrative and assume continuous well-mixed interaction."
"predator_prey_coupled_system",18.46,13.2027447141917,9.37152499584964,3.05542869479072,-2.21116545586744,0.7,0.05,0.02,0.5,"explicit_euler","Predator-prey terms are illustrative and assume continuous well-mixed interaction."
"predator_prey_coupled_system",18.47,13.2332990011396,9.34941334129096,3.07713018927036,-2.20023502603455,0.7,0.05,0.02,0.5,"explicit_euler","Predator-prey terms are illustrative and assume continuous well-mixed interaction."
"predator_prey_coupled_system",18.48,13.2640703030323,9.32741099103062,3.09887745560729,-2.18931679290919,0.7,0.05,0.02,0.5,"explicit_euler","Predator-prey terms are illustrative and assume continuous well-mixed interaction."
"predator_prey_coupled_system",18.49,13.2950590775883,9.30551782310152,3.12067089402754,-2.17841072743704,0.7,0.05,0.02,0.5,"explicit_euler","Predator-prey terms are illustrative and assume continuous well-mixed interaction."
"predator_prey_coupled_system",18.5,13.3262657865286,9.28373371582715,3.14251090114655,-2.16751679814419,0.7,0.05,0.02,0.5,"explicit_euler","Predator-prey terms are illustrative and assume continuous well-mixed interaction."
"predator_prey_coupled_system",18.51,13.3576908955401,9.26205854784571,3.16439786995216,-2.1566349711525,0.7,0.05,0.02,0.5,"explicit_euler","Predator-prey terms are illustrative and assume continuous well-mixed interaction."
"predator_prey_coupled_system",18.52,13.3893348742396,9.24049219813419,3.18633218978687,-2.14576521019475,0.7,0.05,0.02,0.5,"explicit_euler","Predator-prey terms are illustrative and assume continuous well-mixed interaction."
"predator_prey_coupled_system",18.53,13.4211981961375,9.21903454603224,3.20831424632938,-2.13490747662938,0.7,0.05,0.02,0.5,"explicit_euler","Predator-prey terms are illustrative and assume continuous well-mixed interaction."
"predator_prey_coupled_system",18.54,13.4532813386008,9.19768547126595,3.23034442157546,-2.12406172945494,0.7,0.05,0.02,0.5,"explicit_euler","Predator-prey terms are illustrative and assume continuous well-mixed interaction."
"predator_prey_coupled_system",18.55,13.4855847828165,9.1764448539714,3.25242309381798,-2.11322792532427,0.7,0.05,0.02,0.5,"explicit_euler","Predator-prey terms are illustrative and assume continuous well-mixed interaction."
"predator_prey_coupled_system",18.56,13.5181090137547,9.15531257471815,3.27455063762633,-2.10240601855829,0.7,0.05,0.02,0.5,"explicit_euler","Predator-prey terms are illustrative and assume continuous well-mixed interaction."
"predator_prey_coupled_system",18.57,13.550854520131,9.13428851453257,3.29672742382497,-2.0915959611596,0.7,0.05,0.02,0.5,"explicit_euler","Predator-prey terms are illustrative and assume continuous well-mixed interaction."
"predator_prey_coupled_system",18.58,13.5838217943692,9.11337255492097,3.31895381947136,-2.08079770282565,0.7,0.05,0.02,0.5,"explicit_euler","Predator-prey terms are illustrative and assume continuous well-mixed interaction."
"predator_prey_coupled_system",18.59,13.6170113325639,9.09256457789272,3.34123018783302,-2.07001119096167,0.7,0.05,0.02,0.5,"explicit_euler","Predator-prey terms are illustrative and assume continuous well-mixed interaction."
"predator_prey_coupled_system",18.6,13.6504236344423,9.0718644659831,3.36355688836395,-2.0592363706933,0.7,0.05,0.02,0.5,"explicit_euler","Predator-prey terms are illustrative and assume continuous well-mixed interaction."
"predator_prey_coupled_system",18.61,13.6840592033259,9.05127210227617,3.38593427668017,-2.0484731848789,0.7,0.05,0.02,0.5,"explicit_euler","Predator-prey terms are illustrative and assume continuous well-mixed interaction."
"predator_prey_coupled_system",18.62,13.7179185460927,9.03078737042738,3.40836270453461,-2.03772157412158,0.7,0.05,0.02,0.5,"explicit_euler","Predator-prey terms are illustrative and assume continuous well-mixed interaction."
"predator_prey_coupled_system",18.63,13.752002173138,9.01041015468616,3.43084251979117,-2.0269814767809,0.7,0.05,0.02,0.5,"explicit_euler","Predator-prey terms are illustrative and assume continuous well-mixed interaction."
"predator_prey_coupled_system",18.64,13.786310598336,8.99014033991835,3.45337406639797,-2.0162528289843,0.7,0.05,0.02,0.5,"explicit_euler","Predator-prey terms are illustrative and assume continuous well-mixed interaction."
"predator_prey_coupled_system",18.65,13.8208443389999,8.96997781162851,3.47595768435991,-2.00553556463824,0.7,0.05,0.02,0.5,"explicit_euler","Predator-prey terms are illustrative and assume continuous well-mixed interaction."
"predator_prey_coupled_system",18.66,13.8556039158435,8.94992245598213,3.49859370971037,-1.99482961543902,0.7,0.05,0.02,0.5,"explicit_euler","Predator-prey terms are illustrative and assume continuous well-mixed interaction."
"predator_prey_coupled_system",18.67,13.8905898529406,8.92997415982773,3.52128247448218,-1.98413491088336,0.7,0.05,0.02,0.5,"explicit_euler","Predator-prey terms are illustrative and assume continuous well-mixed interaction."
"predator_prey_coupled_system",18.68,13.9258026776855,8.9101328107189,3.5440243066777,-1.9734513782786,0.7,0.05,0.02,0.5,"explicit_euler","Predator-prey terms are illustrative and assume continuous well-mixed interaction."
"predator_prey_coupled_system",18.69,13.9612429207522,8.89039829693611,3.56681953023821,-1.96277894275272,0.7,0.05,0.02,0.5,"explicit_euler","Predator-prey terms are illustrative and assume continuous well-mixed interaction."
"predator_prey_coupled_system",18.7,13.9969111160546,8.87077050750859,3.58966846501241,-1.95211752726397,0.7,0.05,0.02,0.5,"explicit_euler","Predator-prey terms are illustrative and assume continuous well-mixed interaction."
"predator_prey_coupled_system",18.71,14.0328078007047,8.85124933223595,3.61257142672416,-1.94146705261031,0.7,0.05,0.02,0.5,"explicit_euler","Predator-prey terms are illustrative and assume continuous well-mixed interaction."
"predator_prey_coupled_system",18.72,14.068933514972,8.83183466170984,3.63552872693934,-1.9308274374385,0.7,0.05,0.02,0.5,"explicit_euler","Predator-prey terms are illustrative and assume continuous well-mixed interaction."
"predator_prey_coupled_system",18.73,14.1052888022414,8.81252638733546,3.65854067303199,-1.92019859825294,0.7,0.05,0.02,0.5,"explicit_euler","Predator-prey terms are illustrative and assume continuous well-mixed interaction."
"predator_prey_coupled_system",18.74,14.1418742089717,8.79332440135293,3.68160756814946,-1.90958044942418,0.7,0.05,0.02,0.5,"explicit_euler","Predator-prey terms are illustrative and assume continuous well-mixed interaction."
"predator_prey_coupled_system",18.75,14.1786902846532,8.77422859685869,3.70472971117691,-1.89897290319721,0.7,0.05,0.02,0.5,"explicit_euler","Predator-prey terms are illustrative and assume continuous well-mixed interaction."
"predator_prey_coupled_system",18.76,14.215737581765,8.75523886782671,3.7279073967008,-1.88837586969949,0.7,0.05,0.02,0.5,"explicit_euler","Predator-prey terms are illustrative and assume continuous well-mixed interaction."
"predator_prey_coupled_system",18.77,14.253016655732,8.73635510912972,3.75114091497163,-1.87778925694856,0.7,0.05,0.02,0.5,"explicit_euler","Predator-prey terms are illustrative and assume continuous well-mixed interaction."
"predator_prey_coupled_system",18.78,14.2905280648817,8.71757721656023,3.77443055186582,-1.86721297085957,0.7,0.05,0.02,0.5,"explicit_euler","Predator-prey terms are illustrative and assume continuous well-mixed interaction."
"predator_prey_coupled_system",18.79,14.3282723704003,8.69890508685164,3.79777658884667,-1.85664691525239,0.7,0.05,0.02,0.5,"explicit_euler","Predator-prey terms are illustrative and assume continuous well-mixed interaction."
"predator_prey_coupled_system",18.8,14.3662501362888,8.68033861769911,3.82117930292452,-1.8460909918585,0.7,0.05,0.02,0.5,"explicit_euler","Predator-prey terms are illustrative and assume continuous well-mixed interaction."
"predator_prey_coupled_system",18.81,14.404461929318,8.66187770778053,3.84463896661597,-1.8355451003276,0.7,0.05,0.02,0.5,"explicit_euler","Predator-prey terms are illustrative and assume continuous well-mixed interaction."
"predator_prey_coupled_system",18.82,14.4429083189842,8.64352225677725,3.86815584790228,-1.82500913823396,0.7,0.05,0.02,0.5,"explicit_euler","Predator-prey terms are illustrative and assume continuous well-mixed interaction."
"predator_prey_coupled_system",18.83,14.4815898774632,8.62527216539491,3.89173021018684,-1.81448300108249,0.7,0.05,0.02,0.5,"explicit_euler","Predator-prey terms are illustrative and assume continuous well-mixed interaction."
"predator_prey_coupled_system",18.84,14.5205071795651,8.60712733538409,3.91536231225178,-1.80396658231453,0.7,0.05,0.02,0.5,"explicit_euler","Predator-prey terms are illustrative and assume continuous well-mixed interaction."
"predator_prey_coupled_system",18.85,14.5596608026876,8.58908766956094,3.93905240821363,-1.79345977331339,0.7,0.05,0.02,0.5,"explicit_euler","Predator-prey terms are illustrative and assume continuous well-mixed interaction."
"predator_prey_coupled_system",18.86,14.5990513267698,8.57115307182781,3.96280074747811,-1.78296246340962,0.7,0.05,0.02,0.5,"explicit_euler","Predator-prey terms are illustrative and assume continuous well-mixed interaction."
"predator_prey_coupled_system",18.87,14.6386793342445,8.55332344719371,3.98660757469398,-1.77247453988598,0.7,0.05,0.02,0.5,"explicit_euler","Predator-prey terms are illustrative and assume continuous well-mixed interaction."
"predator_prey_coupled_system",18.88,14.6785454099915,8.53559870179485,4.01047312970603,-1.76199588798223,0.7,0.05,0.02,0.5,"explicit_euler","Predator-prey terms are illustrative and assume continuous well-mixed interaction."
"predator_prey_coupled_system",18.89,14.7186501412885,8.51797874291503,4.03439764750702,-1.75152639089953,0.7,0.05,0.02,0.5,"explicit_euler","Predator-prey terms are illustrative and assume continuous well-mixed interaction."
"predator_prey_coupled_system",18.9,14.7589941177636,8.50046347900603,4.0583813581888,-1.74106592980473,0.7,0.05,0.02,0.5,"explicit_euler","Predator-prey terms are illustrative and assume continuous well-mixed interaction."
"predator_prey_coupled_system",18.91,14.7995779313455,8.48305281970799,4.08242448689242,-1.73061438383422,0.7,0.05,0.02,0.5,"explicit_euler","Predator-prey terms are illustrative and assume continuous well-mixed interaction."
"predator_prey_coupled_system",18.92,14.8404021762144,8.46574667586965,4.1065272537573,-1.72017163009771,0.7,0.05,0.02,0.5,"explicit_euler","Predator-prey terms are illustrative and assume continuous well-mixed interaction."
"predator_prey_coupled_system",18.93,14.881467448752,8.44854495956867,4.13068987386945,-1.70973754368156,0.7,0.05,0.02,0.5,"explicit_euler","Predator-prey terms are illustrative and assume continuous well-mixed interaction."
"predator_prey_coupled_system",18.94,14.9227743474907,8.43144758413185,4.15491255720872,-1.69931199765202,0.7,0.05,0.02,0.5,"explicit_euler","Predator-prey terms are illustrative and assume continuous well-mixed interaction."
"predator_prey_coupled_system",18.95,14.9643234730628,8.41445446415533,4.17919550859507,-1.68889486305812,0.7,0.05,0.02,0.5,"explicit_euler","Predator-prey terms are illustrative and assume continuous well-mixed interaction."
"predator_prey_coupled_system",18.96,15.0061154281487,8.39756551552475,4.20353892763382,-1.67848600893426,0.7,0.05,0.02,0.5,"explicit_euler","Predator-prey terms are illustrative and assume continuous well-mixed interaction."
"predator_prey_coupled_system",18.97,15.0481508174251,8.38078065543541,4.22794300866002,-1.66808530230269,0.7,0.05,0.02,0.5,"explicit_euler","Predator-prey terms are illustrative and assume continuous well-mixed interaction."
"predator_prey_coupled_system",18.98,15.0904302475117,8.36409980241238,4.25240794068166,-1.65769260817559,0.7,0.05,0.02,0.5,"explicit_euler","Predator-prey terms are illustrative and assume continuous well-mixed interaction."
"predator_prey_coupled_system",18.99,15.1329543269185,8.34752287633062,4.27693390732201,-1.64730778955694,0.7,0.05,0.02,0.5,"explicit_euler","Predator-prey terms are illustrative and assume continuous well-mixed interaction."
"predator_prey_coupled_system",19,15.1757236659917,8.33104979843506,4.30152108676088,-1.6369307074442,0.7,0.05,0.02,0.5,"explicit_euler","Predator-prey terms are illustrative and assume continuous well-mixed interaction."
"predator_prey_coupled_system",19.01,15.2187388768593,8.31468049136061,4.32616965167484,-1.62656122082964,0.7,0.05,0.02,0.5,"explicit_euler","Predator-prey terms are illustrative and assume continuous well-mixed interaction."
"predator_prey_coupled_system",19.02,15.2620005733761,8.29841487915232,4.35087976917649,-1.61619918670146,0.7,0.05,0.02,0.5,"explicit_euler","Predator-prey terms are illustrative and assume continuous well-mixed interaction."
"predator_prey_coupled_system",19.03,15.3055093710678,8.2822528872853,4.37565160075254,-1.60584446004468,0.7,0.05,0.02,0.5,"explicit_euler","Predator-prey terms are illustrative and assume continuous well-mixed interaction."
"predator_prey_coupled_system",19.04,15.3492658870753,8.26619444268486,4.40048530220102,-1.59549689384174,0.7,0.05,0.02,0.5,"explicit_euler","Predator-prey terms are illustrative and assume continuous well-mixed interaction."
"predator_prey_coupled_system",19.05,15.3932707400974,8.25023947374644,4.42538102356729,-1.58515633907287,0.7,0.05,0.02,0.5,"explicit_euler","Predator-prey terms are illustrative and assume continuous well-mixed interaction."
"predator_prey_coupled_system",19.06,15.437524550333,8.23438791035571,4.45033890907903,-1.57482264471622,0.7,0.05,0.02,0.5,"explicit_euler","Predator-prey terms are illustrative and assume continuous well-mixed interaction."
"predator_prey_coupled_system",19.07,15.4820279394238,8.21863968390855,4.4753590970802,-1.56449565774768,0.7,0.05,0.02,0.5,"explicit_euler","Predator-prey terms are illustrative and assume continuous well-mixed interaction."
"predator_prey_coupled_system",19.08,15.5267815303946,8.20299472733107,4.50044171996381,-1.55417522314057,0.7,0.05,0.02,0.5,"explicit_euler","Predator-prey terms are illustrative and assume continuous well-mixed interaction."
"predator_prey_coupled_system",19.09,15.5717859475943,8.18745297509967,4.52558690410369,-1.54386118386492,0.7,0.05,0.02,0.5,"explicit_euler","Predator-prey terms are illustrative and assume continuous well-mixed interaction."
"predator_prey_coupled_system",19.1,15.6170418166353,8.17201436326102,4.55079476978513,-1.53355338088668,0.7,0.05,0.02,0.5,"explicit_euler","Predator-prey terms are illustrative and assume continuous well-mixed interaction."
"predator_prey_coupled_system",19.11,15.6625497643331,8.15667882945215,4.57606543113436,-1.52325165316654,0.7,0.05,0.02,0.5,"explicit_euler","Predator-prey terms are illustrative and assume continuous well-mixed interaction."
"predator_prey_coupled_system",19.12,15.7083104186445,8.14144631292048,4.60139899604696,-1.51295583765857,0.7,0.05,0.02,0.5,"explicit_euler","Predator-prey terms are illustrative and assume continuous well-mixed interaction."
"predator_prey_coupled_system",19.13,15.754324408605,8.1263167545439,4.62679556611515,-1.50266576930862,0.7,0.05,0.02,0.5,"explicit_euler","Predator-prey terms are illustrative and assume continuous well-mixed interaction."
"predator_prey_coupled_system",19.14,15.8005923642661,8.11129009685081,4.65225523655386,-1.49238128105244,0.7,0.05,0.02,0.5,"explicit_euler","Predator-prey terms are illustrative and assume continuous well-mixed interaction."
"predator_prey_coupled_system",19.15,15.8471149166317,8.09636628404029,4.67777809612573,-1.48210220381358,0.7,0.05,0.02,0.5,"explicit_euler","Predator-prey terms are illustrative and assume continuous well-mixed interaction."
"predator_prey_coupled_system",19.16,15.8938926975929,8.08154526200215,4.70336422706491,-1.47182836650102,0.7,0.05,0.02,0.5,"explicit_euler","Predator-prey terms are illustrative and assume continuous well-mixed interaction."
"predator_prey_coupled_system",19.17,15.9409263398636,8.06682697833714,4.72901370499967,-1.46155959600664,0.7,0.05,0.02,0.5,"explicit_euler","Predator-prey terms are illustrative and assume continuous well-mixed interaction."
"predator_prey_coupled_system",19.18,15.9882164769136,8.05221138237708,4.75472659887389,-1.4512957172023,0.7,0.05,0.02,0.5,"explicit_euler","Predator-prey terms are illustrative and assume continuous well-mixed interaction."
"predator_prey_coupled_system",19.19,16.0357637429023,8.03769842520505,4.7805029708673,-1.44103655293681,0.7,0.05,0.02,0.5,"explicit_euler","Predator-prey terms are illustrative and assume continuous well-mixed interaction."
"predator_prey_coupled_system",19.2,16.083568772611,8.02328805967568,4.80634287631456,-1.4307819240326,0.7,0.05,0.02,0.5,"explicit_euler","Predator-prey terms are illustrative and assume continuous well-mixed interaction."
"predator_prey_coupled_system",19.21,16.1316322013741,8.00898024043536,4.83224636362308,-1.42053164928216,0.7,0.05,0.02,0.5,"explicit_euler","Predator-prey terms are illustrative and assume continuous well-mixed interaction."
"predator_prey_coupled_system",19.22,16.1799546650103,7.99477492394254,4.85821347418965,-1.41028554544423,0.7,0.05,0.02,0.5,"explicit_euler","Predator-prey terms are illustrative and assume continuous well-mixed interaction."
"predator_prey_coupled_system",19.23,16.2285367997522,7.98067206848809,4.88424424231587,-1.40004342723977,0.7,0.05,0.02,0.5,"explicit_euler","Predator-prey terms are illustrative and assume continuous well-mixed interaction."
"predator_prey_coupled_system",19.24,16.2773792421754,7.9666716342157,4.91033869512227,-1.38980510734765,0.7,0.05,0.02,0.5,"explicit_euler","Predator-prey terms are illustrative and assume continuous well-mixed interaction."
"predator_prey_coupled_system",19.25,16.3264826291266,7.95277358314222,4.93649685246121,-1.37957039640014,0.7,0.05,0.02,0.5,"explicit_euler","Predator-prey terms are illustrative and assume continuous well-mixed interaction."
"predator_prey_coupled_system",19.26,16.3758475976512,7.93897787917822,4.96271872682852,-1.36933910297817,0.7,0.05,0.02,0.5,"explicit_euler","Predator-prey terms are illustrative and assume continuous well-mixed interaction."
"predator_prey_coupled_system",19.27,16.4254747849195,7.92528448814844,4.98900432327387,-1.3591110336063,0.7,0.05,0.02,0.5,"explicit_euler","Predator-prey terms are illustrative and assume continuous well-mixed interaction."
"predator_prey_coupled_system",19.28,16.4753648281523,7.91169337781237,5.01535363930982,-1.34888599274748,0.7,0.05,0.02,0.5,"explicit_euler","Predator-prey terms are illustrative and assume continuous well-mixed interaction."
"predator_prey_coupled_system",19.29,16.5255183645454,7.8982045178849,5.04176666481965,-1.33866378279761,0.7,0.05,0.02,0.5,"explicit_euler","Predator-prey terms are illustrative and assume continuous well-mixed interaction."
"predator_prey_coupled_system",19.3,16.5759360311936,7.88481788005692,5.06824338196375,-1.32844420407977,0.7,0.05,0.02,0.5,"explicit_euler","Predator-prey terms are illustrative and assume continuous well-mixed interaction."
"predator_prey_coupled_system",19.31,16.6266184650132,7.87153343801613,5.09478376508485,-1.31822705483831,0.7,0.05,0.02,0.5,"explicit_euler","Predator-prey terms are illustrative and assume continuous well-mixed interaction."
"predator_prey_coupled_system",19.32,16.677566302664,7.85835116746774,5.12138778061179,-1.30801213123266,0.7,0.05,0.02,0.5,"explicit_euler","Predator-prey terms are illustrative and assume continuous well-mixed interaction."
"predator_prey_coupled_system",19.33,16.7287801804702,7.84527104615541,5.14805538696205,-1.29779922733089,0.7,0.05,0.02,0.5,"explicit_euler","Predator-prey terms are illustrative and assume continuous well-mixed interaction."
"predator_prey_coupled_system",19.34,16.7802607343398,7.83229305388211,5.17478653444284,-1.28758813510305,0.7,0.05,0.02,0.5,"explicit_euler","Predator-prey terms are illustrative and assume continuous well-mixed interaction."
"predator_prey_coupled_system",19.35,16.8320085996842,7.81941717253108,5.20158116515087,-1.27737864441431,0.7,0.05,0.02,0.5,"explicit_euler","Predator-prey terms are illustrative and assume continuous well-mixed interaction."
"predator_prey_coupled_system",19.36,16.8840244113357,7.80664338608693,5.22843921287078,-1.26717054301778,0.7,0.05,0.02,0.5,"explicit_euler","Predator-prey terms are illustrative and assume continuous well-mixed interaction."
"predator_prey_coupled_system",19.37,16.9363088034644,7.79397168065675,5.25536060297212,-1.25696361654719,0.7,0.05,0.02,0.5,"explicit_euler","Predator-prey terms are illustrative and assume continuous well-mixed interaction."
"predator_prey_coupled_system",19.38,16.9888624094941,7.78140204449128,5.28234525230496,-1.24675764850927,0.7,0.05,0.02,0.5,"explicit_euler","Predator-prey terms are illustrative and assume continuous well-mixed interaction."
"predator_prey_coupled_system",19.39,17.0416858620172,7.76893446800619,5.30939306909408,-1.23655242027591,0.7,0.05,0.02,0.5,"explicit_euler","Predator-prey terms are illustrative and assume continuous well-mixed interaction."
"predator_prey_coupled_system",19.4,17.0947797927081,7.75656894380343,5.33650395283177,-1.22634771107615,0.7,0.05,0.02,0.5,"explicit_euler","Predator-prey terms are illustrative and assume continuous well-mixed interaction."
"predator_prey_coupled_system",19.41,17.1481448322365,7.74430546669267,5.36367779416919,-1.21614329798781,0.7,0.05,0.02,0.5,"explicit_euler","Predator-prey terms are illustrative and assume continuous well-mixed interaction."
"predator_prey_coupled_system",19.42,17.2017816101781,7.73214403371279,5.39091447480623,-1.20593895592901,0.7,0.05,0.02,0.5,"explicit_euler","Predator-prey terms are illustrative and assume continuous well-mixed interaction."
"predator_prey_coupled_system",19.43,17.2556907549262,7.7200846441535,5.41821386737998,-1.1957344576494,0.7,0.05,0.02,0.5,"explicit_euler","Predator-prey terms are illustrative and assume continuous well-mixed interaction."
"predator_prey_coupled_system",19.44,17.3098728936,7.70812729957701,5.44557583535169,-1.18552957372118,0.7,0.05,0.02,0.5,"explicit_euler","Predator-prey terms are illustrative and assume continuous well-mixed interaction."
"predator_prey_coupled_system",19.45,17.3643286519535,7.6962720038398,5.47300023289231,-1.17532407252984,0.7,0.05,0.02,0.5,"explicit_euler","Predator-prey terms are illustrative and assume continuous well-mixed interaction."
"predator_prey_coupled_system",19.46,17.4190586542824,7.6845187631145,5.50048690476644,-1.16511772026474,0.7,0.05,0.02,0.5,"explicit_euler","Predator-prey terms are illustrative and assume continuous well-mixed interaction."
"predator_prey_coupled_system",19.47,17.4740635233301,7.67286758591185,5.52803568621487,-1.15491028090944,0.7,0.05,0.02,0.5,"explicit_euler","Predator-prey terms are illustrative and assume continuous well-mixed interaction."
"predator_prey_coupled_system",19.48,17.5293438801923,7.66131848310275,5.55564640283552,-1.14470151623176,0.7,0.05,0.02,0.5,"explicit_euler","Predator-prey terms are illustrative and assume continuous well-mixed interaction."
"predator_prey_coupled_system",19.49,17.5849003442206,7.64987146794044,5.58331887046297,-1.13449118577363,0.7,0.05,0.02,0.5,"explicit_euler","Predator-prey terms are illustrative and assume continuous well-mixed interaction."
"predator_prey_coupled_system",19.5,17.6407335329252,7.6385265560827,5.61105289504626,-1.12427904684079,0.7,0.05,0.02,0.5,"explicit_euler","Predator-prey terms are illustrative and assume continuous well-mixed interaction."
"predator_prey_coupled_system",19.51,17.6968440618757,7.62728376561429,5.63884827252538,-1.1140648544921,0.7,0.05,0.02,0.5,"explicit_euler","Predator-prey terms are illustrative and assume continuous well-mixed interaction."
"predator_prey_coupled_system",19.52,17.753232544601,7.61614311706937,5.66670478870594,-1.1038483615288,0.7,0.05,0.02,0.5,"explicit_euler","Predator-prey terms are illustrative and assume continuous well-mixed interaction."
"predator_prey_coupled_system",19.53,17.809899592488,7.60510463345408,5.69462221913248,-1.09362931848339,0.7,0.05,0.02,0.5,"explicit_euler","Predator-prey terms are illustrative and assume continuous well-mixed interaction."
"predator_prey_coupled_system",19.54,17.8668458146793,7.59416834026925,5.72260032896004,-1.08340747360842,0.7,0.05,0.02,0.5,"explicit_euler","Predator-prey terms are illustrative and assume continuous well-mixed interaction."
"predator_prey_coupled_system",19.55,17.9240718179689,7.58333426553317,5.7506388728242,-1.07318257286496,0.7,0.05,0.02,0.5,"explicit_euler","Predator-prey terms are illustrative and assume continuous well-mixed interaction."
"predator_prey_coupled_system",19.56,17.9815782066972,7.57260243980452,5.77873759470949,-1.06295435991084,0.7,0.05,0.02,0.5,"explicit_euler","Predator-prey terms are illustrative and assume continuous well-mixed interaction."
"predator_prey_coupled_system",19.57,18.0393655826443,7.56197289620541,5.80689622781616,-1.05272257608877,0.7,0.05,0.02,0.5,"explicit_euler","Predator-prey terms are illustrative and assume continuous well-mixed interaction."
"predator_prey_coupled_system",19.58,18.0974345449224,7.55144567044452,5.83511449442532,-1.04248696041411,0.7,0.05,0.02,0.5,"explicit_euler","Predator-prey terms are illustrative and assume continuous well-mixed interaction."
"predator_prey_coupled_system",19.59,18.1557856898667,7.54102080084038,5.86339210576244,-1.03224724956249,0.7,0.05,0.02,0.5,"explicit_euler","Predator-prey terms are illustrative and assume continuous well-mixed interaction."
"predator_prey_coupled_system",19.6,18.2144196109243,7.53069832834475,5.89172876185914,-1.02200317785722,0.7,0.05,0.02,0.5,"explicit_euler","Predator-prey terms are illustrative and assume continuous well-mixed interaction."
"predator_prey_coupled_system",19.61,18.2733368985429,7.52047829656618,5.92012415141334,-1.01175447725641,0.7,0.05,0.02,0.5,"explicit_euler","Predator-prey terms are illustrative and assume continuous well-mixed interaction."
"predator_prey_coupled_system",19.62,18.332538140057,7.51036075179362,5.94857795164773,-1.00150087733993,0.7,0.05,0.02,0.5,"explicit_euler","Predator-prey terms are illustrative and assume continuous well-mixed interaction."
"predator_prey_coupled_system",19.63,18.3920239195735,7.50034574302022,5.9770898281665,-0.991242105296124,0.7,0.05,0.02,0.5,"explicit_euler","Predator-prey terms are illustrative and assume continuous well-mixed interaction."
"predator_prey_coupled_system",19.64,18.4517948178552,7.49043332196726,6.00565943481037,-0.980977885908324,0.7,0.05,0.02,0.5,"explicit_euler","Predator-prey terms are illustrative and assume continuous well-mixed interaction."
"predator_prey_coupled_system",19.65,18.5118514122033,7.48062354310817,6.03428641350989,-0.970707941541122,0.7,0.05,0.02,0.5,"explicit_euler","Predator-prey terms are illustrative and assume continuous well-mixed interaction."
"predator_prey_coupled_system",19.66,18.5721942763384,7.47091646369276,6.06297039413702,-0.960431992126443,0.7,0.05,0.02,0.5,"explicit_euler","Predator-prey terms are illustrative and assume continuous well-mixed interaction."
"predator_prey_coupled_system",19.67,18.6328239802798,7.4613121437715,6.09171099435492,-0.950149755149387,0.7,0.05,0.02,0.5,"explicit_euler","Predator-prey terms are illustrative and assume continuous well-mixed interaction."
"predator_prey_coupled_system",19.68,18.6937410902233,7.45181064622,6.12050781946599,-0.939860945633875,0.7,0.05,0.02,0.5,"explicit_euler","Predator-prey terms are illustrative and assume continuous well-mixed interaction."
"predator_prey_coupled_system",19.69,18.754946168418,7.44241203676367,6.14936046225815,-0.929565276128064,0.7,0.05,0.02,0.5,"explicit_euler","Predator-prey terms are illustrative and assume continuous well-mixed interaction."
"predator_prey_coupled_system",19.7,18.8164397730405,7.43311638400239,6.17826850284929,-0.919262456689556,0.7,0.05,0.02,0.5,"explicit_euler","Predator-prey terms are illustrative and assume continuous well-mixed interaction."
"predator_prey_coupled_system",19.71,18.878222458069,7.42392375943549,6.20723150852996,-0.908952194870397,0.7,0.05,0.02,0.5,"explicit_euler","Predator-prey terms are illustrative and assume continuous well-mixed interaction."
"predator_prey_coupled_system",19.72,18.9402947731543,7.41483423748679,6.2362490336042,-0.898634195701856,0.7,0.05,0.02,0.5,"explicit_euler","Predator-prey terms are illustrative and assume continuous well-mixed interaction."
"predator_prey_coupled_system",19.73,19.0026572634904,7.40584789552977,6.26532061922858,-0.88830816167901,0.7,0.05,0.02,0.5,"explicit_euler","Predator-prey terms are illustrative and assume continuous well-mixed interaction."
"predator_prey_coupled_system",19.74,19.0653104696827,7.39696481391298,6.2944457932494,-0.877973792745101,0.7,0.05,0.02,0.5,"explicit_euler","Predator-prey terms are illustrative and assume continuous well-mixed interaction."
"predator_prey_coupled_system",19.75,19.1282549276152,7.38818507598553,6.32362407003797,-0.867630786275704,0.7,0.05,0.02,0.5,"explicit_euler","Predator-prey terms are illustrative and assume continuous well-mixed interaction."
"predator_prey_coupled_system",19.76,19.1914911683155,7.37950876812277,6.35285495032412,-0.85727883706268,0.7,0.05,0.02,0.5,"explicit_euler","Predator-prey terms are illustrative and assume continuous well-mixed interaction."
"predator_prey_coupled_system",19.77,19.2550197178188,7.37093597975214,6.38213792102778,-0.846917637297922,0.7,0.05,0.02,0.5,"explicit_euler","Predator-prey terms are illustrative and assume continuous well-mixed interaction."
"predator_prey_coupled_system",19.78,19.3188410970291,7.36246680337916,6.41147245508867,-0.83654687655691,0.7,0.05,0.02,0.5,"explicit_euler","Predator-prey terms are illustrative and assume continuous well-mixed interaction."
"predator_prey_coupled_system",19.79,19.38295582158,7.3541013346136,6.44085801129409,-0.826166241782048,0.7,0.05,0.02,0.5,"explicit_euler","Predator-prey terms are illustrative and assume continuous well-mixed interaction."
"predator_prey_coupled_system",19.8,19.4473644016929,7.34583967219577,6.47029403410485,-0.815775417265818,0.7,0.05,0.02,0.5,"explicit_euler","Predator-prey terms are illustrative and assume continuous well-mixed interaction."
"predator_prey_coupled_system",19.81,19.5120673420339,7.33768191802312,6.49977995347917,-0.805374084633721,0.7,0.05,0.02,0.5,"explicit_euler","Predator-prey terms are illustrative and assume continuous well-mixed interaction."
"predator_prey_coupled_system",19.82,19.5770651415687,7.32962817717678,6.52931518469474,-0.79496192282704,0.7,0.05,0.02,0.5,"explicit_euler","Predator-prey terms are illustrative and assume continuous well-mixed interaction."
"predator_prey_coupled_system",19.83,19.6423582934157,7.32167855794851,6.55889912816879,-0.784538608085382,0.7,0.05,0.02,0.5,"explicit_euler","Predator-prey terms are illustrative and assume continuous well-mixed interaction."
"predator_prey_coupled_system",19.84,19.7079472846974,7.31383317186765,6.58853116927622,-0.774103813929053,0.7,0.05,0.02,0.5,"explicit_euler","Predator-prey terms are illustrative and assume continuous well-mixed interaction."
"predator_prey_coupled_system",19.85,19.7738325963901,7.30609213372836,6.61821067816572,-0.763657211141233,0.7,0.05,0.02,0.5,"explicit_euler","Predator-prey terms are illustrative and assume continuous well-mixed interaction."
"predator_prey_coupled_system",19.86,19.8400147031718,7.29845556161695,6.64793700957394,-0.753198467749951,0.7,0.05,0.02,0.5,"explicit_euler","Predator-prey terms are illustrative and assume continuous well-mixed interaction."
"predator_prey_coupled_system",19.87,19.9064940732675,7.29092357693945,6.67770950263768,-0.742727249009892,0.7,0.05,0.02,0.5,"explicit_euler","Predator-prey terms are illustrative and assume continuous well-mixed interaction."
"predator_prey_coupled_system",19.88,19.9732711682939,7.28349630444935,6.70752748070406,-0.732243217384007,0.7,0.05,0.02,0.5,"explicit_euler","Predator-prey terms are illustrative and assume continuous well-mixed interaction."
"predator_prey_coupled_system",19.89,20.0403464431009,7.27617387227551,6.73739025113863,-0.721746032524944,0.7,0.05,0.02,0.5,"explicit_euler","Predator-prey terms are illustrative and assume continuous well-mixed interaction."
"predator_prey_coupled_system",19.9,20.1077203456123,7.26895641195026,6.76729710513155,-0.711235351256301,0.7,0.05,0.02,0.5,"explicit_euler","Predator-prey terms are illustrative and assume continuous well-mixed interaction."
"predator_prey_coupled_system",19.91,20.1753933166636,7.2618440584377,6.79724731750167,-0.700710827553698,0.7,0.05,0.02,0.5,"explicit_euler","Predator-prey terms are illustrative and assume continuous well-mixed interaction."
"predator_prey_coupled_system",19.92,20.2433657898387,7.25483695016216,6.82724014649855,-0.690172112525677,0.7,0.05,0.02,0.5,"explicit_euler","Predator-prey terms are illustrative and assume continuous well-mixed interaction."
"predator_prey_coupled_system",19.93,20.3116381913037,7.24793522903691,6.85727483360249,-0.679618854394429,0.7,0.05,0.02,0.5,"explicit_euler","Predator-prey terms are illustrative and assume continuous well-mixed interaction."
"predator_prey_coupled_system",19.94,20.3802109396397,7.24113904049296,6.88735060332244,-0.669050698476349,0.7,0.05,0.02,0.5,"explicit_euler","Predator-prey terms are illustrative and assume continuous well-mixed interaction."
"predator_prey_coupled_system",19.95,20.4490844456729,7.2344485335082,6.91746666299185,-0.658467287162427,0.7,0.05,0.02,0.5,"explicit_euler","Predator-prey terms are illustrative and assume continuous well-mixed interaction."
"predator_prey_coupled_system",19.96,20.5182591123028,7.22786386063657,6.94762220256244,-0.647868259898475,0.7,0.05,0.02,0.5,"explicit_euler","Predator-prey terms are illustrative and assume continuous well-mixed interaction."
"predator_prey_coupled_system",19.97,20.5877353343284,7.22138517803759,6.9778163943959,-0.637253253165191,0.7,0.05,0.02,0.5,"explicit_euler","Predator-prey terms are illustrative and assume continuous well-mixed interaction."
"predator_prey_coupled_system",19.98,20.6575134982724,7.21501264550594,7.00804839305343,-0.62662190045807,0.7,0.05,0.02,0.5,"explicit_euler","Predator-prey terms are illustrative and assume continuous well-mixed interaction."
"predator_prey_coupled_system",19.99,20.7275939822029,7.20874642650136,7.03831733508323,-0.615973832267149,0.7,0.05,0.02,0.5,"explicit_euler","Predator-prey terms are illustrative and assume continuous well-mixed interaction."
"predator_prey_coupled_system",20,20.7979771555538,7.20258668817869,7.06862233880584,-0.605308676056623,0.7,0.05,0.02,0.5,"explicit_euler","Predator-prey terms are illustrative and assume continuous well-mixed interaction."
