run_id,initial_stock,growth_rate,carrying_capacity,extraction_rate,shock_intensity,projected_stock,below_threshold
1,82.23082877532615,0.042000860417813354,111.00117273476476,0.10232107381488227,0.05891769713312099,18.96667721,True
2,82.82719179876658,0.11137436541638762,103.47755330517664,0.12219218196852705,0.0023837775550456276,37.98608637,True
3,75.49820759685765,0.08042842304826898,101.06143878735455,0.09988376506866485,0.051990755022361855,24.06298048,True
4,80.71906368965146,0.057635249763255736,123.57062735503635,0.16094304566778267,0.0005199007742448813,21.12148751,True
5,84.89310802932492,0.09585115159905813,113.61002066071967,0.09554794998117816,0.0765770457765425,24.21926393,True
6,77.38551272180203,0.04741966747041183,103.86865507333856,0.16474943663474598,0.04829808250935129,10.37790396,True
7,84.91405237239009,0.09837854293550542,121.44912365818803,0.17731157639793704,0.030282750176668278,17.71078705,True
8,80.83265010037164,0.10635237314023957,124.74079009456985,0.1661706900310777,0.046188171620540966,17.40997831,True
9,83.27314937943878,0.04366595069245298,109.11593102606187,0.10893879636021071,0.0063833581538902,31.18531115,True
10,75.72465418177649,0.04808011435277833,111.11894412440368,0.14356844442644,0.02918657431760674,16.30556802,True
11,77.92289547387013,0.05676056246171901,110.67911288196453,0.1736654587712494,0.05184283081972749,9.84250299,True
12,81.74609609067181,0.05369109185584776,129.16507191801398,0.09634024937619284,0.030356435340611825,30.07029792,True
13,87.83237361018553,0.09119998078832742,122.27798975098585,0.14846142509898747,0.06742815361518477,15.85764501,True
14,84.41599858473992,0.058323845757128345,101.28400975616151,0.11154530480590819,0.02141927007805622,27.88670165,True
15,75.37572549738123,0.11543277714680433,135.05470505890676,0.1114677880798478,0.052435093223590405,29.14835845,True
16,78.33011041697063,0.11316380717924346,118.35407410349595,0.10648801664980524,0.019730200615518678,39.07603416,True
17,80.98189014661041,0.06101932868183482,123.38343960894161,0.1697822883602477,0.03195204041123178,14.03777965,True
18,75.50913214651654,0.11980300851960882,120.38105174705858,0.08909094121737939,0.0037693100339787657,52.37904994,False
19,73.75438608561055,0.0901956833362472,131.68317457451857,0.12221599667996841,0.00508221649215657,34.54440931,True
20,78.10590858410458,0.11968971041920773,121.16457380396548,0.1771078377613618,0.06886237617875984,13.09733782,True
21,72.18369635108512,0.09765774554881557,127.26841476106299,0.13369703304087951,0.021346015196203424,27.08284573,True
22,82.25538877727693,0.04892417388767011,117.3906100267642,0.12537237063292064,0.07630527420168641,12.85212026,True
23,86.0136470460511,0.06107112406008726,120.02344452201193,0.09786518805301314,0.07301022714758564,20.39922733,True
24,85.92829711738827,0.06387558331589063,125.5579797946402,0.14089702114381722,0.012227141483970786,25.23062187,True
25,84.20017280120243,0.08315032240957004,131.14505914522232,0.13303536721951775,4.575169023548043e-05,34.33121488,True
26,77.18649691207477,0.04155813939086658,137.16394465058468,0.1678721877823184,0.06653324234889435,7.98221465,True
27,76.92022600644259,0.044634013319535,135.1203839681616,0.1746949445297994,0.006852276165430302,15.09511205,True
28,79.77584741306582,0.04553700147747069,130.42408661028927,0.15658344293069876,0.010271317159981024,18.33827819,True
29,79.6045180495797,0.0839842874795955,110.60226515760236,0.16724330410852573,0.033851035216070954,15.97152554,True
30,75.38877128707331,0.08314368710235666,129.19724276359904,0.10011510633896958,0.024937303304071595,34.19597663,True
31,87.92238970657431,0.09199024461115626,117.52400335658017,0.13175758410355906,0.009680335669461257,32.84235951,True
32,75.59515739250492,0.06704684497179642,123.53234873828933,0.1030114732596577,0.017617390756124757,32.19883648,True
33,73.13588937614452,0.0904882365816079,109.15767135244617,0.17054200130061278,0.06877083202029972,10.42999455,True
34,73.13371759821845,0.059040370749519615,126.75911113185123,0.10142368073704386,0.010584947898002,32.82955075,True
35,86.96822784929074,0.08568344746602274,118.90684105247176,0.15846194242907535,0.06459975982133147,13.90972891,True
36,75.04655862979004,0.04775446513830586,117.2420472962551,0.12235786230199208,0.037361973442934,18.78436956,True
37,83.66521359135761,0.0938691637834641,139.36660845463865,0.08984178711519589,0.0322097025681815,40.96918747,True
38,77.42884168631942,0.10893380290822327,109.94625335681143,0.09902089084408115,0.035889083826650556,34.1515341,True
39,78.75010623735047,0.062283611573355234,109.99225791528401,0.17232655992760126,0.035450459604276556,12.63748462,True
40,85.7815856761893,0.08402602499598784,102.02353318099524,0.17992824684127265,0.06688220680639616,9.9921559,True
41,87.50394011655602,0.1141093586406502,133.9478293765722,0.0966311110603914,0.03885129003605748,40.69985604,True
42,75.4199567871869,0.0720832234039562,102.34541599888716,0.1178973118976916,0.07882470750237808,14.52180504,True
43,76.24324893075443,0.10272564815588553,118.20033469356574,0.1223007485990163,0.07658541126877386,18.39609453,True
44,87.92676303188343,0.08446146587244946,128.73633101185305,0.0954796825274064,0.023736626039565136,40.20597778,True
45,87.49934983950654,0.0863344232653005,121.68780805497097,0.1547975560379064,0.004573221832598646,27.15051592,True
46,81.34684151134354,0.08022803063356107,134.1087956819314,0.09574327279394833,0.07686231226195603,22.47453823,True
47,73.28178344384939,0.054865996878457855,123.8014042580011,0.147521255360409,0.018816311600074496,18.2311311,True
48,73.91818582315399,0.111222985130355,109.84861391154499,0.1394519153533441,0.049550520826568245,20.42953613,True
49,78.70759864537396,0.08669378314329798,120.91130862127835,0.17347062577364272,0.016340735953882916,18.65207167,True
50,83.45906881263063,0.05909487620926768,115.83143387165018,0.14716902229599713,0.02399976638390098,19.45505392,True
51,77.05883514034966,0.10014915939315217,102.90172457972629,0.1258285522618586,0.07987635526835539,16.16653444,True
52,87.93754316568152,0.04586085768797064,108.52617249068162,0.10652004147504013,0.07466075023949673,16.43680858,True
53,86.09382677898303,0.11034161939876341,114.78108354955536,0.09577468323572319,0.06669959637118457,29.03498452,True
54,83.25663880139794,0.08893422125807601,139.48932254526017,0.14539763177107326,0.0006258485721726359,31.76765405,True
55,85.07366616184738,0.06395030017599823,126.53554859864309,0.17389300039271038,0.010743289151469418,18.05076141,True
56,73.84685872670563,0.04856287821675341,122.12894563539264,0.10723482123148163,0.048386386162417916,19.62432109,True
57,83.48179499422076,0.05628778498619623,125.36951835540319,0.10639839016304094,0.03908254817195012,25.46518296,True
58,86.48538385726917,0.10768829706358843,103.69193870850934,0.12235757725637264,0.022134417917780133,32.23312947,True
59,72.05673102540452,0.10168953784157016,125.48453509205518,0.10619552624343481,0.059298472667834466,24.9711483,True
60,80.82688673802227,0.07421495351845434,100.3867879843336,0.0875243860073767,0.07064851146401144,22.82382409,True
61,86.46285714495829,0.08364722313644178,133.38380079544066,0.1382509566489794,0.011847502845398612,29.93447429,True
62,74.03912830851422,0.0646606679944107,135.9592595497036,0.15961223048880419,0.06885620656007223,10.14578443,True
63,86.38279418442359,0.05680612306718032,109.98118956891697,0.09027936216717856,0.06240929934971542,23.5696924,True
64,86.14615522321614,0.07251019118656934,124.82646040602852,0.09545533383322047,0.07439048125549395,22.44621987,True
65,85.83369113951943,0.11809648263447703,132.43086879761586,0.16814162046633244,0.001982908951855098,29.97345763,True
66,83.78503154808132,0.0665748374357143,137.232635441933,0.1602235138937139,0.06912512227002235,11.29517957,True
67,84.97198906519023,0.06134445676755776,131.49498036541885,0.09080956264029572,0.06977334263248718,23.05596342,True
68,85.7374920214045,0.05779469740365315,132.66346422387716,0.1260303234678942,0.024415269387088046,25.25575382,True
69,84.72552798644578,0.05820763899262163,100.94657738805806,0.09931297883277086,0.026260956095816523,30.02647065,True
70,85.82964707248458,0.11735112832386888,111.16499970887486,0.14414817386076278,0.03197427074880487,26.13823058,True
71,87.69839499517217,0.08289725859829775,137.56948561298861,0.09153417518514276,0.07763204888177824,25.16312482,True
72,74.85708505875942,0.11700274526092441,110.61865450091875,0.09084025472147111,0.03476510068517155,37.80933649,True
73,83.65672097044327,0.0650941851355993,124.24835413224574,0.13114230596694781,0.030815634667578175,22.70013802,True
74,81.22540869594559,0.060377800491086556,128.3514113533668,0.08016912782186295,0.07404601323992661,23.51201744,True
75,80.61523195348467,0.09755439993158763,129.67800311357905,0.14706285044329995,0.029137717742501134,23.87126099,True
76,73.11958097802096,0.09313901479290178,113.20800144170386,0.11139156450583597,0.06784122236050684,20.16832144,True
77,83.5160682082232,0.06402578145690113,112.37138648834613,0.12083929086192169,0.03219203096461797,24.0294581,True
78,76.73048324041515,0.050183023924732256,116.81785335091632,0.17403636707301828,0.054185435621818635,9.01418893,True
79,86.44488873172132,0.08924119327611044,112.03799498262262,0.13479372131356981,3.2475175783002185e-05,33.45571976,True
80,76.59061946990283,0.07439105199918676,123.19939124782728,0.14547056237030714,0.037199055219761135,18.20114378,True
81,79.07455678887692,0.05709611207912802,118.92744743637306,0.1701180825828254,0.06368198081014242,9.1987949,True
82,74.71506233916888,0.04678364293800974,120.61808039660866,0.14329408557657958,0.026815060432784074,16.69070395,True
83,85.09477543258663,0.10009105100325857,126.91182682228668,0.10246406659972883,0.01593039461812613,42.53154598,True
84,72.39080620362923,0.05958740352626801,119.0054537687522,0.1649737694624732,0.005826258334765529,17.66238301,True
85,78.63105617596351,0.09038123045901708,107.77740946958838,0.14963542504905047,0.03955017352083495,18.50471346,True
86,75.90375103325502,0.09248464088894272,100.22179272552127,0.15509644766184727,0.061603695085922006,13.46472503,True
87,73.70539674501663,0.07401169551541872,107.03546726826127,0.17579660422795396,0.041436620035499264,11.73440897,True
88,72.80349416225026,0.05993586237279773,133.9334538940664,0.12564618254701726,0.06411332813778116,14.83284141,True
89,82.68124372138165,0.11903139624531583,123.81809273877678,0.17500396084431558,0.07131407406483496,13.56767062,True
90,81.8024371641882,0.09754191690207736,120.19112659297608,0.1630569169721415,0.04382975604886627,17.25006382,True
91,86.35532965173219,0.09949243537276678,118.98697747292213,0.10591915484650194,0.019779179000772765,39.0319507,True
92,82.2025829884185,0.10126509474377324,120.85199251311928,0.14267484369817812,0.021967795753403064,26.93743441,True
93,73.23973366183577,0.0628582520690522,110.86860428328738,0.11197095684187623,0.043212177801476515,21.11049825,True
94,74.21398498425849,0.05850091837825494,127.75799249196209,0.15064191416945522,0.005138308057110246,21.26417694,True
95,78.52158991466538,0.08340889124031323,116.63096936412623,0.10068343895144102,0.03361148142187405,31.19252628,True
96,86.47741565344283,0.086726353136338,127.82091945991873,0.16567320323039342,0.06124756608944556,13.68553401,True
97,78.08609646284339,0.040471686686719445,114.07035210687299,0.1553475125059386,0.06827583604552837,8.8721416,True
98,87.2548854155217,0.07352170261038574,129.90062675912202,0.1346132309733839,0.04826020711529931,20.14781145,True
99,75.52861910918111,0.057553730769714886,117.43343904186546,0.08290248199467153,0.026890363495870595,33.47248846,True
100,82.8662701604536,0.07234533353101097,106.60178924814035,0.126739014923231,0.010210223782492856,28.86062357,True
101,81.95611137558504,0.042157316152411015,115.76081025358819,0.13643919830247742,0.002168163707224995,24.30039142,True
102,82.28399436814937,0.05085595897844514,118.46793776206047,0.08502846334886276,0.030328309135051166,32.67844404,True
103,75.3865645473837,0.06614766439050468,130.4491883157611,0.11791262155641363,0.06016078588438279,18.04521397,True
104,85.31078856248436,0.060181722542590445,103.2762493104657,0.08193832870500108,0.0431535238338027,30.807279,True
105,87.99852525614735,0.06799682749761471,126.005763729995,0.1581233049610895,0.05214037241951115,14.41508989,True
106,84.06773126495241,0.11596893861727911,107.97442729450131,0.08203800173203324,0.01219058766278323,50.91906334,False
107,74.0195355979873,0.09355670756959285,122.55878327720076,0.10179645409065036,0.05595719769969207,25.84026436,True
108,84.27036957369985,0.05342313146942418,124.28989975563726,0.1547925651955286,0.009162629710311813,20.71346321,True
109,85.10881878897736,0.11717766184272699,104.32394998630426,0.0825678425497466,0.024956579551575615,45.41501721,False
110,82.83755658960654,0.11665382705647168,115.86617766066509,0.15150147050494683,0.006079718227444797,30.81415024,True
111,83.04983065492769,0.09017939164808356,104.07605221783906,0.1572480884951224,0.06802345912710371,13.0085509,True
112,81.6065858370695,0.04968440520538521,139.35377406058686,0.15826353463610196,0.02777630122467592,15.77721956,True
113,78.85404821175591,0.06964567009744449,120.23843158708311,0.11412311748612831,0.0679660501599662,17.99356779,True
114,85.15729468944093,0.048443109651519885,138.43150268858315,0.14355851061014457,0.06629658488019666,12.34555717,True
115,83.31693829929723,0.07483897160061416,129.35181216053567,0.17654737312380775,0.02160659171099207,16.70366149,True
116,84.9311875009081,0.08305383251586046,119.33990015532785,0.12355744930038942,0.05848209714440978,20.69309017,True
117,76.29432860878761,0.10813705280154653,133.22924075562412,0.08866628980556744,0.07053049472022176,29.22695728,True
118,75.90181502705529,0.07717667732825853,124.41326816922083,0.1178989304128264,0.0022959998216071664,34.38806368,True
119,85.61524538099934,0.05454718857261534,108.48479400718956,0.15978323568280967,0.02722710745314269,15.98890358,True
120,86.08511967613161,0.09609470002657612,111.05074303024739,0.08101511144386771,0.07584500622216249,28.02969544,True
121,73.36980739132834,0.09760597312833554,119.5431138739515,0.15581646534824664,0.055248747155721846,15.33577455,True
122,82.33444639585524,0.07926570680628689,131.7173147252927,0.08930533505546717,0.017727712037802414,42.31002512,True
123,83.06859448472323,0.06449648241040706,123.26222341329469,0.12732604887595247,0.04247375449166142,20.68984185,True
124,78.80806100328344,0.09967483493708876,113.2316518878372,0.1502854942185769,0.021673314158095706,23.65292658,True
125,76.02245881921506,0.04965247078018446,107.7033717380607,0.09195547412550528,0.042869117230699985,24.5358459,True
126,84.19503375174565,0.05481198739501296,108.65538559514422,0.12841985872127087,0.05796680008744413,15.92641797,True
127,87.62571236612891,0.08197094952868862,111.3199481309982,0.09005261080907907,0.015529406247285875,42.46390431,True
128,75.63973061572088,0.05435532349483226,100.56593469024256,0.13341350892676632,0.021944906142661386,20.00272114,True
129,87.5887188976438,0.08426871734388866,127.89669571640778,0.0926279492958409,0.06947689578103552,26.58194525,True
130,79.85405911238047,0.10981757879988277,122.96256878505329,0.126939694493051,0.03523750385088082,28.62348306,True
131,74.9498187262413,0.04411013737468623,137.64254387072413,0.12777291872656876,0.06576925162395443,12.86981146,True
132,78.41131907603103,0.04592657362045118,125.17782827807993,0.08536090742925331,0.011935806757892414,37.09286613,True
133,81.00543355335303,0.06430684094737821,139.7567249084088,0.09184515622114615,0.06115547562609554,24.86884156,True
134,81.7010824198874,0.10325926638747354,109.02748548260138,0.13225725351302178,0.03604115719110034,25.15756806,True
135,79.08353606430926,0.10881333326609441,139.60125041867192,0.11053802443193604,0.04968218568577188,30.24764653,True
136,81.75409459592208,0.09920714443876359,137.90360801301512,0.10077879058235513,0.01688201562443144,43.00829731,True
137,82.56685019507259,0.05256456747047017,106.95254193305738,0.0875064868901168,0.00021405780823085862,42.08343398,True
138,79.20805927388324,0.08750489560956506,111.6503715612411,0.10314762345560258,0.05655646639032266,24.77854106,True
139,83.24780092949948,0.07632250611256346,127.49539680284971,0.17239110444825487,0.0630262421317385,11.16898965,True
140,82.00092811462756,0.09289464342826942,137.34673833782054,0.12251389661042117,0.043564990296846295,26.39055258,True
141,82.3621555744397,0.11267291561700848,133.0652463860024,0.08714098368558142,0.013273823137657974,52.53556041,False
142,76.92178900182772,0.09991661776556986,122.7682819727637,0.10886105883058417,0.009948292653976658,39.34251986,True
143,83.0188478593935,0.09597869479805737,137.70704962976163,0.13004721771179256,0.03950361754760674,26.2494824,True
144,73.28706963038881,0.04318886273468905,117.2811465664309,0.11223215833583,0.020029432192960314,23.90824042,True
145,73.46123018609576,0.11695288817542693,133.43834455624724,0.13751991092199303,0.07606290222450819,17.81790741,True
146,87.99315867003922,0.09378252674425913,110.78044103868216,0.08402316731446162,0.060501506433004566,31.45027419,True
147,79.52801317202614,0.09212075915469489,136.6429115170707,0.09814891472231259,0.04682637002222835,31.49407017,True
148,82.1565555112654,0.07933806417528105,103.64969625175308,0.11479610562946505,0.02666467149320736,28.18800477,True
149,82.72213615233896,0.10861864755202819,113.19214654315861,0.14936736739834325,0.02305742362891646,25.49474247,True
150,87.12309663301137,0.10508528277903781,122.00386435887131,0.12548259086017294,0.025161372573613436,32.55504351,True
151,77.17238058041592,0.11761477814468616,116.16700228002983,0.1314596252329105,0.07904953718254033,18.08892851,True
152,82.52256618373006,0.0834074875485756,116.52990283197286,0.09875825413945272,0.02894234873213402,34.25851094,True
153,84.10309046488918,0.09003269937160072,130.3996214424407,0.10035582383502739,0.04393757112682654,31.98791565,True
154,86.84276417351117,0.07504928760579026,127.93000116488689,0.09214260833626198,0.07785174526573556,23.06965163,True
155,81.74194667331145,0.05914379698621203,106.33512655220929,0.135083900700267,0.04418011272429864,17.21252429,True
156,73.49134722050437,0.11938057115161757,136.51719513936672,0.12614478941787832,0.009397291927164604,38.10208437,True
157,85.31429078030241,0.07987004037657561,128.66413303967164,0.13088720150695116,0.021873991737061935,27.94263325,True
158,85.35558312922711,0.11841957060827002,109.74923624300553,0.13512650768804696,0.030686881059771996,28.60309179,True
159,86.749890398905,0.0806592713274315,135.17305020585906,0.1664026934428588,0.022099792225763276,20.0835924,True
160,84.64009891204981,0.0731953938841076,137.36993574730081,0.13077376758096565,0.06564395785484627,17.27516737,True
161,76.52542373252523,0.06388446798174137,123.47750889656645,0.17989023332293386,0.03917122773245608,11.30948479,True
162,74.37752669412463,0.0830864462163099,113.8049576677203,0.1351917417070811,0.04347440503669384,19.26378607,True
163,79.28551386986402,0.06574218801832299,107.54609494828422,0.14974984276205713,0.04574381135879209,14.81172439,True
164,75.73699913692629,0.1020435580079407,101.74589196389208,0.1544705151565196,0.0564182304820002,15.29370829,True
165,84.98254244103804,0.07088630019927858,126.5475531793814,0.1620747551709555,0.0784654510927828,10.2231679,True
166,79.92525839386278,0.042961568907646096,120.09164600531864,0.1390180429309567,0.06957602506897724,11.10661981,True
167,85.98704598486893,0.07522449678165416,121.03804347230246,0.12569280744742423,0.05779550620565141,19.63904363,True
168,78.55965791594183,0.0923825061142187,106.17444875086196,0.12694906009847318,0.07753629044593738,15.941188,True
169,77.41697974482291,0.09541636788695056,125.9934661031709,0.16517652923506915,0.06818730692527145,12.55710962,True
170,85.74947494669226,0.0704007518018124,112.66644615733598,0.1518717425222983,0.060752144746749094,13.61900768,True
171,85.95812827837658,0.042871927987014925,102.73682988726206,0.14311610168546407,0.07367432790242374,10.44095568,True
172,87.95881476729944,0.09974130933903415,117.35885887692503,0.0898443126383198,0.0506998263024633,34.37513633,True
173,85.96126772171345,0.07549428413293646,127.76004651172939,0.1703424062050486,0.0036792774941770204,22.03170404,True
174,84.73829544259539,0.0634694220772167,114.99364359101259,0.09455697956993984,0.042493305451900804,28.60487077,True
175,81.05484899065499,0.10340155791047625,106.79934596272389,0.08789683506599946,0.06966716789158839,27.46005818,True
176,81.91536589659864,0.059266383348505036,136.5131606409422,0.09431177201285096,0.036891993068399805,30.1493252,True
177,76.06363743061668,0.06042613665273232,100.37589725819484,0.16046330769751463,0.07209675388791065,8.9727836,True
178,82.84177417118528,0.052638049765742954,117.66919134415258,0.11455656244430817,0.04700573641011371,20.61198159,True
179,82.2230192377602,0.07394471507687181,110.00392897630805,0.16453039251425985,0.015937359928711387,18.93203798,True
180,78.15509198347753,0.07865664488473728,109.48822807710299,0.13719226923507388,0.04598495441429161,18.28411432,True
181,87.88307269803036,0.06361846031066154,139.1177793830745,0.14582298159286805,0.02195843041425822,22.57597137,True
182,81.05486427129118,0.09486395941872096,129.78675364661302,0.0849044250776,0.048512519446117966,35.44684974,True
183,79.94763658438193,0.11233242327149803,111.44776605836778,0.15988601195075985,0.048565199853141276,17.92837663,True
184,77.63713529336506,0.09092943024047134,124.83564652521217,0.14777644586233596,0.05767427013365672,16.33584093,True
185,82.54690464506805,0.10706696935700133,125.12992414747593,0.17034037040729677,0.05170724871124183,16.07429353,True
186,76.94292614324218,0.07526585521302492,123.1829522147361,0.1532359767939238,0.007210670059697515,23.09040697,True
187,76.72176722606649,0.09979846919506971,107.02560281777227,0.09321597977467835,0.043152620718753684,31.7349683,True
188,87.54383329938143,0.08246818989622279,136.53947897926787,0.16304726195673974,0.020557606765060986,21.59101727,True
189,85.19503700067851,0.0785478263898993,132.25953975175065,0.1546559350717045,0.027097220304150904,20.83049898,True
190,73.84271531919615,0.11703146342951021,105.63028060023531,0.1766500209462752,0.06881124775190575,11.84227537,True
191,83.58746739320829,0.11839537942255227,138.6907898920013,0.1604587644020562,0.029262003952445312,25.04699832,True
192,84.650911497423,0.04111349240807209,121.46289233076237,0.12547860277338746,0.05382627054990029,16.0744241,True
193,82.7574527576162,0.08676480733217327,132.89669204907096,0.1740291891779554,0.008667688175938455,21.38974424,True
194,75.74115043538534,0.04200197197171859,135.36939380859408,0.13614073822498787,0.07322047269945275,10.60328639,True
195,75.54187520118384,0.045057363292815636,132.9542140556179,0.1709387638427892,0.024175213962340018,12.76514886,True
196,78.53273369272661,0.05118216100057769,137.85046131527784,0.11043645843560052,0.03940996951825647,22.8457868,True
197,73.55507197794914,0.11098074468228017,105.42656194825346,0.12536437568888925,0.0536388975080137,22.01365933,True
198,83.89024194437074,0.11567792686235456,116.76507013658892,0.15422690147653156,0.012361832192786802,28.55657324,True
199,78.63815243898891,0.04792173077684228,119.57388151158457,0.12081158856977005,0.07612172203048476,13.01277652,True
200,72.52346058968075,0.06964239669875483,117.73532344242807,0.17505551698514268,0.06843601546447638,8.50845319,True
201,73.58967399369809,0.09485442123850282,121.7786344592858,0.17778425294520467,0.028693907296985434,15.89442458,True
202,78.37023428390997,0.055184684972886366,104.88638876349054,0.1648033188463681,0.03637738948564137,12.72987102,True
203,82.60429980899164,0.0913363573786574,123.8858383807818,0.08213574547363707,0.06294356723636935,31.04362851,True
204,75.89710235462438,0.05007391082464343,122.58311903631854,0.08686101528243559,0.06121259007108676,21.9812634,True
205,75.31451792554654,0.05727610815349398,134.78781707078178,0.11285595534322304,0.011804334395315497,29.70317463,True
206,86.40849657010813,0.04022684411840131,134.33624505520706,0.0944687980320508,0.010399370515474944,36.52020542,True
207,76.01046714764998,0.053959769672111475,126.44230570389267,0.08257801497861984,0.0011888261784567078,43.17599913,True
208,84.63975462775606,0.059034528487237045,112.9508584784809,0.09742462014061772,0.004191921428894121,39.23115112,True
209,83.86748891126639,0.08208684212782937,129.82661100135982,0.12762459654232503,0.06224136314513622,19.29513555,True
210,80.21180732174707,0.04872432080030764,120.15354759143285,0.17454156429701062,0.0034692029519337365,16.44388868,True
211,84.53163193568608,0.10935847262078705,120.85804858852336,0.1258042522097682,0.0771220946497623,19.84769507,True
212,72.9732065199121,0.07831855287986905,116.06469018050242,0.14860974960622325,0.03922150833153802,16.83510533,True
213,86.55521326584366,0.04587925726131604,103.23161909643167,0.140829742363344,0.005254578665609113,23.41190216,True
214,76.40025599292726,0.09064613794408123,121.93425736193441,0.1125185443318668,0.07957022046887388,18.38286522,True
215,80.4889093989012,0.07629723340603772,124.21707166141252,0.0899178461679042,0.05614235348368529,27.76310712,True
216,85.6446837967292,0.09207333319050442,130.75850920418955,0.15208399166575992,0.017201845306199753,25.76934409,True
217,79.2248786554445,0.05827948594916675,113.55726475340701,0.12534989029074473,0.03327917202091962,21.12176127,True
218,73.5213734284101,0.07414112050087664,126.60431452241235,0.11743010234355368,0.012211113981497901,30.33573267,True
219,86.76776057175015,0.04537066465093182,133.27087553899418,0.08932301017036774,0.00772515460526285,40.700397,True
220,83.82073597581945,0.10494154282219137,122.254829424614,0.1386465082739477,0.044926913119365794,23.33221846,True
221,77.27433570265929,0.04977850282836474,114.1439231853507,0.14653405200029154,0.060022740020118266,11.56964441,True
222,85.88947438190505,0.09768485429969195,138.73594501245898,0.1400410091224677,0.02813169485545192,27.56912136,True
223,81.24669629423768,0.05701910445376049,126.26945211952608,0.10242448691075656,0.00865747055418133,35.44834448,True
224,85.52597469762152,0.06940488404922801,130.50422527747398,0.13741000043314627,0.06457770969218755,15.74336222,True
225,85.52248258125373,0.11796372817005665,132.73707438162677,0.14135732805354648,0.051415933106386515,24.17360002,True
226,72.42006130325734,0.11432674327959491,133.1784315983865,0.10674477251541106,0.014433285756868353,41.27870898,True
227,83.24318036584967,0.06471877510639282,113.59298627109034,0.08061057894036587,0.06958901652291505,24.84472702,True
228,81.06113751618201,0.07206274751996125,105.67498616605074,0.14331720126555136,0.002452567870472473,25.98236313,True
229,83.9377881920913,0.05721063040268087,116.79329975058013,0.11408959817693327,0.029604247398160314,25.74985772,True
230,83.54553548388277,0.10214684959733927,122.7037422645759,0.08849570399771793,0.004208706114041743,52.12540173,False
231,74.51855835371445,0.08942705455408244,126.95874842452452,0.10721028435462189,0.0529550954246609,24.99782413,True
232,79.77058727825595,0.07536353493582232,110.92667377459078,0.15549431436683708,0.00910540064881614,22.04487118,True
233,78.87861813436625,0.06265971760643595,127.13945019040531,0.12866327533642508,0.05337060469890797,17.37087109,True
234,72.72667780167085,0.07162107168701032,123.97299827777802,0.08076870858998829,0.024113548961474943,37.36580685,True
235,75.37974366752499,0.05097878442058616,110.22078016085837,0.11281223559378412,0.0006183925255449552,30.64585637,True
236,83.95222597487628,0.05405558415006738,115.20829782860945,0.15036712633826638,0.040020987724497054,15.32910302,True
237,85.33366723871805,0.10449601492534111,102.88301986368631,0.16617643620225886,0.00338418092502331,25.0170727,True
238,72.29986458537033,0.11369299476019298,134.48440054448264,0.1375759160736831,0.045871974470867445,23.28623166,True
239,83.35198338510295,0.07341551678747844,104.60693490655193,0.08208565590247488,0.025981454355641108,37.95693313,True
240,84.82115446896724,0.08945002106433922,133.28103652286828,0.17197697517413846,0.007050390503830775,23.00441757,True
241,85.51174975703515,0.059465317985818694,123.55485153211647,0.13239625430006316,0.03166133574874664,21.74542,True
242,76.96439298937378,0.06716106249187712,113.32274489972528,0.09681327080456865,0.040838662763371864,26.97872037,True
243,73.82442623741684,0.08079616498583775,136.23690926320202,0.11493752654723803,0.058190328453912345,20.99474425,True
244,85.10317762439763,0.10520296046000113,109.45075395786897,0.09464442182776944,0.015781744225918663,43.54520979,True
245,81.63838376437066,0.10081722364375136,126.22036042074956,0.09771461289472291,0.06182784713980482,28.54519098,True
246,79.90587240027821,0.10035566601975886,130.39508598430993,0.12489052569950629,0.07393234067085275,19.32053151,True
247,81.03186853444478,0.09082386552484747,124.9808711776758,0.1664246874831416,0.050177392551981746,14.9576683,True
248,74.41531842228923,0.04546290067966049,117.6883225534514,0.11028204351390129,0.021973893398892736,24.58051707,True
249,72.89875392340925,0.08058695082318225,112.41631402425244,0.12519138637006821,0.00455120406671619,30.15293649,True
250,85.30714610660995,0.0461384800938764,134.57000135700957,0.16552933714560902,0.04920067107324589,11.41341847,True
251,80.11308507734329,0.07701693271418178,122.17265485353215,0.15918177972653585,0.07167014124454421,11.36451025,True
252,79.1957392584145,0.10478527341583768,126.0734981859444,0.11215267628804283,0.03805032223544556,31.24602327,True
253,74.41377722713021,0.04494989600808806,104.14007509081567,0.16991268339557736,0.02747502206706141,11.80581364,True
254,83.4290487866794,0.08036392012007659,106.9023564574546,0.10477437235982842,0.035020661944738636,29.39598194,True
255,79.030748668202,0.08181984282124363,106.34984831926165,0.11728519821013271,0.02263148628915343,28.51827379,True
256,78.54031035595713,0.06706937174731356,123.91543449531957,0.15892269315636648,0.05178442855754455,13.00819138,True
257,73.05458966847547,0.04756047580120755,127.13517379360324,0.10841469738781137,0.05789869240019695,17.32379608,True
258,82.50502538256765,0.11250741577309417,134.93118648242154,0.11333620360605566,0.046619161166913566,31.39866813,True
259,74.26285408934909,0.06798566300286754,138.70786030770978,0.1498479962811881,0.03135663874682883,17.71967337,True
260,81.5206596504252,0.11504017596526087,112.38327549663843,0.11766793060563002,0.06333295662908349,24.09923763,True
261,85.01095654103682,0.0936093119995778,133.1583589157786,0.15387746721294826,0.0548331552222061,17.48056066,True
262,80.42229343574678,0.09168198565867902,116.93625465288414,0.11618280963467846,0.02900781351856355,29.90867603,True
263,74.88420676602951,0.05713541289671203,137.90673070137387,0.12862709208727272,0.01812344372271098,23.67390338,True
264,74.20104565083327,0.046173206744070106,133.77713554743534,0.09011407636678942,0.061669977629048085,20.49507966,True
265,85.3619172261529,0.11069457323940493,101.50989969430245,0.11367643719642816,0.061304608355779326,24.39726436,True
266,74.09678466287212,0.07013758966580197,106.48988848353802,0.16313450566891255,0.061687825098479074,10.50127755,True
267,84.94469951422882,0.05324313325952469,117.50693620553386,0.12108586114965335,0.05410903377508263,18.23430113,True
268,75.8004832231508,0.07553589678442205,111.39711730253433,0.15485365180954364,0.03591423704266723,16.27467348,True
269,80.54417839517218,0.06475743172502317,132.34495484363146,0.12690156050322526,0.06680907141805659,15.94311986,True
270,77.88545533160053,0.11577041361952983,139.37759174126307,0.1261679978440989,0.022541738616302036,34.67560425,True
271,78.10995894705137,0.0821967830769186,138.6507261282379,0.16168912395812401,0.06410073793212381,12.68722746,True
272,74.2143765536549,0.06000025692712056,125.64716144817788,0.1674116945052237,0.044363259633954495,11.65219597,True
273,73.64143570797455,0.10767138213867508,134.04664192339115,0.10850630140593284,0.06104934642333527,25.87981184,True
274,76.36466079346171,0.1124244967182593,105.89394623966417,0.12374725601949807,0.07571306104094086,18.67922828,True
275,75.55260811051168,0.0760902392176567,113.98340312554596,0.08266701908029385,0.0042605509736859575,44.9844236,True
276,80.03211383509176,0.05886224590907461,139.78101404953165,0.11749126734177676,0.002255003642252005,33.30496153,True
277,86.89321447599924,0.10713410300892845,125.99842737176726,0.1591380637482176,0.011007967018069734,27.79359822,True
278,76.5900703570123,0.10638092665222579,127.84287954303934,0.09387926918181862,0.05644289402312643,31.01459639,True
279,79.17762358371594,0.04042009586444944,103.16903085082885,0.10559239284370447,0.06679704794259048,15.89528229,True
280,80.78086792710137,0.09817878282599454,121.11086023546898,0.09111868603242385,0.023048126243138442,41.62445939,True
281,76.81841911337952,0.0438199557295081,116.79302175013773,0.15938991086394383,0.0365690893309159,12.4514303,True
282,73.77372632464024,0.11241175085295987,123.86956171275787,0.08164353522058944,0.04123005841675249,39.52410213,True
283,75.8710101507359,0.0514861472197008,117.16955572413335,0.14148095827759505,0.019245139104523485,19.23199558,True
284,78.66508152333664,0.09314970413936072,103.42455819949048,0.17746544909522216,0.005414345832707683,19.75443645,True
285,80.41695112515472,0.08058621572638291,139.53325942385868,0.13541519524181955,0.03123629860480513,23.99837963,True
286,79.52216125053577,0.0908536633174904,139.2415769020624,0.10536502610692128,0.00129937848871581,44.84121765,True
287,84.61632026047225,0.0675841994530713,129.31764085802567,0.14282569624756564,0.06172010992878873,14.94890309,True
288,83.76299175699698,0.06660148866975879,101.77342753180832,0.13460137452076915,0.06508070924448706,14.60166482,True
289,74.80142603282734,0.10233140747826251,118.58491598988151,0.14953892519960638,0.05053886782066702,17.92407241,True
290,84.9839629095617,0.04504804296257797,131.04761598813687,0.12576795774473531,0.0234754056940025,23.30583079,True
291,72.70090041054597,0.05595758669721507,101.67623767721528,0.1733370979950397,0.041230687140359906,10.31126887,True
292,87.82596323673798,0.08344245581233486,110.1325506081047,0.15532909188188648,0.015288274458712873,23.14453166,True
293,77.71158681656581,0.10246732535827399,134.6319310831223,0.11319246863813445,0.009958000659550673,39.9910347,True
294,77.88830678903477,0.11115892136098252,129.73230822078486,0.16946374949550533,0.030931581460855374,20.08905076,True
295,87.57957734904494,0.0796962581229618,119.90093569974509,0.17243104666269635,0.04154206828279536,14.81150818,True
296,84.81836939842839,0.09816650594741086,103.15708024221871,0.1402453298830227,0.06578730236319094,16.89782639,True
297,80.72759035751419,0.06569691425716752,103.20275644299981,0.14609192214581368,0.0245196684872602,19.30652422,True
298,81.6419460436896,0.07408928583064363,127.59059233781946,0.11515469837719922,0.003388413028010362,36.41283384,True
299,85.92059480090228,0.06820474482467859,139.92602391092197,0.10745553600748575,0.07840218233554233,18.94957839,True
300,87.16647005764938,0.04600329319905274,125.50050151533193,0.11633111306509823,0.06408767804497359,16.94217047,True
301,82.87056972503504,0.1162231517023686,105.71117873450198,0.14075729033208553,0.06250495757947733,19.28423066,True
302,72.55678345277667,0.045378669044968706,131.14061494027462,0.11663284731071485,0.03062835213510222,20.92249333,True
303,81.07591426758592,0.08840758630838283,127.1624822765358,0.17488235292655563,0.0297610702776547,16.77194819,True
304,84.20935154877728,0.08591374226671164,121.17839526145158,0.119803404595245,0.051964858936482526,23.34136196,True
305,75.99378644949437,0.049075889006801446,129.4269943791771,0.12990439602564668,0.03095899040314108,19.25992704,True
306,80.98676337215436,0.06094213412699966,110.41159084559614,0.12462731124056162,0.07970920897238086,13.29485605,True
307,76.56923004317053,0.1133183127633505,119.64800781016896,0.09226374219039708,0.06822610323074582,28.59725006,True
308,79.23268296392635,0.1118943224628984,117.8044477096982,0.0887790741104731,0.05455434082005097,33.58209606,True
309,85.52833950359519,0.06556702176799761,113.89701178954257,0.08649390783160711,0.04337370889804498,31.16061729,True
310,86.26130691766222,0.10810896406025006,128.47236416028852,0.17273244567231777,0.0510160018051213,16.52136974,True
311,84.69914214152004,0.08070045961394406,104.85449820313828,0.10009803711776857,0.011110149763069259,38.43020405,True
312,84.64596897292398,0.04210272214466126,122.1608574903838,0.11689111655012208,0.06429293810308692,15.86748389,True
313,80.82635094282284,0.08895586900964167,103.44861926607732,0.11092907175284622,0.07996760351475095,18.0879983,True
314,83.50191455825151,0.08205565238642401,130.76658201498793,0.16233393995083906,0.005900057032899122,24.04263608,True
315,87.55807570422026,0.0913870871509105,117.99897982651984,0.1480108990649581,0.027561182456215975,23.60339447,True
316,86.0473624264066,0.10242103430706466,125.59175717466653,0.09819631365521374,0.07730116911472855,25.51761544,True
317,78.9218925837116,0.11285698167575098,102.21651400071109,0.09241611206390121,0.01224123734481605,43.7131639,True
318,74.63451327824198,0.06581286009236445,128.37328530116983,0.11460230823418731,0.07527232439452278,15.67973528,True
319,86.31881466913799,0.10767469649246925,110.02421235927996,0.14350570913877458,0.04406731323865118,22.23815479,True
320,74.00272472203045,0.06422596848871008,121.33912119073523,0.13025731447412625,0.013490872139816546,24.65952028,True
321,87.06571180589754,0.052335541350365056,126.34931493535018,0.15206327684372728,0.048411112628948434,14.19425481,True
322,85.48048006581422,0.08508944275450366,133.00945069306528,0.08283734878988776,0.003636944263307358,53.72051957,False
323,82.26325974118976,0.08614169851819031,126.045199099424,0.1566959000916311,0.0333269426930597,19.36463327,True
324,82.22385907534192,0.07984304481088927,125.08656041192337,0.10896716568016057,0.07653201359635241,19.39626315,True
325,79.72711709080671,0.10437505233725863,127.39963364782707,0.10974338714297423,0.005837842040427663,42.87889933,True
326,72.9586085269547,0.07516843999363287,119.37004520429437,0.10040230135633987,0.04853282102565091,24.70692749,True
327,77.00131998795092,0.097469030808995,129.36799019218188,0.1660777365754325,0.07802993023319042,11.39428996,True
328,74.09225842483818,0.0696432158440233,122.46604862993476,0.11191158864031572,0.03731780536325092,24.2267668,True
329,76.27954679126692,0.059833510602043644,103.87246610242286,0.10902120049699016,0.030731986680128484,24.58660206,True
330,81.8460391066235,0.05986162243049492,134.61230006882872,0.0959699662130161,0.026194865664095596,32.98891408,True
331,81.24299260629755,0.06501719366898184,130.52485500554513,0.12982655420599087,0.04117798713851876,20.44069549,True
332,79.98015533436246,0.06468323856435435,100.92705192865404,0.17452328040692372,0.04043555704190172,11.76012776,True
333,87.4669860888396,0.05721155380209929,114.11580355425421,0.0850540404627892,0.03959153628201411,31.94772453,True
334,86.11743162189121,0.09234080295116937,118.82347413472783,0.13366907492889268,0.06777378923147744,18.1550425,True
335,78.89484430956065,0.11059645847348742,129.10032253437566,0.15638567641619894,0.02927498820140504,23.27820405,True
336,78.40930593623611,0.08562253151048234,107.78621207550876,0.13532229266211515,0.005882539979427346,28.72488089,True
337,80.06808846597127,0.10115232917657915,111.18882710495927,0.17890907006207224,0.054431891209508865,12.88024418,True
338,73.90097631557744,0.11800662523310271,115.75614850914428,0.1594897228380946,0.027126823996205224,22.24199961,True
339,87.023177071286,0.1003972137834235,107.962315262098,0.1309122516225182,0.04000623228565151,24.9699386,True
340,72.7248536394732,0.05096290988540163,113.32162821411069,0.127374415039519,0.036559084742629915,17.77998967,True
341,81.70016835846087,0.0812404585717803,113.11863390546105,0.14130681210646778,0.013000163670155152,25.83940383,True
342,87.84985180097824,0.09914554884588833,111.96937370113272,0.11363734521516783,0.06626315087659007,23.22963958,True
343,80.51743727801403,0.09669918451483503,111.99162258949654,0.1615748833243824,0.029468624789261568,19.44745381,True
344,82.78090227956827,0.11839184249433293,123.34808567395146,0.1596754813930147,0.058025937004148424,18.08510928,True
345,83.00869841924435,0.04213177239710666,118.98360856340241,0.1767070696172051,0.06263231931451371,7.89700595,True
346,84.41859240275315,0.08621075166913462,128.85600449185227,0.138352327704764,0.013640964939732747,29.02647161,True
347,82.06440385832582,0.08957886444008714,133.64668499833056,0.09477757083003319,0.05445815160405431,30.19704863,True
348,72.5051282134736,0.1158564136627441,104.39582085334787,0.08189373675066126,0.02509539867566842,42.03050569,True
349,74.42290012990952,0.09524002087348203,116.41509637290821,0.1574972301807091,0.07364167599177686,12.20265469,True
350,85.96508334259713,0.0988669817014945,102.49125144057727,0.09380824857852102,0.016587336397699576,41.43333676,True
351,77.20079255081687,0.09297814397714792,121.01908605600141,0.11137525987378172,0.013854593908586219,35.75260102,True
352,86.59398657478417,0.06738616141454769,114.17147954579251,0.15719897841487407,0.057673964906183414,13.14269443,True
353,82.29294559999138,0.09546506480238566,124.40306320315005,0.09922641691367134,0.01972153084218883,40.26819055,True
354,80.92938641291846,0.05798936303942533,138.91642510362277,0.10976145652769079,0.023120330992281994,29.24358252,True
355,75.31644471767424,0.09639906077921573,112.68162980073792,0.11488031742013066,0.07469602998166405,18.90847028,True
356,84.72648569603734,0.061876602940433845,104.8749642293086,0.14766222457825456,0.0303755348299506,18.15218059,True
357,87.6825685971418,0.10547019681044498,138.18435453565846,0.16046158339565703,0.023236212159434846,25.17861002,True
358,76.60208546582624,0.09713130299987162,113.85454056382466,0.12423761118648353,0.02051551803787857,29.69482058,True
359,79.66526820826373,0.05616544057604772,121.54311694834611,0.17330239337833075,0.05569370405174581,9.7528757,True
360,74.19636727681477,0.08925416275315937,123.4732199428326,0.10424580384102868,0.05358671719144832,25.24916788,True
361,80.49666383572479,0.091035565872691,102.0996442735785,0.12133013660482586,0.057388644500019494,20.52744747,True
362,73.60871847643756,0.10166128464786232,100.2072578562852,0.13503525657796167,0.07432797441359823,15.13425641,True
363,78.51051922475014,0.11480256788769211,135.13598486056912,0.12774485204408964,0.015956477973408136,35.81060946,True
364,87.42262462225497,0.06569341616953334,125.8359167156108,0.17079369587356225,0.007156857640921306,19.9920107,True
365,81.18613365080597,0.08281218215148836,128.92470712969694,0.1736669379750626,0.0730583780535882,10.19691533,True
366,74.8010364076954,0.11057959785318663,107.03154830155451,0.1719634811850934,0.0797737442470808,10.7067752,True
367,78.3519131884528,0.07963071178574062,137.46434979111052,0.17621313800833424,0.07408317583171545,9.41937231,True
368,86.02789068668677,0.040741373478407984,122.71847474657982,0.0907300690773538,0.07863951106968052,18.17505334,True
369,76.55298643760074,0.11912795760709785,121.73201934227899,0.1293912420341819,0.07508484013926979,19.64887148,True
370,85.61695581724794,0.0774416615205032,107.71245593095239,0.09126467610201544,0.012999541003179092,41.06749621,True
371,79.34263153651779,0.060581190418361526,107.44796276512271,0.1536617895492257,0.06326141315402045,11.26808124,True
372,81.08449955873503,0.10058262002060489,107.01979655353858,0.16561465042734577,0.07176342094271801,12.2220592,True
373,85.23183720442096,0.08122245271678366,103.46951079393423,0.14692558534099542,0.014782496083787199,23.9431077,True
374,74.24979001014877,0.06588813360680662,109.9218833466858,0.10607852770654438,0.018841700224122713,29.32851381,True
375,84.06010642850332,0.116322785812393,112.07783358766459,0.15228825284009972,0.0009148587355334392,31.74533518,True
376,82.45893387312319,0.0954214872338191,102.48497327202145,0.09182248478039726,0.024544507360289583,37.99316031,True
377,78.48666580749436,0.08020163769907115,135.80473479265015,0.1503557035102256,0.024878235870772824,21.38689591,True
378,73.87865193351642,0.11329043086805082,111.80150400624987,0.1414625448143849,0.017530288074827514,27.59764448,True
379,74.13710051514886,0.05225484517513433,129.90939348603428,0.14057389480890692,0.03326764923449797,16.79580887,True
380,80.78775214109383,0.07766624615034491,121.50070750772804,0.14640944393396638,0.017472929812586076,23.35359721,True
381,75.95944686893725,0.10037916397798921,134.92540233950933,0.08818703064732748,0.03573983819971867,38.75010341,True
382,83.26025800249396,0.04624821777179521,122.566748890939,0.08617580475566838,0.04381193989687452,27.90399808,True
383,80.08779289748153,0.08581613393822916,105.99409525529657,0.11281176377422064,0.04162732329478296,25.53348866,True
384,73.85984035495463,0.05643211884314892,123.3259071376407,0.08909416444516878,0.04083002832262676,27.06798176,True
385,84.9390733308358,0.07627458401438256,120.52991372806567,0.1256798475711876,0.004618942474601982,33.23661744,True
386,79.39805289182277,0.1045532282043514,128.9312031930001,0.11959487099532574,0.06531625807465044,22.64264436,True
387,83.93287172530906,0.08626490120472283,101.81159210911315,0.11445288665621345,0.005100792968966657,35.84714099,True
388,87.90597856763073,0.1147666239107957,102.76076584641255,0.17337755625849305,0.002538789681846323,25.21228801,True
389,78.54187097310798,0.10151776500667861,130.63310731694847,0.1778333284924101,0.05167046544777308,14.00662373,True
390,78.72579102211725,0.11942852788647029,115.29918475405488,0.16696202853107084,0.07254138492196581,13.78861836,True
391,78.01032854083181,0.09461842832812331,126.47170152501872,0.133930026391886,0.052282727873496165,20.56752646,True
392,77.5643181942264,0.05427789032032893,121.49033945592005,0.13288425395440093,0.05822865127249025,14.45659414,True
393,75.56304345546026,0.04027786359559262,100.90941309287867,0.10983629887029818,0.05387998862212537,16.74298278,True
394,80.71112542440034,0.0825546886797407,132.93441749503137,0.10475120385037756,0.02769277879901014,33.59945768,True
395,76.41039564472203,0.11499282889080534,129.00095783635675,0.09128446387664774,0.06475825468313555,30.96148135,True
396,78.70784957586804,0.10128427740111226,135.35026487381498,0.08156457963635495,0.016486529748017134,50.01469952,False
397,73.61434740948012,0.042686102060342464,123.91139586926211,0.15032862668649288,0.003894105699499928,19.1057094,True
398,83.84865725567778,0.07218122806487251,109.37357113950247,0.10172692101775534,0.0690984194136045,20.92805537,True
399,72.90310456039137,0.08031166791527475,111.57053805415676,0.1615786256763317,0.058521398649281464,11.95868482,True
400,77.10245914190708,0.08783341394218099,126.90127605747655,0.11206651153929831,0.02414115481153626,31.90745345,True
401,74.29216694661326,0.09281699390485945,108.8417096178413,0.11005009537574195,0.004876610968540973,36.75374064,True
402,87.17632408042755,0.11037711127711064,136.46310662482176,0.14259931376483298,0.034176046583563484,27.50848952,True
403,79.92993259988833,0.11778321882749485,137.66345639327648,0.14713425247457224,0.06286436767844145,19.83841164,True
404,77.09975131706099,0.07330597067371557,105.96870431300655,0.1176460188507132,0.060353287779050024,18.28383392,True
405,79.57630112659552,0.10794727458080322,112.02945675180591,0.15075767974879722,0.06446209279479095,16.26967877,True
406,86.63585878105448,0.08499087596695273,138.71144754186508,0.1357286758199273,0.010727420084726243,31.69408506,True
407,75.88573625743336,0.05626693864480435,125.86823406191779,0.17222261045112222,0.06777067087356894,8.29489399,True
408,73.47942394442981,0.09796677698457615,107.61926473722953,0.10684615878549812,0.05389375365076628,24.48981092,True
409,81.64675271982522,0.10988963667916316,107.52653175731021,0.156169641753721,0.05794441918817193,16.65101745,True
410,80.94160762036043,0.07835153651767318,134.7789540609815,0.11329643108188213,0.07656158084213385,18.51022727,True
411,72.24533929965588,0.1149727810561798,138.48310224457836,0.09173161994433345,0.07996576056142493,26.53970611,True
412,79.66273402147786,0.05940745454765932,124.17606136315125,0.10045131429778936,0.07321011676748451,18.61374943,True
413,80.83326868076503,0.10204111056510161,115.22646977491691,0.1333650127416263,0.02874076444412606,26.92199081,True
414,76.18498603816565,0.08102532320190187,119.89109172403934,0.089860823156548,0.07850547654772613,21.79422756,True
415,79.51184675236094,0.10717849452509479,136.57321995589956,0.11707049214312584,0.03311441364628997,32.73747734,True
416,81.00039563942967,0.057701927865298014,105.83690852410194,0.10607741099097695,0.07478066002370828,16.62942703,True
417,81.26628681659841,0.07340624588441388,106.09645640736574,0.11298652859778599,0.030387181979292334,26.86955905,True
418,85.33380344459177,0.0799441185895458,126.18431864484087,0.14848466123459061,0.020586140610790622,23.6260847,True
419,85.1454710350777,0.11732066138002747,125.66777817594829,0.12905955825807824,0.01345869167612328,37.21107494,True
420,84.71960822965815,0.05354125686881454,128.81254123048376,0.12883163212541324,0.07335195117554935,13.79693365,True
421,80.67418968562168,0.09134475705458932,102.34928206322921,0.08338237571646906,0.0677357906546178,26.88038921,True
422,87.12300977921437,0.09345724347145222,130.57355374288076,0.12123922224155927,0.06740357734602788,21.67592798,True
423,75.70293427323912,0.09657356509627678,100.36565846762647,0.1305732919693065,0.029856055414944953,24.15951643,True
424,81.88536377402885,0.09334037836426717,124.66077444337351,0.1283204153621825,0.0390283507202457,25.27850601,True
425,72.10579771187454,0.08413148487290054,100.47403872511569,0.13294176468416505,0.02197925897582656,23.09004144,True
426,87.63966957172019,0.04137140780819418,132.5262888365564,0.14740329521192103,0.06449341591579431,11.57948582,True
427,86.55637385598025,0.04856131429555943,103.85255561005634,0.09488974857402505,0.015354564559329056,34.18350527,True
428,80.42329576640346,0.1052171512570626,110.69298946706543,0.11968964224980715,0.029844126677094573,30.15468286,True
429,78.49643855798217,0.08520017459583752,139.6093212655891,0.10258572526274222,0.054723330037630843,26.70308488,True
430,85.56587363250458,0.09229885756473225,134.32876636084748,0.15595858501768448,0.007480040434168753,27.55660308,True
431,78.06822435583706,0.08421611516237562,102.24459756515863,0.08094501726541306,0.01371068601768381,42.54208362,True
432,79.99773428980467,0.07471277215773298,131.37505243160444,0.13658566279510348,0.06863682506909355,15.0604046,True
433,73.52578936753169,0.08225273485133183,101.7020703046818,0.10114170558845471,0.06944935124652844,19.90732762,True
434,86.2008689125519,0.07804002301162186,101.86247882966973,0.0874348059925651,0.07404678480647385,23.6334579,True
435,86.38898641384014,0.08508078912383868,101.31607120613887,0.17287663612546592,0.02515877545813208,17.01351102,True
436,87.38350703801609,0.08696288832675905,130.0901787938746,0.15127113999493597,0.03186368163160976,21.99103083,True
437,73.23099986306153,0.05299602005717647,109.61888777217148,0.16346505600917519,0.031132528589388704,12.89133474,True
438,86.34441227204351,0.06653838716974628,130.22437058083568,0.09399505942351973,0.07907823663312825,21.15104866,True
439,83.58661712150904,0.08006342813101801,138.97293309743986,0.08536964319473936,0.03496706022747993,38.59268038,True
440,85.4187945218108,0.06724741971800847,130.7602261346177,0.17548583969146658,0.03173624394471676,14.62174583,True
441,84.37687865810116,0.04237005271561321,110.93308114515189,0.17925858784507973,0.03924827648886346,10.17511764,True
442,77.69297916329357,0.11529142759765804,117.27391784958179,0.1479694858088159,0.05285375260119004,19.754794,True
443,73.37110588218778,0.08948927122079102,131.92220695210986,0.15131085326783855,0.0065630407738518845,25.60128802,True
444,74.4675354218483,0.09693417238228932,125.35603527852203,0.15396552889765946,0.025334258294522894,21.62526505,True
445,73.70481468338018,0.04041561778960241,112.33069820545192,0.11599174973468966,0.02158131545915092,22.14996952,True
446,74.12011207190719,0.054991342682230174,117.95374708085805,0.13547400006088678,0.032643534006651,17.89479613,True
447,72.42019046421275,0.0683131429876207,103.72257041839497,0.13980437977942728,0.025954426445793013,19.1017502,True
448,78.16380667833573,0.06334778810370567,115.51198237513574,0.08846995169285225,0.07209088358851465,21.25236034,True
449,86.48332118901374,0.11825384512111098,122.87841722998158,0.09695829233923255,0.03045856187909945,42.45096926,True
450,74.22144094335067,0.0640905012300055,119.72495768843139,0.08632671502769544,0.0347741015410196,30.83535906,True
451,78.73763743636039,0.07873850511471428,103.07685445580628,0.10516997377889029,0.019727205467760234,31.91450652,True
452,82.00053900430231,0.08750451184312628,107.82192899521041,0.0906972367580902,0.02437263966010056,37.88571283,True
453,87.18117539831304,0.06657737722493015,124.80768751498758,0.16040764619573825,0.026363337302340816,18.23895349,True
454,77.35577957995132,0.10523803760024025,134.3803386840334,0.17742253765046068,0.010889957726261184,21.9346773,True
455,77.1306424860014,0.11578231376128928,108.03405954808287,0.11141832811954414,0.07716596984758352,21.46287999,True
456,87.49960354794713,0.06331585212640425,127.7983107068844,0.12910073128921024,0.04607034252999685,20.35509078,True
457,75.87878874848917,0.07008442418593176,132.65978061731653,0.11929351297394598,0.00911102588895985,31.05026895,True
458,81.02160813806057,0.08737816274003082,121.82516341803289,0.14817126331300878,0.044007932559797826,18.70025566,True
459,87.24807378378074,0.07692977782665186,128.33468205024255,0.12384549543089085,0.023306496638823625,29.44953839,True
460,83.08536446918949,0.10551724544035668,131.8262734398382,0.12091415902449015,0.03994425722311682,29.76987538,True
461,82.13337663445861,0.0593616934136639,126.34651874129273,0.1515236391299426,0.06312614105760503,12.18706673,True
462,73.18344216931662,0.11925604915495744,119.16938799090505,0.12008050973293737,0.04052901144236072,28.70614975,True
463,86.72627495165273,0.0953367092718486,121.7458081354991,0.15907209170492592,0.028762359441300792,21.5185511,True
464,86.32802424577439,0.08295247888196702,125.52721468043364,0.08849819340509878,0.06151632383360324,29.21979119,True
465,82.52162631329224,0.06840070555587917,125.87999391933617,0.08442966935278497,0.07868865647615862,22.75818951,True
466,82.83955033382696,0.07196941969800658,130.10731110918422,0.17657167777138283,0.03443644351121458,14.18398812,True
467,72.16876436455328,0.060699069632292435,120.42704962100179,0.13187977668493495,0.04644146364192033,16.42840368,True
468,81.20376637232681,0.07566228412039253,115.64536674710011,0.1572342232462432,0.04708719652321178,14.97624679,True
469,80.00745250591575,0.06759739100796146,100.98250612103077,0.09045493580060616,0.03327803428205701,30.71876805,True
470,87.38764585087952,0.049285547036717975,137.62704632584772,0.09416751768315483,0.024951227511803314,33.78227502,True
471,79.28532216361404,0.056549386096665155,119.31703995117553,0.12761625312091635,0.035053275061842165,20.25962658,True
472,83.14821224837866,0.06551275793741604,112.01056332727761,0.16101859369186983,0.009206821335902875,20.23594609,True
473,85.58688012875055,0.09183759338221709,127.08557331563536,0.09643540928507033,0.07871203764706224,24.04217535,True
474,75.90260714483188,0.05395625862593072,106.40542844861437,0.1359848952489863,0.07667700973871598,10.83933502,True
475,75.70968875858256,0.07240379490242022,107.37807100605575,0.1440478876660078,0.0345707561943426,17.89739433,True
476,72.46707638947825,0.08912855498975358,107.89297743128985,0.13922031583603683,0.031106862428456568,21.01735297,True
477,83.27576985535575,0.05646275834938575,130.09301981441968,0.16087297886312607,0.00500510011753315,20.72311938,True
478,73.62803277963428,0.1097583464007908,107.47839342528374,0.11259849115988185,0.03660403377649484,29.05797431,True
479,76.19765432723777,0.10901092379658459,121.1086007851113,0.14391085856661506,0.04775766634263948,20.76471213,True
480,81.78093473822403,0.08696037716521743,113.91698549747018,0.1645517802669559,0.049389014346914,14.63723166,True
481,85.01981206817494,0.09647906887567839,111.89779338797408,0.14144845157129193,0.006780157489842224,30.30691833,True
482,74.14316431441137,0.049428932212932535,112.21520010141995,0.09830445183314834,0.05547492333731564,19.87777672,True
483,80.17319791179457,0.07345912849690069,105.5146919413823,0.1183709962837687,0.014860295943421252,29.32540506,True
484,82.16802627293816,0.09547463412234841,125.81040380319801,0.1799899552563092,0.044393006066599794,14.4135088,True
485,79.83427241907535,0.051223722807823766,112.58320058643378,0.1251000970746651,0.004288901010466945,27.45657228,True
486,77.7446267547419,0.0407666751650625,105.46138858649984,0.1615215940653862,0.0771063271531952,7.31359693,True
487,80.08700831569072,0.07959758782931228,127.38786682239946,0.1215630435274112,0.06719134416809781,18.46321864,True
488,79.81919219103497,0.04661365006291735,101.2344282257202,0.15610566185454242,0.02336719276469653,15.36358272,True
489,76.39764669237654,0.08300868945638555,106.72835909746294,0.1257321387273449,0.05940146015438297,17.99675162,True
490,84.25471287909905,0.0839780947630441,104.52843981168093,0.09142066513589688,0.06200904222911964,26.2279126,True
491,85.17252492796106,0.06934894176843368,132.90443711185046,0.08416105222702333,0.057518419290403466,29.52774029,True
492,80.74165239555143,0.11918205823013464,104.09665755509994,0.163007071654254,0.06010763957949378,15.81808436,True
493,76.7633429616463,0.1199450135423126,117.98929371321655,0.11485769768223138,0.06533828680931508,24.63569654,True
494,79.02511845413332,0.11951661474548936,131.02526599523094,0.10369460553666812,0.06485621734715281,29.08465898,True
495,81.40678235162898,0.06805046728911918,128.430158379752,0.14327706309271385,0.013278529415220737,24.16846182,True
496,74.22775945482842,0.056529572494941865,108.27770883007064,0.0859357833639341,0.028065238316226475,30.89653479,True
497,76.49736030064317,0.08310148368381104,112.94614463418726,0.15040537617551886,0.023146659477195488,20.63941022,True
498,76.27748906044928,0.1086413475957006,139.41953209047176,0.147929931592331,0.007618013105147421,30.83400666,True
499,87.40435191990068,0.10285528386330378,136.75074847319303,0.17924862256446744,0.06936380723470227,12.5742983,True
500,74.03021069782096,0.10928630359929253,109.98708967752559,0.1511394848839169,0.0662785442158906,15.23967244,True
501,84.18357739967772,0.09409876429599567,119.57834903662551,0.13774255293041615,0.021497372166998874,27.53135307,True
502,78.62760142984061,0.07615933780402914,125.34511053401191,0.16801250813073235,0.007447582723409392,20.33739269,True
503,80.24981555340318,0.06225805502814269,137.453444563543,0.1169071174075422,0.07602032630923061,15.85788848,True
504,77.23662848257489,0.04019784681135878,130.96541161750773,0.1532724026539487,0.05847455499896424,10.28257865,True
505,79.33518810687548,0.0931315056665474,114.32890917363949,0.08633306860601747,0.04275395715100519,34.38154621,True
506,75.48527896024329,0.07437144805481888,108.47405865630952,0.10685368383144225,0.06626748936390464,19.19893502,True
507,77.4040824827326,0.08623469122087611,122.64568443668561,0.1285337904008505,0.027499169644209537,25.90747385,True
508,82.9208308174913,0.043872740892137836,103.98298967664823,0.15838897618405684,0.03676654101388535,13.12373365,True
509,73.98779486768638,0.1086121279942891,117.65143795505706,0.08006759315121043,0.07664254154431778,28.06816553,True
510,75.2370913023584,0.09508735055292082,105.27652349536054,0.14499971993406527,0.01271819703246555,24.95920256,True
511,86.92360900361479,0.06192155664762257,126.18351857675177,0.10503892785491088,0.02974750141174126,30.3074844,True
512,86.46080430137053,0.053242006332747505,115.85366267728932,0.11055092448442307,0.055955309721965885,20.22709132,True
513,75.74630146375071,0.09243881827068279,128.14792159056177,0.08010863036917237,0.03814453666087313,38.31954424,True
514,74.12319667263978,0.058095268916752485,127.19930900486317,0.08092869476084602,0.0556477685830439,25.81259543,True
515,85.07374443061278,0.11905239275714175,116.8925573510024,0.09321751510925608,0.005666264432040969,52.0209976,False
516,78.12911881081236,0.09846107054111768,104.09708681798027,0.11133514774409062,0.07047911959842165,20.55743636,True
517,74.19406871589673,0.10187683869204991,130.12631203964273,0.09331462311862121,0.0794352124197108,24.05425947,True
518,74.2856490693583,0.08244066212373447,100.33898967812038,0.1450020213157807,0.03520795366238815,18.13437236,True
519,83.55891242182916,0.09024640306727219,106.05496523377124,0.12117098943596781,0.054925293590059196,21.77334296,True
520,85.7594003936344,0.04693504267727908,104.01860449910555,0.15524456465479525,0.04716591342092105,12.69095305,True
521,78.14451054948994,0.11705989684426113,112.58014672728677,0.09398301888092336,0.02215741255558763,42.22524297,True
522,73.34797945596779,0.0842717305427784,124.00031468903411,0.14075930989155233,0.062317572201060795,15.29234198,True
523,83.04761720023446,0.10783136835519672,126.33621480340575,0.11016493335771986,0.041419930223778996,32.30454537,True
524,80.1523610578354,0.09982749127849996,111.82168204968266,0.0854569131015253,0.07183300482855917,27.35934054,True
525,87.27474418155444,0.07959101759546133,104.50974650415235,0.12995825412726575,0.04751438145101785,20.67367371,True
526,80.45258401497895,0.11821575582746685,139.47530131372756,0.17339244016742159,0.010558630458616164,25.87884795,True
527,85.77302406298796,0.08547043110183687,114.61649851392394,0.14829420490024262,0.061018075031646864,15.74736073,True
528,87.27124774305418,0.10162936393796909,100.66757607083424,0.08675325692727671,0.020974822172965365,42.73344593,True
529,72.63722979099504,0.04483750876705646,131.57159995972364,0.1306610604274927,0.05028565568484608,14.4382512,True
530,80.0167834481132,0.07323455955003215,128.07242554494064,0.08824278119246459,0.042925185285601235,31.69406542,True
531,81.85675289066796,0.0621974188587648,112.39627542466567,0.13113046982953314,0.016255799516626226,24.81389591,True
532,84.92896129553046,0.08291121383115665,115.62926011873398,0.14342942473532566,0.06676211753478022,15.2705778,True
533,82.89689095534737,0.0452892066896972,127.94703526421965,0.15299583774315414,0.0677174492112621,10.23317127,True
534,72.92649510437009,0.046897023871319145,117.37934354424077,0.12533718422971427,0.048706592354195485,15.60811894,True
535,76.94864102197641,0.09933548072460432,129.62632720936713,0.09194430069078874,0.05663204856944787,30.51971602,True
536,83.22399377958186,0.0531066104748326,138.1206480701879,0.13230053627284083,0.06263896812349967,14.89006899,True
537,83.53224828949534,0.05335703633539046,105.07722429924499,0.15811239799369875,0.021501158912739654,16.74544364,True
538,86.1826361558505,0.10171442323916996,101.17425004691214,0.16071078466573696,0.0217584476017083,21.782135,True
539,73.02195182597038,0.09698585985603964,123.06606698856736,0.08770700312863854,0.0364158222143542,35.82319998,True
540,77.76198232834805,0.07996880046091065,122.67544512953799,0.11676877778568118,0.02040928648312625,30.07524633,True
541,73.64647864034991,0.08591298441536452,128.91113493303465,0.1028404423153251,0.04070599079285175,28.65169235,True
542,72.70460651620495,0.10903427959220888,109.78205801426813,0.1271764589577738,0.030638357949391928,26.80198716,True
543,74.4013546918584,0.11449280617257482,134.2994079099189,0.13528647884958644,0.07311581356169032,18.64230287,True
544,83.85065324970523,0.07354954434902387,112.87208057888245,0.12162565985013153,0.05762303371425577,19.53910805,True
545,76.34012732815707,0.04623096559735296,114.91232666951446,0.13020409425595827,0.07215528074066171,11.70161632,True
546,74.86950960435689,0.10434704155670052,139.2565545576598,0.17540794074604277,0.005514115021819608,23.21931182,True
547,79.44150684667018,0.0625845496496722,133.79386017045312,0.11273009217261189,0.044247311625925406,23.00888764,True
548,72.12750677691929,0.056053692276236466,122.55226963296748,0.11039093072680829,0.04981740191136837,19.33882218,True
549,79.42282704928799,0.08733527479878528,119.73442703419539,0.15726132629505243,0.01563379390982588,22.29886017,True
550,86.40709275562277,0.10083857762573571,109.80507497506332,0.08063778827518041,0.03280288876528159,42.13925955,True
551,75.72796386975588,0.06771389581915249,133.58296027584697,0.1677198614251575,0.07607922097147546,8.85445271,True
552,72.02339264856924,0.09258430801407982,133.96023951115689,0.15272150390409725,0.008315921548124772,25.11316458,True
553,80.47703182496019,0.059053407561669255,119.68115507399591,0.08598950756531896,0.07975674160860388,20.18702043,True
554,83.38643959520164,0.04744213106864706,136.85097611888426,0.1697287471931459,0.04158073747936296,11.80722258,True
555,83.21355055517887,0.06979935792592645,138.98219160673005,0.08849024175164895,0.0076461604269908445,45.68229616,False
556,74.1362216040153,0.10559703135153728,102.9932193731951,0.13678207282892083,0.03479863027479883,22.79256633,True
557,87.42749239572385,0.058941738779351716,110.4396375569444,0.11150089154097582,0.06406534575995962,18.98232038,True
558,83.21160970114468,0.09882822950258943,112.72230877064402,0.10719558718324544,0.005974994864198378,41.5367124,True
559,75.24340202046774,0.10239495859750902,123.38832143216516,0.09554105513219367,0.013149998455981455,43.01838148,True
560,79.45688179898659,0.0725210041527371,121.43698196360094,0.17646347222502287,0.016610898048828284,16.47400199,True
561,76.93292349140008,0.061200634153176656,104.79654225421574,0.09576153770655162,0.05488438743604122,22.38265081,True
562,85.22218700703439,0.0957502386589661,101.61319232434653,0.16359247509879862,0.026223492710783357,19.53075047,True
563,73.45940646066158,0.0598575031569004,114.22971022017134,0.13134596753787295,0.05417467015912575,15.14759429,True
564,76.16266868353958,0.11925412963263257,101.24328373435038,0.12043922264471746,0.036176093552085016,28.26260645,True
565,83.96925515533934,0.059988210257724085,118.48172995504956,0.16038967534438503,0.01118344314184979,19.68279083,True
566,72.1913107707106,0.10642978655157087,139.30268949934486,0.0930715237543978,0.06589387321506847,28.40615523,True
567,77.95583590105596,0.09042380388830595,125.78740062834007,0.13823238014140632,0.02070565218772207,26.17096775,True
568,85.00395346581783,0.04174401461908902,102.57888144187639,0.17024960819332813,0.03547450590687911,11.66311596,True
569,74.06066478395208,0.11240623763041221,133.17424708869672,0.11315498912522767,0.003415705527234465,43.11008599,True
570,79.37591875203105,0.053439136698324514,122.95536799226892,0.16216854015322837,0.031599895057753555,14.24330744,True
571,72.47171668800466,0.09465703334013462,106.91228847323157,0.10147161059700266,0.014972089096892934,35.77451314,True
572,76.47767286849158,0.11067390391149007,101.38597774926023,0.14191765488458957,0.019662782339619635,25.98200438,True
573,76.72168260799546,0.07295937650369319,122.02754660815921,0.08609790689328428,0.02238207899511771,37.59952691,True
574,74.19577627411303,0.05595662453332693,135.3861006489986,0.13258140582527797,0.05046035110598043,15.750169,True
575,84.83468932433804,0.10358769954414962,139.57614463046136,0.15819157668454248,0.028728968787005205,23.67959279,True
576,80.71228489654483,0.07877435883524066,136.5070806639347,0.13023932555437417,0.03107050196554403,24.9410558,True
577,74.87705397916591,0.06551020538635036,108.76080752292378,0.16957647816143137,0.06228306250627796,9.47278069,True
578,72.93745968444989,0.11932250587444565,121.17729167861727,0.15668421684502729,0.07996845974490768,13.77980967,True
579,87.58367778773604,0.048010746984396606,126.27457685504936,0.1066527001065683,0.06530281292869879,18.95139803,True
580,86.67615172112704,0.04447269246819598,139.85568194025828,0.10194115860439248,0.06772040723721065,19.12999005,True
581,84.75825099807054,0.06838437076521278,133.56889009223636,0.16452209023662806,0.014088029406399203,20.05461063,True
582,81.4803121469026,0.10449681802875105,127.9050625439832,0.1713980004128534,0.0022565255781727255,25.59525995,True
583,83.2089728536227,0.11580469880560121,122.54425947132775,0.13631088908640182,0.015058693192420503,33.34481338,True
584,87.8080993664743,0.11053010879182082,119.68906895581621,0.11090530721512196,0.03923491361019834,33.47439392,True
585,73.44411802961444,0.058609868646659125,108.75235766766309,0.13264485141485108,5.4679710706464494e-05,25.78543373,True
586,86.68633897473035,0.05611715066817129,105.2195818247673,0.15169376326908163,0.07350246298457648,10.56879828,True
587,85.50854538300241,0.06588710490438697,100.87651584974289,0.13866091750912093,0.07337793179848949,12.8591731,True
588,84.38986398111827,0.10771847100633075,134.42677866366202,0.17605587502757578,0.02988726240666986,19.80044632,True
589,87.07077141548866,0.07164764498830833,104.04128680722745,0.11017651537254691,0.010916133508599204,34.26286683,True
590,74.52006217626953,0.11589548256210586,131.67370099999488,0.1760662100368738,0.05193442125158512,15.33653567,True
591,74.78724273528849,0.11749943170665339,127.74241593170171,0.17288452089854253,0.06295934340764615,14.19455858,True
592,75.57179542369028,0.08711601246264827,107.01406519960884,0.1106823229297958,0.05507987516791658,22.26829901,True
593,74.03757383557657,0.09830647647487992,137.9515241688515,0.1748698159849903,0.031328114182208155,17.03862617,True
594,87.90853008876209,0.11721471522300406,101.2953097170835,0.1402388667450971,0.07368305731344635,17.71093419,True
595,87.48050696985497,0.057671620034960965,122.62200984481282,0.1736687793554254,0.01125146945188547,17.47166723,True
596,83.92549324963171,0.05903967401195175,139.29518619761427,0.09678874167515841,0.07082562027161099,21.14323992,True
597,73.41961620112203,0.09671726505161796,125.56410751619516,0.16866535152178216,0.03573039472782351,16.58865071,True
598,76.24339904900602,0.059963269050822304,102.71179120256934,0.10566579415427148,0.008642768097170342,31.51626217,True
599,72.02049851991504,0.07087496783627278,129.30337977995075,0.1769101825105685,0.0707641598069782,8.30525813,True
600,79.88931189558156,0.07029700598194072,121.84095870713817,0.09014285596371216,0.03835914003177284,31.49312961,True
601,85.82481152749723,0.09207756504907819,127.48641616868457,0.09626565117484884,0.005896751164909935,47.61821,False
602,85.53219974439297,0.06359268904929041,112.7486763182663,0.17516621314341205,0.005936032141332746,18.23812111,True
603,74.72168325041905,0.0700366307263997,129.27940341085267,0.13470462586122314,0.07184993384959788,13.53533245,True
604,73.48967496609099,0.08752244352416758,124.54578903115575,0.1282736786488478,0.0024794563241739985,32.26922033,True
605,87.07907612963142,0.053199775580953124,135.59013081616175,0.0957103777330784,0.008100624877866851,39.97504615,True
606,75.28880762748699,0.055198740607070834,127.88786815229429,0.15220381045756756,0.058397920453623194,11.52481141,True
607,76.24423630959963,0.06252184587562122,109.50193139788982,0.08496354430385099,0.045741584628619325,27.69806039,True
608,85.43767207753042,0.05228719476133874,114.43315684909092,0.12276059574457135,0.023563955917297187,24.55730529,True
609,82.59232361615788,0.0880172422411015,107.98699203043785,0.08257356927316857,0.013666575335377847,45.00834685,False
610,76.66898345673772,0.046554887577039385,133.75076297387747,0.11083534001177293,0.031797387880649834,23.28055197,True
611,79.82554899393051,0.0928832043796804,103.64547510202716,0.13441260292196802,0.01479049764336378,27.54332422,True
612,86.16788308399262,0.0695521331945556,117.83101083177833,0.10632959666828842,0.03720463649237204,28.26913239,True
613,75.61987648452268,0.061484959461835964,102.46557478640398,0.1552235142115287,0.053397476730765475,11.86694493,True
614,73.37131698943867,0.06750331092368372,121.65796024024088,0.17707055371735758,0.04717811538428828,10.59040272,True
615,80.85763049852655,0.10726377331442002,132.73620859461494,0.12186320749344505,0.04284115295831437,28.59545302,True
616,85.870304219289,0.07798595104975359,135.26615477670492,0.12762622810814686,0.006316403981926655,33.86152405,True
617,86.44443522142646,0.09714445593042878,120.08405881262419,0.1700455061471592,0.06403602693765485,13.40635776,True
618,82.84055816921648,0.08962184914794423,104.81127499021733,0.15571887556391933,0.013830317824519557,22.9071134,True
619,87.74988784398613,0.11777319026702054,132.33842885277454,0.09261859986385397,0.03386999194524796,44.56631756,True
620,87.81247898139065,0.07483145964260057,139.89076907115103,0.14272262122323978,0.06672864949408033,15.68454829,True
621,76.12618175980442,0.11286435885852752,136.56695747594347,0.08670119530486124,0.03104793224118006,43.92208276,True
622,78.35767990971257,0.06609014442957888,111.04803279628997,0.1258157181122615,0.06987730026982057,14.80628754,True
623,84.58481022124435,0.08984463428710465,120.90248041799236,0.12195938342252285,0.0331553919015183,28.16539631,True
624,74.37119586069511,0.08703473066251102,130.33509551430691,0.17396499849871097,0.07399425334074188,9.78225193,True
625,81.00294015163716,0.04807923542603589,111.4437141619549,0.13356334811459167,0.02750953428619716,19.53946806,True
626,78.57424059678753,0.07064347783016423,119.42339169145322,0.1408962151952435,0.002997253639817075,26.65837426,True
627,76.40662627255605,0.051508213650133895,124.34621056342507,0.1493661253167092,0.003102602598543607,21.3633649,True
628,86.23318742262812,0.06651952605874165,109.50317175665228,0.15457498198391362,0.07366679863249323,11.09003242,True
629,86.35250179439076,0.04161863108746175,132.6954370122111,0.11030549534480966,0.022427732254771328,27.55750982,True
630,79.86590741374907,0.09569462757399798,103.92869561090964,0.16689000250991987,0.010750841677475238,21.3453527,True
631,87.58751079365297,0.0754488490665143,133.03293327119002,0.10694199810087636,0.03334181821643062,31.65998666,True
632,82.3288769828423,0.05503485527140891,108.4556200842359,0.16239694342551408,0.05927558391360064,10.55686332,True
633,84.15189272362011,0.10937511764401806,132.8406956959384,0.13152697026095567,0.012717795411120036,35.81754377,True
634,76.97796949262255,0.08054362201892443,105.4259928406824,0.16512953409871922,0.07034660730878849,10.35186376,True
635,72.46317054912296,0.055421075746524655,133.31719732306206,0.1636976677608695,0.019959220905942345,15.2368238,True
636,79.30317867404929,0.11344248554728928,128.18535780880146,0.10739774984743589,0.06588050333512929,26.67697205,True
637,80.08202199899462,0.09083278472606751,104.954914355628,0.08305631923819935,0.02979734092282458,38.21945378,True
638,81.50469749523442,0.05420669553310893,134.81923087673852,0.13868802484224269,0.027980792131572365,20.02780055,True
639,74.61621783228561,0.11155935362497563,129.95844537939735,0.14888505376159544,0.022805550114780956,25.91612647,True
640,78.18505073185575,0.05303259244788964,122.89032244081203,0.1764917609202255,0.06856889499506419,7.74756781,True
641,82.35807826818372,0.09421561968727765,110.76334317075828,0.12095071964955421,0.001604188599961951,36.99834823,True
642,84.48485862817029,0.10140581827294809,100.35591944280183,0.17115154380523717,0.05178972433400193,14.31469004,True
643,81.61827120791254,0.040677098169189706,110.09561765442606,0.16050855691954863,0.02443677587076454,14.35580384,True
644,87.47239109389403,0.09141922490321311,116.95227202638476,0.11764754522710008,0.027896735941766507,31.36277791,True
645,76.03197934844601,0.07733584123977724,127.08784625549254,0.16243108214706636,0.03177220319776962,16.50135399,True
646,73.6369936474976,0.08092109739746414,126.4942181010501,0.1643283950085777,0.02993838105288572,16.51166469,True
647,82.35747392103345,0.08872400837104133,111.9390370501319,0.09081045305858435,0.005106964311768793,45.87312058,False
648,87.81377545314828,0.09124757964917246,134.45966401007323,0.10611469079264968,0.05688750204574334,27.98302683,True
649,86.27798076289493,0.0639032889535189,105.99717185416625,0.15654743883036232,0.07197496357963959,10.75699314,True
650,84.88687716213647,0.1041890995562249,124.00133204582286,0.1460530323681129,0.054460460030990546,19.91301018,True
651,83.54053116148177,0.09243204563699532,139.89876398313183,0.1059426272711989,0.033485254886507325,34.62862023,True
652,78.21239873608734,0.04282552038611394,128.32275837503485,0.13720424340368412,0.015193212832908056,20.63965434,True
653,83.62479802529445,0.05778905551810151,121.38540406176853,0.1584897055296117,0.07252212044040439,10.03685168,True
654,82.74989561539854,0.08058518844854523,133.8167697697838,0.16406386945964,0.07011958274736883,11.80956461,True
655,74.89817372486401,0.047808245105016745,105.11776558784213,0.10586518505602079,0.06466750953139762,16.35101753,True
656,84.20669149310883,0.054645468561007604,127.18849477159714,0.11356324632051187,0.007143985761555136,32.74181105,True
657,77.68453433791731,0.09953679434742463,112.28341085328834,0.15880904368075993,0.026505370957662117,20.49954626,True
658,76.16894776649126,0.06352408973202742,134.0485555284564,0.127053656767068,0.06931146957540317,14.71766221,True
659,81.33719391588129,0.11554407872000616,102.84862949616303,0.16894260614703877,0.04003818995941635,17.76299999,True
660,85.87996407517169,0.07053353758444697,111.93423015269853,0.08540619706425752,0.0683391816322675,25.22331212,True
661,74.19784414676998,0.056023727263611475,116.36767387008416,0.1369403587973454,0.0725296747604902,11.41397022,True
662,79.32114292898466,0.06531067661189671,128.62673824440145,0.15789411774338147,0.039006467659848595,15.18320117,True
663,82.09652435620312,0.05414594132507686,125.37995876610684,0.08047135014239938,0.02188222897611997,38.24327468,True
664,84.17909249943999,0.053488460526632614,130.5793494458303,0.12895770906300164,0.06108553336843994,15.75325727,True
665,73.40866150014472,0.08915837909800493,125.33950162810376,0.12033934803979504,0.07722622721040265,16.8534474,True
666,78.13306272085538,0.04301802547799504,107.97657004912467,0.1173101405427371,0.0011261694979705706,28.57087016,True
667,77.1554101415691,0.10665829332532512,107.62306839761618,0.147674814167711,0.05013495429372981,18.55634942,True
668,75.98116996601411,0.09548197977363176,113.77399096253284,0.09289308004283027,0.030684038104615494,35.53963909,True
669,81.41873101068916,0.053361614981464744,132.95375318697643,0.10982022534941388,0.02326622334475893,28.20695656,True
670,83.64531058314901,0.08770959348924018,113.51340604831732,0.16879740438370416,0.07963779278623427,10.25412274,True
671,77.48372542812096,0.11211070209156196,114.3700354546653,0.09884260338908694,0.07584674829655541,24.60629191,True
672,86.69128654146293,0.07227133156009002,109.13673139343302,0.15271688281363213,0.010496462113374605,23.12894974,True
673,83.74522590898434,0.08717542678393933,106.75938967560589,0.11665914513998485,0.05204323040969798,23.10108869,True
674,72.59781484308152,0.1101235310079581,110.23156695701172,0.13347334341938405,0.0038869569265389805,32.45401779,True
675,87.91488373851304,0.09295759326703157,126.14270473603011,0.08197417665141452,0.05517997987019409,35.29472242,True
676,78.6684090428727,0.07042030103420917,121.89129538915702,0.1274396338327737,0.01225016784995491,27.93934599,True
677,83.12307246753454,0.09042490721303495,112.04465819027169,0.1461664576090722,0.052998637271111745,17.57452126,True
678,76.31963439259502,0.08845074695392033,105.48654091919235,0.16306527204708898,0.008393138952007755,21.25023729,True
679,83.50025959225869,0.04941876547497914,104.56050210736991,0.0906263708306395,0.015891732936502576,34.72059137,True
680,75.19599017834173,0.06103951324909855,120.92584430370323,0.10016731899821894,0.05627494001970067,21.44867835,True
681,76.7256192160098,0.043152456610285495,119.8541885347237,0.1007693984271615,0.0746499475721502,15.65513565,True
682,77.28965785914723,0.040219039924591415,126.8653252986082,0.1706880044269792,0.0668185732210593,7.5298201,True
683,82.70435088802624,0.05193155941334129,103.60330694303698,0.1311705346964659,0.05788508935187831,14.80335423,True
684,73.62064765748732,0.06047136822005319,109.24641145966984,0.17886659307576042,0.023681774296835077,12.5232189,True
685,79.42843771577837,0.0479847132046094,106.98807235781564,0.08394445199686935,0.023245374179014355,33.1804411,True
686,84.82553764304716,0.06501656855702113,129.54160783168706,0.08949984703305802,0.06065632038729907,26.14970615,True
687,72.73422539349464,0.10815989800595904,126.53420109963376,0.09705122763563753,0.028602192339019547,37.76755164,True
688,79.00343226851095,0.08974456266660057,135.13902149589893,0.08929513154374223,0.0651971431629197,28.10216371,True
689,74.92591072485828,0.07206220114246023,138.49239720599016,0.10718330907501901,0.03085723918074514,28.63272216,True
690,85.61074524858535,0.10399192775591601,125.95385935489055,0.1596909557035407,0.009044524510211689,27.41675794,True
691,83.13871797638072,0.04469171165321419,137.698679519996,0.09593953974821649,0.03328221733047172,28.43855714,True
692,81.45200484784542,0.10418118272360766,127.13572544996822,0.0981260560537302,0.03038006232927101,38.68845486,True
693,77.73758263723354,0.04230529836569773,127.37856533525891,0.16385364765471117,0.07787556641802955,7.32955365,True
694,74.09048527277466,0.11363183885104822,104.5174991749507,0.12112842637351742,0.0036777860303736,36.31758676,True
695,76.18580587565583,0.06513903558990967,128.18272705922493,0.14779289210201643,0.061402297463192826,12.81687792,True
696,81.22638412997406,0.0852009780549913,139.11582230203194,0.14698443582143156,0.02706405134147386,23.11616194,True
697,80.36965080359478,0.09604641474380433,103.80968553806778,0.14617132628459628,0.01988615958805661,23.99427236,True
698,77.53199179932005,0.09410364546859529,115.39506469626858,0.1639033021229787,0.04466753893617503,15.76157727,True
699,87.80466599618363,0.04436528921821407,125.73594866227252,0.09569273733017412,0.06790764598208006,20.26877777,True
700,85.62993842313706,0.10955325076902142,102.99460969907939,0.12916479611444012,0.01927134533577849,31.12274312,True
701,87.5223207805344,0.04402805716212352,108.90826092675196,0.1443317314823252,0.03226215947693783,17.03035803,True
702,75.7599999998606,0.07672756757985881,132.0504515090689,0.12480985856653738,0.06852713793424138,16.69443231,True
703,79.15308991862076,0.049496548164290624,119.89493392266004,0.14533730031383718,0.008211465718412194,21.28577579,True
704,78.59741676280879,0.08457048091238664,100.00678861913346,0.08908955469115322,0.0483362620849438,28.83147685,True
705,81.90505845994211,0.06436783664829188,120.3335096127786,0.10068512488498983,0.05371794966233249,23.84296255,True
706,87.20568207989385,0.06906739820558487,102.17100853222271,0.10229181143963145,0.03635679860828675,28.48750716,True
707,80.96241352169709,0.08958063757416673,118.92534724374356,0.14571672064311397,0.05727308002265242,16.83611965,True
708,73.82437373369181,0.10074559608632935,108.8698843128076,0.11413571145768386,0.0663907108507521,20.72268884,True
709,87.43093893526944,0.06335868510466251,120.87940346416543,0.15020960532599853,0.0036622487884027423,25.02866705,True
710,74.62648588328625,0.05123593498577991,128.6742445059153,0.15215590954513158,0.008556920441561519,19.28355128,True
711,81.77362825821893,0.05500347204252827,137.20865036612582,0.11928964899151734,0.03656368066343912,22.7332451,True
712,84.50272645838007,0.09734303315754743,104.31062989149967,0.12144703451283302,0.07413012244298486,18.71611209,True
713,85.39945979978344,0.0871048886318321,130.88580694548915,0.1250504596958964,0.052676535600016214,22.93097863,True
714,87.29904514601202,0.05077088115445062,119.95314568410444,0.1330364347519084,0.003885728450552417,27.56550886,True
715,86.96493249330643,0.10710528885431331,119.31727854143705,0.13083328990718832,0.07369298512350408,19.49573882,True
716,74.83523901603434,0.08628435085633412,129.2197864697111,0.09283817820515777,0.03099244633765328,35.03011468,True
717,81.60873634888658,0.11061566908469422,120.16440477412658,0.11846626387437041,0.07836006081640344,20.74779558,True
718,86.65456386715358,0.10098997250094341,110.94383519824444,0.17635935376797526,0.07763933199296805,10.82904787,True
719,79.24553129730187,0.050669746481287484,116.50981891230478,0.1500014284897125,0.05987414927023329,11.49334912,True
720,76.78261015928679,0.09611954483259079,134.42830184516632,0.1511874356395145,0.07484096619700285,13.84357892,True
721,82.12133255211623,0.05607112658602755,124.96670356821554,0.10905794954792507,0.027623486471886487,27.45917736,True
722,82.75797940882107,0.11850683969878936,126.00345551227912,0.17583264528051964,0.04031147512345998,18.53411281,True
723,83.10899157963722,0.06579051179310841,104.61621009134501,0.11522378024628774,0.03842959379125015,23.54493594,True
724,81.1302111080496,0.09337257904417731,116.69911732502086,0.1547868723376587,0.06731114419335293,14.07711553,True
725,76.57484768360581,0.10778408731364389,132.33219117306783,0.13227299862092023,0.0020217713003577663,36.64653937,True
726,74.32522738612472,0.09362033430135533,107.99609669058867,0.1550185018670054,0.012874831547458401,22.48813234,True
727,76.58584877054577,0.06004488059665464,133.57527257860684,0.14905948503640098,0.02361124527692848,18.60344401,True
728,84.05750316872263,0.04258451065938617,132.56104870217874,0.09024800063379766,0.06944282989235283,20.33317983,True
729,83.8318796827656,0.1091873188163682,129.69650943491442,0.13612705527908106,0.01900763780529636,32.01715854,True
730,84.54891476593419,0.10390574019916562,111.5055461802888,0.14644935685916236,0.07411878489350236,15.54340854,True
731,78.20087437827185,0.11653615760094613,139.03290888224507,0.11126539808946341,0.04416996780264509,32.81054436,True
732,72.20744380279422,0.06010729026978445,124.82246782447396,0.15809248928758854,0.0696094473857068,9.49345526,True
733,85.27973571128231,0.11291891016589908,128.1851627557115,0.14476323855500006,0.06040861641668399,20.42820259,True
734,80.74584218721986,0.08827095818309132,131.0458698048933,0.17642898231260307,0.023534217744359324,17.70350028,True
735,74.8388143758122,0.0946127081361228,107.47906326129295,0.09737951318553051,0.04110774822196591,29.94020099,True
736,78.03517163284234,0.07428062515205874,122.26394482381332,0.09300665301153722,0.0467188846147145,28.43150607,True
737,76.08025837011876,0.06644502309938152,128.38757185265257,0.09548056977982862,0.012296270685570381,36.86996044,True
738,77.16208047829632,0.044068435295618144,137.29527462284764,0.141560867609933,0.052951216877195124,13.04244489,True
739,79.84881505845883,0.0858141592443944,114.32342352654958,0.15840314485705015,0.02542872042977516,19.55910904,True
740,75.51939224684092,0.054709527802828714,102.72705876417703,0.13051403504563158,0.033274499501633734,18.41780127,True
741,80.59257524054254,0.04735564431512532,108.84792324405811,0.1013353810186196,0.02655068119231852,27.27448936,True
742,77.77276519460372,0.05747562286276117,130.10622758218068,0.13304988956068245,0.0797304866083471,11.79985758,True
743,85.17901441480323,0.11849065580922372,100.35214785180149,0.14689384679943868,0.0356533797027754,23.50826413,True
744,86.47194333580308,0.08909608776486354,124.84526790494536,0.17588968160739335,0.05460410886148224,13.30424879,True
745,77.1349921681133,0.11327459442389404,137.7995068172735,0.11858759347840439,0.043218985035404923,29.99102882,True
746,76.52526390847036,0.11290687413028944,132.88436256959864,0.11749580421619792,0.0642253390006635,24.32829335,True
747,79.12891036114749,0.04350813287284014,135.93126435623412,0.09925123879336771,0.04111157601019468,24.03771446,True
748,87.17138911437469,0.05339158473707959,138.25104825893595,0.13379748309642508,0.0005864468973476101,29.62338588,True
749,73.04754915365952,0.09362681009144452,130.94329065477106,0.1664950855712631,0.033936756155291244,17.05117182,True
750,73.66282894677872,0.0830203371219329,128.10971465070165,0.17762239213390277,0.0620165392370449,10.2706089,True
751,82.34497854909353,0.11518008892066506,129.8756330269705,0.09537545772176455,0.03673801882080333,40.17367397,True
752,77.3074460074766,0.047001671834735886,102.17072283565764,0.15942147869758905,0.04464673642542486,11.42262304,True
753,81.19939670820466,0.05821165079533253,110.34591835964703,0.11880326036447708,0.05041738117006303,19.11485319,True
754,78.92840055422833,0.0413512774643313,126.93194929310852,0.13348343700610021,0.051313819718531176,14.36707699,True
755,81.89358974256963,0.10047684773561419,123.42432053253557,0.1500882031383002,0.005807155583918169,29.2939818,True
756,86.84876400266134,0.0484908433495978,131.4756759065028,0.1101350709844871,0.006920417715023417,33.84113024,True
757,84.24438785632739,0.07501409195745799,115.80453032914471,0.14607231649072405,0.037919014189436114,18.98188818,True
758,80.53548422096559,0.050910516826363744,115.63970261715961,0.15974846128334658,0.04365795749126581,12.54080128,True
759,87.36214824128695,0.05152604299667865,127.0915618202025,0.17141689163846177,0.06360136977859673,9.50384539,True
760,83.66919322585352,0.06985044119202591,137.9786041412205,0.1353524187764279,0.04440557965122095,19.98109867,True
761,73.97176254293598,0.04040238712592041,123.86619549813321,0.13371520485544608,0.07575835113830974,10.11556091,True
762,76.87505843759213,0.09986372693862347,136.14185503898184,0.11438516498486469,0.03301235968209983,31.47278073,True
763,82.33490405696139,0.08100421556380696,106.4381743025758,0.10207879693574079,0.06677986934944496,22.0099933,True
764,75.10921944554121,0.05450863878189201,131.98640214422124,0.16522511277674756,0.06811101779403794,8.83002656,True
765,86.91791784645038,0.11954504403403465,118.45060814758375,0.13496646096791667,0.02325221340160683,32.22365437,True
766,73.07780411847682,0.047856192110429754,129.0235702933656,0.12871904101337484,0.026468074534617872,19.63324526,True
767,74.05144234553522,0.0924378384557562,104.00180229101692,0.1419515777154333,0.07200948726743374,13.80083036,True
768,77.0845749957396,0.0760516782571948,124.65369721037813,0.11056754894067207,0.04673359462761578,24.06522852,True
769,81.04883212648176,0.06915947485429033,112.65332637985317,0.12283073929595911,0.00038655061317371064,32.49767679,True
770,75.93880221672775,0.05772205633652158,129.59264863754467,0.12361240660896884,0.06720880470245243,14.8188438,True
771,74.14889331812623,0.09863782366011317,135.11543318031846,0.126284837607561,0.02869932816908774,28.31288241,True
772,76.88754874312536,0.08413374609281576,107.03080643580901,0.14066276660708613,0.06734343962706085,14.36725332,True
773,85.73941848593279,0.05120013349729599,121.5447214831209,0.10632346505935833,0.07090686656631165,17.84655412,True
774,73.22339805691544,0.04603199654347013,100.74521179484941,0.1307178311285574,0.0024955384806647275,23.37992402,True
775,81.31024784790287,0.07241075740408912,123.60145247362873,0.17063035773981833,0.04412751988209267,13.29744174,True
776,80.6955091826899,0.11989825400094814,118.88415803131704,0.1575197238837428,0.029265490408240762,23.90552697,True
777,75.57290636198968,0.10177158748483701,129.32907308851605,0.10909991602143738,0.03717609137363622,31.23497855,True
778,80.16659189350057,0.0717428126119766,120.08669078665724,0.14626784893786965,0.06783854720830933,13.0903847,True
779,84.90464091084638,0.08912287812481023,106.63374208128633,0.1314136680516382,0.035697635507120136,23.90837634,True
780,74.86632294253793,0.11589694652903826,126.37653227811907,0.1767735559837513,0.058873584706785956,14.01225231,True
781,79.7360546516389,0.06870364310766447,108.75276469036113,0.12876421483736478,0.005028892913077536,28.6286289,True
782,77.91096296715959,0.04342467526709175,108.27096298870003,0.17077260925729607,0.028900109164770305,11.89156232,True
783,79.51478766416335,0.07637147598359106,101.85749830004713,0.17805897820631023,0.025925688805118207,14.33978514,True
784,83.25978004556195,0.08170983233068405,133.185886226146,0.16348722662173934,0.021065285550732275,20.37880186,True
785,80.70960099341394,0.053907985315716,126.14701252535536,0.11652967779910477,0.052266923724547984,19.12822801,True
786,85.36750508282631,0.08133303180431509,115.0531512417418,0.17072424264468194,0.041309742573405625,14.8409331,True
787,77.64636812415561,0.10941755374969978,119.47446250696703,0.1282110089713126,0.04833687842285495,24.25110961,True
788,80.02939175153188,0.05111746456617039,106.62423289715969,0.08770882257412468,0.05147816019106478,24.56240802,True
789,75.38427366617208,0.05495245406470141,114.48891776860364,0.15173027084540952,0.009466417825883413,19.39631229,True
790,75.6855413215892,0.1048938103498368,128.81022635499795,0.1281516649389486,0.03830517141760657,26.29666403,True
791,75.37126321682821,0.05289970078901006,133.33459985581015,0.08224460381542914,0.00345154650681323,42.38616356,True
792,81.17578418163629,0.05289033122940304,125.1816169955262,0.08391908652394836,0.04578154393843716,28.67200993,True
793,72.8945920665671,0.06066077168133668,107.20150158305188,0.17582383364845536,0.04794860182359438,9.7589336,True
794,81.01767523737225,0.041489602850978954,128.78189198016355,0.1461745062629158,0.022676370112451237,17.60930279,True
795,73.37197604377191,0.07593626892955654,139.71103294831914,0.16673023989920943,0.013645342719175701,18.82764305,True
796,85.28581719526849,0.088067097152896,131.78464281041806,0.16204531801304972,0.014550732149607972,23.36655577,True
797,82.55438000092565,0.06116165588362317,128.96747192311022,0.11426712745603318,0.03627761161120734,24.87878919,True
798,81.44953585491692,0.05838510297430238,115.41847530967391,0.09085701139015155,0.01618788392705401,36.34291584,True
799,85.75346707216968,0.080348762085657,116.79180050686425,0.0949561193626456,0.007703886137856353,43.53320312,True
800,79.61390696783164,0.08917985355842935,101.56146254472513,0.15838682348387684,0.04026633665107676,16.46695208,True
801,73.88026250519633,0.07857927480899847,105.21315363108657,0.14034746508247103,0.06620174229216588,13.58054986,True
802,86.35150324556051,0.10198963384542425,125.96926940426135,0.13220442296615542,0.02963019601990241,29.08920023,True
803,72.6950125333837,0.08238532151517644,109.17945025516201,0.16023001960078137,0.06316444681207636,11.62455083,True
804,78.09978393918487,0.08712384689129651,129.6557616912898,0.1561539227047492,0.05573660825259734,15.06810944,True
805,73.56347053354853,0.05071064844996811,119.0856494801816,0.10325128906226556,0.06872425978411291,16.57751711,True
806,76.5322666881433,0.11014130505545794,116.3458681874886,0.09890210137178707,0.05673190697648863,29.03800765,True
807,84.630759716882,0.08623897166403569,104.71314415924604,0.08071940524505815,0.052363689664255794,32.21867802,True
808,83.00426778844442,0.06527213717034165,114.49079159098363,0.09547785805618136,0.05212607478223454,25.58852788,True
809,76.05812361971175,0.10839815410143427,116.94246189733452,0.11656440944364717,0.022044843430399103,33.51307553,True
810,82.88969128101517,0.10039775204878668,116.52912633183746,0.15837884169635374,0.03859742056055045,19.38596932,True
811,77.92340750206635,0.08439290850386627,110.15110581770786,0.11066530866745944,0.027548504337188293,29.47207625,True
812,83.28791372753736,0.09886259444836884,134.1999569129439,0.1459282849126203,0.059825135606391015,18.49153699,True
813,79.1455180386435,0.09594491538360427,106.47180470832545,0.101445814153808,0.032044872514057826,32.49208526,True
814,77.41500554094955,0.08404609716774544,127.88229634897841,0.150678993353287,0.012859040730657379,24.04397624,True
815,87.43312402199228,0.04042325067780576,103.64354336954815,0.09453284358357537,0.07406894302382792,17.98158849,True
816,78.96603895284423,0.04512643650954485,108.87080978478048,0.08800397366958027,0.003020427062806315,38.33608346,True
817,78.14921616681636,0.11875584805050185,124.55862362866856,0.1321005543220559,0.05692846653671849,23.2544338,True
818,81.55956102102554,0.11565726862764861,132.80914937712882,0.14402913145301371,0.03511776388329887,26.38153102,True
819,75.22731588489623,0.09255073781654742,132.15639636461535,0.10860065117086953,0.002688748111700674,41.09769377,True
820,81.59223860627984,0.08126509052422626,109.26683891272246,0.09694828918131021,0.002884890651547902,42.36676844,True
821,75.82810600459804,0.04002298174836987,106.29779043401564,0.17968171438272063,0.06237383031811338,6.83095025,True
822,77.65004261370444,0.0716114493640965,123.44320660838794,0.13177427009892947,0.058954043211711604,16.56518258,True
823,73.09787475099294,0.04721326860761204,111.37975148145517,0.16297648024493,0.07320071791585232,7.61922243,True
824,77.56952397197188,0.1170630132052391,111.0603139478849,0.1406363407992252,0.015562015446876885,29.58672027,True
825,86.87542145299392,0.08599253773966517,110.44430022687756,0.12071346261072016,0.008517196511406127,34.59917468,True
826,73.15817552842726,0.0635401459574496,137.8806186071065,0.16029422425723572,0.07653674796682201,9.05146299,True
827,86.01780873988908,0.10505178796850992,122.99575515095636,0.14941918614713,0.07728443645064847,15.4115456,True
828,81.01069766087889,0.10159737541870667,130.2989314018669,0.17612387253016143,0.03670787434672992,17.03546893,True
829,79.3715270634322,0.08694612137199835,101.09402790128296,0.09162683014409226,0.0054043408529002865,42.31102517,True
830,82.13858876093101,0.11953584266923803,127.07651904260399,0.1029930138589154,0.025258455522314288,41.92367345,True
831,87.28713099397376,0.08132033737638705,100.388927668577,0.16321770449232287,0.019860608748966203,19.44894025,True
832,73.48815088259347,0.09389583334254509,132.8429875797012,0.08760288205336891,0.07451169918685302,25.35037259,True
833,79.62488726542864,0.06828303409729368,135.77265011480827,0.10690757824687991,0.07576944872507825,18.3724164,True
834,82.9297169363803,0.11279419671903101,119.95997361454732,0.09996665390943092,0.058834325219426456,30.35954137,True
835,85.96387997453277,0.05654229058576079,108.11066235153093,0.10496954339469575,0.04948775193454466,22.92298561,True
836,74.49592909561855,0.048535143208431296,136.8075251813196,0.14758121248765266,0.05307392626563601,12.23873577,True
837,81.82123160441203,0.10113953701084215,121.65895818412098,0.08422631267309978,0.03858336649608405,39.47890085,True
838,81.93067959730827,0.07938723021633695,139.41445317297794,0.1696999773193295,0.06950150684996427,11.07898241,True
839,79.85288562570474,0.11875157461420435,136.64027318690228,0.1080266623183187,0.01776742264638506,43.38746652,True
840,81.22664298155856,0.04433185370310273,131.97079671119923,0.12783200766120434,0.043261435647346164,17.64839412,True
841,80.03960339394676,0.07149735382819183,127.45354586121557,0.0974800362119049,0.07812057561896334,20.02196655,True
842,83.17191308953824,0.0768056472037144,127.56842196238595,0.0811819978610449,0.016860190856115818,45.20748821,False
843,81.29613150367115,0.0660348959932341,124.51112385447085,0.1059700769090298,0.043885072030335086,25.31677277,True
844,75.79422644012072,0.07770762917907643,124.52336172553791,0.11659241511219268,0.03990160132881575,24.21498024,True
845,75.3685197137705,0.09605701014530404,114.89238511475264,0.16543260872408194,0.022370362550454725,19.34248064,True
846,74.87822765963193,0.050491133319897914,123.03570916831848,0.10285667494996686,0.007989579272756248,31.95940635,True
847,76.31918571044059,0.05886441383084061,117.2887500692334,0.1180883382231468,0.011667498827002909,27.89254899,True
848,87.3463667319467,0.051963844581238636,132.2267344623036,0.09766072766596129,0.039967826088948055,28.17497073,True
849,87.92898832479362,0.10795119323173283,120.68027899682002,0.15205603295246306,0.06282663493551027,17.86384593,True
850,76.80054691445518,0.08497107616573689,122.71338076821246,0.11984019018633275,0.055243454076851536,21.15870886,True
851,72.96058204358427,0.10510544553654769,119.06157697408548,0.14298622123621546,0.03598838552510334,22.16487648,True
852,77.354504616233,0.06887696168440972,122.41400139257058,0.1731844575777768,0.020617186036193537,15.63615601,True
853,72.31736533782016,0.0496989991373363,134.69474335896547,0.1763116560917914,0.015916648850949854,13.2273111,True
854,81.21431131957358,0.09193047615196599,106.98155342917833,0.1580309098099237,0.028408723071271347,19.55626857,True
855,82.7710854423576,0.07899949954434893,129.4610465904862,0.16896324491382203,0.030485679873027662,16.89789819,True
856,76.58437722489262,0.09053697523867751,105.79393353112269,0.09675755354805338,0.06461737151656548,23.80758163,True
857,77.39821295998293,0.09050187266606696,122.86550295495174,0.16489007719388085,0.005707526254124593,23.06266496,True
858,74.59199182315177,0.05825743515102986,112.67512966782245,0.10913563527944198,0.021397791269651033,26.84059529,True
859,82.31430869048302,0.06169984810810792,117.79593550591886,0.16628064836470025,0.029053187220034297,15.17170332,True
860,81.39071637641617,0.11724208262579955,116.55956243494693,0.0983886199103384,0.001848087385320607,49.96722491,False
861,83.64435866291848,0.09296180382469116,137.61749349351982,0.1500696928424684,0.006405179030043771,29.39377442,True
862,74.67056744063444,0.048240745124550885,102.55169598364641,0.16786909764497412,0.04387469950546351,10.27292724,True
863,72.42183861385986,0.07176100166081356,130.59985488534383,0.08832512013906867,0.020996181141198972,36.27675819,True
864,74.48438979200259,0.09238661404346799,135.41885268385596,0.11093706535499986,0.01979172154521538,34.41922065,True
865,76.54680448092942,0.09011845477009517,105.25108442507455,0.16385177788928745,0.002285703441593032,22.63050797,True
866,82.61678616486087,0.1088295053930714,113.00805266625915,0.12761547406553736,0.07799852363520757,18.49903832,True
867,80.64934658227654,0.06179315420898513,117.79379729482976,0.1769542264554546,0.05580983015256379,9.81145402,True
868,74.8325862396754,0.08780673590692484,125.24190090564238,0.14358511364258358,0.045118758937702994,18.54380809,True
869,80.37535686967212,0.09116225989686497,112.38645312455986,0.11471683001641308,0.04317344977088477,26.04357508,True
870,84.87532425994326,0.07534882444612276,114.63133287793511,0.10598070439377244,0.024285833245847117,32.52414401,True
871,72.00147754231885,0.10523038313287103,133.91785953530683,0.11438849172499943,0.037535836419522094,29.67654843,True
872,72.13307376954197,0.11376707165952421,137.87830047472497,0.1277067070451457,0.0007306079661066533,39.06288321,True
873,78.88696501230774,0.06343380904019102,109.24861574076634,0.08072179850057676,0.029891510122162686,34.64194609,True
874,78.58777390505816,0.08484434869116923,115.79008318480733,0.09632694953302888,0.05896942832827019,25.65793288,True
875,78.23557231765113,0.07026864482199693,110.51921101784995,0.12222393827536926,0.019164945195084843,26.57901266,True
876,84.23261270522583,0.11279635227514279,132.30299761710302,0.14846402903785194,0.022774148373876237,28.44847902,True
877,83.88683027409843,0.10470469192792298,116.5161550605299,0.1653482023391604,0.014592574320211424,23.6921418,True
878,76.63352478866057,0.09095141676386773,124.70917655610062,0.10721341304516241,0.04982030242204428,26.3649291,True
879,75.00463108070417,0.04155163177975971,101.98528288892395,0.13349707530597663,0.014875007851322054,19.83802051,True
880,73.63637581850463,0.06153561063113164,128.607837688451,0.15271070704475348,0.018624839836476434,18.34751129,True
881,74.41093909915982,0.07948636425565962,113.67651415474505,0.11115766852030555,0.06395698815488561,19.50973302,True
882,87.96741513864959,0.07709475737627433,131.65698857061182,0.11302486470358303,0.06748370394144629,21.35300033,True
883,87.22630466772173,0.04448306755215142,131.02611642850093,0.08713846947490568,0.03761174212789758,30.65200623,True
884,75.07507668682325,0.10732314303522075,132.6900289599828,0.16282520473943313,0.00975692449486166,25.31016253,True
885,84.29033073361904,0.05991698884057872,130.84901332109337,0.124296094214292,0.05900952100428069,17.80421146,True
886,72.5361646651244,0.07686677082498239,130.83983871160754,0.1321139120057284,0.07856926811244913,13.37900845,True
887,79.56520871986424,0.09451538560462824,112.48437462336278,0.11230631884829062,0.050333140330455946,25.20253441,True
888,72.67497464951569,0.11499367389057868,120.83705011670038,0.10533127403350889,0.0510816009633619,29.16923776,True
889,75.1795781088384,0.11100156608348338,134.54630662998403,0.10177882490551028,0.009034276745299002,45.57645527,False
890,82.12654345442792,0.06596107901040774,106.69441425633144,0.10761000438384477,0.009571967360859093,33.62052807,True
891,84.62630048311821,0.040714388471147375,101.67973476084381,0.158347524025106,0.03802165430093201,12.82091678,True
892,81.5393965429058,0.06971189306425869,103.57919610998698,0.0957698456197375,0.007312124184337039,38.43954866,True
893,81.89831773500705,0.11446790276149016,139.87892411934143,0.14251323302094066,0.0047820105287538,35.98951485,True
894,82.31319834636669,0.09610625120184023,131.6586497746085,0.09258274576652264,0.018613970468485085,44.24764718,True
895,87.70681137542134,0.10308494606294988,130.26790092805555,0.16055253765865857,0.03509751184772779,21.57672521,True
896,75.08744478480253,0.09513999842272336,114.32669989001725,0.09347321737609522,0.0718930435416034,23.88777524,True
897,79.7648341306002,0.07500000033320472,111.78858385763587,0.14970377749956548,0.015182066897572115,21.98389846,True
898,74.98602766318567,0.06781317432146124,129.2960964049085,0.10753244628583031,0.06650796747128959,18.94408927,True
899,86.63158403164874,0.08436162481328452,102.75506333444638,0.0955025478075327,0.02365381289685878,36.500689,True
900,76.21358830232691,0.06936901656036315,100.02879314896998,0.14380260624435376,0.03032348557332619,18.10972454,True
901,74.9685486415544,0.04149758852704442,134.27317153336858,0.15760165677979387,0.01910292465728169,15.19289896,True
902,83.53605700294277,0.09266315339038558,121.5582608637362,0.11874908401807356,0.04192558150483618,26.96654033,True
903,79.96078655311275,0.08411742457993715,124.52156969402107,0.11226000399127939,0.051272314382805856,24.40357506,True
904,73.76742614463046,0.08185604313545883,102.66719372385063,0.16351933578982913,0.010381941305779687,19.31255937,True
905,85.97588444128915,0.05616632229510257,119.41481148946781,0.08987535866485323,0.045680974508375924,28.46330663,True
906,85.38079242570386,0.09263370066279747,121.03285450457648,0.15013140215747126,0.020475082426718246,24.79248128,True
907,77.86166432150874,0.08847628993859599,102.83495843800488,0.1730211036809051,0.016699047479480117,17.77852076,True
908,79.86248802285239,0.11118138601307731,103.19827212931489,0.1601019949010884,0.004856015062884121,26.07258321,True
909,80.92831823152035,0.11505950861598885,116.63812810839012,0.11690686508584736,0.056674702798306956,26.13968413,True
910,85.17828746043841,0.061265250759733214,101.62612609097371,0.0870388129610244,0.024312363909444433,35.12135642,True
911,87.11365571211577,0.11684693963496998,103.8847700063065,0.1525171932809189,0.04253288411219781,21.33724354,True
912,75.03136660970681,0.08209536174349576,109.95052116216053,0.1425325053539152,0.01431183133031337,23.7020764,True
913,83.98710972763796,0.07321476801997921,104.22056727596623,0.14386242998880422,0.028637069269712302,20.41264137,True
914,79.33952947885399,0.09321938838188348,135.31296077492905,0.09668093189035475,0.014431723088005458,43.10411387,True
915,78.42491477783832,0.06700102964492552,106.32705823597325,0.17984335720532812,0.03544097359986303,11.90037143,True
916,77.63718520432532,0.06521239969139178,139.65851962472507,0.11246541086200923,0.0297375609948297,27.03322749,True
917,84.22694988646994,0.07444704581865963,129.0347073446068,0.1408413370257039,0.04505157622434273,19.10970716,True
918,75.42285017669953,0.10125665757074279,137.0458769037063,0.10540891271830241,0.07693214205050676,22.41859809,True
919,79.15999662397199,0.0717672449351523,129.05253113349167,0.17829564711785478,0.04766102612990286,11.56056782,True
920,80.28174974144527,0.11947296076436312,112.07366615729595,0.11003339617281736,0.017750936278595208,39.15293784,True
921,85.6915268081313,0.04173610971660796,132.8775968978846,0.1489719183909427,0.022076570939488453,18.14097789,True
922,80.85861045256513,0.08450584684054147,137.03689800846928,0.09547147862187559,0.003018904006701586,46.99187872,False
923,77.69049205256785,0.051072655478112794,114.68331572104256,0.138215570635987,0.018639531884338752,20.27764656,True
924,84.97718778852253,0.04735240970282981,115.99192993911055,0.17178818033444676,0.05874127631020639,9.31307941,True
925,83.57728842791224,0.10343233554514239,106.9160996342529,0.16257052443848855,0.05516760808399194,15.58410197,True
926,81.21971938842717,0.11261245137176754,123.80924810238321,0.11003932538432747,0.058463148956502176,27.77268804,True
927,81.22053913850142,0.04627819167382831,102.23690835293277,0.15709015036701385,0.027834416556234656,14.6652057,True
928,85.07426720074467,0.07332173700943354,134.71324387804881,0.16697865141212198,0.01813741370897213,19.47768008,True
929,82.44446693056561,0.08818413074532339,100.45737523850414,0.15774186181440475,0.03059895697482106,18.51017866,True
930,76.87653428606788,0.04329458017308506,121.59718917754677,0.09495800191673012,0.04019212883577862,24.29861545,True
931,75.53275479712457,0.0440415851316662,129.26314294259765,0.11928827045190352,0.035649298878216856,19.69427574,True
932,81.52211506071744,0.08037834768896278,108.88342512605658,0.1089783029156687,0.03154579231024528,28.95441427,True
933,74.11502472593405,0.046603609011086615,122.85762362042517,0.08493110980700881,0.03193530396375535,29.13874406,True
934,73.36126379949177,0.08014584924846357,130.95300546225027,0.09303751748951741,0.010789661098076398,40.39495294,True
935,80.94873883701665,0.07902888798434662,126.08993755916676,0.09960993003932207,0.04927974700753615,27.67785783,True
936,83.77068406632516,0.05969966724056904,102.8657592136434,0.15767718987916834,0.0258729312924969,16.66148671,True
937,86.78620929432132,0.04716757185013882,126.86990213798941,0.122354060236564,0.027864628547721947,23.6461173,True
938,77.13181380564271,0.08751017192328564,100.96827321341077,0.11048188475463931,0.07901215335709834,17.4928919,True
939,81.85953591127205,0.11921273458170653,117.68840420937006,0.09458184751902776,0.0035902040745098597,51.56650467,False
940,85.09075072210904,0.05597481708846046,114.95283161282278,0.1557733782593062,0.06822113161433603,10.75766602,True
941,73.79794785256166,0.04436304106894034,137.95763660103154,0.1726729695109107,0.06950018813159749,7.17220156,True
942,85.12214330287993,0.04109866341547451,127.7518090022447,0.09112779923164699,0.03600492565106768,28.59039774,True
943,72.36396984241924,0.056720763289936166,121.52021831627944,0.10038013528766052,0.0418612705173225,23.4576078,True
944,76.13852805480957,0.07864210642757534,129.19694334039156,0.09413474209239418,0.05590041856066023,26.33352265,True
945,72.29421620090088,0.08664039546611325,126.54113367998573,0.0843482007499459,0.013625571763581066,43.13255075,True
946,76.54421665676784,0.10313507956059376,124.7185910556559,0.0853085248656279,0.052380629745230965,33.86950796,True
947,72.13334680397485,0.07109161177895833,110.8524151632135,0.16520829447572585,0.052808029866349186,11.2943898,True
948,85.82851637695926,0.04152626591473554,134.69641771417923,0.14494111447522284,0.018493489611025364,19.76570332,True
949,78.09121924740556,0.11812895519118832,103.9841484737015,0.11154559693087797,0.06934181964224959,23.14583533,True
950,80.50497032261141,0.05491339099340152,120.02603291475515,0.12579862621477805,0.07410799784211468,13.53950522,True
951,72.34381533142952,0.059791371179980096,121.1766145542048,0.11335696346307757,0.03147198542618198,23.28634028,True
952,74.51208400945332,0.06774239223260363,114.07652329068723,0.14252309702510102,0.018896381256577017,20.84242743,True
953,87.65190827591275,0.08010011689417258,132.47571440398983,0.14257923637157632,0.07029418193529283,15.47531562,True
954,86.24643337726019,0.10518869101426695,101.17863593820832,0.13549393515968056,0.022415507570256406,27.89421304,True
955,74.42733089229895,0.11177402519753371,126.2772703579845,0.08877950171373014,0.030576569748352666,41.15845322,True
956,87.36969109511314,0.08899587146800844,125.02098401979306,0.10274279774526755,0.019228864653646083,39.48420398,True
957,74.44398646670163,0.11764297384761735,136.38941574256685,0.11292847383705465,0.043378700096471386,31.55307578,True
958,75.30811639457615,0.05108612214388293,121.65415307404061,0.16001050591640936,0.06900701292640546,8.91954529,True
959,76.94397433859493,0.09641091102280805,120.95221934007486,0.09352524938439152,0.0796548640185607,23.1182602,True
960,87.6124305450976,0.051612191591400944,137.32119785691629,0.17171121206734175,0.02539969686735513,14.96683762,True
961,80.9174447694971,0.11588812513318092,104.73549162868714,0.1117597589191217,0.07037104972930122,23.12181781,True
962,83.63327253216306,0.10123480100553478,135.20527600434303,0.12140401554196789,0.03290014106234795,31.31106088,True
963,79.08807179279444,0.11470148195129543,135.7652037253521,0.17332500304158002,0.021903693170521887,22.2188642,True
964,84.46572615956468,0.04854171462747209,107.38985986298269,0.15624474837329655,0.048958527813521925,12.36594296,True
965,76.26980180807168,0.08536344743511796,109.23645394932052,0.10321825342693357,0.054990230814268876,24.04633764,True
966,77.74818135255282,0.09505130277861729,119.06408880176741,0.13023245874504613,0.04837694076822012,21.76023331,True
967,83.39230604762656,0.06991675209044007,134.08517729862342,0.12914455970663347,0.011001017787329178,29.69604047,True
968,75.09215727165616,0.042578364258163665,130.58155416512938,0.0815014260451757,0.021588696211694503,33.41362852,True
969,78.60870435506752,0.09938933293303195,139.52973669851826,0.1557776589725629,0.005290905938791148,28.20130816,True
970,86.8336512988447,0.11885021116690944,134.68516010554413,0.12899428985108635,0.02599165014432365,35.01692962,True
971,79.3207188710674,0.0597427072689269,116.19467072970113,0.08418262750501182,0.058826542391972846,25.19483224,True
972,78.08598670008193,0.0650317993129198,124.46019498680208,0.15424678547079446,0.047504464111423124,14.0889055,True
973,80.40368850724623,0.11006263774878533,131.47679449275492,0.13206490912237487,0.036128767405092965,27.93433325,True
974,85.2321616265496,0.043393273280727826,139.83345486096192,0.13187026525875117,0.03164889573087134,20.01621786,True
975,83.76272130480427,0.08461607598507276,120.64506732379193,0.14306485530927204,0.003943635934502083,29.36309994,True
976,76.65886979574607,0.07184319131636474,112.18216591288954,0.16276210076057507,0.03690777311711704,14.57263296,True
977,78.75939491920707,0.0890507423395114,102.18186667262106,0.1316969650266138,0.01137916950200733,28.22272282,True
978,85.27829607082623,0.07613584702637242,128.9058716597133,0.0913171586243595,0.06229849135008318,27.10333646,True
979,87.00547932318783,0.09568913134718364,105.4122669676145,0.12135593050976166,0.03607086838776595,27.39793421,True
980,74.86205726309785,0.08722523802317231,128.5053756522521,0.10019320047091576,0.03637465661178806,31.19104586,True
981,76.00131670523581,0.09533739426647211,136.28649852021627,0.15964862224757226,0.057469977577485044,15.08202529,True
982,73.97670746936694,0.04913319510592622,117.97593672098887,0.11629433891572545,0.04190538448529191,19.07342235,True
983,78.14539798818515,0.103285327538962,120.46665805938021,0.17497538891427195,0.03029429051300638,17.70888611,True
984,78.08971214817835,0.10146082590275106,136.4901111528853,0.1365491578514169,0.05276242724816351,21.4143226,True
985,74.40143575216818,0.1095054829982563,107.15467058693075,0.15120474878796225,0.03356653529886138,20.93490642,True
986,76.95229288699171,0.1014904337888754,117.85032936596289,0.14264528496615292,0.009404318272198387,28.87189975,True
987,74.10513650899337,0.056228136422355704,124.90241311949367,0.10531109751180392,0.036691412626282935,24.02211031,True
988,85.6865769027045,0.083480092768344,100.23002195596216,0.16827029205371946,0.01903026832155814,18.63479909,True
989,81.42179723494894,0.0780569591842523,116.40605462845426,0.08794049173684161,0.048008168343647135,30.54688902,True
990,75.91541074301813,0.08378732876665171,124.7906415547834,0.13575486482688887,0.06602020037629461,15.86859234,True
991,72.78270079908847,0.051860493454375226,126.13107512862081,0.0836721051822412,0.06830634297873502,20.75111236,True
992,82.67194468713912,0.10704115486340848,111.9376618656847,0.17203846982695362,0.003922509019903923,24.32199301,True
993,78.67131078168573,0.05425987134059382,126.8836198104562,0.1411089756048654,0.055321089446453336,13.89544057,True
994,81.51950378087551,0.10298460636268686,107.09677069374717,0.12553378280202657,0.04631730339538374,24.0798375,True
995,86.90367711017609,0.04745010302574157,111.97177926386054,0.1168569425475074,0.030315148127236808,23.8574687,True
996,73.08266684513592,0.07418590715128756,122.01884331253942,0.10928327133567395,0.010763663126244083,32.79112759,True
997,83.11391101591681,0.061953483420138664,121.08210933618483,0.13246462092537087,0.05566635978761373,16.66575863,True
998,81.79285991885479,0.0487441787549061,129.18914079050717,0.14289785990785553,0.07897514110068662,10.29050087,True
999,79.73860773135115,0.0950923422603476,137.35566699152733,0.17862784423441114,0.02297498430434084,18.36903844,True
1000,81.74151371095157,0.06531908467987778,121.01564901326378,0.17950243355575513,0.028308267549935203,13.59500057,True
