scenario,method,step,time,state,growth_rate,carrying_capacity,time_step
baseline,euler,0,0.0,10.0,0.35,100.0,0.1
baseline,euler,1,0.1,10.315,0.35,100.0,0.1
baseline,euler,2,0.2,10.6387852712,0.35,100.0,0.1
baseline,euler,3,0.3,10.9715284425,0.35,100.0,0.1
baseline,euler,4,0.4,11.3134008853,0.35,100.0,0.1
baseline,euler,5,0.5,11.6645723524,0.35,100.0,0.1
baseline,euler,6,0.6,12.0252105979,0.35,100.0,0.1
baseline,euler,7,0.7,12.3954809773,0.35,100.0,0.1
baseline,euler,8,0.8,12.7755460295,0.35,100.0,0.1
baseline,euler,9,0.9,13.1655650388,0.35,100.0,0.1
baseline,euler,10,1.0,13.5656935792,0.35,100.0,0.1
baseline,euler,11,1.1,13.9760830397,0.35,100.0,0.1
baseline,euler,12,1.2,14.3968801321,0.35,100.0,0.1
baseline,euler,13,1.3,14.8282263816,0.35,100.0,0.1
baseline,euler,14,1.4,15.2702576008,0.35,100.0,0.1
baseline,euler,15,1.5,15.7231033483,0.35,100.0,0.1
baseline,euler,16,1.6,16.1868863728,0.35,100.0,0.1
baseline,euler,17,1.7,16.6617220442,0.35,100.0,0.1
baseline,euler,18,1.8,17.1477177723,0.35,100.0,0.1
baseline,euler,19,1.9,17.6449724156,0.35,100.0,0.1
baseline,euler,20,2.0,18.1535756821,0.35,100.0,0.1
baseline,euler,21,2.1,18.6736075225,0.35,100.0,0.1
baseline,euler,22,2.2,19.2051375195,0.35,100.0,0.1
baseline,euler,23,2.3,19.7482242752,0.35,100.0,0.1
baseline,euler,24,2.4,20.3029147981,0.35,100.0,0.1
baseline,euler,25,2.5,20.8692438938,0.35,100.0,0.1
baseline,euler,26,2.6,21.4472335608,0.35,100.0,0.1
baseline,euler,27,2.7,22.0368923958,0.35,100.0,0.1
baseline,euler,28,2.8,22.6382150104,0.35,100.0,0.1
baseline,euler,29,2.9,23.2511814632,0.35,100.0,0.1
baseline,euler,30,3.0,23.8757567106,0.35,100.0,0.1
baseline,euler,31,3.1,24.51189008,0.35,100.0,0.1
baseline,euler,32,3.2,25.1595147685,0.35,100.0,0.1
baseline,euler,33,3.3,25.8185473712,0.35,100.0,0.1
baseline,euler,34,3.4,26.4888874432,0.35,100.0,0.1
baseline,euler,35,3.5,27.1704170985,0.35,100.0,0.1
baseline,euler,36,3.6,27.863000649,0.35,100.0,0.1
baseline,euler,37,3.7,28.5664842899,0.35,100.0,0.1
baseline,euler,38,3.8,29.2806958315,0.35,100.0,0.1
baseline,euler,39,3.9,30.0054444836,0.35,100.0,0.1
baseline,euler,40,4.0,30.740520696,0.35,100.0,0.1
baseline,euler,41,4.1,31.4856960559,0.35,100.0,0.1
baseline,euler,42,4.2,32.2407232483,0.35,100.0,0.1
baseline,euler,43,4.3,33.0053360795,0.35,100.0,0.1
baseline,euler,44,4.4,33.7792495689,0.35,100.0,0.1
baseline,euler,45,4.5,34.5621601083,0.35,100.0,0.1
baseline,euler,46,4.6,35.3537456931,0.35,100.0,0.1
baseline,euler,47,4.7,36.1536662253,0.35,100.0,0.1
baseline,euler,48,4.8,36.9615638896,0.35,100.0,0.1
baseline,euler,49,4.9,37.777063604,0.35,100.0,0.1
baseline,euler,50,5.0,38.599773543,0.35,100.0,0.1
baseline,euler,51,5.1,39.4292857359,0.35,100.0,0.1
baseline,euler,52,5.2,40.2651767358,0.35,100.0,0.1
baseline,euler,53,5.3,41.1070083615,0.35,100.0,0.1
baseline,euler,54,5.4,41.9543285064,0.35,100.0,0.1
baseline,euler,55,5.5,42.8066720159,0.35,100.0,0.1
baseline,euler,56,5.6,43.6635616273,0.35,100.0,0.1
baseline,euler,57,5.7,44.5245089694,0.35,100.0,0.1
baseline,euler,58,5.8,45.3890156187,0.35,100.0,0.1
baseline,euler,59,5.9,46.2565742067,0.35,100.0,0.1
baseline,euler,60,6.0,47.1266695739,0.35,100.0,0.1
baseline,euler,61,6.1,47.9987799642,0.35,100.0,0.1
baseline,euler,62,6.2,48.8723782556,0.35,100.0,0.1
baseline,euler,63,6.3,49.7469332198,0.35,100.0,0.1
baseline,euler,64,6.4,50.6219108049,0.35,100.0,0.1
baseline,euler,65,6.5,51.4967754343,0.35,100.0,0.1
baseline,euler,66,6.6,52.3709913164,0.35,100.0,0.1
baseline,euler,67,6.7,53.2440237565,0.35,100.0,0.1
baseline,euler,68,6.8,54.115340465,0.35,100.0,0.1
baseline,euler,69,6.9,54.9844128555,0.35,100.0,0.1
baseline,euler,70,7.0,55.8507173254,0.35,100.0,0.1
baseline,euler,71,7.1,56.7137365128,0.35,100.0,0.1
baseline,euler,72,7.2,57.5729605225,0.35,100.0,0.1
baseline,euler,73,7.3,58.4278881166,0.35,100.0,0.1
baseline,euler,74,7.4,59.2780278623,0.35,100.0,0.1
baseline,euler,75,7.5,60.1228992319,0.35,100.0,0.1
baseline,euler,76,7.6,60.9620336508,0.35,100.0,0.1
baseline,euler,77,7.7,61.7949754872,0.35,100.0,0.1
baseline,euler,78,7.8,62.6212829809,0.35,100.0,0.1
baseline,euler,79,7.9,63.4405291064,0.35,100.0,0.1
baseline,euler,80,8.0,64.2523023685,0.35,100.0,0.1
baseline,euler,81,8.1,65.0562075255,0.35,100.0,0.1
baseline,euler,82,8.2,65.8518662408,0.35,100.0,0.1
baseline,euler,83,8.3,66.6389176586,0.35,100.0,0.1
baseline,euler,84,8.4,67.4170189053,0.35,100.0,0.1
baseline,euler,85,8.5,68.1858455137,0.35,100.0,0.1
baseline,euler,86,8.6,68.9450917717,0.35,100.0,0.1
baseline,euler,87,8.7,69.6944709959,0.35,100.0,0.1
baseline,euler,88,8.8,70.4337157302,0.35,100.0,0.1
baseline,euler,89,8.9,71.1625778717,0.35,100.0,0.1
baseline,euler,90,9.0,71.8808287259,0.35,100.0,0.1
baseline,euler,91,9.1,72.5882589929,0.35,100.0,0.1
baseline,euler,92,9.2,73.2846786874,0.35,100.0,0.1
baseline,euler,93,9.3,73.9699169958,0.35,100.0,0.1
baseline,euler,94,9.4,74.6438220736,0.35,100.0,0.1
baseline,euler,95,9.5,75.3062607853,0.35,100.0,0.1
baseline,euler,96,9.6,75.9571183931,0.35,100.0,0.1
baseline,euler,97,9.7,76.5962981948,0.35,100.0,0.1
baseline,euler,98,9.8,77.2237211176,0.35,100.0,0.1
baseline,euler,99,9.9,77.8393252706,0.35,100.0,0.1
baseline,euler,100,10.0,78.4430654595,0.35,100.0,0.1
baseline,euler,101,10.1,79.0349126691,0.35,100.0,0.1
baseline,euler,102,10.2,79.6148535153,0.35,100.0,0.1
baseline,euler,103,10.3,80.1828896732,0.35,100.0,0.1
baseline,euler,104,10.4,80.7390372831,0.35,100.0,0.1
baseline,euler,105,10.5,81.2833263385,0.35,100.0,0.1
baseline,euler,106,10.6,81.8158000611,0.35,100.0,0.1
baseline,euler,107,10.7,82.3365142644,0.35,100.0,0.1
baseline,euler,108,10.8,82.8455367102,0.35,100.0,0.1
baseline,euler,109,10.9,83.3429464616,0.35,100.0,0.1
baseline,euler,110,11.0,83.828833234,0.35,100.0,0.1
baseline,euler,111,11.1,84.3032967487,0.35,100.0,0.1
baseline,euler,112,11.2,84.76644609,0.35,100.0,0.1
baseline,euler,113,11.3,85.2183990692,0.35,100.0,0.1
baseline,euler,114,11.4,85.6592815976,0.35,100.0,0.1
baseline,euler,115,11.5,86.0892270702,0.35,100.0,0.1
baseline,euler,116,11.6,86.5083757615,0.35,100.0,0.1
baseline,euler,117,11.7,86.9168742363,0.35,100.0,0.1
baseline,euler,118,11.8,87.3148747751,0.35,100.0,0.1
baseline,euler,119,11.9,87.7025348173,0.35,100.0,0.1
baseline,euler,120,12.0,88.0800164212,0.35,100.0,0.1
baseline,euler,121,12.1,88.4474857435,0.35,100.0,0.1
baseline,euler,122,12.2,88.8051125375,0.35,100.0,0.1
baseline,euler,123,12.3,89.1530696718,0.35,100.0,0.1
baseline,euler,124,12.4,89.4915326691,0.35,100.0,0.1
baseline,euler,125,12.5,89.8206792657,0.35,100.0,0.1
baseline,euler,126,12.6,90.1406889917,0.35,100.0,0.1
baseline,euler,127,12.7,90.4517427723,0.35,100.0,0.1
baseline,euler,128,12.8,90.7540225496,0.35,100.0,0.1
baseline,euler,129,12.9,91.0477109257,0.35,100.0,0.1
baseline,euler,130,13.0,91.3329908254,0.35,100.0,0.1
baseline,euler,131,13.1,91.6100451797,0.35,100.0,0.1
baseline,euler,132,13.2,91.8790566288,0.35,100.0,0.1
baseline,euler,133,13.3,92.1402072443,0.35,100.0,0.1
baseline,euler,134,13.4,92.393678271,0.35,100.0,0.1
baseline,euler,135,13.5,92.639649886,0.35,100.0,0.1
baseline,euler,136,13.6,92.8783009761,0.35,100.0,0.1
baseline,euler,137,13.7,93.109808933,0.35,100.0,0.1
baseline,euler,138,13.8,93.3343494638,0.35,100.0,0.1
baseline,euler,139,13.9,93.5520964186,0.35,100.0,0.1
baseline,euler,140,14.0,93.7632216328,0.35,100.0,0.1
baseline,euler,141,14.1,93.9678947841,0.35,100.0,0.1
baseline,euler,142,14.2,94.166283264,0.35,100.0,0.1
baseline,euler,143,14.3,94.3585520619,0.35,100.0,0.1
baseline,euler,144,14.4,94.5448636625,0.35,100.0,0.1
baseline,euler,145,14.5,94.725377955,0.35,100.0,0.1
baseline,euler,146,14.6,94.9002521534,0.35,100.0,0.1
baseline,euler,147,14.7,95.0696407282,0.35,100.0,0.1
baseline,euler,148,14.8,95.2336953478,0.35,100.0,0.1
baseline,euler,149,14.9,95.3925648296,0.35,100.0,0.1
baseline,euler,150,15.0,95.5463951,0.35,100.0,0.1
baseline,euler,151,15.1,95.6953291626,0.35,100.0,0.1
baseline,euler,152,15.2,95.8395070751,0.35,100.0,0.1
baseline,euler,153,15.3,95.979065932,0.35,100.0,0.1
baseline,euler,154,15.4,96.1141398556,0.35,100.0,0.1
baseline,euler,155,15.5,96.2448599925,0.35,100.0,0.1
baseline,euler,156,15.6,96.371354516,0.35,100.0,0.1
baseline,euler,157,15.7,96.4937486341,0.35,100.0,0.1
baseline,euler,158,15.8,96.6121646024,0.35,100.0,0.1
baseline,euler,159,15.9,96.7267217413,0.35,100.0,0.1
baseline,euler,160,16.0,96.8375364576,0.35,100.0,0.1
baseline,rk4,0,0.0,10.0,0.35,100.0,0.1
baseline,rk4,1,0.1,10.3194395425,0.35,100.0,0.1
baseline,rk4,2,0.2,10.6478759955,0.35,100.0,0.1
baseline,rk4,3,0.3,10.98548512,0.35,100.0,0.1
baseline,rk4,4,0.4,11.3324410815,0.35,100.0,0.1
baseline,rk4,5,0.5,11.6889160562,0.35,100.0,0.1
baseline,rk4,6,0.6,12.0550798176,0.35,100.0,0.1
baseline,rk4,7,0.7,12.4310993022,0.35,100.0,0.1
baseline,rk4,8,0.8,12.817138157,0.35,100.0,0.1
baseline,rk4,9,0.9,13.2133562661,0.35,100.0,0.1
baseline,rk4,10,1.0,13.6199092592,0.35,100.0,0.1
baseline,rk4,11,1.1,14.0369480017,0.35,100.0,0.1
baseline,rk4,12,1.2,14.4646180663,0.35,100.0,0.1
baseline,rk4,13,1.3,14.9030591885,0.35,100.0,0.1
baseline,rk4,14,1.4,15.3524047059,0.35,100.0,0.1
baseline,rk4,15,1.5,15.8127809826,0.35,100.0,0.1
baseline,rk4,16,1.6,16.2843068208,0.35,100.0,0.1
baseline,rk4,17,1.7,16.7670928598,0.35,100.0,0.1
baseline,rk4,18,1.8,17.2612409655,0.35,100.0,0.1
baseline,rk4,19,1.9,17.7668436116,0.35,100.0,0.1
baseline,rk4,20,2.0,18.2839832543,0.35,100.0,0.1
baseline,rk4,21,2.1,18.8127317034,0.35,100.0,0.1
baseline,rk4,22,2.2,19.3531494923,0.35,100.0,0.1
baseline,rk4,23,2.3,19.9052852489,0.35,100.0,0.1
baseline,rk4,24,2.4,20.4691750707,0.35,100.0,0.1
baseline,rk4,25,2.5,21.0448419071,0.35,100.0,0.1
baseline,rk4,26,2.6,21.6322949525,0.35,100.0,0.1
baseline,rk4,27,2.7,22.231529052,0.35,100.0,0.1
baseline,rk4,28,2.8,22.8425241258,0.35,100.0,0.1
baseline,rk4,29,2.9,23.465244613,0.35,100.0,0.1
baseline,rk4,30,3.0,24.0996389404,0.35,100.0,0.1
baseline,rk4,31,3.1,24.7456390202,0.35,100.0,0.1
baseline,rk4,32,3.2,25.403159779,0.35,100.0,0.1
baseline,rk4,33,3.3,26.0720987235,0.35,100.0,0.1
baseline,rk4,34,3.4,26.7523355452,0.35,100.0,0.1
baseline,rk4,35,3.5,27.4437317705,0.35,100.0,0.1
baseline,rk4,36,3.6,28.1461304569,0.35,100.0,0.1
baseline,rk4,37,3.7,28.8593559412,0.35,100.0,0.1
baseline,rk4,38,3.8,29.5832136427,0.35,100.0,0.1
baseline,rk4,39,3.9,30.3174899242,0.35,100.0,0.1
baseline,rk4,40,4.0,31.061952015,0.35,100.0,0.1
baseline,rk4,41,4.1,31.8163479979,0.35,100.0,0.1
baseline,rk4,42,4.2,32.5804068635,0.35,100.0,0.1
baseline,rk4,43,4.3,33.3538386339,0.35,100.0,0.1
baseline,rk4,44,4.4,34.1363345572,0.35,100.0,0.1
baseline,rk4,45,4.5,34.927567376,0.35,100.0,0.1
baseline,rk4,46,4.6,35.7271916685,0.35,100.0,0.1
baseline,rk4,47,4.7,36.5348442657,0.35,100.0,0.1
baseline,rk4,48,4.8,37.3501447429,0.35,100.0,0.1
baseline,rk4,49,4.9,38.1726959854,0.35,100.0,0.1
baseline,rk4,50,5.0,39.0020848292,0.35,100.0,0.1
baseline,rk4,51,5.1,39.8378827728,0.35,100.0,0.1
baseline,rk4,52,5.2,40.6796467608,0.35,100.0,0.1
baseline,rk4,53,5.3,41.5269200348,0.35,100.0,0.1
baseline,rk4,54,5.4,42.37923305,0.35,100.0,0.1
baseline,rk4,55,5.5,43.2361044536,0.35,100.0,0.1
baseline,rk4,56,5.6,44.0970421206,0.35,100.0,0.1
baseline,rk4,57,5.7,44.9615442431,0.35,100.0,0.1
baseline,rk4,58,5.8,45.8291004687,0.35,100.0,0.1
baseline,rk4,59,5.9,46.6991930809,0.35,100.0,0.1
baseline,rk4,60,6.0,47.5712982182,0.35,100.0,0.1
baseline,rk4,61,6.1,48.4448871235,0.35,100.0,0.1
baseline,rk4,62,6.2,49.3194274202,0.35,100.0,0.1
baseline,rk4,63,6.3,50.1943844052,0.35,100.0,0.1
baseline,rk4,64,6.4,51.0692223559,0.35,100.0,0.1
baseline,rk4,65,6.5,51.943405841,0.35,100.0,0.1
baseline,rk4,66,6.6,52.8164010303,0.35,100.0,0.1
baseline,rk4,67,6.7,53.6876769966,0.35,100.0,0.1
baseline,rk4,68,6.8,54.5567070019,0.35,100.0,0.1
baseline,rk4,69,6.9,55.4229697625,0.35,100.0,0.1
baseline,rk4,70,7.0,56.2859506854,0.35,100.0,0.1
baseline,rk4,71,7.1,57.1451430712,0.35,100.0,0.1
baseline,rk4,72,7.2,58.0000492767,0.35,100.0,0.1
baseline,rk4,73,7.3,58.8501818315,0.35,100.0,0.1
baseline,rk4,74,7.4,59.6950645046,0.35,100.0,0.1
baseline,rk4,75,7.5,60.5342333152,0.35,100.0,0.1
baseline,rk4,76,7.6,61.367237484,0.35,100.0,0.1
baseline,rk4,77,7.7,62.1936403209,0.35,100.0,0.1
baseline,rk4,78,7.8,63.0130200465,0.35,100.0,0.1
baseline,rk4,79,7.9,63.8249705439,0.35,100.0,0.1
baseline,rk4,80,8.0,64.6291020393,0.35,100.0,0.1
baseline,rk4,81,8.1,65.4250417094,0.35,100.0,0.1
baseline,rk4,82,8.2,66.2124342142,0.35,100.0,0.1
baseline,rk4,83,8.3,66.9909421557,0.35,100.0,0.1
baseline,rk4,84,8.4,67.7602464606,0.35,100.0,0.1
baseline,rk4,85,8.5,68.5200466901,0.35,100.0,0.1
baseline,rk4,86,8.6,69.2700612741,0.35,100.0,0.1
baseline,rk4,87,8.7,70.010027675,0.35,100.0,0.1
baseline,rk4,88,8.8,70.7397024801,0.35,100.0,0.1
baseline,rk4,89,8.9,71.4588614253,0.35,100.0,0.1
baseline,rk4,90,9.0,72.1672993536,0.35,100.0,0.1
baseline,rk4,91,9.1,72.8648301102,0.35,100.0,0.1
baseline,rk4,92,9.2,73.5512863774,0.35,100.0,0.1
baseline,rk4,93,9.3,74.2265194527,0.35,100.0,0.1
baseline,rk4,94,9.4,74.8903989739,0.35,100.0,0.1
baseline,rk4,95,9.5,75.542812594,0.35,100.0,0.1
baseline,rk4,96,9.6,76.1836656106,0.35,100.0,0.1
baseline,rk4,97,9.7,76.812880553,0.35,100.0,0.1
baseline,rk4,98,9.8,77.4303967311,0.35,100.0,0.1
baseline,rk4,99,9.9,78.0361697502,0.35,100.0,0.1
baseline,rk4,100,10.0,78.6301709947,0.35,100.0,0.1
baseline,rk4,101,10.1,79.212387086,0.35,100.0,0.1
baseline,rk4,102,10.2,79.782819317,0.35,100.0,0.1
baseline,rk4,103,10.3,80.3414830678,0.35,100.0,0.1
baseline,rk4,104,10.4,80.8884072052,0.35,100.0,0.1
baseline,rk4,105,10.5,81.423633471,0.35,100.0,0.1
baseline,rk4,106,10.6,81.9472158601,0.35,100.0,0.1
baseline,rk4,107,10.7,82.4592199939,0.35,100.0,0.1
baseline,rk4,108,10.8,82.9597224904,0.35,100.0,0.1
baseline,rk4,109,10.9,83.448810334,0.35,100.0,0.1
baseline,rk4,110,11.0,83.9265802483,0.35,100.0,0.1
baseline,rk4,111,11.1,84.3931380734,0.35,100.0,0.1
baseline,rk4,112,11.2,84.8485981502,0.35,100.0,0.1
baseline,rk4,113,11.3,85.2930827142,0.35,100.0,0.1
baseline,rk4,114,11.4,85.7267212998,0.35,100.0,0.1
baseline,rk4,115,11.5,86.1496501575,0.35,100.0,0.1
baseline,rk4,116,11.6,86.5620116846,0.35,100.0,0.1
baseline,rk4,117,11.7,86.9639538716,0.35,100.0,0.1
baseline,rk4,118,11.8,87.3556297649,0.35,100.0,0.1
baseline,rk4,119,11.9,87.7371969464,0.35,100.0,0.1
baseline,rk4,120,12.0,88.1088170317,0.35,100.0,0.1
baseline,rk4,121,12.1,88.4706551865,0.35,100.0,0.1
baseline,rk4,122,12.2,88.8228796626,0.35,100.0,0.1
baseline,rk4,123,12.3,89.1656613534,0.35,100.0,0.1
baseline,rk4,124,12.4,89.4991733689,0.35,100.0,0.1
baseline,rk4,125,12.5,89.8235906309,0.35,100.0,0.1
baseline,rk4,126,12.6,90.1390894882,0.35,100.0,0.1
baseline,rk4,127,12.7,90.4458473514,0.35,100.0,0.1
baseline,rk4,128,12.8,90.7440423479,0.35,100.0,0.1
baseline,rk4,129,12.9,91.0338529959,0.35,100.0,0.1
baseline,rk4,130,13.0,91.315457898,0.35,100.0,0.1
baseline,rk4,131,13.1,91.5890354535,0.35,100.0,0.1
baseline,rk4,132,13.2,91.854763589,0.35,100.0,0.1
baseline,rk4,133,13.3,92.1128195076,0.35,100.0,0.1
baseline,rk4,134,13.4,92.3633794545,0.35,100.0,0.1
baseline,rk4,135,13.5,92.6066185009,0.35,100.0,0.1
baseline,rk4,136,13.6,92.8427103429,0.35,100.0,0.1
baseline,rk4,137,13.7,93.0718271178,0.35,100.0,0.1
baseline,rk4,138,13.8,93.2941392338,0.35,100.0,0.1
baseline,rk4,139,13.9,93.509815216,0.35,100.0,0.1
baseline,rk4,140,14.0,93.7190215656,0.35,100.0,0.1
baseline,rk4,141,14.1,93.9219226324,0.35,100.0,0.1
baseline,rk4,142,14.2,94.1186805002,0.35,100.0,0.1
baseline,rk4,143,14.3,94.3094548848,0.35,100.0,0.1
baseline,rk4,144,14.4,94.4944030428,0.35,100.0,0.1
baseline,rk4,145,14.5,94.6736796919,0.35,100.0,0.1
baseline,rk4,146,14.6,94.8474369413,0.35,100.0,0.1
baseline,rk4,147,14.7,95.0158242319,0.35,100.0,0.1
baseline,rk4,148,14.8,95.1789882858,0.35,100.0,0.1
baseline,rk4,149,14.9,95.3370730642,0.35,100.0,0.1
baseline,rk4,150,15.0,95.4902197337,0.35,100.0,0.1
baseline,rk4,151,15.1,95.6385666401,0.35,100.0,0.1
baseline,rk4,152,15.2,95.782249289,0.35,100.0,0.1
baseline,rk4,153,15.3,95.9214003337,0.35,100.0,0.1
baseline,rk4,154,15.4,96.0561495681,0.35,100.0,0.1
baseline,rk4,155,15.5,96.1866239269,0.35,100.0,0.1
baseline,rk4,156,15.6,96.3129474893,0.35,100.0,0.1
baseline,rk4,157,15.7,96.4352414888,0.35,100.0,0.1
baseline,rk4,158,15.8,96.5536243271,0.35,100.0,0.1
baseline,rk4,159,15.9,96.668211592,0.35,100.0,0.1
baseline,rk4,160,16.0,96.779116079,0.35,100.0,0.1
low_growth,euler,0,0.0,10.0,0.2,100.0,0.1
low_growth,euler,1,0.1,10.18,0.2,100.0,0.1
low_growth,euler,2,0.2,10.36287352,0.2,100.0,0.1
low_growth,euler,3,0.3,10.5486531609,0.2,100.0,0.1
low_growth,euler,4,0.4,10.7373714074,0.2,100.0,0.1
low_growth,euler,5,0.5,10.9290606066,0.2,100.0,0.1
low_growth,euler,6,0.6,11.1237529456,0.2,100.0,0.1
low_growth,euler,7,0.7,11.3214804286,0.2,100.0,0.1
low_growth,euler,8,0.8,11.5222748533,0.2,100.0,0.1
low_growth,euler,9,0.9,11.7261677868,0.2,100.0,0.1
low_growth,euler,10,1.0,11.9331905404,0.2,100.0,0.1
low_growth,euler,11,1.1,12.1433741439,0.2,100.0,0.1
low_growth,euler,12,1.2,12.3567493196,0.2,100.0,0.1
low_growth,euler,13,1.3,12.5733464553,0.2,100.0,0.1
low_growth,euler,14,1.4,12.7931955762,0.2,100.0,0.1
low_growth,euler,15,1.5,13.0163263171,0.2,100.0,0.1
low_growth,euler,16,1.6,13.2427678933,0.2,100.0,0.1
low_growth,euler,17,1.7,13.4725490708,0.2,100.0,0.1
low_growth,euler,18,1.8,13.7056981366,0.2,100.0,0.1
low_growth,euler,19,1.9,13.942242867,0.2,100.0,0.1
low_growth,euler,20,2.0,14.1822104971,0.2,100.0,0.1
low_growth,euler,21,2.1,14.4256276882,0.2,100.0,0.1
low_growth,euler,22,2.2,14.6725204951,0.2,100.0,0.1
low_growth,euler,23,2.3,14.9229143334,0.2,100.0,0.1
low_growth,euler,24,2.4,15.1768339457,0.2,100.0,0.1
low_growth,euler,25,2.5,15.4343033669,0.2,100.0,0.1
low_growth,euler,26,2.6,15.6953458901,0.2,100.0,0.1
low_growth,euler,27,2.7,15.9599840314,0.2,100.0,0.1
low_growth,euler,28,2.8,16.228239494,0.2,100.0,0.1
low_growth,euler,29,2.9,16.5001331324,0.2,100.0,0.1
low_growth,euler,30,3.0,16.7756849164,0.2,100.0,0.1
low_growth,euler,31,3.1,17.0549138938,0.2,100.0,0.1
low_growth,euler,32,3.2,17.3378381541,0.2,100.0,0.1
low_growth,euler,33,3.3,17.6244747909,0.2,100.0,0.1
low_growth,euler,34,3.4,17.9148398643,0.2,100.0,0.1
low_growth,euler,35,3.5,18.2089483642,0.2,100.0,0.1
low_growth,euler,36,3.6,18.5068141713,0.2,100.0,0.1
low_growth,euler,37,3.7,18.8084500206,0.2,100.0,0.1
low_growth,euler,38,3.8,19.1138674626,0.2,100.0,0.1
low_growth,euler,39,3.9,19.423076826,0.2,100.0,0.1
low_growth,euler,40,4.0,19.7360871798,0.2,100.0,0.1
low_growth,euler,41,4.1,20.052906296,0.2,100.0,0.1
low_growth,euler,42,4.2,20.3735406117,0.2,100.0,0.1
low_growth,euler,43,4.3,20.6979951925,0.2,100.0,0.1
low_growth,euler,44,4.4,21.0262736954,0.2,100.0,0.1
low_growth,euler,45,4.5,21.3583783322,0.2,100.0,0.1
low_growth,euler,46,4.6,21.6943098338,0.2,100.0,0.1
low_growth,euler,47,4.7,22.0340674147,0.2,100.0,0.1
low_growth,euler,48,4.8,22.3776487376,0.2,100.0,0.1
low_growth,euler,49,4.9,22.7250498797,0.2,100.0,0.1
low_growth,euler,50,5.0,23.0762652989,0.2,100.0,0.1
low_growth,euler,51,5.1,23.4312878009,0.2,100.0,0.1
low_growth,euler,52,5.2,23.7901085073,0.2,100.0,0.1
low_growth,euler,53,5.3,24.1527168249,0.2,100.0,0.1
low_growth,euler,54,5.4,24.5191004154,0.2,100.0,0.1
low_growth,euler,55,5.5,24.8892451666,0.2,100.0,0.1
low_growth,euler,56,5.6,25.263135165,0.2,100.0,0.1
low_growth,euler,57,5.7,25.6407526686,0.2,100.0,0.1
low_growth,euler,58,5.8,26.0220780825,0.2,100.0,0.1
low_growth,euler,59,5.9,26.4070899346,0.2,100.0,0.1
low_growth,euler,60,6.0,26.7957648535,0.2,100.0,0.1
low_growth,euler,61,6.1,27.1880775478,0.2,100.0,0.1
low_growth,euler,62,6.2,27.5840007866,0.2,100.0,0.1
low_growth,euler,63,6.3,27.9835053824,0.2,100.0,0.1
low_growth,euler,64,6.4,28.3865601754,0.2,100.0,0.1
low_growth,euler,65,6.5,28.7931320192,0.2,100.0,0.1
low_growth,euler,66,6.6,29.2031857693,0.2,100.0,0.1
low_growth,euler,67,6.7,29.6166842728,0.2,100.0,0.1
low_growth,euler,68,6.8,30.0335883608,0.2,100.0,0.1
low_growth,euler,69,6.9,30.4538568421,0.2,100.0,0.1
low_growth,euler,70,7.0,30.8774464996,0.2,100.0,0.1
low_growth,euler,71,7.1,31.3043120891,0.2,100.0,0.1
low_growth,euler,72,7.2,31.7344063399,0.2,100.0,0.1
low_growth,euler,73,7.3,32.1676799575,0.2,100.0,0.1
low_growth,euler,74,7.4,32.6040816299,0.2,100.0,0.1
low_growth,euler,75,7.5,33.0435580347,0.2,100.0,0.1
low_growth,euler,76,7.6,33.4860538499,0.2,100.0,0.1
low_growth,euler,77,7.7,33.9315117664,0.2,100.0,0.1
low_growth,euler,78,7.8,34.3798725036,0.2,100.0,0.1
low_growth,euler,79,7.9,34.831074827,0.2,100.0,0.1
low_growth,euler,80,8.0,35.2850555688,0.2,100.0,0.1
low_growth,euler,81,8.1,35.7417496509,0.2,100.0,0.1
low_growth,euler,82,8.2,36.2010901102,0.2,100.0,0.1
low_growth,euler,83,8.3,36.6630081274,0.2,100.0,0.1
low_growth,euler,84,8.4,37.127433057,0.2,100.0,0.1
low_growth,euler,85,8.5,37.594292461,0.2,100.0,0.1
low_growth,euler,86,8.6,38.0635121451,0.2,100.0,0.1
low_growth,euler,87,8.7,38.5350161967,0.2,100.0,0.1
low_growth,euler,88,8.8,39.0087270259,0.2,100.0,0.1
low_growth,euler,89,8.9,39.4845654096,0.2,100.0,0.1
low_growth,euler,90,9.0,39.9624505367,0.2,100.0,0.1
low_growth,euler,91,9.1,40.4423000569,0.2,100.0,0.1
low_growth,euler,92,9.2,40.9240301312,0.2,100.0,0.1
low_growth,euler,93,9.3,41.4075554854,0.2,100.0,0.1
low_growth,euler,94,9.4,41.8927894649,0.2,100.0,0.1
low_growth,euler,95,9.5,42.3796440923,0.2,100.0,0.1
low_growth,euler,96,9.6,42.8680301275,0.2,100.0,0.1
low_growth,euler,97,9.7,43.3578571286,0.2,100.0,0.1
low_growth,euler,98,9.8,43.8490335163,0.2,100.0,0.1
low_growth,euler,99,9.9,44.3414666385,0.2,100.0,0.1
low_growth,euler,100,10.0,44.8350628386,0.2,100.0,0.1
low_growth,euler,101,10.1,45.3297275234,0.2,100.0,0.1
low_growth,euler,102,10.2,45.8253652344,0.2,100.0,0.1
low_growth,euler,103,10.3,46.3218797193,0.2,100.0,0.1
low_growth,euler,104,10.4,46.8191740055,0.2,100.0,0.1
low_growth,euler,105,10.5,47.3171504747,0.2,100.0,0.1
low_growth,euler,106,10.6,47.8157109384,0.2,100.0,0.1
low_growth,euler,107,10.7,48.3147567147,0.2,100.0,0.1
low_growth,euler,108,10.8,48.8141887057,0.2,100.0,0.1
low_growth,euler,109,10.9,49.313907476,0.2,100.0,0.1
low_growth,euler,110,11.0,49.8138133314,0.2,100.0,0.1
low_growth,euler,111,11.1,50.3138063983,0.2,100.0,0.1
low_growth,euler,112,11.2,50.8137867034,0.2,100.0,0.1
low_growth,euler,113,11.3,51.3136542537,0.2,100.0,0.1
low_growth,euler,114,11.4,51.8133091162,0.2,100.0,0.1
low_growth,euler,115,11.5,52.3126514982,0.2,100.0,0.1
low_growth,euler,116,11.6,52.8115818268,0.2,100.0,0.1
low_growth,euler,117,11.7,53.3100008283,0.2,100.0,0.1
low_growth,euler,118,11.8,53.8078096072,0.2,100.0,0.1
low_growth,euler,119,11.9,54.3049097244,0.2,100.0,0.1
low_growth,euler,120,12.0,54.8012032749,0.2,100.0,0.1
low_growth,euler,121,12.1,55.2965929643,0.2,100.0,0.1
low_growth,euler,122,12.2,55.7909821849,0.2,100.0,0.1
low_growth,euler,123,12.3,56.28427509,0.2,100.0,0.1
low_growth,euler,124,12.4,56.7763766673,0.2,100.0,0.1
low_growth,euler,125,12.5,57.2671928111,0.2,100.0,0.1
low_growth,euler,126,12.6,57.7566303929,0.2,100.0,0.1
low_growth,euler,127,12.7,58.2445973298,0.2,100.0,0.1
low_growth,euler,128,12.8,58.7310026528,0.2,100.0,0.1
low_growth,euler,129,12.9,59.2157565714,0.2,100.0,0.1
low_growth,euler,130,13.0,59.6987705375,0.2,100.0,0.1
low_growth,euler,131,13.1,60.1799573075,0.2,100.0,0.1
low_growth,euler,132,13.2,60.6592310014,0.2,100.0,0.1
low_growth,euler,133,13.3,61.1365071603,0.2,100.0,0.1
low_growth,euler,134,13.4,61.6117028019,0.2,100.0,0.1
low_growth,euler,135,13.5,62.0847364735,0.2,100.0,0.1
low_growth,euler,136,13.6,62.5555283024,0.2,100.0,0.1
low_growth,euler,137,13.7,63.0240000442,0.2,100.0,0.1
low_growth,euler,138,13.8,63.4900751288,0.2,100.0,0.1
low_growth,euler,139,13.9,63.9536787034,0.2,100.0,0.1
low_growth,euler,140,14.0,64.4147376735,0.2,100.0,0.1
low_growth,euler,141,14.1,64.8731807411,0.2,100.0,0.1
low_growth,euler,142,14.2,65.32893844,0.2,100.0,0.1
low_growth,euler,143,14.3,65.7819431693,0.2,100.0,0.1
low_growth,euler,144,14.4,66.2321292232,0.2,100.0,0.1
low_growth,euler,145,14.5,66.6794328194,0.2,100.0,0.1
low_growth,euler,146,14.6,67.1237921236,0.2,100.0,0.1
low_growth,euler,147,14.7,67.5651472722,0.2,100.0,0.1
low_growth,euler,148,14.8,68.0034403925,0.2,100.0,0.1
low_growth,euler,149,14.9,68.4386156193,0.2,100.0,0.1
low_growth,euler,150,15.0,68.8706191101,0.2,100.0,0.1
low_growth,euler,151,15.1,69.299399057,0.2,100.0,0.1
low_growth,euler,152,15.2,69.7249056962,0.2,100.0,0.1
low_growth,euler,153,15.3,70.1470913152,0.2,100.0,0.1
low_growth,euler,154,15.4,70.5659102576,0.2,100.0,0.1
low_growth,euler,155,15.5,70.9813189246,0.2,100.0,0.1
low_growth,euler,156,15.6,71.3932757758,0.2,100.0,0.1
low_growth,euler,157,15.7,71.8017413262,0.2,100.0,0.1
low_growth,euler,158,15.8,72.2066781412,0.2,100.0,0.1
low_growth,euler,159,15.9,72.6080508304,0.2,100.0,0.1
low_growth,euler,160,16.0,73.0058260379,0.2,100.0,0.1
low_growth,rk4,0,0.0,10.0,0.2,100.0,0.1
low_growth,rk4,1,0.1,10.1814455158,0.2,100.0,0.1
low_growth,rk4,2,0.2,10.3658040926,0.2,100.0,0.1
low_growth,rk4,3,0.3,10.5531086854,0.2,100.0,0.1
low_growth,rk4,4,0.4,10.7433921136,0.2,100.0,0.1
low_growth,rk4,5,0.5,10.9366870384,0.2,100.0,0.1
low_growth,rk4,6,0.6,11.1330259393,0.2,100.0,0.1
low_growth,rk4,7,0.7,11.3324410902,0.2,100.0,0.1
low_growth,rk4,8,0.8,11.5349645344,0.2,100.0,0.1
low_growth,rk4,9,0.9,11.7406280591,0.2,100.0,0.1
low_growth,rk4,10,1.0,11.9494631696,0.2,100.0,0.1
low_growth,rk4,11,1.1,12.1615010621,0.2,100.0,0.1
low_growth,rk4,12,1.2,12.3767725962,0.2,100.0,0.1
low_growth,rk4,13,1.3,12.595308267,0.2,100.0,0.1
low_growth,rk4,14,1.4,12.8171381757,0.2,100.0,0.1
low_growth,rk4,15,1.5,13.0422920005,0.2,100.0,0.1
low_growth,rk4,16,1.6,13.2707989661,0.2,100.0,0.1
low_growth,rk4,17,1.7,13.5026878131,0.2,100.0,0.1
low_growth,rk4,18,1.8,13.7379867662,0.2,100.0,0.1
low_growth,rk4,19,1.9,13.9767235024,0.2,100.0,0.1
low_growth,rk4,20,2.0,14.2189251181,0.2,100.0,0.1
low_growth,rk4,21,2.1,14.4646180961,0.2,100.0,0.1
low_growth,rk4,22,2.2,14.7138282714,0.2,100.0,0.1
low_growth,rk4,23,2.3,14.9665807969,0.2,100.0,0.1
low_growth,rk4,24,2.4,15.222900109,0.2,100.0,0.1
low_growth,rk4,25,2.5,15.4828098916,0.2,100.0,0.1
low_growth,rk4,26,2.6,15.7463330405,0.2,100.0,0.1
low_growth,rk4,27,2.7,16.0134916274,0.2,100.0,0.1
low_growth,rk4,28,2.8,16.2843068627,0.2,100.0,0.1
low_growth,rk4,29,2.9,16.5587990591,0.2,100.0,0.1
low_growth,rk4,30,3.0,16.8369875937,0.2,100.0,0.1
low_growth,rk4,31,3.1,17.1188908708,0.2,100.0,0.1
low_growth,rk4,32,3.2,17.4045262839,0.2,100.0,0.1
low_growth,rk4,33,3.3,17.6939101773,0.2,100.0,0.1
low_growth,rk4,34,3.4,17.9870578085,0.2,100.0,0.1
low_growth,rk4,35,3.5,18.2839833091,0.2,100.0,0.1
low_growth,rk4,36,3.6,18.5846996471,0.2,100.0,0.1
low_growth,rk4,37,3.7,18.8892185879,0.2,100.0,0.1
low_growth,rk4,38,3.8,19.1975506564,0.2,100.0,0.1
low_growth,rk4,39,3.9,19.5097050984,0.2,100.0,0.1
low_growth,rk4,40,4.0,19.8256898425,0.2,100.0,0.1
low_growth,rk4,41,4.1,20.1455114623,0.2,100.0,0.1
low_growth,rk4,42,4.2,20.469175139,0.2,100.0,0.1
low_growth,rk4,43,4.3,20.7966846236,0.2,100.0,0.1
low_growth,rk4,44,4.4,21.1280422005,0.2,100.0,0.1
low_growth,rk4,45,4.5,21.4632486507,0.2,100.0,0.1
low_growth,rk4,46,4.6,21.8023032165,0.2,100.0,0.1
low_growth,rk4,47,4.7,22.1452035657,0.2,100.0,0.1
low_growth,rk4,48,4.8,22.4919457573,0.2,100.0,0.1
low_growth,rk4,49,4.9,22.8425242079,0.2,100.0,0.1
low_growth,rk4,50,5.0,23.1969316583,0.2,100.0,0.1
low_growth,rk4,51,5.1,23.555159142,0.2,100.0,0.1
low_growth,rk4,52,5.2,23.9171959536,0.2,100.0,0.1
low_growth,rk4,53,5.3,24.2830296193,0.2,100.0,0.1
low_growth,rk4,54,5.4,24.6526458676,0.2,100.0,0.1
low_growth,rk4,55,5.5,25.0260286021,0.2,100.0,0.1
low_growth,rk4,56,5.6,25.4031598746,0.2,100.0,0.1
low_growth,rk4,57,5.7,25.7840198609,0.2,100.0,0.1
low_growth,rk4,58,5.8,26.1685868364,0.2,100.0,0.1
low_growth,rk4,59,5.9,26.5568371548,0.2,100.0,0.1
low_growth,rk4,60,6.0,26.9487452272,0.2,100.0,0.1
low_growth,rk4,61,6.1,27.344283504,0.2,100.0,0.1
low_growth,rk4,62,6.2,27.7434224572,0.2,100.0,0.1
low_growth,rk4,63,6.3,28.1461305656,0.2,100.0,0.1
low_growth,rk4,64,6.4,28.5523743018,0.2,100.0,0.1
low_growth,rk4,65,6.5,28.9621181205,0.2,100.0,0.1
low_growth,rk4,66,6.6,29.3753244493,0.2,100.0,0.1
low_growth,rk4,67,6.7,29.7919536819,0.2,100.0,0.1
low_growth,rk4,68,6.8,30.2119641726,0.2,100.0,0.1
low_growth,rk4,69,6.9,30.635312234,0.2,100.0,0.1
low_growth,rk4,70,7.0,31.0619521359,0.2,100.0,0.1
low_growth,rk4,71,7.1,31.4918361077,0.2,100.0,0.1
low_growth,rk4,72,7.2,31.9249143422,0.2,100.0,0.1
low_growth,rk4,73,7.3,32.3611350024,0.2,100.0,0.1
low_growth,rk4,74,7.4,32.8004442303,0.2,100.0,0.1
low_growth,rk4,75,7.5,33.2427861588,0.2,100.0,0.1
low_growth,rk4,76,7.6,33.6881029254,0.2,100.0,0.1
low_growth,rk4,77,7.7,34.1363346892,0.2,100.0,0.1
low_growth,rk4,78,7.8,34.5874196499,0.2,100.0,0.1
low_growth,rk4,79,7.9,35.0412940693,0.2,100.0,0.1
low_growth,rk4,80,8.0,35.4978922965,0.2,100.0,0.1
low_growth,rk4,81,8.1,35.9571467941,0.2,100.0,0.1
low_growth,rk4,82,8.2,36.4189881683,0.2,100.0,0.1
low_growth,rk4,83,8.3,36.883345201,0.2,100.0,0.1
low_growth,rk4,84,8.4,37.3501448845,0.2,100.0,0.1
low_growth,rk4,85,8.5,37.8193124591,0.2,100.0,0.1
low_growth,rk4,86,8.6,38.290771453,0.2,100.0,0.1
low_growth,rk4,87,8.7,38.7644437247,0.2,100.0,0.1
low_growth,rk4,88,8.8,39.2402495081,0.2,100.0,0.1
low_growth,rk4,89,8.9,39.7181074599,0.2,100.0,0.1
low_growth,rk4,90,9.0,40.1979347093,0.2,100.0,0.1
low_growth,rk4,91,9.1,40.6796469104,0.2,100.0,0.1
low_growth,rk4,92,9.2,41.1631582964,0.2,100.0,0.1
low_growth,rk4,93,9.3,41.6483817366,0.2,100.0,0.1
low_growth,rk4,94,9.4,42.1352287951,0.2,100.0,0.1
low_growth,rk4,95,9.5,42.6236097915,0.2,100.0,0.1
low_growth,rk4,96,9.6,43.1134338643,0.2,100.0,0.1
low_growth,rk4,97,9.7,43.6046090353,0.2,100.0,0.1
low_growth,rk4,98,9.8,44.0970422764,0.2,100.0,0.1
low_growth,rk4,99,9.9,44.5906395781,0.2,100.0,0.1
low_growth,rk4,100,10.0,45.085306019,0.2,100.0,0.1
low_growth,rk4,101,10.1,45.580945838,0.2,100.0,0.1
low_growth,rk4,102,10.2,46.0774625064,0.2,100.0,0.1
low_growth,rk4,103,10.3,46.5747588025,0.2,100.0,0.1
low_growth,rk4,104,10.4,47.0727368868,0.2,100.0,0.1
low_growth,rk4,105,10.5,47.5712983785,0.2,100.0,0.1
low_growth,rk4,106,10.6,48.0703444321,0.2,100.0,0.1
low_growth,rk4,107,10.7,48.5697758165,0.2,100.0,0.1
low_growth,rk4,108,10.8,49.0694929926,0.2,100.0,0.1
low_growth,rk4,109,10.9,49.5693961932,0.2,100.0,0.1
low_growth,rk4,110,11.0,50.0693855025,0.2,100.0,0.1
low_growth,rk4,111,11.1,50.5693609357,0.2,100.0,0.1
low_growth,rk4,112,11.2,51.069222519,0.2,100.0,0.1
low_growth,rk4,113,11.3,51.5688703698,0.2,100.0,0.1
low_growth,rk4,114,11.4,52.0682047764,0.2,100.0,0.1
low_growth,rk4,115,11.5,52.5671262772,0.2,100.0,0.1
low_growth,rk4,116,11.6,53.0655357401,0.2,100.0,0.1
low_growth,rk4,117,11.7,53.5633344411,0.2,100.0,0.1
low_growth,rk4,118,11.8,54.0604241416,0.2,100.0,0.1
low_growth,rk4,119,11.9,54.5567071662,0.2,100.0,0.1
low_growth,rk4,120,12.0,55.0520864779,0.2,100.0,0.1
low_growth,rk4,121,12.1,55.5464657537,0.2,100.0,0.1
low_growth,rk4,122,12.2,56.0397494583,0.2,100.0,0.1
low_growth,rk4,123,12.3,56.5318429163,0.2,100.0,0.1
low_growth,rk4,124,12.4,57.0226523836,0.2,100.0,0.1
low_growth,rk4,125,12.5,57.5120851167,0.2,100.0,0.1
low_growth,rk4,126,12.6,58.0000494408,0.2,100.0,0.1
low_growth,rk4,127,12.7,58.4864548157,0.2,100.0,0.1
low_growth,rk4,128,12.8,58.9712119003,0.2,100.0,0.1
low_growth,rk4,129,12.9,59.4542326149,0.2,100.0,0.1
low_growth,rk4,130,13.0,59.9354302014,0.2,100.0,0.1
low_growth,rk4,131,13.1,60.4147192818,0.2,100.0,0.1
low_growth,rk4,132,13.2,60.8920159143,0.2,100.0,0.1
low_growth,rk4,133,13.3,61.367237647,0.2,100.0,0.1
low_growth,rk4,134,13.4,61.8403035693,0.2,100.0,0.1
low_growth,rk4,135,13.5,62.3111343613,0.2,100.0,0.1
low_growth,rk4,136,13.6,62.7796523407,0.2,100.0,0.1
low_growth,rk4,137,13.7,63.2457815066,0.2,100.0,0.1
low_growth,rk4,138,13.8,63.7094475816,0.2,100.0,0.1
low_growth,rk4,139,13.9,64.1705780512,0.2,100.0,0.1
low_growth,rk4,140,14.0,64.6291022002,0.2,100.0,0.1
low_growth,rk4,141,14.1,65.0849511469,0.2,100.0,0.1
low_growth,rk4,142,14.2,65.5380578746,0.2,100.0,0.1
low_growth,rk4,143,14.3,65.9883572605,0.2,100.0,0.1
low_growth,rk4,144,14.4,66.4357861022,0.2,100.0,0.1
low_growth,rk4,145,14.5,66.8802831411,0.2,100.0,0.1
low_growth,rk4,146,14.6,67.3217890834,0.2,100.0,0.1
low_growth,rk4,147,14.7,67.7602466189,0.2,100.0,0.1
low_growth,rk4,148,14.8,68.1956004369,0.2,100.0,0.1
low_growth,rk4,149,14.9,68.6277972393,0.2,100.0,0.1
low_growth,rk4,150,15.0,69.0567857514,0.2,100.0,0.1
low_growth,rk4,151,15.1,69.482516731,0.2,100.0,0.1
low_growth,rk4,152,15.2,69.9049429732,0.2,100.0,0.1
low_growth,rk4,153,15.3,70.3240193149,0.2,100.0,0.1
low_growth,rk4,154,15.4,70.7397026354,0.2,100.0,0.1
low_growth,rk4,155,15.5,71.1519518554,0.2,100.0,0.1
low_growth,rk4,156,15.6,71.5607279337,0.2,100.0,0.1
low_growth,rk4,157,15.7,71.9659938613,0.2,100.0,0.1
low_growth,rk4,158,15.8,72.367714654,0.2,100.0,0.1
low_growth,rk4,159,15.9,72.7658573424,0.2,100.0,0.1
low_growth,rk4,160,16.0,73.16039096,0.2,100.0,0.1
high_growth,euler,0,0.0,10.0,0.5,100.0,0.1
high_growth,euler,1,0.1,10.45,0.5,100.0,0.1
high_growth,euler,2,0.2,10.91789875,0.5,100.0,0.1
high_growth,euler,3,0.3,11.4041934309,0.5,100.0,0.1
high_growth,euler,4,0.4,11.9093752886,0.5,100.0,0.1
high_growth,euler,5,0.5,12.4339274431,0.5,100.0,0.1
high_growth,euler,6,0.6,12.9783225395,0.5,100.0,0.1
high_growth,euler,7,0.7,13.5430202385,0.5,100.0,0.1
high_growth,euler,8,0.8,14.1284645518,0.5,100.0,0.1
high_growth,euler,9,0.9,14.7350810241,0.5,100.0,0.1
high_growth,euler,10,1.0,15.3632737689,0.5,100.0,0.1
high_growth,euler,11,1.1,16.0134223669,0.5,100.0,0.1
high_growth,euler,12,1.2,16.6858786373,0.5,100.0,0.1
high_growth,euler,13,1.3,17.3809632962,0.5,100.0,0.1
high_growth,euler,14,1.4,18.0989625185,0.5,100.0,0.1
high_growth,euler,15,1.5,18.8401244223,0.5,100.0,0.1
high_growth,euler,16,1.6,19.6046554993,0.5,100.0,0.1
high_growth,euler,17,1.7,20.3927170156,0.5,100.0,0.1
high_growth,euler,18,1.8,21.2044214127,0.5,100.0,0.1
high_growth,euler,19,1.9,22.0398287396,0.5,100.0,0.1
high_growth,euler,20,2.0,22.8989431512,0.5,100.0,0.1
high_growth,euler,21,2.1,23.78170951,0.5,100.0,0.1
high_growth,euler,22,2.2,24.6880101319,0.5,100.0,0.1
high_growth,euler,23,2.3,25.6176617164,0.5,100.0,0.1
high_growth,euler,24,2.4,26.5704125063,0.5,100.0,0.1
high_growth,euler,25,2.5,27.5459397212,0.5,100.0,0.1
high_growth,euler,26,2.6,28.5438473097,0.5,100.0,0.1
high_growth,euler,27,2.7,29.5636640656,0.5,100.0,0.1
high_growth,euler,28,2.8,30.6048421524,0.5,100.0,0.1
high_growth,euler,29,2.9,31.6667560784,0.5,100.0,0.1
high_growth,euler,30,3.0,32.7487021621,0.5,100.0,0.1
high_growth,euler,31,3.1,33.8498985235,0.5,100.0,0.1
high_growth,euler,32,3.2,34.9694856347,0.5,100.0,0.1
high_growth,euler,33,3.3,36.1065274536,0.5,100.0,0.1
high_growth,euler,34,3.4,37.2600131639,0.5,100.0,0.1
high_growth,euler,35,3.5,38.4288595316,0.5,100.0,0.1
high_growth,euler,36,3.6,39.6119138858,0.5,100.0,0.1
high_growth,euler,37,3.7,40.8079577192,0.5,100.0,0.1
high_growth,euler,38,3.8,42.0157108986,0.5,100.0,0.1
high_growth,euler,39,3.9,43.2338364623,0.5,100.0,0.1
high_growth,euler,40,4.0,44.4609459778,0.5,100.0,0.1
high_growth,euler,41,4.1,45.6956054181,0.5,100.0,0.1
high_growth,euler,42,4.2,46.9363415117,0.5,100.0,0.1
high_growth,euler,43,4.3,48.1816485101,0.5,100.0,0.1
high_growth,euler,44,4.4,49.429995309,0.5,100.0,0.1
high_growth,euler,45,4.5,50.6798328563,0.5,100.0,0.1
high_growth,euler,46,4.6,51.92960177,0.5,100.0,0.1
high_growth,euler,47,4.7,53.1777400885,0.5,100.0,0.1
high_growth,euler,48,4.8,54.4226910724,0.5,100.0,0.1
high_growth,euler,49,4.9,55.6629109743,0.5,100.0,0.1
high_growth,euler,50,5.0,56.8968766939,0.5,100.0,0.1
high_growth,euler,51,5.1,58.1230932399,0.5,100.0,0.1
high_growth,euler,52,5.2,59.340100918,0.5,100.0,0.1
high_growth,euler,53,5.3,60.5464821754,0.5,100.0,0.1
high_growth,euler,54,5.4,61.7408680323,0.5,100.0,0.1
high_growth,euler,55,5.5,62.9219440412,0.5,100.0,0.1
high_growth,euler,56,5.6,64.0884557223,0.5,100.0,0.1
high_growth,euler,57,5.7,65.23921343,0.5,100.0,0.1
high_growth,euler,58,5.8,66.373096617,0.5,100.0,0.1
high_growth,euler,59,5.9,67.4890574706,0.5,100.0,0.1
high_growth,euler,60,6.0,68.586123905,0.5,100.0,0.1
high_growth,euler,61,6.1,69.6634019041,0.5,100.0,0.1
high_growth,euler,62,6.2,70.7200772168,0.5,100.0,0.1
high_growth,euler,63,6.3,71.7554164169,0.5,100.0,0.1
high_growth,euler,64,6.4,72.7687673452,0.5,100.0,0.1
high_growth,euler,65,6.5,73.759558962,0.5,100.0,0.1
high_growth,euler,66,6.6,74.7273006409,0.5,100.0,0.1
high_growth,euler,67,6.7,75.6715809424,0.5,100.0,0.1
high_growth,euler,68,6.8,76.5920659084,0.5,100.0,0.1
high_growth,euler,69,6.9,77.4884969238,0.5,100.0,0.1
high_growth,euler,70,7.0,78.3606881922,0.5,100.0,0.1
high_growth,euler,71,7.1,79.2085238748,0.5,100.0,0.1
high_growth,euler,72,7.2,80.0319549413,0.5,100.0,0.1
high_growth,euler,73,7.3,80.8309957825,0.5,100.0,0.1
high_growth,euler,74,7.4,81.6057206321,0.5,100.0,0.1
high_growth,euler,75,7.5,82.3562598437,0.5,100.0,0.1
high_growth,euler,76,7.6,83.0827960682,0.5,100.0,0.1
high_growth,euler,77,7.7,83.7855603704,0.5,100.0,0.1
high_growth,euler,78,7.8,84.4648283256,0.5,100.0,0.1
high_growth,euler,79,7.9,85.1209161298,0.5,100.0,0.1
high_growth,euler,80,8.0,85.7541767549,0.5,100.0,0.1
high_growth,euler,81,8.1,86.3649961772,0.5,100.0,0.1
high_growth,euler,82,8.2,86.9537897037,0.5,100.0,0.1
high_growth,euler,83,8.3,87.520998417,0.5,100.0,0.1
high_growth,euler,84,8.4,88.0670857559,0.5,100.0,0.1
high_growth,euler,85,8.5,88.5925342469,0.5,100.0,0.1
high_growth,euler,86,8.6,89.0978423971,0.5,100.0,0.1
high_growth,euler,87,8.7,89.5835217571,0.5,100.0,0.1
high_growth,euler,88,8.8,90.0500941597,0.5,100.0,0.1
high_growth,euler,89,8.9,90.4980891386,0.5,100.0,0.1
high_growth,euler,90,9.0,90.9280415267,0.5,100.0,0.1
high_growth,euler,91,9.1,91.3404892351,0.5,100.0,0.1
high_growth,euler,92,9.2,91.73597121,0.5,100.0,0.1
high_growth,euler,93,9.3,92.1150255636,0.5,100.0,0.1
high_growth,euler,94,9.4,92.4781878744,0.5,100.0,0.1
high_growth,euler,95,9.5,92.8259896519,0.5,100.0,0.1
high_growth,euler,96,9.6,93.1589569571,0.5,100.0,0.1
high_growth,euler,97,9.7,93.4776091743,0.5,100.0,0.1
high_growth,euler,98,9.8,93.7824579245,0.5,100.0,0.1
high_growth,euler,99,9.9,94.0740061135,0.5,100.0,0.1
high_growth,euler,100,10.0,94.3527471061,0.5,100.0,0.1
high_growth,euler,101,10.1,94.6191640182,0.5,100.0,0.1
high_growth,euler,102,10.2,94.8737291193,0.5,100.0,0.1
high_growth,euler,103,10.3,95.1169033368,0.5,100.0,0.1
high_growth,euler,104,10.4,95.3491358534,0.5,100.0,0.1
high_growth,euler,105,10.5,95.5708637921,0.5,100.0,0.1
high_growth,euler,106,10.6,95.7825119787,0.5,100.0,0.1
high_growth,euler,107,10.7,95.9844927772,0.5,100.0,0.1
high_growth,euler,108,10.8,96.1772059892,0.5,100.0,0.1
high_growth,euler,109,10.9,96.3610388127,0.5,100.0,0.1
high_growth,euler,110,11.0,96.5363658528,0.5,100.0,0.1
high_growth,euler,111,11.1,96.7035491794,0.5,100.0,0.1
high_growth,euler,112,11.2,96.8629384265,0.5,100.0,0.1
high_growth,euler,113,11.3,97.0148709275,0.5,100.0,0.1
high_growth,euler,114,11.4,97.1596718833,0.5,100.0,0.1
high_growth,euler,115,11.5,97.2976545572,0.5,100.0,0.1
high_growth,euler,116,11.6,97.4291204939,0.5,100.0,0.1
high_growth,euler,117,11.7,97.5543597585,0.5,100.0,0.1
high_growth,euler,118,11.8,97.6736511925,0.5,100.0,0.1
high_growth,euler,119,11.9,97.7872626835,0.5,100.0,0.1
high_growth,euler,120,12.0,97.8954514461,0.5,100.0,0.1
high_growth,euler,121,12.1,97.9984643115,0.5,100.0,0.1
high_growth,euler,122,12.2,98.0965380233,0.5,100.0,0.1
high_growth,euler,123,12.3,98.1898995384,0.5,100.0,0.1
high_growth,euler,124,12.4,98.2787663297,0.5,100.0,0.1
high_growth,euler,125,12.5,98.3633466905,0.5,100.0,0.1
high_growth,euler,126,12.6,98.443840039,0.5,100.0,0.1
high_growth,euler,127,12.7,98.5204372201,0.5,100.0,0.1
high_growth,euler,128,12.8,98.5933208061,0.5,100.0,0.1
high_growth,euler,129,12.9,98.6626653926,0.5,100.0,0.1
high_growth,euler,130,13.0,98.728637891,0.5,100.0,0.1
high_growth,euler,131,13.1,98.7913978157,0.5,100.0,0.1
high_growth,euler,132,13.2,98.8510975653,0.5,100.0,0.1
high_growth,euler,133,13.3,98.9078826986,0.5,100.0,0.1
high_growth,euler,134,13.4,98.9618922036,0.5,100.0,0.1
high_growth,euler,135,13.5,99.0132587595,0.5,100.0,0.1
high_growth,euler,136,13.6,99.0621089924,0.5,100.0,0.1
high_growth,euler,137,13.7,99.108563723,0.5,100.0,0.1
high_growth,euler,138,13.8,99.1527382075,0.5,100.0,0.1
high_growth,euler,139,13.9,99.1947423709,0.5,100.0,0.1
high_growth,euler,140,14.0,99.2346810324,0.5,100.0,0.1
high_growth,euler,141,14.1,99.2726541242,0.5,100.0,0.1
high_growth,euler,142,14.2,99.308756902,0.5,100.0,0.1
high_growth,euler,143,14.3,99.3430801484,0.5,100.0,0.1
high_growth,euler,144,14.4,99.3757103691,0.5,100.0,0.1
high_growth,euler,145,14.5,99.4067299819,0.5,100.0,0.1
high_growth,euler,146,14.6,99.4362174982,0.5,100.0,0.1
high_growth,euler,147,14.7,99.4642476979,0.5,100.0,0.1
high_growth,euler,148,14.8,99.4908917977,0.5,100.0,0.1
high_growth,euler,149,14.9,99.5162176123,0.5,100.0,0.1
high_growth,euler,150,15.0,99.540289709,0.5,100.0,0.1
high_growth,euler,151,15.1,99.5631695567,0.5,100.0,0.1
high_growth,euler,152,15.2,99.5849156685,0.5,100.0,0.1
high_growth,euler,153,15.3,99.6055837376,0.5,100.0,0.1
high_growth,euler,154,15.4,99.6252267686,0.5,100.0,0.1
high_growth,euler,155,15.5,99.6438952027,0.5,100.0,0.1
high_growth,euler,156,15.6,99.6616370372,0.5,100.0,0.1
high_growth,euler,157,15.7,99.6784979406,0.5,100.0,0.1
high_growth,euler,158,15.8,99.6945213618,0.5,100.0,0.1
high_growth,euler,159,15.9,99.7097486351,0.5,100.0,0.1
high_growth,euler,160,16.0,99.7242190804,0.5,100.0,0.1
high_growth,rk4,0,0.0,10.0,0.5,100.0,0.1
high_growth,rk4,1,0.1,10.459086069,0.5,100.0,0.1
high_growth,rk4,2,0.2,10.9366870108,0.5,100.0,0.1
high_growth,rk4,3,0.3,11.4333122403,0.5,100.0,0.1
high_growth,rk4,4,0.4,11.9494631117,0.5,100.0,0.1
high_growth,rk4,5,0.5,12.4856304495,0.5,100.0,0.1
high_growth,rk4,6,0.6,13.0422919095,0.5,100.0,0.1
high_growth,rk4,7,0.7,13.6199091748,0.5,100.0,0.1
high_growth,rk4,8,0.8,14.2189249914,0.5,100.0,0.1
high_growth,rk4,9,0.9,14.8397600503,0.5,100.0,0.1
high_growth,rk4,10,1.0,15.4828097267,0.5,100.0,0.1
high_growth,rk4,11,1.1,16.1484406882,0.5,100.0,0.1
high_growth,rk4,12,1.2,16.8369873885,0.5,100.0,0.1
high_growth,rk4,13,1.3,17.5487484651,0.5,100.0,0.1
high_growth,rk4,14,1.4,18.283983062,0.5,100.0,0.1
high_growth,rk4,15,1.5,19.0429071044,0.5,100.0,0.1
high_growth,rk4,16,1.6,19.8256895522,0.5,100.0,0.1
high_growth,rk4,17,1.7,20.6324486655,0.5,100.0,0.1
high_growth,rk4,18,1.8,21.4632483164,0.5,100.0,0.1
high_growth,rk4,19,1.9,22.3180943849,0.5,100.0,0.1
high_growth,rk4,20,2.0,23.1969312798,0.5,100.0,0.1
high_growth,rk4,21,2.1,24.0996386287,0.5,100.0,0.1
high_growth,rk4,22,2.2,25.0260281798,0.5,100.0,0.1
high_growth,rk4,23,2.3,25.9758409637,0.5,100.0,0.1
high_growth,rk4,24,2.4,26.9487447621,0.5,100.0,0.1
high_growth,rk4,25,2.5,27.9443319293,0.5,100.0,0.1
high_growth,rk4,26,2.6,28.9621176141,0.5,100.0,0.1
high_growth,rk4,27,2.7,30.0015384263,0.5,100.0,0.1
high_growth,rk4,28,2.8,31.0619515904,0.5,100.0,0.1
high_growth,rk4,29,2.9,32.1426346239,0.5,100.0,0.1
high_growth,rk4,30,3.0,33.2427855769,0.5,100.0,0.1
high_growth,rk4,31,3.1,34.3615238595,0.5,100.0,0.1
high_growth,rk4,32,3.2,35.4978916814,0.5,100.0,0.1
high_growth,rk4,33,3.3,36.6508561184,0.5,100.0,0.1
high_growth,rk4,34,3.4,37.8193118143,0.5,100.0,0.1
high_growth,rk4,35,3.5,39.0020843168,0.5,100.0,0.1
high_growth,rk4,36,3.6,40.1979340387,0.5,100.0,0.1
high_growth,rk4,37,3.7,41.4055608251,0.5,100.0,0.1
high_growth,rk4,38,3.8,42.6236090991,0.5,100.0,0.1
high_growth,rk4,39,3.9,43.8506735487,0.5,100.0,0.1
high_growth,rk4,40,4.0,45.0853053089,0.5,100.0,0.1
high_growth,rk4,41,4.1,46.3260185849,0.5,100.0,0.1
high_growth,rk4,42,4.2,47.5712976547,0.5,100.0,0.1
high_growth,rk4,43,4.3,48.8196041825,0.5,100.0,0.1
high_growth,rk4,44,4.4,50.0693847691,0.5,100.0,0.1
high_growth,rk4,45,4.5,51.319078661,0.5,100.0,0.1
high_growth,rk4,46,4.6,52.5671255377,0.5,100.0,0.1
high_growth,rk4,47,4.7,53.811973294,0.5,100.0,0.1
high_growth,rk4,48,4.8,55.0520857357,0.5,100.0,0.1
high_growth,rk4,49,4.9,56.2859501074,0.5,100.0,0.1
high_growth,rk4,50,5.0,57.5120843749,0.5,100.0,0.1
high_growth,rk4,51,5.1,58.729044189,0.5,100.0,0.1
high_growth,rk4,52,5.2,59.9354294625,0.5,100.0,0.1
high_growth,rk4,53,5.3,61.1298905002,0.5,100.0,0.1
high_growth,rk4,54,5.4,62.3111336275,0.5,100.0,0.1
high_growth,rk4,55,5.5,63.4779262738,0.5,100.0,0.1
high_growth,rk4,56,5.6,64.6291014733,0.5,100.0,0.1
high_growth,rk4,57,5.7,65.7635617577,0.5,100.0,0.1
high_growth,rk4,58,5.8,66.8802824223,0.5,100.0,0.1
high_growth,rk4,59,5.9,67.9783141568,0.5,100.0,0.1
high_growth,rk4,60,6.0,69.0567850419,0.5,100.0,0.1
high_growth,rk4,61,6.1,70.1149019199,0.5,100.0,0.1
high_growth,rk4,62,6.2,71.1519511559,0.5,100.0,0.1
high_growth,rk4,63,6.3,72.1672988129,0.5,100.0,0.1
high_growth,rk4,64,6.4,73.1603902709,0.5,100.0,0.1
high_growth,rk4,65,6.5,74.1307493241,0.5,100.0,0.1
high_growth,rk4,66,6.6,75.0779767959,0.5,100.0,0.1
high_growth,rk4,67,6.7,76.0017487139,0.5,100.0,0.1
high_growth,rk4,68,6.8,76.9018140906,0.5,100.0,0.1
high_growth,rk4,69,6.9,77.7779923552,0.5,100.0,0.1
high_growth,rk4,70,7.0,78.6301704838,0.5,100.0,0.1
high_growth,rk4,71,7.1,79.4582998766,0.5,100.0,0.1
high_growth,rk4,72,7.2,80.2623930259,0.5,100.0,0.1
high_growth,rk4,73,7.3,81.0425200213,0.5,100.0,0.1
high_growth,rk4,74,7.4,81.7988049347,0.5,100.0,0.1
high_growth,rk4,75,7.5,82.5314221246,0.5,100.0,0.1
high_growth,rk4,76,7.6,83.240592499,0.5,100.0,0.1
high_growth,rk4,77,7.7,83.9265797695,0.5,100.0,0.1
high_growth,rk4,78,7.8,84.5896867298,0.5,100.0,0.1
high_growth,rk4,79,7.9,85.2302515864,0.5,100.0,0.1
high_growth,rk4,80,8.0,85.8486443647,0.5,100.0,0.1
high_growth,rk4,81,8.1,86.4452634156,0.5,100.0,0.1
high_growth,rk4,82,8.2,87.0205320369,0.5,100.0,0.1
high_growth,rk4,83,8.3,87.574895228,0.5,100.0,0.1
high_growth,rk4,84,8.4,88.1088165887,0.5,100.0,0.1
high_growth,rk4,85,8.5,88.6227753721,0.5,100.0,0.1
high_growth,rk4,86,8.6,89.1172636988,0.5,100.0,0.1
high_growth,rk4,87,8.7,89.5927839367,0.5,100.0,0.1
high_growth,rk4,88,8.8,90.0498462503,0.5,100.0,0.1
high_growth,rk4,89,8.9,90.4889663186,0.5,100.0,0.1
high_growth,rk4,90,9.0,90.9106632222,0.5,100.0,0.1
high_growth,rk4,91,9.1,91.3154574961,0.5,100.0,0.1
high_growth,rk4,92,9.2,91.7038693462,0.5,100.0,0.1
high_growth,rk4,93,9.3,92.0764170231,0.5,100.0,0.1
high_growth,rk4,94,9.4,92.4336153494,0.5,100.0,0.1
high_growth,rk4,95,9.5,92.7759743932,0.5,100.0,0.1
high_growth,rk4,96,9.6,93.1039982821,0.5,100.0,0.1
high_growth,rk4,97,9.7,93.4181841499,0.5,100.0,0.1
high_growth,rk4,98,9.8,93.7190212096,0.5,100.0,0.1
high_growth,rk4,99,9.9,94.0069899439,0.5,100.0,0.1
high_growth,rk4,100,10.0,94.2825614073,0.5,100.0,0.1
high_growth,rk4,101,10.1,94.546196631,0.5,100.0,0.1
high_growth,rk4,102,10.2,94.7983461241,0.5,100.0,0.1
high_growth,rk4,103,10.3,95.0394494631,0.5,100.0,0.1
high_growth,rk4,104,10.4,95.2699349636,0.5,100.0,0.1
high_growth,rk4,105,10.5,95.490219426,0.5,100.0,0.1
high_growth,rk4,106,10.6,95.7007079507,0.5,100.0,0.1
high_growth,rk4,107,10.7,95.901793814,0.5,100.0,0.1
high_growth,rk4,108,10.8,96.0938584015,0.5,100.0,0.1
high_growth,rk4,109,10.9,96.2772711912,0.5,100.0,0.1
high_growth,rk4,110,11.0,96.4523897821,0.5,100.0,0.1
high_growth,rk4,111,11.1,96.6195599634,0.5,100.0,0.1
high_growth,rk4,112,11.2,96.7791158192,0.5,100.0,0.1
high_growth,rk4,113,11.3,96.9313798647,0.5,100.0,0.1
high_growth,rk4,114,11.4,97.0766632099,0.5,100.0,0.1
high_growth,rk4,115,11.5,97.2152657471,0.5,100.0,0.1
high_growth,rk4,116,11.6,97.3474763587,0.5,100.0,0.1
high_growth,rk4,117,11.7,97.4735731427,0.5,100.0,0.1
high_growth,rk4,118,11.8,97.5938236516,0.5,100.0,0.1
high_growth,rk4,119,11.9,97.708485145,0.5,100.0,0.1
high_growth,rk4,120,12.0,97.8178048495,0.5,100.0,0.1
high_growth,rk4,121,12.1,97.9220202282,0.5,100.0,0.1
high_growth,rk4,122,12.2,98.0213592538,0.5,100.0,0.1
high_growth,rk4,123,12.3,98.1160406868,0.5,100.0,0.1
high_growth,rk4,124,12.4,98.2062743553,0.5,100.0,0.1
high_growth,rk4,125,12.5,98.2922614358,0.5,100.0,0.1
high_growth,rk4,126,12.6,98.3741947336,0.5,100.0,0.1
high_growth,rk4,127,12.7,98.4522589618,0.5,100.0,0.1
high_growth,rk4,128,12.8,98.5266310182,0.5,100.0,0.1
high_growth,rk4,129,12.9,98.5974802586,0.5,100.0,0.1
high_growth,rk4,130,13.0,98.6649687662,0.5,100.0,0.1
high_growth,rk4,131,13.1,98.7292516172,0.5,100.0,0.1
high_growth,rk4,132,13.2,98.7904771408,0.5,100.0,0.1
high_growth,rk4,133,13.3,98.8487871734,0.5,100.0,0.1
high_growth,rk4,134,13.4,98.9043173082,0.5,100.0,0.1
high_growth,rk4,135,13.5,98.9571971377,0.5,100.0,0.1
high_growth,rk4,136,13.6,99.0075504899,0.5,100.0,0.1
high_growth,rk4,137,13.7,99.0554956591,0.5,100.0,0.1
high_growth,rk4,138,13.8,99.1011456286,0.5,100.0,0.1
high_growth,rk4,139,13.9,99.1446082878,0.5,100.0,0.1
high_growth,rk4,140,14.0,99.1859866422,0.5,100.0,0.1
high_growth,rk4,141,14.1,99.2253790163,0.5,100.0,0.1
high_growth,rk4,142,14.2,99.2628792509,0.5,100.0,0.1
high_growth,rk4,143,14.3,99.298576892,0.5,100.0,0.1
high_growth,rk4,144,14.4,99.3325573747,0.5,100.0,0.1
high_growth,rk4,145,14.5,99.3649021997,0.5,100.0,0.1
high_growth,rk4,146,14.6,99.3956891036,0.5,100.0,0.1
high_growth,rk4,147,14.7,99.4249922226,0.5,100.0,0.1
high_growth,rk4,148,14.8,99.4528822507,0.5,100.0,0.1
high_growth,rk4,149,14.9,99.4794265909,0.5,100.0,0.1
high_growth,rk4,150,15.0,99.5046895016,0.5,100.0,0.1
high_growth,rk4,151,15.1,99.5287322363,0.5,100.0,0.1
high_growth,rk4,152,15.2,99.5516131779,0.5,100.0,0.1
high_growth,rk4,153,15.3,99.5733879683,0.5,100.0,0.1
high_growth,rk4,154,15.4,99.5941096315,0.5,100.0,0.1
high_growth,rk4,155,15.5,99.6138286928,0.5,100.0,0.1
high_growth,rk4,156,15.6,99.632593292,0.5,100.0,0.1
high_growth,rk4,157,15.7,99.650449293,0.5,100.0,0.1
high_growth,rk4,158,15.8,99.6674403872,0.5,100.0,0.1
high_growth,rk4,159,15.9,99.6836081941,0.5,100.0,0.1
high_growth,rk4,160,16.0,99.6989923564,0.5,100.0,0.1
lower_capacity,euler,0,0.0,10.0,0.35,70.0,0.1
lower_capacity,euler,1,0.1,10.3,0.35,70.0,0.1
lower_capacity,euler,2,0.2,10.607455,0.35,70.0,0.1
lower_capacity,euler,3,0.3,10.9224568742,0.35,70.0,0.1
lower_capacity,euler,4,0.4,11.2450928327,0.35,70.0,0.1
lower_capacity,euler,5,0.5,11.5754450255,0.35,70.0,0.1
lower_capacity,euler,6,0.6,11.9135901376,0.35,70.0,0.1
lower_capacity,euler,7,0.7,12.2595989774,0.35,70.0,0.1
lower_capacity,euler,8,0.8,12.6135360581,0.35,70.0,0.1
lower_capacity,euler,9,0.9,12.9754591742,0.35,70.0,0.1
lower_capacity,euler,10,1.0,13.3454189749,0.35,70.0,0.1
lower_capacity,euler,11,1.1,13.7234585352,0.35,70.0,0.1
lower_capacity,euler,12,1.2,14.1096129268,0.35,70.0,0.1
lower_capacity,euler,13,1.3,14.5039087908,0.35,70.0,0.1
lower_capacity,euler,14,1.4,14.9063639134,0.35,70.0,0.1
lower_capacity,euler,15,1.5,15.3169868078,0.35,70.0,0.1
lower_capacity,euler,16,1.6,15.7357763036,0.35,70.0,0.1
lower_capacity,euler,17,1.7,16.1627211463,0.35,70.0,0.1
lower_capacity,euler,18,1.8,16.597799609,0.35,70.0,0.1
lower_capacity,euler,19,1.9,17.0409791194,0.35,70.0,0.1
lower_capacity,euler,20,2.0,17.4922159039,0.35,70.0,0.1
lower_capacity,euler,21,2.1,17.9514546519,0.35,70.0,0.1
lower_capacity,euler,22,2.2,18.4186282027,0.35,70.0,0.1
lower_capacity,euler,23,2.3,18.8936572573,0.35,70.0,0.1
lower_capacity,euler,24,2.4,19.3764501191,0.35,70.0,0.1
lower_capacity,euler,25,2.5,19.8669024636,0.35,70.0,0.1
lower_capacity,euler,26,2.6,20.3648971431,0.35,70.0,0.1
lower_capacity,euler,27,2.7,20.8703040253,0.35,70.0,0.1
lower_capacity,euler,28,2.8,21.3829798711,0.35,70.0,0.1
lower_capacity,euler,29,2.9,21.9027682525,0.35,70.0,0.1
lower_capacity,euler,30,3.0,22.4294995128,0.35,70.0,0.1
lower_capacity,euler,31,3.1,22.9629907715,0.35,70.0,0.1
lower_capacity,euler,32,3.2,23.503045976,0.35,70.0,0.1
lower_capacity,euler,33,3.3,24.049456,0.35,70.0,0.1
lower_capacity,euler,34,3.4,24.6019987931,0.35,70.0,0.1
lower_capacity,euler,35,3.5,25.1604395785,0.35,70.0,0.1
lower_capacity,euler,36,3.6,25.7245311039,0.35,70.0,0.1
lower_capacity,euler,37,3.7,26.2940139423,0.35,70.0,0.1
lower_capacity,euler,38,3.8,26.8686168457,0.35,70.0,0.1
lower_capacity,euler,39,3.9,27.4480571497,0.35,70.0,0.1
lower_capacity,euler,40,4.0,28.0320412293,0.35,70.0,0.1
lower_capacity,euler,41,4.1,28.6202650045,0.35,70.0,0.1
lower_capacity,euler,42,4.2,29.2124144952,0.35,70.0,0.1
lower_capacity,euler,43,4.3,29.8081664222,0.35,70.0,0.1
lower_capacity,euler,44,4.4,30.4071888543,0.35,70.0,0.1
lower_capacity,euler,45,4.5,31.0091418972,0.35,70.0,0.1
lower_capacity,euler,46,4.6,31.613678423,0.35,70.0,0.1
lower_capacity,euler,47,4.7,32.2204448361,0.35,70.0,0.1
lower_capacity,euler,48,4.8,32.8290818726,0.35,70.0,0.1
lower_capacity,euler,49,4.9,33.4392254299,0.35,70.0,0.1
lower_capacity,euler,50,5.0,34.0505074212,0.35,70.0,0.1
lower_capacity,euler,51,5.1,34.6625566532,0.35,70.0,0.1
lower_capacity,euler,52,5.2,35.2749997192,0.35,70.0,0.1
lower_capacity,euler,53,5.3,35.8874619067,0.35,70.0,0.1
lower_capacity,euler,54,5.4,36.4995681124,0.35,70.0,0.1
lower_capacity,euler,55,5.5,37.1109437601,0.35,70.0,0.1
lower_capacity,euler,56,5.6,37.7212157184,0.35,70.0,0.1
lower_capacity,euler,57,5.7,38.3300132109,0.35,70.0,0.1
lower_capacity,euler,58,5.8,38.9369687169,0.35,70.0,0.1
lower_capacity,euler,59,5.9,39.5417188555,0.35,70.0,0.1
lower_capacity,euler,60,6.0,40.1439052505,0.35,70.0,0.1
lower_capacity,euler,61,6.1,40.7431753699,0.35,70.0,0.1
lower_capacity,euler,62,6.2,41.3391833382,0.35,70.0,0.1
lower_capacity,euler,63,6.3,41.9315907155,0.35,70.0,0.1
lower_capacity,euler,64,6.4,42.5200672406,0.35,70.0,0.1
lower_capacity,euler,65,6.5,43.1042915349,0.35,70.0,0.1
lower_capacity,euler,66,6.6,43.6839517643,0.35,70.0,0.1
lower_capacity,euler,67,6.7,44.2587462552,0.35,70.0,0.1
lower_capacity,euler,68,6.8,44.828384064,0.35,70.0,0.1
lower_capacity,euler,69,6.9,45.3925854974,0.35,70.0,0.1
lower_capacity,euler,70,7.0,45.9510825807,0.35,70.0,0.1
lower_capacity,euler,71,7.1,46.5036194759,0.35,70.0,0.1
lower_capacity,euler,72,7.2,47.0499528454,0.35,70.0,0.1
lower_capacity,euler,73,7.3,47.5898521636,0.35,70.0,0.1
lower_capacity,euler,74,7.4,48.1230999748,0.35,70.0,0.1
lower_capacity,euler,75,7.5,48.6494920983,0.35,70.0,0.1
lower_capacity,euler,76,7.6,49.1688377811,0.35,70.0,0.1
lower_capacity,euler,77,7.7,49.680959799,0.35,70.0,0.1
lower_capacity,euler,78,7.8,50.1856945087,0.35,70.0,0.1
lower_capacity,euler,79,7.9,50.6828918499,0.35,70.0,0.1
lower_capacity,euler,80,8.0,51.1724153015,0.35,70.0,0.1
lower_capacity,euler,81,8.1,51.6541417931,0.35,70.0,0.1
lower_capacity,euler,82,8.2,52.1279615737,0.35,70.0,0.1
lower_capacity,euler,83,8.3,52.5937780399,0.35,70.0,0.1
lower_capacity,euler,84,8.4,53.051507527,0.35,70.0,0.1
lower_capacity,euler,85,8.5,53.501079065,0.35,70.0,0.1
lower_capacity,euler,86,8.6,53.9424341017,0.35,70.0,0.1
lower_capacity,euler,87,8.7,54.3755261969,0.35,70.0,0.1
lower_capacity,euler,88,8.8,54.8003206892,0.35,70.0,0.1
lower_capacity,euler,89,8.9,55.2167943395,0.35,70.0,0.1
lower_capacity,euler,90,9.0,55.6249349528,0.35,70.0,0.1
lower_capacity,euler,91,9.1,56.0247409819,0.35,70.0,0.1
lower_capacity,euler,92,9.2,56.4162211152,0.35,70.0,0.1
lower_capacity,euler,93,9.3,56.7993938518,0.35,70.0,0.1
lower_capacity,euler,94,9.4,57.1742870656,0.35,70.0,0.1
lower_capacity,euler,95,9.5,57.5409375622,0.35,70.0,0.1
lower_capacity,euler,96,9.6,57.8993906291,0.35,70.0,0.1
lower_capacity,euler,97,9.7,58.2496995835,0.35,70.0,0.1
lower_capacity,euler,98,9.8,58.5919253182,0.35,70.0,0.1
lower_capacity,euler,99,9.9,58.9261358481,0.35,70.0,0.1
lower_capacity,euler,100,10.0,59.2524058597,0.35,70.0,0.1
lower_capacity,euler,101,10.1,59.5708162647,0.35,70.0,0.1
lower_capacity,euler,102,10.2,59.8814537588,0.35,70.0,0.1
lower_capacity,euler,103,10.3,60.1844103882,0.35,70.0,0.1
lower_capacity,euler,104,10.4,60.4797831249,0.35,70.0,0.1
lower_capacity,euler,105,10.5,60.7676734509,0.35,70.0,0.1
lower_capacity,euler,106,10.6,61.0481869533,0.35,70.0,0.1
lower_capacity,euler,107,10.7,61.3214329316,0.35,70.0,0.1
lower_capacity,euler,108,10.8,61.5875240158,0.35,70.0,0.1
lower_capacity,euler,109,10.9,61.8465757991,0.35,70.0,0.1
lower_capacity,euler,110,11.0,62.0987064831,0.35,70.0,0.1
lower_capacity,euler,111,11.1,62.3440365365,0.35,70.0,0.1
lower_capacity,euler,112,11.2,62.5826883695,0.35,70.0,0.1
lower_capacity,euler,113,11.3,62.8147860206,0.35,70.0,0.1
lower_capacity,euler,114,11.4,63.0404548599,0.35,70.0,0.1
lower_capacity,euler,115,11.5,63.2598213056,0.35,70.0,0.1
lower_capacity,euler,116,11.6,63.4730125555,0.35,70.0,0.1
lower_capacity,euler,117,11.7,63.6801563335,0.35,70.0,0.1
lower_capacity,euler,118,11.8,63.8813806498,0.35,70.0,0.1
lower_capacity,euler,119,11.9,64.0768135757,0.35,70.0,0.1
lower_capacity,euler,120,12.0,64.2665830318,0.35,70.0,0.1
lower_capacity,euler,121,12.1,64.4508165907,0.35,70.0,0.1
lower_capacity,euler,122,12.2,64.6296412917,0.35,70.0,0.1
lower_capacity,euler,123,12.3,64.8031834702,0.35,70.0,0.1
lower_capacity,euler,124,12.4,64.9715685977,0.35,70.0,0.1
lower_capacity,euler,125,12.5,65.1349211356,0.35,70.0,0.1
lower_capacity,euler,126,12.6,65.2933643997,0.35,70.0,0.1
lower_capacity,euler,127,12.7,65.4470204364,0.35,70.0,0.1
lower_capacity,euler,128,12.8,65.5960099096,0.35,70.0,0.1
lower_capacity,euler,129,12.9,65.7404519984,0.35,70.0,0.1
lower_capacity,euler,130,13.0,65.8804643039,0.35,70.0,0.1
lower_capacity,euler,131,13.1,66.0161627661,0.35,70.0,0.1
lower_capacity,euler,132,13.2,66.1476615897,0.35,70.0,0.1
lower_capacity,euler,133,13.3,66.2750731785,0.35,70.0,0.1
lower_capacity,euler,134,13.4,66.3985080773,0.35,70.0,0.1
lower_capacity,euler,135,13.5,66.5180749226,0.35,70.0,0.1
lower_capacity,euler,136,13.6,66.6338803992,0.35,70.0,0.1
lower_capacity,euler,137,13.7,66.7460292046,0.35,70.0,0.1
lower_capacity,euler,138,13.8,66.8546240195,0.35,70.0,0.1
lower_capacity,euler,139,13.9,66.9597654838,0.35,70.0,0.1
lower_capacity,euler,140,14.0,67.0615521789,0.35,70.0,0.1
lower_capacity,euler,141,14.1,67.1600806148,0.35,70.0,0.1
lower_capacity,euler,142,14.2,67.2554452222,0.35,70.0,0.1
lower_capacity,euler,143,14.3,67.347738349,0.35,70.0,0.1
lower_capacity,euler,144,14.4,67.4370502608,0.35,70.0,0.1
lower_capacity,euler,145,14.5,67.523469146,0.35,70.0,0.1
lower_capacity,euler,146,14.6,67.6070811234,0.35,70.0,0.1
lower_capacity,euler,147,14.7,67.6879702537,0.35,70.0,0.1
lower_capacity,euler,148,14.8,67.766218554,0.35,70.0,0.1
lower_capacity,euler,149,14.9,67.8419060149,0.35,70.0,0.1
lower_capacity,euler,150,15.0,67.9151106195,0.35,70.0,0.1
lower_capacity,euler,151,15.1,67.985908366,0.35,70.0,0.1
lower_capacity,euler,152,15.2,68.0543732906,0.35,70.0,0.1
lower_capacity,euler,153,15.3,68.1205774938,0.35,70.0,0.1
lower_capacity,euler,154,15.4,68.184591167,0.35,70.0,0.1
lower_capacity,euler,155,15.5,68.2464826216,0.35,70.0,0.1
lower_capacity,euler,156,15.6,68.3063183182,0.35,70.0,0.1
lower_capacity,euler,157,15.7,68.3641628983,0.35,70.0,0.1
lower_capacity,euler,158,15.8,68.4200792153,0.35,70.0,0.1
lower_capacity,euler,159,15.9,68.4741283679,0.35,70.0,0.1
lower_capacity,euler,160,16.0,68.5263697329,0.35,70.0,0.1
lower_capacity,rk4,0,0.0,10.0,0.35,70.0,0.1
lower_capacity,rk4,1,0.1,10.3037660653,0.35,70.0,0.1
lower_capacity,rk4,2,0.2,10.6151270156,0.35,70.0,0.1
lower_capacity,rk4,3,0.3,10.9341733826,0.35,70.0,0.1
lower_capacity,rk4,4,0.4,11.2609905766,0.35,70.0,0.1
lower_capacity,rk4,5,0.5,11.5956584695,0.35,70.0,0.1
lower_capacity,rk4,6,0.6,11.9382509703,0.35,70.0,0.1
lower_capacity,rk4,7,0.7,12.2888355936,0.35,70.0,0.1
lower_capacity,rk4,8,0.8,12.6474730243,0.35,70.0,0.1
lower_capacity,rk4,9,0.9,13.0142166776,0.35,70.0,0.1
lower_capacity,rk4,10,1.0,13.3891122586,0.35,70.0,0.1
lower_capacity,rk4,11,1.1,13.7721973208,0.35,70.0,0.1
lower_capacity,rk4,12,1.2,14.163500828,0.35,70.0,0.1
lower_capacity,rk4,13,1.3,14.563042719,0.35,70.0,0.1
lower_capacity,rk4,14,1.4,14.9708334793,0.35,70.0,0.1
lower_capacity,rk4,15,1.5,15.3868737218,0.35,70.0,0.1
lower_capacity,rk4,16,1.6,15.8111537772,0.35,70.0,0.1
lower_capacity,rk4,17,1.7,16.2436532994,0.35,70.0,0.1
lower_capacity,rk4,18,1.8,16.6843408858,0.35,70.0,0.1
lower_capacity,rk4,19,1.9,17.1331737172,0.35,70.0,0.1
lower_capacity,rk4,20,2.0,17.5900972182,0.35,70.0,0.1
lower_capacity,rk4,21,2.1,18.0550447426,0.35,70.0,0.1
lower_capacity,rk4,22,2.2,18.527937285,0.35,70.0,0.1
lower_capacity,rk4,23,2.3,19.0086832222,0.35,70.0,0.1
lower_capacity,rk4,24,2.4,19.4971780867,0.35,70.0,0.1
lower_capacity,rk4,25,2.5,19.9933043754,0.35,70.0,0.1
lower_capacity,rk4,26,2.6,20.4969313953,0.35,70.0,0.1
lower_capacity,rk4,27,2.7,21.0079151491,0.35,70.0,0.1
lower_capacity,rk4,28,2.8,21.5260982631,0.35,70.0,0.1
lower_capacity,rk4,29,2.9,22.0513099591,0.35,70.0,0.1
lower_capacity,rk4,30,3.0,22.5833660732,0.35,70.0,0.1
lower_capacity,rk4,31,3.1,23.122069121,0.35,70.0,0.1
lower_capacity,rk4,32,3.2,23.667208414,0.35,70.0,0.1
lower_capacity,rk4,33,3.3,24.2185602254,0.35,70.0,0.1
lower_capacity,rk4,34,3.4,24.775888008,0.35,70.0,0.1
lower_capacity,rk4,35,3.5,25.3389426638,0.35,70.0,0.1
lower_capacity,rk4,36,3.6,25.9074628665,0.35,70.0,0.1
lower_capacity,rk4,37,3.7,26.4811754361,0.35,70.0,0.1
lower_capacity,rk4,38,3.8,27.0597957657,0.35,70.0,0.1
lower_capacity,rk4,39,3.9,27.643028299,0.35,70.0,0.1
lower_capacity,rk4,40,4.0,28.2305670583,0.35,70.0,0.1
lower_capacity,rk4,41,4.1,28.822096221,0.35,70.0,0.1
lower_capacity,rk4,42,4.2,29.4172907419,0.35,70.0,0.1
lower_capacity,rk4,43,4.3,30.0158170207,0.35,70.0,0.1
lower_capacity,rk4,44,4.4,30.617333611,0.35,70.0,0.1
lower_capacity,rk4,45,4.5,31.2214919672,0.35,70.0,0.1
lower_capacity,rk4,46,4.6,31.8279372276,0.35,70.0,0.1
lower_capacity,rk4,47,4.7,32.4363090294,0.35,70.0,0.1
lower_capacity,rk4,48,4.8,33.0462423507,0.35,70.0,0.1
lower_capacity,rk4,49,4.9,33.6573683773,0.35,70.0,0.1
lower_capacity,rk4,50,5.0,34.2693153884,0.35,70.0,0.1
lower_capacity,rk4,51,5.1,34.8817096575,0.35,70.0,0.1
lower_capacity,rk4,52,5.2,35.4941763638,0.35,70.0,0.1
lower_capacity,rk4,53,5.3,36.1063405092,0.35,70.0,0.1
lower_capacity,rk4,54,5.4,36.717827836,0.35,70.0,0.1
lower_capacity,rk4,55,5.5,37.3282657414,0.35,70.0,0.1
lower_capacity,rk4,56,5.6,37.9372841825,0.35,70.0,0.1
lower_capacity,rk4,57,5.7,38.5445165687,0.35,70.0,0.1
lower_capacity,rk4,58,5.8,39.1496006363,0.35,70.0,0.1
lower_capacity,rk4,59,5.9,39.7521793007,0.35,70.0,0.1
lower_capacity,rk4,60,6.0,40.351901482,0.35,70.0,0.1
lower_capacity,rk4,61,6.1,40.9484229011,0.35,70.0,0.1
lower_capacity,rk4,62,6.2,41.5414068408,0.35,70.0,0.1
lower_capacity,rk4,63,6.3,42.1305248702,0.35,70.0,0.1
lower_capacity,rk4,64,6.4,42.715457528,0.35,70.0,0.1
lower_capacity,rk4,65,6.5,43.2958949629,0.35,70.0,0.1
lower_capacity,rk4,66,6.6,43.8715375281,0.35,70.0,0.1
lower_capacity,rk4,67,6.7,44.442096328,0.35,70.0,0.1
lower_capacity,rk4,68,6.8,45.0072937156,0.35,70.0,0.1
lower_capacity,rk4,69,6.9,45.5668637386,0.35,70.0,0.1
lower_capacity,rk4,70,7.0,46.1205525348,0.35,70.0,0.1
lower_capacity,rk4,71,7.1,46.6681186743,0.35,70.0,0.1
lower_capacity,rk4,72,7.2,47.2093334497,0.35,70.0,0.1
lower_capacity,rk4,73,7.3,47.7439811137,0.35,70.0,0.1
lower_capacity,rk4,74,7.4,48.2718590656,0.35,70.0,0.1
lower_capacity,rk4,75,7.5,48.7927779857,0.35,70.0,0.1
lower_capacity,rk4,76,7.6,49.3065619208,0.35,70.0,0.1
lower_capacity,rk4,77,7.7,49.8130483204,0.35,70.0,0.1
lower_capacity,rk4,78,7.8,50.3120880267,0.35,70.0,0.1
lower_capacity,rk4,79,7.9,50.8035452191,0.35,70.0,0.1
lower_capacity,rk4,80,8.0,51.287297316,0.35,70.0,0.1
lower_capacity,rk4,81,8.1,51.7632348355,0.35,70.0,0.1
lower_capacity,rk4,82,8.2,52.2312612183,0.35,70.0,0.1
lower_capacity,rk4,83,8.3,52.6912926142,0.35,70.0,0.1
lower_capacity,rk4,84,8.4,53.1432576357,0.35,70.0,0.1
lower_capacity,rk4,85,8.5,53.5870970811,0.35,70.0,0.1
lower_capacity,rk4,86,8.6,54.022763629,0.35,70.0,0.1
lower_capacity,rk4,87,8.7,54.4502215089,0.35,70.0,0.1
lower_capacity,rk4,88,8.8,54.869446148,0.35,70.0,0.1
lower_capacity,rk4,89,8.9,55.280423799,0.35,70.0,0.1
lower_capacity,rk4,90,9.0,55.6831511511,0.35,70.0,0.1
lower_capacity,rk4,91,9.1,56.0776349256,0.35,70.0,0.1
lower_capacity,rk4,92,9.2,56.4638914602,0.35,70.0,0.1
lower_capacity,rk4,93,9.3,56.8419462841,0.35,70.0,0.1
lower_capacity,rk4,94,9.4,57.2118336847,0.35,70.0,0.1
lower_capacity,rk4,95,9.5,57.5735962708,0.35,70.0,0.1
lower_capacity,rk4,96,9.6,57.9272845319,0.35,70.0,0.1
lower_capacity,rk4,97,9.7,58.2729563969,0.35,70.0,0.1
lower_capacity,rk4,98,9.8,58.6106767945,0.35,70.0,0.1
lower_capacity,rk4,99,9.9,58.9405172151,0.35,70.0,0.1
lower_capacity,rk4,100,10.0,59.2625552781,0.35,70.0,0.1
lower_capacity,rk4,101,10.1,59.5768743046,0.35,70.0,0.1
lower_capacity,rk4,102,10.2,59.8835628969,0.35,70.0,0.1
lower_capacity,rk4,103,10.3,60.1827145269,0.35,70.0,0.1
lower_capacity,rk4,104,10.4,60.4744271336,0.35,70.0,0.1
lower_capacity,rk4,105,10.5,60.7588027308,0.35,70.0,0.1
lower_capacity,rk4,106,10.6,61.0359470261,0.35,70.0,0.1
lower_capacity,rk4,107,10.7,61.3059690518,0.35,70.0,0.1
lower_capacity,rk4,108,10.8,61.5689808081,0.35,70.0,0.1
lower_capacity,rk4,109,10.9,61.8250969191,0.35,70.0,0.1
lower_capacity,rk4,110,11.0,62.0744343026,0.35,70.0,0.1
lower_capacity,rk4,111,11.1,62.3171118529,0.35,70.0,0.1
lower_capacity,rk4,112,11.2,62.553250138,0.35,70.0,0.1
lower_capacity,rk4,113,11.3,62.7829711098,0.35,70.0,0.1
lower_capacity,rk4,114,11.4,63.0063978295,0.35,70.0,0.1
lower_capacity,rk4,115,11.5,63.2236542061,0.35,70.0,0.1
lower_capacity,rk4,116,11.6,63.4348647488,0.35,70.0,0.1
lower_capacity,rk4,117,11.7,63.6401543336,0.35,70.0,0.1
lower_capacity,rk4,118,11.8,63.8396479828,0.35,70.0,0.1
lower_capacity,rk4,119,11.9,64.0334706588,0.35,70.0,0.1
lower_capacity,rk4,120,12.0,64.2217470697,0.35,70.0,0.1
lower_capacity,rk4,121,12.1,64.4046014885,0.35,70.0,0.1
lower_capacity,rk4,122,12.2,64.5821575843,0.35,70.0,0.1
lower_capacity,rk4,123,12.3,64.7545382661,0.35,70.0,0.1
lower_capacity,rk4,124,12.4,64.9218655371,0.35,70.0,0.1
lower_capacity,rk4,125,12.5,65.0842603615,0.35,70.0,0.1
lower_capacity,rk4,126,12.6,65.2418425415,0.35,70.0,0.1
lower_capacity,rk4,127,12.7,65.3947306046,0.35,70.0,0.1
lower_capacity,rk4,128,12.8,65.5430417013,0.35,70.0,0.1
lower_capacity,rk4,129,12.9,65.686891512,0.35,70.0,0.1
lower_capacity,rk4,130,13.0,65.8263941634,0.35,70.0,0.1
lower_capacity,rk4,131,13.1,65.9616621531,0.35,70.0,0.1
lower_capacity,rk4,132,13.2,66.0928062827,0.35,70.0,0.1
lower_capacity,rk4,133,13.3,66.2199355991,0.35,70.0,0.1
lower_capacity,rk4,134,13.4,66.3431573424,0.35,70.0,0.1
lower_capacity,rk4,135,13.5,66.4625769016,0.35,70.0,0.1
lower_capacity,rk4,136,13.6,66.5782977764,0.35,70.0,0.1
lower_capacity,rk4,137,13.7,66.6904215454,0.35,70.0,0.1
lower_capacity,rk4,138,13.8,66.7990478402,0.35,70.0,0.1
lower_capacity,rk4,139,13.9,66.9042743247,0.35,70.0,0.1
lower_capacity,rk4,140,14.0,67.0061966798,0.35,70.0,0.1
lower_capacity,rk4,141,14.1,67.1049085928,0.35,70.0,0.1
lower_capacity,rk4,142,14.2,67.2005017508,0.35,70.0,0.1
lower_capacity,rk4,143,14.3,67.2930658392,0.35,70.0,0.1
lower_capacity,rk4,144,14.4,67.3826885429,0.35,70.0,0.1
lower_capacity,rk4,145,14.5,67.4694555516,0.35,70.0,0.1
lower_capacity,rk4,146,14.6,67.5534505682,0.35,70.0,0.1
lower_capacity,rk4,147,14.7,67.6347553206,0.35,70.0,0.1
lower_capacity,rk4,148,14.8,67.7134495752,0.35,70.0,0.1
lower_capacity,rk4,149,14.9,67.7896111542,0.35,70.0,0.1
lower_capacity,rk4,150,15.0,67.8633159538,0.35,70.0,0.1
lower_capacity,rk4,151,15.1,67.9346379657,0.35,70.0,0.1
lower_capacity,rk4,152,15.2,68.0036492996,0.35,70.0,0.1
lower_capacity,rk4,153,15.3,68.0704202074,0.35,70.0,0.1
lower_capacity,rk4,154,15.4,68.1350191096,0.35,70.0,0.1
lower_capacity,rk4,155,15.5,68.1975126219,0.35,70.0,0.1
lower_capacity,rk4,156,15.6,68.257965584,0.35,70.0,0.1
lower_capacity,rk4,157,15.7,68.3164410885,0.35,70.0,0.1
lower_capacity,rk4,158,15.8,68.3730005115,0.35,70.0,0.1
lower_capacity,rk4,159,15.9,68.427703543,0.35,70.0,0.1
lower_capacity,rk4,160,16.0,68.4806082188,0.35,70.0,0.1
higher_capacity,euler,0,0.0,10.0,0.35,140.0,0.1
higher_capacity,euler,1,0.1,10.325,0.35,140.0,0.1
higher_capacity,euler,2,0.2,10.6597235937,0.35,140.0,0.1
higher_capacity,euler,3,0.3,11.0044064928,0.35,140.0,0.1
higher_capacity,euler,4,0.4,11.3592864794,0.35,140.0,0.1
higher_capacity,euler,5,0.5,11.7246031589,0.35,140.0,0.1
higher_capacity,euler,6,0.6,12.1005976896,0.35,140.0,0.1
higher_capacity,euler,7,0.7,12.4875124927,0.35,140.0,0.1
higher_capacity,euler,8,0.8,12.8855909378,0.35,140.0,0.1
higher_capacity,euler,9,0.9,13.2950770072,0.35,140.0,0.1
higher_capacity,euler,10,1.0,13.7162149343,0.35,140.0,0.1
higher_capacity,euler,11,1.1,14.149248819,0.35,140.0,0.1
higher_capacity,euler,12,1.2,14.5944222171,0.35,140.0,0.1
higher_capacity,euler,13,1.3,15.0519777047,0.35,140.0,0.1
higher_capacity,euler,14,1.4,15.5221564162,0.35,140.0,0.1
higher_capacity,euler,15,1.5,16.0051975558,0.35,140.0,0.1
higher_capacity,euler,16,1.6,16.5013378831,0.35,140.0,0.1
higher_capacity,euler,17,1.7,17.010811171,0.35,140.0,0.1
higher_capacity,euler,18,1.8,17.5338476378,0.35,140.0,0.1
higher_capacity,euler,19,1.9,18.0706733519,0.35,140.0,0.1
higher_capacity,euler,20,2.0,18.6215096104,0.35,140.0,0.1
higher_capacity,euler,21,2.1,19.1865722917,0.35,140.0,0.1
higher_capacity,euler,22,2.2,19.7660711828,0.35,140.0,0.1
higher_capacity,euler,23,2.3,20.3602092817,0.35,140.0,0.1
higher_capacity,euler,24,2.4,20.9691820761,0.35,140.0,0.1
higher_capacity,euler,25,2.5,21.5931767995,0.35,140.0,0.1
higher_capacity,euler,26,2.6,22.2323716664,0.35,140.0,0.1
higher_capacity,euler,27,2.7,22.8869350873,0.35,140.0,0.1
higher_capacity,euler,28,2.8,23.5570248659,0.35,140.0,0.1
higher_capacity,euler,29,2.9,24.2427873811,0.35,140.0,0.1
higher_capacity,euler,30,3.0,24.9443567544,0.35,140.0,0.1
higher_capacity,euler,31,3.1,25.6618540073,0.35,140.0,0.1
higher_capacity,euler,32,3.2,26.3953862098,0.35,140.0,0.1
higher_capacity,euler,33,3.3,27.1450456239,0.35,140.0,0.1
higher_capacity,euler,34,3.4,27.9109088452,0.35,140.0,0.1
higher_capacity,euler,35,3.5,28.6930359467,0.35,140.0,0.1
higher_capacity,euler,36,3.6,29.4914696268,0.35,140.0,0.1
higher_capacity,euler,37,3.7,30.3062343686,0.35,140.0,0.1
higher_capacity,euler,38,3.8,31.1373356111,0.35,140.0,0.1
higher_capacity,euler,39,3.9,31.9847589402,0.35,140.0,0.1
higher_capacity,euler,40,4.0,32.848469302,0.35,140.0,0.1
higher_capacity,euler,41,4.1,33.7284102437,0.35,140.0,0.1
higher_capacity,euler,42,4.2,34.6245031879,0.35,140.0,0.1
higher_capacity,euler,43,4.3,35.5366467442,0.35,140.0,0.1
higher_capacity,euler,44,4.4,36.4647160648,0.35,140.0,0.1
higher_capacity,euler,45,4.5,37.4085622476,0.35,140.0,0.1
higher_capacity,euler,46,4.6,38.3680117939,0.35,140.0,0.1
higher_capacity,euler,47,4.7,39.3428661245,0.35,140.0,0.1
higher_capacity,euler,48,4.8,40.3329011601,0.35,140.0,0.1
higher_capacity,euler,49,4.9,41.3378669717,0.35,140.0,0.1
higher_capacity,euler,50,5.0,42.3574875043,0.35,140.0,0.1
higher_capacity,euler,51,5.1,43.39146038,0.35,140.0,0.1
higher_capacity,euler,52,5.2,44.4394567848,0.35,140.0,0.1
higher_capacity,euler,53,5.3,45.5011214425,0.35,140.0,0.1
higher_capacity,euler,54,5.4,46.5760726798,0.35,140.0,0.1
higher_capacity,euler,55,5.5,47.663902587,0.35,140.0,0.1
higher_capacity,euler,56,5.6,48.7641772751,0.35,140.0,0.1
higher_capacity,euler,57,5.7,49.8764372334,0.35,140.0,0.1
higher_capacity,euler,58,5.8,51.0001977888,0.35,140.0,0.1
higher_capacity,euler,59,5.9,52.1349496678,0.35,140.0,0.1
higher_capacity,euler,60,6.0,53.280159662,0.35,140.0,0.1
higher_capacity,euler,61,6.1,54.4352713967,0.35,140.0,0.1
higher_capacity,euler,62,6.2,55.5997062026,0.35,140.0,0.1
higher_capacity,euler,63,6.3,56.7728640872,0.35,140.0,0.1
higher_capacity,euler,64,6.4,57.9541248061,0.35,140.0,0.1
higher_capacity,euler,65,6.5,59.1428490288,0.35,140.0,0.1
higher_capacity,euler,66,6.6,60.338379597,0.35,140.0,0.1
higher_capacity,euler,67,6.7,61.5400428698,0.35,140.0,0.1
higher_capacity,euler,68,6.8,62.7471501512,0.35,140.0,0.1
higher_capacity,euler,69,6.9,63.9589991934,0.35,140.0,0.1
higher_capacity,euler,70,7.0,65.1748757707,0.35,140.0,0.1
higher_capacity,euler,71,7.1,66.3940553148,0.35,140.0,0.1
higher_capacity,euler,72,7.2,67.6158046055,0.35,140.0,0.1
higher_capacity,euler,73,7.3,68.8393835086,0.35,140.0,0.1
higher_capacity,euler,74,7.4,70.0640467509,0.35,140.0,0.1
higher_capacity,euler,75,7.5,71.2890457254,0.35,140.0,0.1
higher_capacity,euler,76,7.6,72.5136303157,0.35,140.0,0.1
higher_capacity,euler,77,7.7,73.7370507314,0.35,140.0,0.1
higher_capacity,euler,78,7.8,74.9585593443,0.35,140.0,0.1
higher_capacity,euler,79,7.9,76.1774125167,0.35,140.0,0.1
higher_capacity,euler,80,8.0,77.3928724103,0.35,140.0,0.1
higher_capacity,euler,81,8.1,78.6042087697,0.35,140.0,0.1
higher_capacity,euler,82,8.2,79.8107006675,0.35,140.0,0.1
higher_capacity,euler,83,8.3,81.0116382056,0.35,140.0,0.1
higher_capacity,euler,84,8.4,82.2063241617,0.35,140.0,0.1
higher_capacity,euler,85,8.5,83.3940755743,0.35,140.0,0.1
higher_capacity,euler,86,8.6,84.5742252591,0.35,140.0,0.1
higher_capacity,euler,87,8.7,85.7461232487,0.35,140.0,0.1
higher_capacity,euler,88,8.8,86.9091381493,0.35,140.0,0.1
higher_capacity,euler,89,8.9,88.0626584111,0.35,140.0,0.1
higher_capacity,euler,90,9.0,89.2060935039,0.35,140.0,0.1
higher_capacity,euler,91,9.1,90.338874997,0.35,140.0,0.1
higher_capacity,euler,92,9.2,91.4604575379,0.35,140.0,0.1
higher_capacity,euler,93,9.3,92.5703197285,0.35,140.0,0.1
higher_capacity,euler,94,9.4,93.6679648953,0.35,140.0,0.1
higher_capacity,euler,95,9.5,94.7529217548,0.35,140.0,0.1
higher_capacity,euler,96,9.6,95.8247449709,0.35,140.0,0.1
higher_capacity,euler,97,9.7,96.8830156077,0.35,140.0,0.1
higher_capacity,euler,98,9.8,97.9273414757,0.35,140.0,0.1
higher_capacity,euler,99,9.9,98.9573573752,0.35,140.0,0.1
higher_capacity,euler,100,10.0,99.9727252386,0.35,140.0,0.1
higher_capacity,euler,101,10.1,100.9731341741,0.35,140.0,0.1
higher_capacity,euler,102,10.2,101.9583004139,0.35,140.0,0.1
higher_capacity,euler,103,10.3,102.9279671726,0.35,140.0,0.1
higher_capacity,euler,104,10.4,103.8819044171,0.35,140.0,0.1
higher_capacity,euler,105,10.5,104.8199085553,0.35,140.0,0.1
higher_capacity,euler,106,10.6,105.7418020474,0.35,140.0,0.1
higher_capacity,euler,107,10.7,106.647432944,0.35,140.0,0.1
higher_capacity,euler,108,10.8,107.5366743587,0.35,140.0,0.1
higher_capacity,euler,109,10.9,108.4094238782,0.35,140.0,0.1
higher_capacity,euler,110,11.0,109.2656029175,0.35,140.0,0.1
higher_capacity,euler,111,11.1,110.1051560244,0.35,140.0,0.1
higher_capacity,euler,112,11.2,110.9280501395,0.35,140.0,0.1
higher_capacity,euler,113,11.3,111.7342738174,0.35,140.0,0.1
higher_capacity,euler,114,11.4,112.5238364146,0.35,140.0,0.1
higher_capacity,euler,115,11.5,113.2967672488,0.35,140.0,0.1
higher_capacity,euler,116,11.6,114.0531147352,0.35,140.0,0.1
higher_capacity,euler,117,11.7,114.7929455058,0.35,140.0,0.1
higher_capacity,euler,118,11.8,115.516343514,0.35,140.0,0.1
higher_capacity,euler,119,11.9,116.2234091323,0.35,140.0,0.1
higher_capacity,euler,120,12.0,116.9142582443,0.35,140.0,0.1
higher_capacity,euler,121,12.1,117.5890213377,0.35,140.0,0.1
higher_capacity,euler,122,12.2,118.2478425997,0.35,140.0,0.1
higher_capacity,euler,123,12.3,118.8908790208,0.35,140.0,0.1
higher_capacity,euler,124,12.4,119.518299508,0.35,140.0,0.1
higher_capacity,euler,125,12.5,120.1302840114,0.35,140.0,0.1
higher_capacity,euler,126,12.6,120.7270226677,0.35,140.0,0.1
higher_capacity,euler,127,12.7,121.3087149605,0.35,140.0,0.1
higher_capacity,euler,128,12.8,121.8755689027,0.35,140.0,0.1
higher_capacity,euler,129,12.9,122.4278002405,0.35,140.0,0.1
higher_capacity,euler,130,13.0,122.965631681,0.35,140.0,0.1
higher_capacity,euler,131,13.1,123.4892921461,0.35,140.0,0.1
higher_capacity,euler,132,13.2,123.9990160526,0.35,140.0,0.1
higher_capacity,euler,133,13.3,124.4950426189,0.35,140.0,0.1
higher_capacity,euler,134,13.4,124.9776152014,0.35,140.0,0.1
higher_capacity,euler,135,13.5,125.4469806581,0.35,140.0,0.1
higher_capacity,euler,136,13.6,125.9033887421,0.35,140.0,0.1
higher_capacity,euler,137,13.7,126.3470915239,0.35,140.0,0.1
higher_capacity,euler,138,13.8,126.7783428431,0.35,140.0,0.1
higher_capacity,euler,139,13.9,127.1973977891,0.35,140.0,0.1
higher_capacity,euler,140,14.0,127.6045122106,0.35,140.0,0.1
higher_capacity,euler,141,14.1,127.9999422538,0.35,140.0,0.1
higher_capacity,euler,142,14.2,128.3839439285,0.35,140.0,0.1
higher_capacity,euler,143,14.3,128.7567727013,0.35,140.0,0.1
higher_capacity,euler,144,14.4,129.1186831167,0.35,140.0,0.1
higher_capacity,euler,145,14.5,129.4699284434,0.35,140.0,0.1
higher_capacity,euler,146,14.6,129.8107603461,0.35,140.0,0.1
higher_capacity,euler,147,14.7,130.1414285828,0.35,140.0,0.1
higher_capacity,euler,148,14.8,130.4621807248,0.35,140.0,0.1
higher_capacity,euler,149,14.9,130.7732619003,0.35,140.0,0.1
higher_capacity,euler,150,15.0,131.0749145598,0.35,140.0,0.1
higher_capacity,euler,151,15.1,131.3673782627,0.35,140.0,0.1
higher_capacity,euler,152,15.2,131.650889484,0.35,140.0,0.1
higher_capacity,euler,153,15.3,131.9256814405,0.35,140.0,0.1
higher_capacity,euler,154,15.4,132.191983935,0.35,140.0,0.1
higher_capacity,euler,155,15.5,132.4500232185,0.35,140.0,0.1
higher_capacity,euler,156,15.6,132.7000218685,0.35,140.0,0.1
higher_capacity,euler,157,15.7,132.942198683,0.35,140.0,0.1
higher_capacity,euler,158,15.8,133.1767685892,0.35,140.0,0.1
higher_capacity,euler,159,15.9,133.4039425669,0.35,140.0,0.1
higher_capacity,euler,160,16.0,133.6239275836,0.35,140.0,0.1
higher_capacity,rk4,0,0.0,10.0,0.35,140.0,0.1
higher_capacity,rk4,1,0.1,10.3299150448,0.35,140.0,0.1
higher_capacity,rk4,2,0.2,10.6698211407,0.35,140.0,0.1
higher_capacity,rk4,3,0.3,11.0199613343,0.35,140.0,0.1
higher_capacity,rk4,4,0.4,11.3805806134,0.35,140.0,0.1
higher_capacity,rk4,5,0.5,11.7519256281,0.35,140.0,0.1
higher_capacity,rk4,6,0.6,12.1342443884,0.35,140.0,0.1
higher_capacity,rk4,7,0.7,12.5277859389,0.35,140.0,0.1
higher_capacity,rk4,8,0.8,12.932800008,0.35,140.0,0.1
higher_capacity,rk4,9,0.9,13.3495366333,0.35,140.0,0.1
higher_capacity,rk4,10,1.0,13.7782457597,0.35,140.0,0.1
higher_capacity,rk4,11,1.1,14.2191768126,0.35,140.0,0.1
higher_capacity,rk4,12,1.2,14.672578243,0.35,140.0,0.1
higher_capacity,rk4,13,1.3,15.1386970461,0.35,140.0,0.1
higher_capacity,rk4,14,1.4,15.6177782519,0.35,140.0,0.1
higher_capacity,rk4,15,1.5,16.1100643883,0.35,140.0,0.1
higher_capacity,rk4,16,1.6,16.6157949157,0.35,140.0,0.1
higher_capacity,rk4,17,1.7,17.1352056343,0.35,140.0,0.1
higher_capacity,rk4,18,1.8,17.668528063,0.35,140.0,0.1
higher_capacity,rk4,19,1.9,18.2159887918,0.35,140.0,0.1
higher_capacity,rk4,20,2.0,18.7778088064,0.35,140.0,0.1
higher_capacity,rk4,21,2.1,19.354202787,0.35,140.0,0.1
higher_capacity,rk4,22,2.2,19.9453783816,0.35,140.0,0.1
higher_capacity,rk4,23,2.3,20.5515354554,0.35,140.0,0.1
higher_capacity,rk4,24,2.4,21.1728653163,0.35,140.0,0.1
higher_capacity,rk4,25,2.5,21.8095499202,0.35,140.0,0.1
higher_capacity,rk4,26,2.6,22.4617610556,0.35,140.0,0.1
higher_capacity,rk4,27,2.7,23.1296595109,0.35,140.0,0.1
higher_capacity,rk4,28,2.8,23.8133942264,0.35,140.0,0.1
higher_capacity,rk4,29,2.9,24.5131014331,0.35,140.0,0.1
higher_capacity,rk4,30,3.0,25.2289037817,0.35,140.0,0.1
higher_capacity,rk4,31,3.1,25.9609094644,0.35,140.0,0.1
higher_capacity,rk4,32,3.2,26.7092113332,0.35,140.0,0.1
higher_capacity,rk4,33,3.3,27.4738860178,0.35,140.0,0.1
higher_capacity,rk4,34,3.4,28.2549930472,0.35,140.0,0.1
higher_capacity,rk4,35,3.5,29.0525739801,0.35,140.0,0.1
higher_capacity,rk4,36,3.6,29.8666515457,0.35,140.0,0.1
higher_capacity,rk4,37,3.7,30.6972288034,0.35,140.0,0.1
higher_capacity,rk4,38,3.8,31.5442883222,0.35,140.0,0.1
higher_capacity,rk4,39,3.9,32.4077913879,0.35,140.0,0.1
higher_capacity,rk4,40,4.0,33.2876772412,0.35,140.0,0.1
higher_capacity,rk4,41,4.1,34.1838623534,0.35,140.0,0.1
higher_capacity,rk4,42,4.2,35.0962397436,0.35,140.0,0.1
higher_capacity,rk4,43,4.3,36.0246783444,0.35,140.0,0.1
higher_capacity,rk4,44,4.4,36.96902242,0.35,140.0,0.1
higher_capacity,rk4,45,4.5,37.9290910438,0.35,140.0,0.1
higher_capacity,rk4,46,4.6,38.9046776391,0.35,140.0,0.1
higher_capacity,rk4,47,4.7,39.8955495898,0.35,140.0,0.1
higher_capacity,rk4,48,4.8,40.9014479246,0.35,140.0,0.1
higher_capacity,rk4,49,4.9,41.9220870815,0.35,140.0,0.1
higher_capacity,rk4,50,5.0,42.9571547549,0.35,140.0,0.1
higher_capacity,rk4,51,5.1,44.0063118319,0.35,140.0,0.1
higher_capacity,rk4,52,5.2,45.0691924202,0.35,140.0,0.1
higher_capacity,rk4,53,5.3,46.1454039714,0.35,140.0,0.1
higher_capacity,rk4,54,5.4,47.234527503,0.35,140.0,0.1
higher_capacity,rk4,55,5.5,48.3361179216,0.35,140.0,0.1
higher_capacity,rk4,56,5.6,49.4497044487,0.35,140.0,0.1
higher_capacity,rk4,57,5.7,50.5747911511,0.35,140.0,0.1
higher_capacity,rk4,58,5.8,51.7108575756,0.35,140.0,0.1
higher_capacity,rk4,59,5.9,52.8573594893,0.35,140.0,0.1
higher_capacity,rk4,60,6.0,54.0137297231,0.35,140.0,0.1
higher_capacity,rk4,61,6.1,55.179379118,0.35,140.0,0.1
higher_capacity,rk4,62,6.2,56.3536975721,0.35,140.0,0.1
higher_capacity,rk4,63,6.3,57.5360551842,0.35,140.0,0.1
higher_capacity,rk4,64,6.4,58.7258034912,0.35,140.0,0.1
higher_capacity,rk4,65,6.5,59.9222767946,0.35,140.0,0.1
higher_capacity,rk4,66,6.6,61.1247935706,0.35,140.0,0.1
higher_capacity,rk4,67,6.7,62.3326579584,0.35,140.0,0.1
higher_capacity,rk4,68,6.8,63.5451613195,0.35,140.0,0.1
higher_capacity,rk4,69,6.9,64.7615838618,0.35,140.0,0.1
higher_capacity,rk4,70,7.0,65.9811963197,0.35,140.0,0.1
higher_capacity,rk4,71,7.1,67.2032616832,0.35,140.0,0.1
higher_capacity,rk4,72,7.2,68.4270369662,0.35,140.0,0.1
higher_capacity,rk4,73,7.3,69.6517750062,0.35,140.0,0.1
higher_capacity,rk4,74,7.4,70.8767262852,0.35,140.0,0.1
higher_capacity,rk4,75,7.5,72.1011407631,0.35,140.0,0.1
higher_capacity,rk4,76,7.6,73.324269714,0.35,140.0,0.1
higher_capacity,rk4,77,7.7,74.5453675549,0.35,140.0,0.1
higher_capacity,rk4,78,7.8,75.7636936591,0.35,140.0,0.1
higher_capacity,rk4,79,7.9,76.9785141433,0.35,140.0,0.1
higher_capacity,rk4,80,8.0,78.1891036199,0.35,140.0,0.1
higher_capacity,rk4,81,8.1,79.3947469062,0.35,140.0,0.1
higher_capacity,rk4,82,8.2,80.5947406814,0.35,140.0,0.1
higher_capacity,rk4,83,8.3,81.7883950833,0.35,140.0,0.1
higher_capacity,rk4,84,8.4,82.975035238,0.35,140.0,0.1
higher_capacity,rk4,85,8.5,84.1540027152,0.35,140.0,0.1
higher_capacity,rk4,86,8.6,85.3246569032,0.35,140.0,0.1
higher_capacity,rk4,87,8.7,86.486376297,0.35,140.0,0.1
higher_capacity,rk4,88,8.8,87.6385596961,0.35,140.0,0.1
higher_capacity,rk4,89,8.9,88.7806273069,0.35,140.0,0.1
higher_capacity,rk4,90,9.0,89.9120217463,0.35,140.0,0.1
higher_capacity,rk4,91,9.1,91.0322089441,0.35,140.0,0.1
higher_capacity,rk4,92,9.2,92.140678942,0.35,140.0,0.1
higher_capacity,rk4,93,9.3,93.2369465883,0.35,140.0,0.1
higher_capacity,rk4,94,9.4,94.3205521279,0.35,140.0,0.1
higher_capacity,rk4,95,9.5,95.3910616872,0.35,140.0,0.1
higher_capacity,rk4,96,9.6,96.4480676553,0.35,140.0,0.1
higher_capacity,rk4,97,9.7,97.4911889636,0.35,140.0,0.1
higher_capacity,rk4,98,9.8,98.5200712647,0.35,140.0,0.1
higher_capacity,rk4,99,9.9,99.5343870142,0.35,140.0,0.1
higher_capacity,rk4,100,10.0,100.5338354586,0.35,140.0,0.1
higher_capacity,rk4,101,10.1,101.5181425323,0.35,140.0,0.1
higher_capacity,rk4,102,10.2,102.4870606693,0.35,140.0,0.1
higher_capacity,rk4,103,10.3,103.4403685315,0.35,140.0,0.1
higher_capacity,rk4,104,10.4,104.3778706614,0.35,140.0,0.1
higher_capacity,rk4,105,10.5,105.2993970614,0.35,140.0,0.1
higher_capacity,rk4,106,10.6,106.2048027071,0.35,140.0,0.1
higher_capacity,rk4,107,10.7,107.093966998,0.35,140.0,0.1
higher_capacity,rk4,108,10.8,107.9667931528,0.35,140.0,0.1
higher_capacity,rk4,109,10.9,108.8232075532,0.35,140.0,0.1
higher_capacity,rk4,110,11.0,109.6631590429,0.35,140.0,0.1
higher_capacity,rk4,111,11.1,110.486618186,0.35,140.0,0.1
higher_capacity,rk4,112,11.2,111.2935764912,0.35,140.0,0.1
higher_capacity,rk4,113,11.3,112.0840456068,0.35,140.0,0.1
higher_capacity,rk4,114,11.4,112.8580564905,0.35,140.0,0.1
higher_capacity,rk4,115,11.5,113.6156585606,0.35,140.0,0.1
higher_capacity,rk4,116,11.6,114.3569188318,0.35,140.0,0.1
higher_capacity,rk4,117,11.7,115.0819210412,0.35,140.0,0.1
higher_capacity,rk4,118,11.8,115.7907647677,0.35,140.0,0.1
higher_capacity,rk4,119,11.9,116.4835645499,0.35,140.0,0.1
higher_capacity,rk4,120,12.0,117.1604490053,0.35,140.0,0.1
higher_capacity,rk4,121,12.1,117.8215599549,0.35,140.0,0.1
higher_capacity,rk4,122,12.2,118.4670515558,0.35,140.0,0.1
higher_capacity,rk4,123,12.3,119.0970894459,0.35,140.0,0.1
higher_capacity,rk4,124,12.4,119.7118499015,0.35,140.0,0.1
higher_capacity,rk4,125,12.5,120.3115190126,0.35,140.0,0.1
higher_capacity,rk4,126,12.6,120.8962918757,0.35,140.0,0.1
higher_capacity,rk4,127,12.7,121.4663718073,0.35,140.0,0.1
higher_capacity,rk4,128,12.8,122.0219695805,0.35,140.0,0.1
higher_capacity,rk4,129,12.9,122.5633026837,0.35,140.0,0.1
higher_capacity,rk4,130,13.0,123.0905946051,0.35,140.0,0.1
higher_capacity,rk4,131,13.1,123.6040741427,0.35,140.0,0.1
higher_capacity,rk4,132,13.2,124.1039747404,0.35,140.0,0.1
higher_capacity,rk4,133,13.3,124.5905338522,0.35,140.0,0.1
higher_capacity,rk4,134,13.4,125.0639923332,0.35,140.0,0.1
higher_capacity,rk4,135,13.5,125.5245938584,0.35,140.0,0.1
higher_capacity,rk4,136,13.6,125.97258437,0.35,140.0,0.1
higher_capacity,rk4,137,13.7,126.4082115523,0.35,140.0,0.1
higher_capacity,rk4,138,13.8,126.831724334,0.35,140.0,0.1
higher_capacity,rk4,139,13.9,127.2433724189,0.35,140.0,0.1
higher_capacity,rk4,140,14.0,127.6434058427,0.35,140.0,0.1
higher_capacity,rk4,141,14.1,128.0320745574,0.35,140.0,0.1
higher_capacity,rk4,142,14.2,128.4096280408,0.35,140.0,0.1
higher_capacity,rk4,143,14.3,128.7763149327,0.35,140.0,0.1
higher_capacity,rk4,144,14.4,129.1323826948,0.35,140.0,0.1
higher_capacity,rk4,145,14.5,129.4780772957,0.35,140.0,0.1
higher_capacity,rk4,146,14.6,129.8136429186,0.35,140.0,0.1
higher_capacity,rk4,147,14.7,130.1393216918,0.35,140.0,0.1
higher_capacity,rk4,148,14.8,130.4553534409,0.35,140.0,0.1
higher_capacity,rk4,149,14.9,130.7619754622,0.35,140.0,0.1
higher_capacity,rk4,150,15.0,131.0594223156,0.35,140.0,0.1
higher_capacity,rk4,151,15.1,131.3479256372,0.35,140.0,0.1
higher_capacity,rk4,152,15.2,131.62771397,0.35,140.0,0.1
higher_capacity,rk4,153,15.3,131.8990126119,0.35,140.0,0.1
higher_capacity,rk4,154,15.4,132.1620434805,0.35,140.0,0.1
higher_capacity,rk4,155,15.5,132.4170249938,0.35,140.0,0.1
higher_capacity,rk4,156,15.6,132.6641719653,0.35,140.0,0.1
higher_capacity,rk4,157,15.7,132.9036955139,0.35,140.0,0.1
higher_capacity,rk4,158,15.8,133.135802986,0.35,140.0,0.1
higher_capacity,rk4,159,15.9,133.3606978914,0.35,140.0,0.1
higher_capacity,rk4,160,16.0,133.57857985,0.35,140.0,0.1
stress_case,euler,0,0.0,20.0,0.6,80.0,0.05
stress_case,euler,1,0.05,20.45,0.6,80.0,0.05
stress_case,euler,2,0.1,20.9066740625,0.6,80.0,0.05
stress_case,euler,3,0.15,21.3699659017,0.6,80.0,0.05
stress_case,euler,4,0.2,21.8398115878,0.6,80.0,0.05
stress_case,euler,5,0.25,22.3161394216,0.6,80.0,0.05
stress_case,euler,6,0.3,22.7988698248,0.6,80.0,0.05
stress_case,euler,7,0.35,23.287915245,0.6,80.0,0.05
stress_case,euler,8,0.4,23.7831800787,0.6,80.0,0.05
stress_case,euler,9,0.45,24.2845606106,0.6,80.0,0.05
stress_case,euler,10,0.5,24.7919449724,0.6,80.0,0.05
stress_case,euler,11,0.55,25.3052131207,0.6,80.0,0.05
stress_case,euler,12,0.6,25.8242368352,0.6,80.0,0.05
stress_case,euler,13,0.65,26.3488797372,0.6,80.0,0.05
stress_case,euler,14,0.7,26.8789973305,0.6,80.0,0.05
stress_case,euler,15,0.75,27.4144370639,0.6,80.0,0.05
stress_case,euler,16,0.8,27.955038416,0.6,80.0,0.05
stress_case,euler,17,0.85,28.5006330036,0.6,80.0,0.05
stress_case,euler,18,0.9,29.0510447131,0.6,80.0,0.05
stress_case,euler,19,0.95,29.6060898549,0.6,80.0,0.05
stress_case,euler,20,1.0,30.1655773419,0.6,80.0,0.05
stress_case,euler,21,1.05,30.729308891,0.6,80.0,0.05
stress_case,euler,22,1.1,31.2970792484,0.6,80.0,0.05
stress_case,euler,23,1.15,31.8686764373,0.6,80.0,0.05
stress_case,euler,24,1.2,32.4438820287,0.6,80.0,0.05
stress_case,euler,25,1.25,33.0224714342,0.6,80.0,0.05
stress_case,euler,26,1.3,33.6042142198,0.6,80.0,0.05
stress_case,euler,27,1.35,34.1888744414,0.6,80.0,0.05
stress_case,euler,28,1.4,34.7762109988,0.6,80.0,0.05
stress_case,euler,29,1.45,35.3659780095,0.6,80.0,0.05
stress_case,euler,30,1.5,35.9579251996,0.6,80.0,0.05
stress_case,euler,31,1.55,36.5517983113,0.6,80.0,0.05
stress_case,euler,32,1.6,37.1473395258,0.6,80.0,0.05
stress_case,euler,33,1.65,37.7442878988,0.6,80.0,0.05
stress_case,euler,34,1.7,38.3423798099,0.6,80.0,0.05
stress_case,euler,35,1.75,38.9413494207,0.6,80.0,0.05
stress_case,euler,36,1.8,39.5409291428,0.6,80.0,0.05
stress_case,euler,37,1.85,40.140850113,0.6,80.0,0.05
stress_case,euler,38,1.9,40.7408426735,0.6,80.0,0.05
stress_case,euler,39,1.95,41.3406368555,0.6,80.0,0.05
stress_case,euler,40,2.0,41.9399628653,0.6,80.0,0.05
stress_case,euler,41,2.05,42.5385515694,0.6,80.0,0.05
stress_case,euler,42,2.1,43.1361349778,0.6,80.0,0.05
stress_case,euler,43,2.15,43.7324467244,0.6,80.0,0.05
stress_case,euler,44,2.2,44.3272225399,0.6,80.0,0.05
stress_case,euler,45,2.25,44.9202007193,0.6,80.0,0.05
stress_case,euler,46,2.3,45.5111225786,0.6,80.0,0.05
stress_case,euler,47,2.35,46.0997329016,0.6,80.0,0.05
stress_case,euler,48,2.4,46.6857803736,0.6,80.0,0.05
stress_case,euler,49,2.45,47.2690180014,0.6,80.0,0.05
stress_case,euler,50,2.5,47.8492035178,0.6,80.0,0.05
stress_case,euler,51,2.55,48.4260997694,0.6,80.0,0.05
stress_case,euler,52,2.6,48.9994750854,0.6,80.0,0.05
stress_case,euler,53,2.65,49.5691036285,0.6,80.0,0.05
stress_case,euler,54,2.7,50.1347657244,0.6,80.0,0.05
stress_case,euler,55,2.75,50.6962481708,0.6,80.0,0.05
stress_case,euler,56,2.8,51.2533445239,0.6,80.0,0.05
stress_case,euler,57,2.85,51.8058553628,0.6,80.0,0.05
stress_case,euler,58,2.9,52.35358853,0.6,80.0,0.05
stress_case,euler,59,2.95,52.8963593489,0.6,80.0,0.05
stress_case,euler,60,3.0,53.4339908172,0.6,80.0,0.05
stress_case,euler,61,3.05,53.9663137762,0.6,80.0,0.05
stress_case,euler,62,3.1,54.4931670561,0.6,80.0,0.05
stress_case,euler,63,3.15,55.0143975968,0.6,80.0,0.05
stress_case,euler,64,3.2,55.5298605461,0.6,80.0,0.05
stress_case,euler,65,3.25,56.0394193329,0.6,80.0,0.05
stress_case,euler,66,3.3,56.5429457182,0.6,80.0,0.05
stress_case,euler,67,3.35,57.0403198233,0.6,80.0,0.05
stress_case,euler,68,3.4,57.5314301359,0.6,80.0,0.05
stress_case,euler,69,3.45,58.016173495,0.6,80.0,0.05
stress_case,euler,70,3.5,58.4944550547,0.6,80.0,0.05
stress_case,euler,71,3.55,58.9661882293,0.6,80.0,0.05
stress_case,euler,72,3.6,59.4312946183,0.6,80.0,0.05
stress_case,euler,73,3.65,59.8897039143,0.6,80.0,0.05
stress_case,euler,74,3.7,60.3413537937,0.6,80.0,0.05
stress_case,euler,75,3.75,60.7861897908,0.6,80.0,0.05
stress_case,euler,76,3.8,61.2241651586,0.6,80.0,0.05
stress_case,euler,77,3.85,61.6552407136,0.6,80.0,0.05
stress_case,euler,78,3.9,62.0793846697,0.6,80.0,0.05
stress_case,euler,79,3.95,62.4965724594,0.6,80.0,0.05
stress_case,euler,80,4.0,62.9067865448,0.6,80.0,0.05
stress_case,euler,81,4.05,63.3100162186,0.6,80.0,0.05
stress_case,euler,82,4.1,63.7062573975,0.6,80.0,0.05
stress_case,euler,83,4.15,64.0955124076,0.6,80.0,0.05
stress_case,euler,84,4.2,64.4777897633,0.6,80.0,0.05
stress_case,euler,85,4.25,64.8531039414,0.6,80.0,0.05
stress_case,euler,86,4.3,65.2214751506,0.6,80.0,0.05
stress_case,euler,87,4.35,65.5829290973,0.6,80.0,0.05
stress_case,euler,88,4.4,65.9374967494,0.6,80.0,0.05
stress_case,euler,89,4.45,66.2852140977,0.6,80.0,0.05
stress_case,euler,90,4.5,66.6261219177,0.6,80.0,0.05
stress_case,euler,91,4.55,66.9602655295,0.6,80.0,0.05
stress_case,euler,92,4.6,67.2876945605,0.6,80.0,0.05
stress_case,euler,93,4.65,67.6084627076,0.6,80.0,0.05
stress_case,euler,94,4.7,67.9226275027,0.6,80.0,0.05
stress_case,euler,95,4.75,68.2302500802,0.6,80.0,0.05
stress_case,euler,96,4.8,68.5313949479,0.6,80.0,0.05
stress_case,euler,97,4.85,68.8261297612,0.6,80.0,0.05
stress_case,euler,98,4.9,69.1145251023,0.6,80.0,0.05
stress_case,euler,99,4.95,69.3966542629,0.6,80.0,0.05
stress_case,euler,100,5.0,69.6725930322,0.6,80.0,0.05
stress_case,euler,101,5.05,69.9424194907,0.6,80.0,0.05
stress_case,euler,102,5.1,70.2062138089,0.6,80.0,0.05
stress_case,euler,103,5.15,70.4640580516,0.6,80.0,0.05
stress_case,euler,104,5.2,70.7160359892,0.6,80.0,0.05
stress_case,euler,105,5.25,70.9622329142,0.6,80.0,0.05
stress_case,euler,106,5.3,71.202735464,0.6,80.0,0.05
stress_case,euler,107,5.35,71.4376314514,0.6,80.0,0.05
stress_case,euler,108,5.4,71.6670096996,0.6,80.0,0.05
stress_case,euler,109,5.45,71.8909598859,0.6,80.0,0.05
stress_case,euler,110,5.5,72.10957239,0.6,80.0,0.05
stress_case,euler,111,5.55,72.3229381503,0.6,80.0,0.05
stress_case,euler,112,5.6,72.5311485263,0.6,80.0,0.05
stress_case,euler,113,5.65,72.7342951671,0.6,80.0,0.05
stress_case,euler,114,5.7,72.9324698871,0.6,80.0,0.05
stress_case,euler,115,5.75,73.1257645473,0.6,80.0,0.05
stress_case,euler,116,5.8,73.3142709435,0.6,80.0,0.05
stress_case,euler,117,5.85,73.4980807003,0.6,80.0,0.05
stress_case,euler,118,5.9,73.6772851713,0.6,80.0,0.05
stress_case,euler,119,5.95,73.8519753451,0.6,80.0,0.05
stress_case,euler,120,6.0,74.0222417571,0.6,80.0,0.05
stress_case,euler,121,6.05,74.1881744068,0.6,80.0,0.05
stress_case,euler,122,6.1,74.3498626808,0.6,80.0,0.05
stress_case,euler,123,6.15,74.507395281,0.6,80.0,0.05
stress_case,euler,124,6.2,74.6608601576,0.6,80.0,0.05
stress_case,euler,125,6.25,74.8103444475,0.6,80.0,0.05
stress_case,euler,126,6.3,74.9559344173,0.6,80.0,0.05
stress_case,euler,127,6.35,75.0977154107,0.6,80.0,0.05
stress_case,euler,128,6.4,75.2357718005,0.6,80.0,0.05
stress_case,euler,129,6.45,75.3701869451,0.6,80.0,0.05
stress_case,euler,130,6.5,75.5010431484,0.6,80.0,0.05
stress_case,euler,131,6.55,75.6284216242,0.6,80.0,0.05
stress_case,euler,132,6.6,75.7524024639,0.6,80.0,0.05
stress_case,euler,133,6.65,75.8730646082,0.6,80.0,0.05
stress_case,euler,134,6.7,75.9904858215,0.6,80.0,0.05
stress_case,euler,135,6.75,76.1047426704,0.6,80.0,0.05
stress_case,euler,136,6.8,76.2159105042,0.6,80.0,0.05
stress_case,euler,137,6.85,76.3240634391,0.6,80.0,0.05
stress_case,euler,138,6.9,76.4292743448,0.6,80.0,0.05
stress_case,euler,139,6.95,76.5316148338,0.6,80.0,0.05
stress_case,euler,140,7.0,76.6311552529,0.6,80.0,0.05
stress_case,euler,141,7.05,76.7279646772,0.6,80.0,0.05
stress_case,euler,142,7.1,76.8221109062,0.6,80.0,0.05
stress_case,euler,143,7.15,76.9136604619,0.6,80.0,0.05
stress_case,euler,144,7.2,77.0026785886,0.6,80.0,0.05
stress_case,euler,145,7.25,77.0892292551,0.6,80.0,0.05
stress_case,euler,146,7.3,77.1733751576,0.6,80.0,0.05
stress_case,euler,147,7.35,77.2551777248,0.6,80.0,0.05
stress_case,euler,148,7.4,77.3346971246,0.6,80.0,0.05
stress_case,euler,149,7.45,77.4119922711,0.6,80.0,0.05
stress_case,euler,150,7.5,77.4871208339,0.6,80.0,0.05
stress_case,euler,151,7.55,77.5601392483,0.6,80.0,0.05
stress_case,euler,152,7.6,77.6311027257,0.6,80.0,0.05
stress_case,euler,153,7.65,77.700065266,0.6,80.0,0.05
stress_case,euler,154,7.7,77.7670796706,0.6,80.0,0.05
stress_case,euler,155,7.75,77.8321975556,0.6,80.0,0.05
stress_case,euler,156,7.8,77.8954693661,0.6,80.0,0.05
stress_case,euler,157,7.85,77.9569443917,0.6,80.0,0.05
stress_case,euler,158,7.9,78.0166707813,0.6,80.0,0.05
stress_case,euler,159,7.95,78.0746955599,0.6,80.0,0.05
stress_case,euler,160,8.0,78.1310646441,0.6,80.0,0.05
stress_case,euler,161,8.05,78.18582286,0.6,80.0,0.05
stress_case,euler,162,8.1,78.2390139597,0.6,80.0,0.05
stress_case,euler,163,8.15,78.290680639,0.6,80.0,0.05
stress_case,euler,164,8.2,78.3408645551,0.6,80.0,0.05
stress_case,euler,165,8.25,78.3896063445,0.6,80.0,0.05
stress_case,euler,166,8.3,78.4369456413,0.6,80.0,0.05
stress_case,euler,167,8.35,78.4829210949,0.6,80.0,0.05
stress_case,euler,168,8.4,78.5275703889,0.6,80.0,0.05
stress_case,euler,169,8.45,78.5709302589,0.6,80.0,0.05
stress_case,euler,170,8.5,78.613036511,0.6,80.0,0.05
stress_case,euler,171,8.55,78.6539240403,0.6,80.0,0.05
stress_case,euler,172,8.6,78.6936268489,0.6,80.0,0.05
stress_case,euler,173,8.65,78.7321780644,0.6,80.0,0.05
stress_case,euler,174,8.7,78.7696099578,0.6,80.0,0.05
stress_case,euler,175,8.75,78.8059539617,0.6,80.0,0.05
stress_case,euler,176,8.8,78.8412406881,0.6,80.0,0.05
stress_case,euler,177,8.85,78.8754999463,0.6,80.0,0.05
stress_case,euler,178,8.9,78.9087607602,0.6,80.0,0.05
stress_case,euler,179,8.95,78.9410513863,0.6,80.0,0.05
stress_case,euler,180,9.0,78.9723993301,0.6,80.0,0.05
stress_case,euler,181,9.05,79.0028313641,0.6,80.0,0.05
stress_case,euler,182,9.1,79.0323735436,0.6,80.0,0.05
stress_case,euler,183,9.15,79.0610512245,0.6,80.0,0.05
stress_case,euler,184,9.2,79.0888890784,0.6,80.0,0.05
stress_case,euler,185,9.25,79.1159111099,0.6,80.0,0.05
stress_case,euler,186,9.3,79.1421406717,0.6,80.0,0.05
stress_case,euler,187,9.35,79.1676004806,0.6,80.0,0.05
stress_case,euler,188,9.4,79.1923126328,0.6,80.0,0.05
stress_case,euler,189,9.45,79.2162986192,0.6,80.0,0.05
stress_case,euler,190,9.5,79.2395793402,0.6,80.0,0.05
stress_case,euler,191,9.55,79.2621751201,0.6,80.0,0.05
stress_case,euler,192,9.6,79.284105722,0.6,80.0,0.05
stress_case,euler,193,9.65,79.3053903611,0.6,80.0,0.05
stress_case,euler,194,9.7,79.3260477193,0.6,80.0,0.05
stress_case,euler,195,9.75,79.3460959583,0.6,80.0,0.05
stress_case,euler,196,9.8,79.3655527331,0.6,80.0,0.05
stress_case,euler,197,9.85,79.3844352049,0.6,80.0,0.05
stress_case,euler,198,9.9,79.4027600537,0.6,80.0,0.05
stress_case,euler,199,9.95,79.4205434913,0.6,80.0,0.05
stress_case,euler,200,10.0,79.4378012729,0.6,80.0,0.05
stress_case,euler,201,10.05,79.4545487094,0.6,80.0,0.05
stress_case,euler,202,10.1,79.4708006792,0.6,80.0,0.05
stress_case,euler,203,10.15,79.4865716394,0.6,80.0,0.05
stress_case,euler,204,10.2,79.5018756369,0.6,80.0,0.05
stress_case,euler,205,10.25,79.5167263199,0.6,80.0,0.05
stress_case,euler,206,10.3,79.5311369477,0.6,80.0,0.05
stress_case,euler,207,10.35,79.5451204021,0.6,80.0,0.05
stress_case,euler,208,10.4,79.5586891967,0.6,80.0,0.05
stress_case,euler,209,10.45,79.5718554876,0.6,80.0,0.05
stress_case,euler,210,10.5,79.5846310826,0.6,80.0,0.05
stress_case,euler,211,10.55,79.5970274509,0.6,80.0,0.05
stress_case,euler,212,10.6,79.6090557322,0.6,80.0,0.05
stress_case,euler,213,10.65,79.6207267462,0.6,80.0,0.05
stress_case,euler,214,10.7,79.6320510008,0.6,80.0,0.05
stress_case,euler,215,10.75,79.6430387008,0.6,80.0,0.05
stress_case,euler,216,10.8,79.6536997568,0.6,80.0,0.05
stress_case,euler,217,10.85,79.6640437926,0.6,80.0,0.05
stress_case,euler,218,10.9,79.6740801539,0.6,80.0,0.05
stress_case,euler,219,10.95,79.6838179154,0.6,80.0,0.05
stress_case,euler,220,11.0,79.6932658888,0.6,80.0,0.05
stress_case,euler,221,11.05,79.7024326299,0.6,80.0,0.05
stress_case,euler,222,11.1,79.7113264461,0.6,80.0,0.05
stress_case,euler,223,11.15,79.7199554031,0.6,80.0,0.05
stress_case,euler,224,11.2,79.7283273316,0.6,80.0,0.05
stress_case,euler,225,11.25,79.7364498344,0.6,80.0,0.05
stress_case,euler,226,11.3,79.7443302924,0.6,80.0,0.05
stress_case,euler,227,11.35,79.751975871,0.6,80.0,0.05
stress_case,euler,228,11.4,79.7593935264,0.6,80.0,0.05
stress_case,euler,229,11.45,79.7665900113,0.6,80.0,0.05
stress_case,euler,230,11.5,79.7735718809,0.6,80.0,0.05
stress_case,euler,231,11.55,79.7803454983,0.6,80.0,0.05
stress_case,euler,232,11.6,79.7869170403,0.6,80.0,0.05
stress_case,euler,233,11.65,79.7932925025,0.6,80.0,0.05
stress_case,euler,234,11.7,79.7994777044,0.6,80.0,0.05
stress_case,euler,235,11.75,79.8054782948,0.6,80.0,0.05
stress_case,euler,236,11.8,79.8112997565,0.6,80.0,0.05
stress_case,euler,237,11.85,79.8169474108,0.6,80.0,0.05
stress_case,euler,238,11.9,79.8224264229,0.6,80.0,0.05
stress_case,euler,239,11.95,79.8277418056,0.6,80.0,0.05
stress_case,euler,240,12.0,79.8328984241,0.6,80.0,0.05
stress_case,rk4,0,0.0,20.0,0.6,80.0,0.05
stress_case,rk4,1,0.05,20.4533662442,0.6,80.0,0.05
stress_case,rk4,2,0.1,20.9134273978,0.6,80.0,0.05
stress_case,rk4,3,0.15,21.3801212704,0.6,80.0,0.05
stress_case,rk4,4,0.2,21.8533778118,0.6,80.0,0.05
stress_case,rk4,5,0.25,22.3331190006,0.6,80.0,0.05
stress_case,rk4,6,0.3,22.8192587484,0.6,80.0,0.05
stress_case,rk4,7,0.35,23.3117028216,0.6,80.0,0.05
stress_case,rk4,8,0.4,23.8103487816,0.6,80.0,0.05
stress_case,rk4,9,0.45,24.3150859433,0.6,80.0,0.05
stress_case,rk4,10,0.5,24.8257953542,0.6,80.0,0.05
stress_case,rk4,11,0.55,25.3423497937,0.6,80.0,0.05
stress_case,rk4,12,0.6,25.864613794,0.6,80.0,0.05
stress_case,rk4,13,0.65,26.3924436829,0.6,80.0,0.05
stress_case,rk4,14,0.7,26.9256876491,0.6,80.0,0.05
stress_case,rk4,15,0.75,27.4641858306,0.6,80.0,0.05
stress_case,rk4,16,0.8,28.0077704264,0.6,80.0,0.05
stress_case,rk4,17,0.85,28.5562658317,0.6,80.0,0.05
stress_case,rk4,18,0.9,29.109488797,0.6,80.0,0.05
stress_case,rk4,19,0.95,29.6672486109,0.6,80.0,0.05
stress_case,rk4,20,1.0,30.2293473068,0.6,80.0,0.05
stress_case,rk4,21,1.05,30.7955798926,0.6,80.0,0.05
stress_case,rk4,22,1.1,31.365734604,0.6,80.0,0.05
stress_case,rk4,23,1.15,31.9395931805,0.6,80.0,0.05
stress_case,rk4,24,1.2,32.5169311633,0.6,80.0,0.05
stress_case,rk4,25,1.25,33.0975182148,0.6,80.0,0.05
stress_case,rk4,26,1.3,33.6811184583,0.6,80.0,0.05
stress_case,rk4,27,1.35,34.2674908383,0.6,80.0,0.05
stress_case,rk4,28,1.4,34.8563894984,0.6,80.0,0.05
stress_case,rk4,29,1.45,35.447564177,0.6,80.0,0.05
stress_case,rk4,30,1.5,36.0407606189,0.6,80.0,0.05
stress_case,rk4,31,1.55,36.6357210026,0.6,80.0,0.05
stress_case,rk4,32,1.6,37.2321843792,0.6,80.0,0.05
stress_case,rk4,33,1.65,37.8298871248,0.6,80.0,0.05
stress_case,rk4,34,1.7,38.4285634015,0.6,80.0,0.05
stress_case,rk4,35,1.75,39.0279456275,0.6,80.0,0.05
stress_case,rk4,36,1.8,39.6277649542,0.6,80.0,0.05
stress_case,rk4,37,1.85,40.2277517471,0.6,80.0,0.05
stress_case,rk4,38,1.9,40.8276360704,0.6,80.0,0.05
stress_case,rk4,39,1.95,41.4271481726,0.6,80.0,0.05
stress_case,rk4,40,2.0,42.0260189718,0.6,80.0,0.05
stress_case,rk4,41,2.05,42.6239805372,0.6,80.0,0.05
stress_case,rk4,42,2.1,43.2207665678,0.6,80.0,0.05
stress_case,rk4,43,2.15,43.816112864,0.6,80.0,0.05
stress_case,rk4,44,2.2,44.409757791,0.6,80.0,0.05
stress_case,rk4,45,2.25,45.0014427333,0.6,80.0,0.05
stress_case,rk4,46,2.3,45.5909125376,0.6,80.0,0.05
stress_case,rk4,47,2.35,46.1779159424,0.6,80.0,0.05
stress_case,rk4,48,2.4,46.7622059934,0.6,80.0,0.05
stress_case,rk4,49,2.45,47.3435404437,0.6,80.0,0.05
stress_case,rk4,50,2.5,47.9216821359,0.6,80.0,0.05
stress_case,rk4,51,2.55,48.4963993668,0.6,80.0,0.05
stress_case,rk4,52,2.6,49.0674662317,0.6,80.0,0.05
stress_case,rk4,53,2.65,49.6346629493,0.6,80.0,0.05
stress_case,rk4,54,2.7,50.197776165,0.6,80.0,0.05
stress_case,rk4,55,2.75,50.7565992318,0.6,80.0,0.05
stress_case,rk4,56,2.8,51.3109324692,0.6,80.0,0.05
stress_case,rk4,57,2.85,51.8605833989,0.6,80.0,0.05
stress_case,rk4,58,2.9,52.4053669567,0.6,80.0,0.05
stress_case,rk4,59,2.95,52.9451056816,0.6,80.0,0.05
stress_case,rk4,60,3.0,53.4796298799,0.6,80.0,0.05
stress_case,rk4,61,3.05,54.0087777667,0.6,80.0,0.05
stress_case,rk4,62,3.1,54.5323955828,0.6,80.0,0.05
stress_case,rk4,63,3.15,55.0503376894,0.6,80.0,0.05
stress_case,rk4,64,3.2,55.5624666379,0.6,80.0,0.05
stress_case,rk4,65,3.25,56.068653219,0.6,80.0,0.05
stress_case,rk4,66,3.3,56.5687764884,0.6,80.0,0.05
stress_case,rk4,67,3.35,57.0627237711,0.6,80.0,0.05
stress_case,rk4,68,3.4,57.5503906456,0.6,80.0,0.05
stress_case,rk4,69,3.45,58.0316809073,0.6,80.0,0.05
stress_case,rk4,70,3.5,58.5065065127,0.6,80.0,0.05
stress_case,rk4,71,3.55,58.9747875057,0.6,80.0,0.05
stress_case,rk4,72,3.6,59.4364519263,0.6,80.0,0.05
stress_case,rk4,73,3.65,59.8914357021,0.6,80.0,0.05
stress_case,rk4,74,3.7,60.3396825257,0.6,80.0,0.05
stress_case,rk4,75,3.75,60.7811437162,0.6,80.0,0.05
stress_case,rk4,76,3.8,61.2157780685,0.6,80.0,0.05
stress_case,rk4,77,3.85,61.6435516892,0.6,80.0,0.05
stress_case,rk4,78,3.9,62.0644378222,0.6,80.0,0.05
stress_case,rk4,79,3.95,62.4784166634,0.6,80.0,0.05
stress_case,rk4,80,4.0,62.8854751663,0.6,80.0,0.05
stress_case,rk4,81,4.05,63.2856068396,0.6,80.0,0.05
stress_case,rk4,82,4.1,63.6788115379,0.6,80.0,0.05
stress_case,rk4,83,4.15,64.0650952456,0.6,80.0,0.05
stress_case,rk4,84,4.2,64.4444698563,0.6,80.0,0.05
stress_case,rk4,85,4.25,64.8169529478,0.6,80.0,0.05
stress_case,rk4,86,4.3,65.1825675534,0.6,80.0,0.05
stress_case,rk4,87,4.35,65.5413419316,0.6,80.0,0.05
stress_case,rk4,88,4.4,65.8933093333,0.6,80.0,0.05
stress_case,rk4,89,4.45,66.2385077686,0.6,80.0,0.05
stress_case,rk4,90,4.5,66.5769797738,0.6,80.0,0.05
stress_case,rk4,91,4.55,66.9087721786,0.6,80.0,0.05
stress_case,rk4,92,4.6,67.2339358748,0.6,80.0,0.05
stress_case,rk4,93,4.65,67.5525255869,0.6,80.0,0.05
stress_case,rk4,94,4.7,67.8645996452,0.6,80.0,0.05
stress_case,rk4,95,4.75,68.1702197623,0.6,80.0,0.05
stress_case,rk4,96,4.8,68.4694508121,0.6,80.0,0.05
stress_case,rk4,97,4.85,68.7623606143,0.6,80.0,0.05
stress_case,rk4,98,4.9,69.0490197214,0.6,80.0,0.05
stress_case,rk4,99,4.95,69.3295012125,0.6,80.0,0.05
stress_case,rk4,100,5.0,69.6038804902,0.6,80.0,0.05
stress_case,rk4,101,5.05,69.872235084,0.6,80.0,0.05
stress_case,rk4,102,5.1,70.1346444588,0.6,80.0,0.05
stress_case,rk4,103,5.15,70.3911898297,0.6,80.0,0.05
stress_case,rk4,104,5.2,70.6419539817,0.6,80.0,0.05
stress_case,rk4,105,5.25,70.8870210964,0.6,80.0,0.05
stress_case,rk4,106,5.3,71.1264765845,0.6,80.0,0.05
stress_case,rk4,107,5.35,71.3604069246,0.6,80.0,0.05
stress_case,rk4,108,5.4,71.5888995085,0.6,80.0,0.05
stress_case,rk4,109,5.45,71.8120424921,0.6,80.0,0.05
stress_case,rk4,110,5.5,72.0299246537,0.6,80.0,0.05
stress_case,rk4,111,5.55,72.2426352581,0.6,80.0,0.05
stress_case,rk4,112,5.6,72.4502639264,0.6,80.0,0.05
stress_case,rk4,113,5.65,72.6529005131,0.6,80.0,0.05
stress_case,rk4,114,5.7,72.8506349889,0.6,80.0,0.05
stress_case,rk4,115,5.75,73.0435573289,0.6,80.0,0.05
stress_case,rk4,116,5.8,73.2317574079,0.6,80.0,0.05
stress_case,rk4,117,5.85,73.4153249006,0.6,80.0,0.05
stress_case,rk4,118,5.9,73.5943491884,0.6,80.0,0.05
stress_case,rk4,119,5.95,73.7689192704,0.6,80.0,0.05
stress_case,rk4,120,6.0,73.9391236815,0.6,80.0,0.05
stress_case,rk4,121,6.05,74.1050504149,0.6,80.0,0.05
stress_case,rk4,122,6.1,74.2667868492,0.6,80.0,0.05
stress_case,rk4,123,6.15,74.4244196818,0.6,80.0,0.05
stress_case,rk4,124,6.2,74.5780348661,0.6,80.0,0.05
stress_case,rk4,125,6.25,74.7277175537,0.6,80.0,0.05
stress_case,rk4,126,6.3,74.873552041,0.6,80.0,0.05
stress_case,rk4,127,6.35,75.0156217204,0.6,80.0,0.05
stress_case,rk4,128,6.4,75.1540090349,0.6,80.0,0.05
stress_case,rk4,129,6.45,75.2887954378,0.6,80.0,0.05
stress_case,rk4,130,6.5,75.420061355,0.6,80.0,0.05
stress_case,rk4,131,6.55,75.5478861519,0.6,80.0,0.05
stress_case,rk4,132,6.6,75.6723481033,0.6,80.0,0.05
stress_case,rk4,133,6.65,75.7935243667,0.6,80.0,0.05
stress_case,rk4,134,6.7,75.9114909587,0.6,80.0,0.05
stress_case,rk4,135,6.75,76.0263227346,0.6,80.0,0.05
stress_case,rk4,136,6.8,76.1380933708,0.6,80.0,0.05
stress_case,rk4,137,6.85,76.2468753495,0.6,80.0,0.05
stress_case,rk4,138,6.9,76.3527399467,0.6,80.0,0.05
stress_case,rk4,139,6.95,76.4557572218,0.6,80.0,0.05
stress_case,rk4,140,7.0,76.5559960101,0.6,80.0,0.05
stress_case,rk4,141,7.05,76.6535239173,0.6,80.0,0.05
stress_case,rk4,142,7.1,76.7484073157,0.6,80.0,0.05
stress_case,rk4,143,7.15,76.8407113426,0.6,80.0,0.05
stress_case,rk4,144,7.2,76.9304999006,0.6,80.0,0.05
stress_case,rk4,145,7.25,77.017835659,0.6,80.0,0.05
stress_case,rk4,146,7.3,77.1027800573,0.6,80.0,0.05
stress_case,rk4,147,7.35,77.1853933099,0.6,80.0,0.05
stress_case,rk4,148,7.4,77.2657344123,0.6,80.0,0.05
stress_case,rk4,149,7.45,77.3438611481,0.6,80.0,0.05
stress_case,rk4,150,7.5,77.4198300978,0.6,80.0,0.05
stress_case,rk4,151,7.55,77.4936966481,0.6,80.0,0.05
stress_case,rk4,152,7.6,77.5655150024,0.6,80.0,0.05
stress_case,rk4,153,7.65,77.6353381923,0.6,80.0,0.05
stress_case,rk4,154,7.7,77.7032180895,0.6,80.0,0.05
stress_case,rk4,155,7.75,77.7692054193,0.6,80.0,0.05
stress_case,rk4,156,7.8,77.8333497734,0.6,80.0,0.05
stress_case,rk4,157,7.85,77.8956996248,0.6,80.0,0.05
stress_case,rk4,158,7.9,77.9563023422,0.6,80.0,0.05
stress_case,rk4,159,7.95,78.0152042051,0.6,80.0,0.05
stress_case,rk4,160,8.0,78.0724504198,0.6,80.0,0.05
stress_case,rk4,161,8.05,78.1280851354,0.6,80.0,0.05
stress_case,rk4,162,8.1,78.1821514596,0.6,80.0,0.05
stress_case,rk4,163,8.15,78.2346914759,0.6,80.0,0.05
stress_case,rk4,164,8.2,78.2857462605,0.6,80.0,0.05
stress_case,rk4,165,8.25,78.3353558987,0.6,80.0,0.05
stress_case,rk4,166,8.3,78.3835595029,0.6,80.0,0.05
stress_case,rk4,167,8.35,78.4303952292,0.6,80.0,0.05
stress_case,rk4,168,8.4,78.4759002954,0.6,80.0,0.05
stress_case,rk4,169,8.45,78.5201109981,0.6,80.0,0.05
stress_case,rk4,170,8.5,78.5630627302,0.6,80.0,0.05
stress_case,rk4,171,8.55,78.6047899985,0.6,80.0,0.05
stress_case,rk4,172,8.6,78.6453264412,0.6,80.0,0.05
stress_case,rk4,173,8.65,78.684704845,0.6,80.0,0.05
stress_case,rk4,174,8.7,78.7229571627,0.6,80.0,0.05
stress_case,rk4,175,8.75,78.7601145302,0.6,80.0,0.05
stress_case,rk4,176,8.8,78.7962072839,0.6,80.0,0.05
stress_case,rk4,177,8.85,78.8312649775,0.6,80.0,0.05
stress_case,rk4,178,8.9,78.8653163986,0.6,80.0,0.05
stress_case,rk4,179,8.95,78.898389586,0.6,80.0,0.05
stress_case,rk4,180,9.0,78.9305118454,0.6,80.0,0.05
stress_case,rk4,181,9.05,78.9617097666,0.6,80.0,0.05
stress_case,rk4,182,9.1,78.9920092387,0.6,80.0,0.05
stress_case,rk4,183,9.15,79.021435467,0.6,80.0,0.05
stress_case,rk4,184,9.2,79.0500129879,0.6,80.0,0.05
stress_case,rk4,185,9.25,79.0777656847,0.6,80.0,0.05
stress_case,rk4,186,9.3,79.1047168031,0.6,80.0,0.05
stress_case,rk4,187,9.35,79.1308889658,0.6,80.0,0.05
stress_case,rk4,188,9.4,79.1563041877,0.6,80.0,0.05
stress_case,rk4,189,9.45,79.1809838903,0.6,80.0,0.05
stress_case,rk4,190,9.5,79.2049489158,0.6,80.0,0.05
stress_case,rk4,191,9.55,79.2282195417,0.6,80.0,0.05
stress_case,rk4,192,9.6,79.2508154941,0.6,80.0,0.05
stress_case,rk4,193,9.65,79.2727559616,0.6,80.0,0.05
stress_case,rk4,194,9.7,79.2940596086,0.6,80.0,0.05
stress_case,rk4,195,9.75,79.3147445881,0.6,80.0,0.05
stress_case,rk4,196,9.8,79.3348285549,0.6,80.0,0.05
stress_case,rk4,197,9.85,79.354328678,0.6,80.0,0.05
stress_case,rk4,198,9.9,79.3732616528,0.6,80.0,0.05
stress_case,rk4,199,9.95,79.3916437135,0.6,80.0,0.05
stress_case,rk4,200,10.0,79.4094906445,0.6,80.0,0.05
stress_case,rk4,201,10.05,79.4268177923,0.6,80.0,0.05
stress_case,rk4,202,10.1,79.4436400766,0.6,80.0,0.05
stress_case,rk4,203,10.15,79.4599720017,0.6,80.0,0.05
stress_case,rk4,204,10.2,79.475827667,0.6,80.0,0.05
stress_case,rk4,205,10.25,79.4912207778,0.6,80.0,0.05
stress_case,rk4,206,10.3,79.5061646555,0.6,80.0,0.05
stress_case,rk4,207,10.35,79.5206722479,0.6,80.0,0.05
stress_case,rk4,208,10.4,79.5347561391,0.6,80.0,0.05
stress_case,rk4,209,10.45,79.5484285591,0.6,80.0,0.05
stress_case,rk4,210,10.5,79.5617013931,0.6,80.0,0.05
stress_case,rk4,211,10.55,79.574586191,0.6,80.0,0.05
stress_case,rk4,212,10.6,79.5870941764,0.6,80.0,0.05
stress_case,rk4,213,10.65,79.5992362551,0.6,80.0,0.05
stress_case,rk4,214,10.7,79.6110230239,0.6,80.0,0.05
stress_case,rk4,215,10.75,79.6224647789,0.6,80.0,0.05
stress_case,rk4,216,10.8,79.633571524,0.6,80.0,0.05
stress_case,rk4,217,10.85,79.6443529781,0.6,80.0,0.05
stress_case,rk4,218,10.9,79.6548185836,0.6,80.0,0.05
stress_case,rk4,219,10.95,79.6649775139,0.6,80.0,0.05
stress_case,rk4,220,11.0,79.6748386802,0.6,80.0,0.05
stress_case,rk4,221,11.05,79.6844107394,0.6,80.0,0.05
stress_case,rk4,222,11.1,79.6937021008,0.6,80.0,0.05
stress_case,rk4,223,11.15,79.7027209328,0.6,80.0,0.05
stress_case,rk4,224,11.2,79.71147517,0.6,80.0,0.05
stress_case,rk4,225,11.25,79.7199725192,0.6,80.0,0.05
stress_case,rk4,226,11.3,79.7282204662,0.6,80.0,0.05
stress_case,rk4,227,11.35,79.7362262814,0.6,80.0,0.05
stress_case,rk4,228,11.4,79.7439970263,0.6,80.0,0.05
stress_case,rk4,229,11.45,79.7515395593,0.6,80.0,0.05
stress_case,rk4,230,11.5,79.7588605411,0.6,80.0,0.05
stress_case,rk4,231,11.55,79.7659664404,0.6,80.0,0.05
stress_case,rk4,232,11.6,79.7728635393,0.6,80.0,0.05
stress_case,rk4,233,11.65,79.7795579386,0.6,80.0,0.05
stress_case,rk4,234,11.7,79.7860555628,0.6,80.0,0.05
stress_case,rk4,235,11.75,79.7923621652,0.6,80.0,0.05
stress_case,rk4,236,11.8,79.7984833327,0.6,80.0,0.05
stress_case,rk4,237,11.85,79.8044244904,0.6,80.0,0.05
stress_case,rk4,238,11.9,79.8101909061,0.6,80.0,0.05
stress_case,rk4,239,11.95,79.8157876954,0.6,80.0,0.05
stress_case,rk4,240,12.0,79.8212198251,0.6,80.0,0.05
