scenario,replication,sampled_initial_stock,sampled_growth_rate,sampled_extraction,sampled_shock_probability,final_stock,minimum_stock,depleted
baseline_uncertainty,1,66.10726419,0.1719976,7.45226371,0.05083458,0.0,0.0,1
baseline_uncertainty,2,66.86920895,0.19253796,7.74967287,0.02298289,0.0,0.0,1
baseline_uncertainty,3,66.45791315,0.18030909,5.61015793,0.07464046,0.0,0.0,1
baseline_uncertainty,4,70.75032397,0.15684324,6.09237284,0.0684311,0.0,0.0,1
baseline_uncertainty,5,66.04764661,0.15910309,6.96636622,0.04361983,0.0,0.0,1
baseline_uncertainty,6,66.97263542,0.19956054,5.96462246,0.0383773,0.0,0.0,1
baseline_uncertainty,7,70.40801968,0.14393575,7.26109429,0.05587217,0.0,0.0,1
baseline_uncertainty,8,65.53205036,0.14459947,7.43482753,0.06762053,0.0,0.0,1
baseline_uncertainty,9,74.31879975,0.14444903,5.77221175,0.0660839,0.0,0.0,1
baseline_uncertainty,10,73.67729576,0.20843336,7.34504089,0.052849,0.0,0.0,1
baseline_uncertainty,11,67.17558215,0.19097394,7.81153795,0.05347657,0.0,0.0,1
baseline_uncertainty,12,67.33991329,0.21826931,7.4068449,0.07324968,0.0,0.0,1
baseline_uncertainty,13,65.50181814,0.19897915,6.76567692,0.03736411,0.0,0.0,1
baseline_uncertainty,14,67.49043813,0.15569419,7.55419441,0.03323813,0.0,0.0,1
baseline_uncertainty,15,68.50552917,0.17846724,5.90978255,0.04614146,0.0,0.0,1
baseline_uncertainty,16,71.99132352,0.14818075,6.7216409,0.03827915,0.0,0.0,1
baseline_uncertainty,17,69.95873212,0.1764551,6.4724033,0.06567475,0.0,0.0,1
baseline_uncertainty,18,67.6084715,0.2099437,6.51225888,0.04768352,0.0,0.0,1
baseline_uncertainty,19,73.49964802,0.17757316,5.26328706,0.04080622,0.0,0.0,1
baseline_uncertainty,20,68.96756853,0.14888533,5.54228588,0.07075628,0.0,0.0,1
baseline_uncertainty,21,66.85882285,0.202056,6.41857171,0.02171965,0.0,0.0,1
baseline_uncertainty,22,70.07667374,0.1916532,5.44038126,0.04108963,0.0,0.0,1
baseline_uncertainty,23,72.75029246,0.18015978,5.02821403,0.05075181,15.38936185,15.38936185,0
baseline_uncertainty,24,72.37290216,0.20213234,6.18309262,0.02527206,0.0,0.0,1
baseline_uncertainty,25,66.34996811,0.2022185,5.72125692,0.05716722,0.0,0.0,1
baseline_uncertainty,26,69.82960683,0.21686654,7.85557552,0.06040972,0.0,0.0,1
baseline_uncertainty,27,65.67022542,0.19557541,6.09079926,0.04122096,0.0,0.0,1
baseline_uncertainty,28,73.56664067,0.19766702,5.03063559,0.03696614,54.74622605,54.74622605,0
baseline_uncertainty,29,68.43236455,0.18256574,5.44863367,0.0442312,0.0,0.0,1
baseline_uncertainty,30,72.80757726,0.21013477,5.84867046,0.07877527,0.0,0.0,1
baseline_uncertainty,31,72.64716944,0.17733077,5.34016783,0.04532246,0.0,0.0,1
baseline_uncertainty,32,70.6074655,0.15973576,6.39301719,0.05906732,0.0,0.0,1
baseline_uncertainty,33,70.203283,0.2133365,5.92784484,0.06855316,0.0,0.0,1
baseline_uncertainty,34,71.45272421,0.16921394,6.07906939,0.03393435,0.0,0.0,1
baseline_uncertainty,35,66.22112149,0.15666873,6.4478354,0.02060315,0.0,0.0,1
baseline_uncertainty,36,74.90829471,0.15382244,6.92622954,0.07866902,0.0,0.0,1
baseline_uncertainty,37,72.47665339,0.14786611,5.59994274,0.03901781,0.0,0.0,1
baseline_uncertainty,38,67.16345764,0.17394137,6.40803762,0.04303279,0.0,0.0,1
baseline_uncertainty,39,72.4830577,0.16625831,5.60349173,0.07810454,0.0,0.0,1
baseline_uncertainty,40,67.21252523,0.20929689,7.34092565,0.06263913,0.0,0.0,1
baseline_uncertainty,41,65.91672178,0.19443947,5.63454906,0.04797163,0.0,0.0,1
baseline_uncertainty,42,72.1584638,0.19970599,7.75895219,0.06752116,0.0,0.0,1
baseline_uncertainty,43,72.72142812,0.15124204,5.53161741,0.06770333,0.0,0.0,1
baseline_uncertainty,44,66.84001477,0.17915674,5.25597947,0.07963018,0.0,0.0,1
baseline_uncertainty,45,73.38060321,0.17735739,5.10745018,0.03863468,0.0,0.0,1
baseline_uncertainty,46,71.94178039,0.15172925,7.86278778,0.03618769,0.0,0.0,1
baseline_uncertainty,47,72.48251267,0.18491347,7.12010611,0.04376888,0.0,0.0,1
baseline_uncertainty,48,66.08318092,0.20545577,6.57563252,0.07774514,0.0,0.0,1
baseline_uncertainty,49,74.39653515,0.21480737,5.12335003,0.05312436,61.52163999,61.52163999,0
baseline_uncertainty,50,73.18970057,0.18905907,5.6722652,0.07189988,0.0,0.0,1
baseline_uncertainty,51,69.68275399,0.21902531,7.15364916,0.0630553,0.0,0.0,1
baseline_uncertainty,52,73.59713114,0.21616956,6.85243384,0.03226095,0.0,0.0,1
baseline_uncertainty,53,69.56935342,0.14962973,5.04045247,0.04658954,0.0,0.0,1
baseline_uncertainty,54,74.74816983,0.14343791,7.49639606,0.03140255,0.0,0.0,1
baseline_uncertainty,55,74.7261036,0.20474147,7.82599801,0.07833443,0.0,0.0,1
baseline_uncertainty,56,73.09347613,0.20134332,6.00322579,0.03061912,0.0,0.0,1
baseline_uncertainty,57,67.41665583,0.19265167,6.06666937,0.06355324,0.0,0.0,1
baseline_uncertainty,58,65.98208929,0.18974975,5.05860592,0.03408706,10.66607999,10.66607999,0
baseline_uncertainty,59,74.33307474,0.1754247,6.91483676,0.07648998,0.0,0.0,1
baseline_uncertainty,60,67.05667548,0.2160195,7.62735409,0.02439589,0.0,0.0,1
baseline_uncertainty,61,66.48130411,0.19539325,5.23191346,0.07121474,0.0,0.0,1
baseline_uncertainty,62,72.99970442,0.20207682,7.26843017,0.06967924,0.0,0.0,1
baseline_uncertainty,63,69.70671279,0.19713846,6.13479176,0.0762794,0.0,0.0,1
baseline_uncertainty,64,71.47093343,0.16072114,7.45953354,0.04168106,0.0,0.0,1
baseline_uncertainty,65,70.12300174,0.20173616,7.92720679,0.07964979,0.0,0.0,1
baseline_uncertainty,66,67.20562262,0.20021624,7.03618804,0.02217375,0.0,0.0,1
baseline_uncertainty,67,66.21765293,0.14259449,5.80384441,0.0380046,0.0,0.0,1
baseline_uncertainty,68,72.03159186,0.17608525,7.86563726,0.04577795,0.0,0.0,1
baseline_uncertainty,69,72.19105747,0.21261332,6.33764155,0.05174868,0.0,0.0,1
baseline_uncertainty,70,68.7590246,0.20065733,6.32501975,0.03965472,0.0,0.0,1
baseline_uncertainty,71,70.67912226,0.15734665,5.4738043,0.02182723,0.0,0.0,1
baseline_uncertainty,72,70.46484875,0.18730202,6.93826444,0.05583932,0.0,0.0,1
baseline_uncertainty,73,70.87160309,0.18441353,5.433246,0.02984581,0.0,0.0,1
baseline_uncertainty,74,74.48730882,0.19234349,6.40512505,0.0343119,0.0,0.0,1
baseline_uncertainty,75,74.42615999,0.19473154,6.90202465,0.07702435,0.0,0.0,1
baseline_uncertainty,76,67.42028099,0.21147754,5.03342212,0.02198195,61.42005107,61.42005107,0
baseline_uncertainty,77,65.66765961,0.2047508,6.29945597,0.02043169,0.0,0.0,1
baseline_uncertainty,78,68.43178781,0.1870643,7.38139624,0.07877834,0.0,0.0,1
baseline_uncertainty,79,73.72638704,0.15350615,5.32276564,0.06392468,0.0,0.0,1
baseline_uncertainty,80,67.48056974,0.18069879,6.22979365,0.03058957,0.0,0.0,1
baseline_uncertainty,81,69.5926068,0.16194046,7.53411937,0.03619047,0.0,0.0,1
baseline_uncertainty,82,72.81491539,0.15973759,6.2007635,0.03230906,0.0,0.0,1
baseline_uncertainty,83,70.6060167,0.18385207,5.03982871,0.05343298,41.23377533,41.23377533,0
baseline_uncertainty,84,69.73737225,0.18958715,5.44645737,0.0602809,0.0,0.0,1
baseline_uncertainty,85,74.06678713,0.16014553,5.36403694,0.06819727,0.0,0.0,1
baseline_uncertainty,86,70.44025376,0.1971849,5.43046737,0.03163048,21.62258492,21.62258492,0
baseline_uncertainty,87,67.29349494,0.20111244,5.02348681,0.07418426,21.58629832,21.58629832,0
baseline_uncertainty,88,68.5408309,0.21048057,5.43148667,0.02277805,38.82087052,38.82087052,0
baseline_uncertainty,89,67.47504524,0.18097886,7.14316962,0.0513843,0.0,0.0,1
baseline_uncertainty,90,66.88453383,0.15899555,6.17956316,0.02413047,0.0,0.0,1
baseline_uncertainty,91,70.23498872,0.21503252,6.95375264,0.02481987,0.0,0.0,1
baseline_uncertainty,92,71.02908319,0.20318572,7.676428,0.0366139,0.0,0.0,1
baseline_uncertainty,93,71.6382123,0.16058408,7.1197696,0.06062563,0.0,0.0,1
baseline_uncertainty,94,69.79419473,0.16414957,5.31841049,0.05952293,0.0,0.0,1
baseline_uncertainty,95,69.75215958,0.14969313,7.89560492,0.07670598,0.0,0.0,1
baseline_uncertainty,96,68.1180407,0.14371931,6.81102863,0.02557253,0.0,0.0,1
baseline_uncertainty,97,72.07522832,0.17783889,7.47465582,0.07181663,0.0,0.0,1
baseline_uncertainty,98,67.68509531,0.18786212,6.80391148,0.02053863,0.0,0.0,1
baseline_uncertainty,99,70.80494788,0.1938668,5.55141713,0.07407549,0.0,0.0,1
baseline_uncertainty,100,66.57952767,0.1880861,6.52312689,0.04611274,0.0,0.0,1
baseline_uncertainty,101,69.71573809,0.16831092,7.00312824,0.05122724,0.0,0.0,1
baseline_uncertainty,102,65.1648237,0.17183912,6.34551134,0.05796777,0.0,0.0,1
baseline_uncertainty,103,72.60933224,0.21325377,6.67935004,0.06455249,0.0,0.0,1
baseline_uncertainty,104,66.35065538,0.15809011,5.90949589,0.04794257,0.0,0.0,1
baseline_uncertainty,105,67.26263486,0.21486561,6.29674633,0.04934979,0.0,0.0,1
baseline_uncertainty,106,66.42029663,0.1649735,5.33421359,0.02301039,0.0,0.0,1
baseline_uncertainty,107,65.27537468,0.15910372,6.89472362,0.05104043,0.0,0.0,1
baseline_uncertainty,108,67.90688933,0.1411297,6.55506621,0.03451261,0.0,0.0,1
baseline_uncertainty,109,73.04112938,0.17348226,5.63215273,0.03837517,0.0,0.0,1
baseline_uncertainty,110,74.07579388,0.14664017,6.13399951,0.02938232,0.0,0.0,1
baseline_uncertainty,111,74.14127326,0.18431612,7.76003862,0.07810306,0.0,0.0,1
baseline_uncertainty,112,68.31123836,0.1893085,7.3399731,0.05654623,0.0,0.0,1
baseline_uncertainty,113,70.80778982,0.16886502,6.21004466,0.04589386,0.0,0.0,1
baseline_uncertainty,114,70.65102095,0.17512239,6.99837925,0.05382527,0.0,0.0,1
baseline_uncertainty,115,74.93469751,0.16542825,7.17708672,0.06825494,0.0,0.0,1
baseline_uncertainty,116,69.78839579,0.18539202,6.8953988,0.06655359,0.0,0.0,1
baseline_uncertainty,117,69.47542478,0.1926184,6.47598506,0.0377013,0.0,0.0,1
baseline_uncertainty,118,67.79091404,0.18902879,6.74107175,0.0540826,0.0,0.0,1
baseline_uncertainty,119,71.52770261,0.15116127,7.55047125,0.05017783,0.0,0.0,1
baseline_uncertainty,120,66.72475008,0.15928969,5.13243394,0.03240212,0.0,0.0,1
baseline_uncertainty,121,72.94579915,0.20082215,6.67610378,0.06294042,0.0,0.0,1
baseline_uncertainty,122,71.8889442,0.18124809,6.05208465,0.03836397,0.0,0.0,1
baseline_uncertainty,123,69.85775641,0.15248659,6.07673497,0.03036282,0.0,0.0,1
baseline_uncertainty,124,74.91655966,0.18038888,5.16479702,0.05806407,14.72457455,14.72457455,0
baseline_uncertainty,125,70.72372558,0.21336088,6.1948519,0.04678806,0.0,0.0,1
baseline_uncertainty,126,74.08174955,0.17640602,7.33957307,0.06713214,0.0,0.0,1
baseline_uncertainty,127,71.4529644,0.20722148,5.01444624,0.06485369,48.81207001,48.16896012,0
baseline_uncertainty,128,71.13732629,0.20205755,6.91110141,0.06767461,0.0,0.0,1
baseline_uncertainty,129,67.73777691,0.21597418,5.14181594,0.06967472,51.66426109,50.9005851,0
baseline_uncertainty,130,65.89242529,0.19766929,7.61074369,0.0764558,0.0,0.0,1
baseline_uncertainty,131,70.99762716,0.20277682,7.85452325,0.07420754,0.0,0.0,1
baseline_uncertainty,132,69.72676158,0.15675934,6.2759829,0.02588861,0.0,0.0,1
baseline_uncertainty,133,69.99919516,0.21875463,5.89160999,0.02842558,33.70712206,33.70712206,0
baseline_uncertainty,134,71.56861154,0.21543956,5.51665742,0.06116355,40.14114727,40.14114727,0
baseline_uncertainty,135,70.36622332,0.17049791,5.83358755,0.07161232,0.0,0.0,1
baseline_uncertainty,136,66.68312819,0.20625808,6.73664184,0.05769386,0.0,0.0,1
baseline_uncertainty,137,74.30555991,0.20861596,5.09685112,0.06431296,51.3318354,48.98059165,0
baseline_uncertainty,138,68.46715984,0.20818954,5.15574706,0.02772193,47.9516786,47.9516786,0
baseline_uncertainty,139,67.01728276,0.14327108,5.19352848,0.02856389,0.0,0.0,1
baseline_uncertainty,140,68.50450953,0.16528657,7.69622775,0.07202405,0.0,0.0,1
baseline_uncertainty,141,73.75091558,0.21350524,6.09708654,0.07389589,0.0,0.0,1
baseline_uncertainty,142,66.7895165,0.15379061,6.17738367,0.02574546,0.0,0.0,1
baseline_uncertainty,143,70.03038684,0.15293272,7.10293484,0.02742736,0.0,0.0,1
baseline_uncertainty,144,69.24889129,0.19113252,7.93814493,0.03288815,0.0,0.0,1
baseline_uncertainty,145,68.58474513,0.17136786,6.18406846,0.04522023,0.0,0.0,1
baseline_uncertainty,146,74.29817184,0.19319369,5.25529878,0.06296369,5.90544286,5.90544286,1
baseline_uncertainty,147,68.98972569,0.21590159,6.2767783,0.02409509,0.0,0.0,1
baseline_uncertainty,148,69.82062251,0.17626164,7.12816162,0.04197192,0.0,0.0,1
baseline_uncertainty,149,73.588592,0.16964781,7.77224638,0.03410222,0.0,0.0,1
baseline_uncertainty,150,73.59469413,0.20576817,7.23871946,0.02788955,0.0,0.0,1
baseline_uncertainty,151,74.10375117,0.16838583,7.8372424,0.04949925,0.0,0.0,1
baseline_uncertainty,152,66.0014095,0.14961653,7.91892761,0.04647675,0.0,0.0,1
baseline_uncertainty,153,68.19110918,0.20597637,7.79985843,0.06725031,0.0,0.0,1
baseline_uncertainty,154,74.12599462,0.1964416,6.35519548,0.0593267,0.0,0.0,1
baseline_uncertainty,155,69.90857512,0.20148623,6.75810104,0.04394068,0.0,0.0,1
baseline_uncertainty,156,69.39813295,0.17469474,6.53059445,0.05669875,0.0,0.0,1
baseline_uncertainty,157,74.93073409,0.14976203,7.72349987,0.05914556,0.0,0.0,1
baseline_uncertainty,158,65.31978747,0.2180145,7.56045815,0.07746231,0.0,0.0,1
baseline_uncertainty,159,66.81164054,0.18256212,6.67631177,0.02249718,0.0,0.0,1
baseline_uncertainty,160,71.50406287,0.19409564,6.55540416,0.0344187,0.0,0.0,1
baseline_uncertainty,161,70.23582803,0.16729177,6.66115916,0.05971678,0.0,0.0,1
baseline_uncertainty,162,74.22570391,0.2072407,5.729593,0.06774439,0.0,0.0,1
baseline_uncertainty,163,71.10821575,0.21240902,7.50702691,0.03971929,0.0,0.0,1
baseline_uncertainty,164,67.31792129,0.16417043,7.6468139,0.02535819,0.0,0.0,1
baseline_uncertainty,165,70.60652286,0.14059276,5.72410179,0.02754047,0.0,0.0,1
baseline_uncertainty,166,74.69853911,0.20507508,6.80624893,0.07502135,0.0,0.0,1
baseline_uncertainty,167,65.05501235,0.17407591,6.57222876,0.0408747,0.0,0.0,1
baseline_uncertainty,168,71.36064433,0.15147214,5.15183916,0.0452041,0.0,0.0,1
baseline_uncertainty,169,73.48017866,0.16791115,6.23985761,0.04641501,0.0,0.0,1
baseline_uncertainty,170,73.04444611,0.1823015,7.14068776,0.03892394,0.0,0.0,1
baseline_uncertainty,171,72.55934712,0.17260853,6.5636848,0.04242456,0.0,0.0,1
baseline_uncertainty,172,67.02249395,0.21536022,5.06100515,0.03553364,62.51311841,62.51311841,0
baseline_uncertainty,173,68.11104722,0.17064076,6.97505575,0.02199665,0.0,0.0,1
baseline_uncertainty,174,70.05408051,0.15021604,5.39346618,0.06146735,0.0,0.0,1
baseline_uncertainty,175,72.63324657,0.15731215,5.5449463,0.0375543,0.0,0.0,1
baseline_uncertainty,176,71.54001828,0.1833027,5.17734328,0.02965177,0.0,0.0,1
baseline_uncertainty,177,66.7943166,0.14925551,5.1631767,0.05536503,0.0,0.0,1
baseline_uncertainty,178,71.28422639,0.21616398,6.50482784,0.04169824,0.0,0.0,1
baseline_uncertainty,179,70.58086053,0.18395194,6.92094204,0.02679701,0.0,0.0,1
baseline_uncertainty,180,69.27539065,0.19023621,7.60836588,0.04271142,0.0,0.0,1
baseline_uncertainty,181,69.11133955,0.17370346,6.57285884,0.04657051,0.0,0.0,1
baseline_uncertainty,182,68.6411013,0.21995384,5.5708994,0.06246099,45.02502256,45.02502256,0
baseline_uncertainty,183,66.96273376,0.16217294,5.84927204,0.06614131,0.0,0.0,1
baseline_uncertainty,184,68.45750799,0.15395098,6.84696907,0.04747847,0.0,0.0,1
baseline_uncertainty,185,71.05194695,0.14806179,7.83690967,0.04101305,0.0,0.0,1
baseline_uncertainty,186,70.49682125,0.1416637,5.02786144,0.04711247,0.0,0.0,1
baseline_uncertainty,187,74.92670772,0.21406416,6.70206895,0.03315247,0.0,0.0,1
baseline_uncertainty,188,68.24965089,0.17284371,5.73031274,0.03357971,0.0,0.0,1
baseline_uncertainty,189,67.90871845,0.19944411,7.65388428,0.06939857,0.0,0.0,1
baseline_uncertainty,190,72.40122507,0.18462733,7.66720561,0.03420405,0.0,0.0,1
baseline_uncertainty,191,67.90777355,0.21889041,6.48745535,0.04221133,0.0,0.0,1
baseline_uncertainty,192,69.40365807,0.15536741,5.61374446,0.03318563,0.0,0.0,1
baseline_uncertainty,193,74.67732138,0.17110776,7.08014755,0.037535,0.0,0.0,1
baseline_uncertainty,194,72.56921503,0.14646028,7.74723963,0.05475685,0.0,0.0,1
baseline_uncertainty,195,70.1169,0.21188758,6.28547235,0.04324225,0.0,0.0,1
baseline_uncertainty,196,65.25619744,0.15095417,5.14698934,0.03629126,0.0,0.0,1
baseline_uncertainty,197,72.99647668,0.14309286,5.88078512,0.0564314,0.0,0.0,1
baseline_uncertainty,198,70.16764574,0.2032855,6.49935033,0.07722832,0.0,0.0,1
baseline_uncertainty,199,67.09242402,0.21166576,6.099281,0.02790875,0.0,0.0,1
baseline_uncertainty,200,73.27181765,0.21071764,5.98235645,0.03240816,0.0,0.0,1
baseline_uncertainty,201,65.78322721,0.16689459,6.50138882,0.06103547,0.0,0.0,1
baseline_uncertainty,202,73.45235392,0.20849102,6.19749671,0.02935643,0.0,0.0,1
baseline_uncertainty,203,73.27012529,0.20809338,5.24898595,0.04295844,45.38474547,45.38474547,0
baseline_uncertainty,204,71.77811946,0.17495707,7.78403247,0.04622878,0.0,0.0,1
baseline_uncertainty,205,73.30631695,0.19617007,7.15745033,0.03802655,0.0,0.0,1
baseline_uncertainty,206,73.84528025,0.16817584,6.86360353,0.04462677,0.0,0.0,1
baseline_uncertainty,207,69.75173324,0.17234421,7.50673473,0.06890022,0.0,0.0,1
baseline_uncertainty,208,70.43536475,0.19619098,5.68522751,0.06924618,0.0,0.0,1
baseline_uncertainty,209,69.82634579,0.19948876,7.56625612,0.0263458,0.0,0.0,1
baseline_uncertainty,210,73.34268706,0.20317694,7.53195653,0.06565429,0.0,0.0,1
baseline_uncertainty,211,69.10609359,0.21746267,5.74146464,0.05529179,9.71254535,9.71254535,1
baseline_uncertainty,212,71.50808514,0.16018828,7.86514072,0.06812822,0.0,0.0,1
baseline_uncertainty,213,71.59894175,0.14812382,7.12476668,0.04975043,0.0,0.0,1
baseline_uncertainty,214,65.56735886,0.18010557,7.7502051,0.04916487,0.0,0.0,1
baseline_uncertainty,215,66.13555975,0.17013387,5.13552579,0.02830763,0.0,0.0,1
baseline_uncertainty,216,73.74763095,0.19901521,7.97798664,0.04471248,0.0,0.0,1
baseline_uncertainty,217,67.93777212,0.15030395,7.03536983,0.04457377,0.0,0.0,1
baseline_uncertainty,218,68.97943988,0.161736,7.42305696,0.03647089,0.0,0.0,1
baseline_uncertainty,219,72.01979609,0.16620569,7.47052348,0.0460193,0.0,0.0,1
baseline_uncertainty,220,72.40817732,0.171941,7.38423955,0.02571238,0.0,0.0,1
baseline_uncertainty,221,69.73112743,0.14748392,6.79949083,0.06732098,0.0,0.0,1
baseline_uncertainty,222,67.70372201,0.1571376,7.8451992,0.07794648,0.0,0.0,1
baseline_uncertainty,223,68.58313342,0.17538659,5.60475449,0.02511899,0.0,0.0,1
baseline_uncertainty,224,68.78801384,0.14222549,7.23517467,0.06397258,0.0,0.0,1
baseline_uncertainty,225,73.98949111,0.17482649,7.75977009,0.02063398,0.0,0.0,1
baseline_uncertainty,226,70.94090375,0.20631118,7.94003636,0.04004572,0.0,0.0,1
baseline_uncertainty,227,68.35218932,0.17939094,7.1216396,0.06295537,0.0,0.0,1
baseline_uncertainty,228,67.90057305,0.18894031,6.59042152,0.04932264,0.0,0.0,1
baseline_uncertainty,229,69.31850649,0.15058868,5.39491019,0.05207772,0.0,0.0,1
baseline_uncertainty,230,69.15140955,0.17084597,5.09448718,0.04032437,0.0,0.0,1
baseline_uncertainty,231,72.99745702,0.16899348,7.59300948,0.04063516,0.0,0.0,1
baseline_uncertainty,232,70.69807999,0.21575928,7.06238862,0.06646524,0.0,0.0,1
baseline_uncertainty,233,69.485171,0.1714708,5.40547759,0.02809335,0.0,0.0,1
baseline_uncertainty,234,67.99770825,0.20084714,5.98746623,0.04810334,0.0,0.0,1
baseline_uncertainty,235,70.64671293,0.15026242,5.12246689,0.0210206,0.0,0.0,1
baseline_uncertainty,236,67.67882939,0.15126851,6.72940512,0.04883123,0.0,0.0,1
baseline_uncertainty,237,67.34485784,0.18726107,6.84879282,0.02010663,0.0,0.0,1
baseline_uncertainty,238,67.26474819,0.15182036,5.43400046,0.07098792,0.0,0.0,1
baseline_uncertainty,239,65.38258737,0.15562593,5.30335642,0.03152717,0.0,0.0,1
baseline_uncertainty,240,65.97301252,0.2075725,7.73441929,0.06412044,0.0,0.0,1
baseline_uncertainty,241,70.5653011,0.2005517,6.97743497,0.04391047,0.0,0.0,1
baseline_uncertainty,242,68.20576269,0.21665984,5.81939944,0.07729451,19.87076653,19.87076653,0
baseline_uncertainty,243,74.30333944,0.19740985,7.64892296,0.0552012,0.0,0.0,1
baseline_uncertainty,244,74.62839864,0.2044533,6.65474913,0.03259262,0.0,0.0,1
baseline_uncertainty,245,71.80639995,0.1951439,5.77612876,0.05130194,0.0,0.0,1
baseline_uncertainty,246,74.46183081,0.1503278,7.76843773,0.05268873,0.0,0.0,1
baseline_uncertainty,247,65.75304921,0.16441462,6.7799523,0.0674799,0.0,0.0,1
baseline_uncertainty,248,65.14821472,0.15420522,7.09507213,0.07935427,0.0,0.0,1
baseline_uncertainty,249,66.69135548,0.1573533,5.47013093,0.03475231,0.0,0.0,1
baseline_uncertainty,250,69.33443386,0.14745317,6.67878137,0.04299722,0.0,0.0,1
baseline_uncertainty,251,69.3372102,0.18365325,7.86265877,0.06648644,0.0,0.0,1
baseline_uncertainty,252,70.93649258,0.18109515,7.17916162,0.02246376,0.0,0.0,1
baseline_uncertainty,253,74.1513123,0.16383331,6.73984472,0.04371401,0.0,0.0,1
baseline_uncertainty,254,72.26852329,0.19146287,6.84590721,0.04717991,0.0,0.0,1
baseline_uncertainty,255,68.48589692,0.15186541,5.25632125,0.06847739,0.0,0.0,1
baseline_uncertainty,256,71.57420274,0.16982841,5.35720241,0.06075164,0.0,0.0,1
baseline_uncertainty,257,66.22215084,0.15195452,6.86557621,0.03671148,0.0,0.0,1
baseline_uncertainty,258,68.67381794,0.21613829,7.56451699,0.05896904,0.0,0.0,1
baseline_uncertainty,259,68.24937108,0.1606752,6.9020748,0.06804912,0.0,0.0,1
baseline_uncertainty,260,71.42887729,0.14275267,5.77718743,0.04500297,0.0,0.0,1
baseline_uncertainty,261,73.00353113,0.1811242,6.42974205,0.02365387,0.0,0.0,1
baseline_uncertainty,262,73.0762322,0.19485558,6.11478974,0.0495165,0.0,0.0,1
baseline_uncertainty,263,73.25161138,0.14124159,6.60234525,0.04035645,0.0,0.0,1
baseline_uncertainty,264,68.98213972,0.18539684,6.55268019,0.0352122,0.0,0.0,1
baseline_uncertainty,265,66.65765461,0.18101151,7.45594238,0.03787658,0.0,0.0,1
baseline_uncertainty,266,70.48080312,0.18958816,7.83421148,0.05010175,0.0,0.0,1
baseline_uncertainty,267,65.62047556,0.20328644,5.49833049,0.07179625,39.55334726,39.55334726,0
baseline_uncertainty,268,69.22212715,0.21999718,5.00655905,0.05401628,51.29275342,50.80079378,0
baseline_uncertainty,269,73.09138102,0.16567544,6.7979713,0.04827513,0.0,0.0,1
baseline_uncertainty,270,69.63773804,0.14833741,5.22151985,0.06429262,0.0,0.0,1
baseline_uncertainty,271,70.87861504,0.19915227,5.80620677,0.05998497,0.0,0.0,1
baseline_uncertainty,272,66.94077297,0.1671142,7.19523554,0.02069758,0.0,0.0,1
baseline_uncertainty,273,65.24901006,0.18344994,5.74916073,0.05413818,0.0,0.0,1
baseline_uncertainty,274,68.59806853,0.21341292,7.53029812,0.06834174,0.0,0.0,1
baseline_uncertainty,275,69.77497843,0.19904338,5.61580646,0.04310766,0.0,0.0,1
baseline_uncertainty,276,70.28121334,0.14773551,5.20101697,0.0309095,0.0,0.0,1
baseline_uncertainty,277,71.52690715,0.2101051,7.35676761,0.0746975,0.0,0.0,1
baseline_uncertainty,278,65.95826753,0.16150418,6.97801579,0.03836386,0.0,0.0,1
baseline_uncertainty,279,74.69669046,0.14584836,5.56885633,0.02918604,0.0,0.0,1
baseline_uncertainty,280,69.73488131,0.21623208,6.54924394,0.07883556,0.0,0.0,1
baseline_uncertainty,281,68.48310172,0.14830071,7.51543993,0.02117954,0.0,0.0,1
baseline_uncertainty,282,66.11255782,0.14199893,5.39240654,0.04353309,0.0,0.0,1
baseline_uncertainty,283,70.4339429,0.19516552,5.30378423,0.05539748,9.26584163,9.26584163,1
baseline_uncertainty,284,71.01443932,0.19858888,6.17575906,0.07757204,0.0,0.0,1
baseline_uncertainty,285,65.4276752,0.18758435,6.27450122,0.07551011,0.0,0.0,1
baseline_uncertainty,286,71.37120812,0.17888259,7.20647477,0.03059615,0.0,0.0,1
baseline_uncertainty,287,74.09158802,0.16768052,5.1405291,0.07268361,0.0,0.0,1
baseline_uncertainty,288,69.40337126,0.21309519,5.49161717,0.07522015,29.54753783,29.54753783,0
baseline_uncertainty,289,69.39020394,0.14447995,5.57694361,0.03227973,0.0,0.0,1
baseline_uncertainty,290,66.99916952,0.14833433,6.83642082,0.0509198,0.0,0.0,1
baseline_uncertainty,291,70.74873566,0.18925223,7.37836241,0.04375885,0.0,0.0,1
baseline_uncertainty,292,71.40916857,0.18460016,6.08536579,0.06356217,0.0,0.0,1
baseline_uncertainty,293,72.30796349,0.17012044,6.69552956,0.07817851,0.0,0.0,1
baseline_uncertainty,294,73.45701836,0.19714345,6.16354658,0.05286618,0.0,0.0,1
baseline_uncertainty,295,69.99173846,0.21884528,7.68335536,0.05000489,0.0,0.0,1
baseline_uncertainty,296,68.06376376,0.20480037,5.79225733,0.05479251,0.0,0.0,1
baseline_uncertainty,297,74.44593865,0.19469232,5.91673341,0.07770154,0.0,0.0,1
baseline_uncertainty,298,69.55830821,0.20665374,5.51941953,0.02254574,19.02944752,19.02944752,0
baseline_uncertainty,299,72.15465589,0.16069203,7.18029369,0.04437866,0.0,0.0,1
baseline_uncertainty,300,71.98839332,0.20812684,6.84898767,0.07930061,0.0,0.0,1
baseline_uncertainty,301,66.12023609,0.14269058,5.55597907,0.06438568,0.0,0.0,1
baseline_uncertainty,302,65.12324688,0.19863584,5.86886579,0.03952604,0.0,0.0,1
baseline_uncertainty,303,71.21947024,0.15406859,6.85555597,0.06708472,0.0,0.0,1
baseline_uncertainty,304,65.22158272,0.14452944,6.76007297,0.0594238,0.0,0.0,1
baseline_uncertainty,305,71.82577071,0.18537812,6.22913362,0.05837971,0.0,0.0,1
baseline_uncertainty,306,66.5054641,0.21570357,6.61642572,0.02681402,0.0,0.0,1
baseline_uncertainty,307,72.58456721,0.18529906,7.39377471,0.04724605,0.0,0.0,1
baseline_uncertainty,308,68.25785921,0.2199633,5.28990639,0.03105484,51.47924678,49.60625967,0
baseline_uncertainty,309,68.07742034,0.15215212,6.051997,0.05907897,0.0,0.0,1
baseline_uncertainty,310,65.63635321,0.163853,5.32262618,0.0439252,0.0,0.0,1
baseline_uncertainty,311,68.41911187,0.1496507,5.45410645,0.0794825,0.0,0.0,1
baseline_uncertainty,312,70.75871767,0.16651404,6.35810855,0.03223369,0.0,0.0,1
baseline_uncertainty,313,66.67542971,0.14385199,6.82883482,0.06365513,0.0,0.0,1
baseline_uncertainty,314,74.09011678,0.14628305,5.38133536,0.02627297,0.0,0.0,1
baseline_uncertainty,315,72.07649753,0.20860274,5.94208358,0.06302164,0.0,0.0,1
baseline_uncertainty,316,70.51230242,0.17530961,5.87640972,0.06360126,0.0,0.0,1
baseline_uncertainty,317,67.36924383,0.14008012,5.60757976,0.04363069,0.0,0.0,1
baseline_uncertainty,318,65.16184181,0.1483808,5.27782182,0.05423736,0.0,0.0,1
baseline_uncertainty,319,69.36022575,0.18156888,7.62293465,0.04826462,0.0,0.0,1
baseline_uncertainty,320,68.30498992,0.17662519,6.91719361,0.07537901,0.0,0.0,1
baseline_uncertainty,321,72.24778904,0.17403367,7.19338203,0.06443852,0.0,0.0,1
baseline_uncertainty,322,69.26376398,0.21337582,6.40006945,0.03247736,0.0,0.0,1
baseline_uncertainty,323,67.81197555,0.1622358,6.4443283,0.07837488,0.0,0.0,1
baseline_uncertainty,324,65.17893712,0.17042182,5.48916973,0.0738435,0.0,0.0,1
baseline_uncertainty,325,65.96907915,0.19699284,6.84503433,0.04073862,0.0,0.0,1
baseline_uncertainty,326,73.12917185,0.16987633,7.0268426,0.06707021,0.0,0.0,1
baseline_uncertainty,327,69.01799085,0.20057455,6.87320928,0.03897435,0.0,0.0,1
baseline_uncertainty,328,71.66855628,0.16367923,6.94998914,0.07069885,0.0,0.0,1
baseline_uncertainty,329,74.03024647,0.18883421,6.39082964,0.06043256,0.0,0.0,1
baseline_uncertainty,330,71.17936006,0.18089301,5.54549881,0.06732313,0.0,0.0,1
baseline_uncertainty,331,73.91533211,0.18653737,5.26000005,0.05417315,15.15911627,15.15911627,0
baseline_uncertainty,332,66.56808138,0.2124817,5.65652856,0.04011076,37.41003635,37.41003635,0
baseline_uncertainty,333,70.44425592,0.17355446,5.47652332,0.07213099,0.0,0.0,1
baseline_uncertainty,334,74.13578322,0.21705913,7.76131461,0.05345526,0.0,0.0,1
baseline_uncertainty,335,65.0183262,0.16276146,7.75688731,0.03203866,0.0,0.0,1
baseline_uncertainty,336,69.78443509,0.19845408,7.1011182,0.04266708,0.0,0.0,1
baseline_uncertainty,337,68.20822458,0.18878625,7.05180267,0.07721849,0.0,0.0,1
baseline_uncertainty,338,68.9372167,0.18567963,5.58937808,0.02427614,0.0,0.0,1
baseline_uncertainty,339,67.31823105,0.20662593,7.11150575,0.02227863,0.0,0.0,1
baseline_uncertainty,340,69.08568148,0.18226436,6.49532269,0.05316446,0.0,0.0,1
baseline_uncertainty,341,73.2423684,0.16168982,6.91220579,0.06155657,0.0,0.0,1
baseline_uncertainty,342,74.56089329,0.15298519,5.89362892,0.06512044,0.0,0.0,1
baseline_uncertainty,343,73.08224246,0.15487257,6.39330041,0.038312,0.0,0.0,1
baseline_uncertainty,344,65.41551961,0.14850986,6.32573878,0.02983013,0.0,0.0,1
baseline_uncertainty,345,71.35568221,0.20571283,5.79017566,0.0569582,0.0,0.0,1
baseline_uncertainty,346,72.41370693,0.201585,5.13596401,0.02645986,38.79010727,38.79010727,0
baseline_uncertainty,347,71.70186009,0.21710149,7.05651944,0.04169554,0.0,0.0,1
baseline_uncertainty,348,65.3145643,0.18556235,7.28532192,0.04683449,0.0,0.0,1
baseline_uncertainty,349,69.37869252,0.18119034,7.43758826,0.04413852,0.0,0.0,1
baseline_uncertainty,350,66.2062793,0.20684866,5.79152978,0.07484083,0.0,0.0,1
baseline_uncertainty,351,68.22791348,0.19157819,6.10725357,0.04588667,0.0,0.0,1
baseline_uncertainty,352,72.43192047,0.19136841,7.7172369,0.0533419,0.0,0.0,1
baseline_uncertainty,353,66.75998896,0.20639997,5.96046856,0.04650805,0.0,0.0,1
baseline_uncertainty,354,74.12305277,0.17422596,5.51763483,0.05570291,0.0,0.0,1
baseline_uncertainty,355,67.05527635,0.17426727,5.13615243,0.07813382,0.0,0.0,1
baseline_uncertainty,356,73.47519561,0.19727742,7.20327135,0.04346864,0.0,0.0,1
baseline_uncertainty,357,65.19579942,0.2167377,7.74882637,0.04930931,0.0,0.0,1
baseline_uncertainty,358,66.46366976,0.19734035,5.30046245,0.02195945,42.97549551,42.97549551,0
baseline_uncertainty,359,66.43539339,0.20404038,7.78364997,0.03304835,0.0,0.0,1
baseline_uncertainty,360,66.5192904,0.16231438,6.97947103,0.05562447,0.0,0.0,1
baseline_uncertainty,361,66.24123618,0.19659913,6.12216259,0.06615431,0.0,0.0,1
baseline_uncertainty,362,65.43133657,0.20397816,6.26242258,0.05184235,0.0,0.0,1
baseline_uncertainty,363,69.72589788,0.17497594,5.46732648,0.04582105,0.0,0.0,1
baseline_uncertainty,364,74.06779842,0.1445439,7.13361078,0.02519047,0.0,0.0,1
baseline_uncertainty,365,73.65967815,0.18120626,7.66909515,0.05714655,0.0,0.0,1
baseline_uncertainty,366,73.68321393,0.20512321,5.32464416,0.05973211,40.51738321,40.51738321,0
baseline_uncertainty,367,72.48244573,0.16148393,5.75561532,0.04958656,0.0,0.0,1
baseline_uncertainty,368,68.17261894,0.17131809,7.46329036,0.04212941,0.0,0.0,1
baseline_uncertainty,369,66.9642233,0.17902179,7.12471407,0.03173066,0.0,0.0,1
baseline_uncertainty,370,68.72538237,0.19747338,6.45492209,0.05388785,0.0,0.0,1
baseline_uncertainty,371,71.81444672,0.19537704,7.35550547,0.05323866,0.0,0.0,1
baseline_uncertainty,372,67.50156299,0.21013635,7.85026957,0.05904415,0.0,0.0,1
baseline_uncertainty,373,68.89124608,0.21506411,6.68116796,0.02046115,0.0,0.0,1
baseline_uncertainty,374,65.58427188,0.15857825,6.77466999,0.04786142,0.0,0.0,1
baseline_uncertainty,375,74.78363667,0.16701319,7.42141658,0.06657672,0.0,0.0,1
baseline_uncertainty,376,67.1272278,0.21126104,6.96177475,0.05690211,0.0,0.0,1
baseline_uncertainty,377,73.46252173,0.19136954,6.44852359,0.06480364,0.0,0.0,1
baseline_uncertainty,378,74.61150255,0.20708036,5.91272785,0.07175524,0.0,0.0,1
baseline_uncertainty,379,72.70801462,0.18109328,7.9846946,0.06140683,0.0,0.0,1
baseline_uncertainty,380,66.20311473,0.19806522,7.61462911,0.0511847,0.0,0.0,1
baseline_uncertainty,381,71.24621455,0.19940716,7.92015982,0.07125416,0.0,0.0,1
baseline_uncertainty,382,74.71921672,0.17705436,5.06619915,0.07750749,0.0,0.0,1
baseline_uncertainty,383,65.38525404,0.18558175,6.28059947,0.0329001,0.0,0.0,1
baseline_uncertainty,384,68.35087773,0.19576029,7.58505956,0.03570801,0.0,0.0,1
baseline_uncertainty,385,65.83705593,0.14137531,6.35522468,0.05437362,0.0,0.0,1
baseline_uncertainty,386,74.1086275,0.19569102,6.04334682,0.02512541,0.0,0.0,1
baseline_uncertainty,387,65.46302015,0.14481504,7.06064111,0.03388943,0.0,0.0,1
baseline_uncertainty,388,72.37921138,0.20503014,5.87485227,0.04465875,0.0,0.0,1
baseline_uncertainty,389,72.1114137,0.15861413,5.39337167,0.03242909,0.0,0.0,1
baseline_uncertainty,390,65.15463945,0.20435802,6.72052626,0.06726409,0.0,0.0,1
baseline_uncertainty,391,67.5872489,0.14757947,5.16580968,0.03798899,0.0,0.0,1
baseline_uncertainty,392,73.78459826,0.16550223,5.30318289,0.02057623,0.0,0.0,1
baseline_uncertainty,393,67.2952082,0.21952087,6.93100728,0.04269533,0.0,0.0,1
baseline_uncertainty,394,70.49689026,0.16656247,6.4703924,0.05366799,0.0,0.0,1
baseline_uncertainty,395,65.54423367,0.19415787,5.65835078,0.03422045,0.0,0.0,1
baseline_uncertainty,396,67.30275432,0.1731087,5.40713142,0.07149115,0.0,0.0,1
baseline_uncertainty,397,74.40931663,0.16120255,7.96776409,0.02188126,0.0,0.0,1
baseline_uncertainty,398,70.94066218,0.15442747,7.62517595,0.0672318,0.0,0.0,1
baseline_uncertainty,399,67.82705201,0.1543451,5.55507505,0.03804718,0.0,0.0,1
baseline_uncertainty,400,68.46309772,0.2159089,6.94141148,0.07814102,0.0,0.0,1
baseline_uncertainty,401,73.68413962,0.14635981,6.88829996,0.03540267,0.0,0.0,1
baseline_uncertainty,402,67.44824448,0.21502766,7.00081676,0.03193435,0.0,0.0,1
baseline_uncertainty,403,68.89282289,0.20351889,6.6056304,0.043846,0.0,0.0,1
baseline_uncertainty,404,65.75904298,0.15400708,7.26409875,0.0574202,0.0,0.0,1
baseline_uncertainty,405,71.23988464,0.16939046,6.36738829,0.07761283,0.0,0.0,1
baseline_uncertainty,406,65.42804835,0.14747334,5.36590884,0.05493906,0.0,0.0,1
baseline_uncertainty,407,74.07934901,0.15522805,5.07252694,0.0334531,0.0,0.0,1
baseline_uncertainty,408,71.2257256,0.20303886,6.77627585,0.0501298,0.0,0.0,1
baseline_uncertainty,409,71.81420571,0.16210154,6.14677621,0.04759048,0.0,0.0,1
baseline_uncertainty,410,72.82643731,0.15346797,6.27374244,0.03774001,0.0,0.0,1
baseline_uncertainty,411,72.7470786,0.17518808,6.93400234,0.0394701,0.0,0.0,1
baseline_uncertainty,412,74.21505188,0.17574936,7.63152875,0.03213643,0.0,0.0,1
baseline_uncertainty,413,73.23107608,0.19225886,5.60163731,0.06699665,0.0,0.0,1
baseline_uncertainty,414,72.41847182,0.18703809,5.46694323,0.0758684,0.0,0.0,1
baseline_uncertainty,415,72.46449161,0.21232718,5.46092796,0.02601134,47.69522533,47.69522533,0
baseline_uncertainty,416,70.69415531,0.15229394,5.69933975,0.07631165,0.0,0.0,1
baseline_uncertainty,417,68.66548983,0.18914567,7.12757886,0.02781286,0.0,0.0,1
baseline_uncertainty,418,69.86087245,0.20322274,5.17002074,0.03000777,54.16712816,54.16712816,0
baseline_uncertainty,419,70.12182674,0.17946872,5.04455945,0.07867223,0.0,0.0,1
baseline_uncertainty,420,72.29827693,0.17626881,5.05278333,0.07623014,0.0,0.0,1
baseline_uncertainty,421,65.45012112,0.21375745,7.85869018,0.03380911,0.0,0.0,1
baseline_uncertainty,422,73.01441942,0.14256347,7.24101897,0.06921115,0.0,0.0,1
baseline_uncertainty,423,70.13063712,0.18420443,5.8680755,0.04143927,0.0,0.0,1
baseline_uncertainty,424,73.30960939,0.18203347,6.72819688,0.05807852,0.0,0.0,1
baseline_uncertainty,425,67.02055136,0.19480889,6.97483513,0.03457396,0.0,0.0,1
baseline_uncertainty,426,69.91208701,0.16937811,6.30355631,0.06243764,0.0,0.0,1
baseline_uncertainty,427,68.46709498,0.20271489,6.61934931,0.07232028,0.0,0.0,1
baseline_uncertainty,428,71.02586695,0.1963074,6.83035436,0.07779989,0.0,0.0,1
baseline_uncertainty,429,72.55089597,0.2177034,5.08564375,0.02293496,63.20443701,63.20443701,0
baseline_uncertainty,430,71.34537837,0.14026481,5.51667952,0.03275162,0.0,0.0,1
baseline_uncertainty,431,67.99854143,0.17583349,5.68239695,0.04055269,0.0,0.0,1
baseline_uncertainty,432,65.75788647,0.14209431,7.96948632,0.07746667,0.0,0.0,1
baseline_uncertainty,433,69.80923582,0.14941888,7.85684271,0.04504195,0.0,0.0,1
baseline_uncertainty,434,68.65494539,0.14295912,7.87217615,0.03825836,0.0,0.0,1
baseline_uncertainty,435,65.51700986,0.16080822,7.3625056,0.06959056,0.0,0.0,1
baseline_uncertainty,436,72.83788758,0.14985136,5.84360885,0.03035754,0.0,0.0,1
baseline_uncertainty,437,73.97291289,0.18155416,7.38611064,0.07959462,0.0,0.0,1
baseline_uncertainty,438,65.38962,0.21728555,7.43079647,0.04225034,0.0,0.0,1
baseline_uncertainty,439,74.20526187,0.19724669,5.8720635,0.06307866,0.0,0.0,1
baseline_uncertainty,440,67.81504733,0.20716928,5.195564,0.07066665,42.48973045,42.48973045,0
baseline_uncertainty,441,70.57999821,0.19164855,7.8617459,0.04760065,0.0,0.0,1
baseline_uncertainty,442,72.9173722,0.21287052,7.89160247,0.02165527,0.0,0.0,1
baseline_uncertainty,443,71.24935628,0.20387353,5.75617732,0.07340809,0.0,0.0,1
baseline_uncertainty,444,70.7921795,0.18159829,5.16191923,0.07389665,0.0,0.0,1
baseline_uncertainty,445,68.02932668,0.19463028,6.02009001,0.03682038,0.0,0.0,1
baseline_uncertainty,446,66.78356225,0.16137971,6.01581725,0.03751562,0.0,0.0,1
baseline_uncertainty,447,74.89257935,0.20303492,6.09415677,0.02222054,0.0,0.0,1
baseline_uncertainty,448,69.76010399,0.184297,6.25584268,0.06471593,0.0,0.0,1
baseline_uncertainty,449,68.58359191,0.21723723,5.77796048,0.03451295,21.64510924,21.64510924,0
baseline_uncertainty,450,68.08328743,0.15995162,5.66142905,0.02233146,0.0,0.0,1
baseline_uncertainty,451,65.00992027,0.210244,7.38604693,0.0677151,0.0,0.0,1
baseline_uncertainty,452,70.13150171,0.15292989,7.67393659,0.05147099,0.0,0.0,1
baseline_uncertainty,453,71.83993042,0.17588615,5.30595006,0.07131959,0.0,0.0,1
baseline_uncertainty,454,72.40047222,0.20984856,5.74944838,0.06168063,21.58599107,21.58599107,0
baseline_uncertainty,455,68.30300229,0.19169323,7.30121215,0.06917532,0.0,0.0,1
baseline_uncertainty,456,71.53546214,0.21034303,5.52886139,0.02643336,48.58357735,48.58357735,0
baseline_uncertainty,457,73.22771355,0.14621764,7.2697505,0.03235112,0.0,0.0,1
baseline_uncertainty,458,65.19351202,0.14791411,7.15860753,0.07525065,0.0,0.0,1
baseline_uncertainty,459,66.78421003,0.15862855,7.50802469,0.05594631,0.0,0.0,1
baseline_uncertainty,460,65.42615046,0.18214325,6.08503546,0.06595887,0.0,0.0,1
baseline_uncertainty,461,65.2938449,0.17999865,7.96621081,0.07671435,0.0,0.0,1
baseline_uncertainty,462,71.07001357,0.20133642,7.58484264,0.06753698,0.0,0.0,1
baseline_uncertainty,463,67.41488068,0.18674196,6.25709841,0.0348456,0.0,0.0,1
baseline_uncertainty,464,69.92226846,0.14840519,5.20602541,0.06046961,0.0,0.0,1
baseline_uncertainty,465,68.14007506,0.15728946,5.40727373,0.07830117,0.0,0.0,1
baseline_uncertainty,466,67.43418867,0.17059646,7.86175754,0.06403487,0.0,0.0,1
baseline_uncertainty,467,71.60529883,0.16056295,5.63446219,0.02413577,0.0,0.0,1
baseline_uncertainty,468,71.93281622,0.20072388,7.71584007,0.04914871,0.0,0.0,1
baseline_uncertainty,469,66.85336998,0.15424412,5.60780328,0.07620008,0.0,0.0,1
baseline_uncertainty,470,70.70758461,0.18240298,6.99284925,0.02672575,0.0,0.0,1
baseline_uncertainty,471,70.73767959,0.16387857,5.37776167,0.04135362,0.0,0.0,1
baseline_uncertainty,472,70.44036918,0.19598121,7.96786898,0.03877181,0.0,0.0,1
baseline_uncertainty,473,67.43430748,0.20901057,6.22275343,0.05584336,0.0,0.0,1
baseline_uncertainty,474,67.50046888,0.15532949,5.37798302,0.04874209,0.0,0.0,1
baseline_uncertainty,475,74.73703303,0.19378525,7.63752498,0.0727414,0.0,0.0,1
baseline_uncertainty,476,69.47583246,0.16507704,5.95589431,0.0359667,0.0,0.0,1
baseline_uncertainty,477,69.42058232,0.2159541,6.26685774,0.06125095,0.0,0.0,1
baseline_uncertainty,478,67.39267975,0.18579749,6.68750934,0.03322776,0.0,0.0,1
baseline_uncertainty,479,68.92603638,0.21834585,5.31569696,0.0543033,55.22908758,51.58993314,0
baseline_uncertainty,480,66.42447145,0.16218487,7.38274518,0.07710884,0.0,0.0,1
baseline_uncertainty,481,74.29607693,0.21164507,5.89947612,0.04267832,0.0,0.0,1
baseline_uncertainty,482,66.88769895,0.18884691,7.32665346,0.07712684,0.0,0.0,1
baseline_uncertainty,483,72.74197472,0.21342937,5.69092293,0.0353652,0.0,0.0,1
baseline_uncertainty,484,71.14243941,0.18904109,5.87425745,0.03246559,0.0,0.0,1
baseline_uncertainty,485,67.00179182,0.1973138,5.52026687,0.07911432,0.0,0.0,1
baseline_uncertainty,486,66.35064182,0.17322157,6.04982533,0.05315509,0.0,0.0,1
baseline_uncertainty,487,71.96655375,0.1844021,5.83214895,0.05260062,0.0,0.0,1
baseline_uncertainty,488,66.32063767,0.17819365,6.1333108,0.04605812,0.0,0.0,1
baseline_uncertainty,489,65.02619856,0.16734928,5.07801952,0.02489251,0.0,0.0,1
baseline_uncertainty,490,71.40116176,0.20337384,6.16315334,0.07638006,0.0,0.0,1
baseline_uncertainty,491,69.99120986,0.15139348,7.16765339,0.0790215,0.0,0.0,1
baseline_uncertainty,492,68.55157734,0.20334034,6.78652519,0.03415321,0.0,0.0,1
baseline_uncertainty,493,69.53495468,0.15356017,6.62935897,0.04385954,0.0,0.0,1
baseline_uncertainty,494,74.30591764,0.1770897,5.26938844,0.02490446,0.0,0.0,1
baseline_uncertainty,495,68.69827711,0.21746481,5.15297115,0.03189914,57.02323352,54.72494632,0
baseline_uncertainty,496,71.90946436,0.16067175,7.52352578,0.02662,0.0,0.0,1
baseline_uncertainty,497,73.44730917,0.20873896,5.0924586,0.06208371,56.05764666,54.44606851,0
baseline_uncertainty,498,69.8668709,0.14700126,6.08046528,0.02751339,0.0,0.0,1
baseline_uncertainty,499,69.52369996,0.14525043,6.8222183,0.07153042,0.0,0.0,1
baseline_uncertainty,500,67.89957631,0.20775864,5.1267662,0.03360525,3.60201359,3.60201359,1
baseline_uncertainty,501,70.04175881,0.19048002,6.72486385,0.0602766,0.0,0.0,1
baseline_uncertainty,502,65.52593656,0.16744134,6.73066661,0.04347794,0.0,0.0,1
baseline_uncertainty,503,67.00904129,0.17164126,6.69838804,0.03430867,0.0,0.0,1
baseline_uncertainty,504,73.26316725,0.20978862,6.37444661,0.03624274,0.0,0.0,1
baseline_uncertainty,505,66.76622609,0.1654343,6.67879821,0.05392453,0.0,0.0,1
baseline_uncertainty,506,66.6830661,0.17661233,7.86606582,0.05183102,0.0,0.0,1
baseline_uncertainty,507,71.7843873,0.20833598,5.78921315,0.04327179,0.0,0.0,1
baseline_uncertainty,508,73.43771472,0.14143174,7.20988219,0.06639904,0.0,0.0,1
baseline_uncertainty,509,70.68516237,0.16758208,6.58358157,0.06124541,0.0,0.0,1
baseline_uncertainty,510,73.14245731,0.14197466,5.6409399,0.05655232,0.0,0.0,1
baseline_uncertainty,511,71.76236973,0.18677391,5.75003041,0.05703389,0.0,0.0,1
baseline_uncertainty,512,72.54091191,0.20092528,6.82974464,0.02626708,0.0,0.0,1
baseline_uncertainty,513,73.91070376,0.21120815,5.13950029,0.04115912,45.74355829,44.99033379,0
baseline_uncertainty,514,66.01723371,0.17843324,5.6677979,0.06887724,0.0,0.0,1
baseline_uncertainty,515,73.36466055,0.18244052,7.45403326,0.05990745,0.0,0.0,1
baseline_uncertainty,516,74.24572781,0.18227091,7.32329703,0.05531236,0.0,0.0,1
baseline_uncertainty,517,72.36560934,0.17816548,5.80507886,0.06394755,0.0,0.0,1
baseline_uncertainty,518,68.63067128,0.2190879,6.31909849,0.05252481,0.0,0.0,1
baseline_uncertainty,519,72.45615837,0.17881794,7.62873133,0.02839412,0.0,0.0,1
baseline_uncertainty,520,69.29492735,0.20502558,7.86711261,0.06158058,0.0,0.0,1
baseline_uncertainty,521,69.86363063,0.17634962,6.04892171,0.05329828,0.0,0.0,1
baseline_uncertainty,522,74.26939086,0.16201868,5.58847598,0.07460483,0.0,0.0,1
baseline_uncertainty,523,66.12118649,0.17983434,7.18357569,0.07694851,0.0,0.0,1
baseline_uncertainty,524,73.16315089,0.19146811,5.46383717,0.05483341,0.0,0.0,1
baseline_uncertainty,525,70.2163479,0.1660354,5.46834913,0.0535478,0.0,0.0,1
baseline_uncertainty,526,68.11641965,0.16396992,5.79595996,0.04265874,0.0,0.0,1
baseline_uncertainty,527,72.0934941,0.18384082,6.92511006,0.0289709,0.0,0.0,1
baseline_uncertainty,528,68.1551008,0.16170642,7.04812542,0.02046312,0.0,0.0,1
baseline_uncertainty,529,72.22286586,0.21630467,6.09046456,0.02268543,21.09393273,21.09393273,0
baseline_uncertainty,530,65.9886222,0.16244926,7.2420704,0.02351347,0.0,0.0,1
baseline_uncertainty,531,72.23941844,0.20399006,6.92615747,0.05242702,0.0,0.0,1
baseline_uncertainty,532,69.17363506,0.15353464,6.22023039,0.02302615,0.0,0.0,1
baseline_uncertainty,533,73.61475099,0.19019146,6.78604473,0.05477423,0.0,0.0,1
baseline_uncertainty,534,67.58331587,0.18028915,6.91293391,0.05146291,0.0,0.0,1
baseline_uncertainty,535,74.74143307,0.17668785,6.53406502,0.026454,0.0,0.0,1
baseline_uncertainty,536,68.79347707,0.17660333,6.82510716,0.06147741,0.0,0.0,1
baseline_uncertainty,537,66.66018492,0.14842424,7.38041357,0.02421845,0.0,0.0,1
baseline_uncertainty,538,71.55924571,0.19476458,6.96330589,0.04000449,0.0,0.0,1
baseline_uncertainty,539,69.41688458,0.21803916,7.00518364,0.04356998,0.0,0.0,1
baseline_uncertainty,540,74.6900261,0.17362266,7.01214369,0.06214464,0.0,0.0,1
baseline_uncertainty,541,67.39749142,0.20080361,7.96496339,0.02094739,0.0,0.0,1
baseline_uncertainty,542,73.58139048,0.15730903,6.44161991,0.07107866,0.0,0.0,1
baseline_uncertainty,543,65.66965526,0.17928877,6.21604983,0.03780397,0.0,0.0,1
baseline_uncertainty,544,74.60878671,0.18057266,7.49974089,0.02606848,0.0,0.0,1
baseline_uncertainty,545,67.8976947,0.21361634,6.59170981,0.05257775,0.0,0.0,1
baseline_uncertainty,546,74.58084131,0.16063934,5.33599969,0.05430591,0.0,0.0,1
baseline_uncertainty,547,69.08289868,0.18748749,5.5984394,0.05366729,0.0,0.0,1
baseline_uncertainty,548,71.89151786,0.17780852,6.39298172,0.0380251,0.0,0.0,1
baseline_uncertainty,549,66.24514877,0.20145617,5.94859519,0.07568338,0.0,0.0,1
baseline_uncertainty,550,72.86479237,0.21922915,6.62662855,0.06909098,0.0,0.0,1
baseline_uncertainty,551,71.65616292,0.16393729,6.66178091,0.06123592,0.0,0.0,1
baseline_uncertainty,552,71.56036814,0.20344074,6.52794166,0.07470294,0.0,0.0,1
baseline_uncertainty,553,66.13143889,0.20974998,7.19100345,0.07640471,0.0,0.0,1
baseline_uncertainty,554,69.0104959,0.17217355,5.85079566,0.04554062,0.0,0.0,1
baseline_uncertainty,555,71.96211555,0.16547589,5.81932062,0.04281321,0.0,0.0,1
baseline_uncertainty,556,71.31541764,0.17762283,5.13448623,0.03809251,0.0,0.0,1
baseline_uncertainty,557,67.48034555,0.14054318,5.45794922,0.02963214,0.0,0.0,1
baseline_uncertainty,558,69.44849431,0.20555575,6.07750366,0.05065023,0.0,0.0,1
baseline_uncertainty,559,68.66867026,0.18436198,6.70547801,0.05404303,0.0,0.0,1
baseline_uncertainty,560,70.24227251,0.18390557,5.04280787,0.03476185,0.0,0.0,1
baseline_uncertainty,561,74.98288741,0.16138704,7.29426671,0.06264995,0.0,0.0,1
baseline_uncertainty,562,70.1473765,0.18554614,7.10596848,0.07554918,0.0,0.0,1
baseline_uncertainty,563,67.15010302,0.17803035,7.18466451,0.05315037,0.0,0.0,1
baseline_uncertainty,564,68.23505199,0.17982928,6.30685632,0.07908532,0.0,0.0,1
baseline_uncertainty,565,74.97475283,0.18523763,6.76858609,0.05206632,0.0,0.0,1
baseline_uncertainty,566,72.95416883,0.20441555,5.59778274,0.04540336,0.0,0.0,1
baseline_uncertainty,567,71.85086553,0.17045657,7.5205848,0.04234884,0.0,0.0,1
baseline_uncertainty,568,65.4482704,0.16376523,7.44820924,0.06278416,0.0,0.0,1
baseline_uncertainty,569,71.51374051,0.19446571,7.45447252,0.06734479,0.0,0.0,1
baseline_uncertainty,570,71.12465054,0.2168042,5.93413537,0.02114251,16.66592577,16.66592577,0
baseline_uncertainty,571,72.60780381,0.19638482,7.42642138,0.05134973,0.0,0.0,1
baseline_uncertainty,572,67.40489354,0.14131323,5.73427408,0.03166786,0.0,0.0,1
baseline_uncertainty,573,71.11032444,0.15124441,6.07556192,0.04021161,0.0,0.0,1
baseline_uncertainty,574,66.1953658,0.16969598,5.85561833,0.03495456,0.0,0.0,1
baseline_uncertainty,575,66.43197778,0.21287539,6.16382975,0.04129369,0.0,0.0,1
baseline_uncertainty,576,68.04076584,0.15244784,7.86691809,0.04312671,0.0,0.0,1
baseline_uncertainty,577,67.22291587,0.19801406,5.07836659,0.05830781,40.29268297,40.29268297,0
baseline_uncertainty,578,68.64328822,0.18938252,5.07019688,0.02077006,45.55084021,45.55084021,0
baseline_uncertainty,579,74.97633913,0.16011893,7.37454034,0.03012309,0.0,0.0,1
baseline_uncertainty,580,70.96990419,0.14519191,7.06327517,0.06107304,0.0,0.0,1
baseline_uncertainty,581,73.23014979,0.19442729,6.88345115,0.05670971,0.0,0.0,1
baseline_uncertainty,582,65.98783847,0.21702739,7.85693586,0.03480961,0.0,0.0,1
baseline_uncertainty,583,65.33742346,0.15185396,5.60065013,0.0586436,0.0,0.0,1
baseline_uncertainty,584,71.92732567,0.17456061,6.41201727,0.06712327,0.0,0.0,1
baseline_uncertainty,585,71.80021481,0.17031095,6.40591899,0.0658845,0.0,0.0,1
baseline_uncertainty,586,65.27142369,0.20226381,7.63355081,0.07901366,0.0,0.0,1
baseline_uncertainty,587,72.73704815,0.18162609,5.90293931,0.03769403,0.0,0.0,1
baseline_uncertainty,588,72.50331729,0.14041437,5.01400585,0.07500182,0.0,0.0,1
baseline_uncertainty,589,69.5874788,0.19977292,6.5144161,0.03851083,0.0,0.0,1
baseline_uncertainty,590,73.834735,0.15522721,5.46221842,0.05165186,0.0,0.0,1
baseline_uncertainty,591,68.83227971,0.16522954,7.63267215,0.05528729,0.0,0.0,1
baseline_uncertainty,592,66.89257063,0.21464629,7.01228074,0.02407726,0.0,0.0,1
baseline_uncertainty,593,65.0241499,0.14070913,7.74725657,0.04649717,0.0,0.0,1
baseline_uncertainty,594,71.25848536,0.18258242,7.37860676,0.05807555,0.0,0.0,1
baseline_uncertainty,595,66.64914296,0.19990888,5.34330241,0.06399229,31.52910274,31.52910274,0
baseline_uncertainty,596,69.71721689,0.15457555,6.1885381,0.04012515,0.0,0.0,1
baseline_uncertainty,597,70.20851471,0.17355467,6.73274226,0.05520123,0.0,0.0,1
baseline_uncertainty,598,71.63100497,0.20257847,6.36391464,0.03468971,0.0,0.0,1
baseline_uncertainty,599,71.29354188,0.16300331,5.95835041,0.04722434,0.0,0.0,1
baseline_uncertainty,600,72.95048067,0.18453591,7.2989084,0.05335314,0.0,0.0,1
baseline_uncertainty,601,68.15500189,0.18595582,5.53315489,0.02351514,0.0,0.0,1
baseline_uncertainty,602,74.89202564,0.1791972,5.37170256,0.03192523,0.0,0.0,1
baseline_uncertainty,603,71.04845097,0.18512935,7.86193063,0.03463088,0.0,0.0,1
baseline_uncertainty,604,66.16031545,0.21955655,6.28855013,0.04958979,0.0,0.0,1
baseline_uncertainty,605,68.88125955,0.17388524,7.8115127,0.04438373,0.0,0.0,1
baseline_uncertainty,606,74.01352339,0.19056035,7.87438219,0.04404173,0.0,0.0,1
baseline_uncertainty,607,73.82031956,0.18981181,6.79738648,0.02633824,0.0,0.0,1
baseline_uncertainty,608,68.30115423,0.1734187,6.1165139,0.05995344,0.0,0.0,1
baseline_uncertainty,609,68.52175343,0.19523613,7.10466106,0.03543027,0.0,0.0,1
baseline_uncertainty,610,72.48801853,0.15258548,5.68273738,0.06528694,0.0,0.0,1
baseline_uncertainty,611,65.04273459,0.14660144,6.74527332,0.07097379,0.0,0.0,1
baseline_uncertainty,612,74.03200034,0.21825257,5.8747645,0.03492639,42.77572553,42.77572553,0
baseline_uncertainty,613,73.996381,0.20597292,6.96512258,0.06236903,0.0,0.0,1
baseline_uncertainty,614,69.85391059,0.1411694,6.33123699,0.03564943,0.0,0.0,1
baseline_uncertainty,615,68.83095135,0.19647952,7.57220025,0.07267299,0.0,0.0,1
baseline_uncertainty,616,74.81509827,0.19882311,7.07811277,0.02454964,0.0,0.0,1
baseline_uncertainty,617,73.57504928,0.16559584,5.61585985,0.02216454,0.0,0.0,1
baseline_uncertainty,618,65.68986464,0.18921812,5.82621118,0.02682198,0.0,0.0,1
baseline_uncertainty,619,69.57372289,0.14587493,5.94110417,0.06571624,0.0,0.0,1
baseline_uncertainty,620,65.51218801,0.15966381,6.86158493,0.06784006,0.0,0.0,1
baseline_uncertainty,621,71.08177273,0.17017999,6.39427898,0.03577663,0.0,0.0,1
baseline_uncertainty,622,71.10539253,0.14791115,7.12363249,0.03101534,0.0,0.0,1
baseline_uncertainty,623,71.90516095,0.15559057,7.18356642,0.0263179,0.0,0.0,1
baseline_uncertainty,624,66.80066812,0.19294609,5.05841614,0.03136648,33.47910332,33.47910332,0
baseline_uncertainty,625,71.66441836,0.18162874,6.10109105,0.06041635,0.0,0.0,1
baseline_uncertainty,626,73.53019007,0.18349758,7.81982711,0.05967341,0.0,0.0,1
baseline_uncertainty,627,69.9815014,0.15964473,6.71867472,0.02780229,0.0,0.0,1
baseline_uncertainty,628,68.64256411,0.17042421,6.14565776,0.02772458,0.0,0.0,1
baseline_uncertainty,629,73.11467048,0.16025156,7.6054262,0.07851692,0.0,0.0,1
baseline_uncertainty,630,69.68451277,0.14777486,5.85431977,0.03636852,0.0,0.0,1
baseline_uncertainty,631,74.55702846,0.2001999,5.57679061,0.06173129,34.76864578,34.76864578,0
baseline_uncertainty,632,70.44228251,0.16285524,7.0310795,0.07268886,0.0,0.0,1
baseline_uncertainty,633,70.06123019,0.15854196,5.06271351,0.03460638,0.0,0.0,1
baseline_uncertainty,634,67.71209904,0.19128776,7.03828765,0.06826411,0.0,0.0,1
baseline_uncertainty,635,70.81957495,0.16020705,5.25968529,0.05489318,0.0,0.0,1
baseline_uncertainty,636,68.45825838,0.21770631,6.25675903,0.06348717,0.0,0.0,1
baseline_uncertainty,637,70.4403757,0.20141654,6.86389717,0.06113633,0.0,0.0,1
baseline_uncertainty,638,66.56968105,0.16998511,5.94443511,0.02598531,0.0,0.0,1
baseline_uncertainty,639,70.11166795,0.21700321,7.27495245,0.07680011,0.0,0.0,1
baseline_uncertainty,640,65.32432355,0.20241435,7.24126228,0.05711961,0.0,0.0,1
baseline_uncertainty,641,72.07120755,0.19582064,7.91523879,0.0339801,0.0,0.0,1
baseline_uncertainty,642,70.59725473,0.16588513,6.41249559,0.07720353,0.0,0.0,1
baseline_uncertainty,643,69.68326442,0.21951411,5.37067329,0.0435864,43.14910884,43.0390575,0
baseline_uncertainty,644,71.59903176,0.19994901,7.47180796,0.0253614,0.0,0.0,1
baseline_uncertainty,645,65.73332998,0.21778197,5.06213861,0.06461022,40.01543067,38.81625011,0
baseline_uncertainty,646,72.32854948,0.18894189,7.13030419,0.06211648,0.0,0.0,1
baseline_uncertainty,647,74.26691928,0.1544888,6.79215138,0.02977151,0.0,0.0,1
baseline_uncertainty,648,70.68672458,0.21800868,6.72723574,0.07169873,0.0,0.0,1
baseline_uncertainty,649,74.62958433,0.17009433,7.58768592,0.02716908,0.0,0.0,1
baseline_uncertainty,650,73.81260624,0.17606613,5.42764637,0.05468853,0.0,0.0,1
baseline_uncertainty,651,72.29111015,0.17961537,6.82397352,0.0620684,0.0,0.0,1
baseline_uncertainty,652,71.83741062,0.20238074,6.32848167,0.0341058,0.0,0.0,1
baseline_uncertainty,653,73.4362476,0.18678636,5.4456222,0.02039866,15.2911156,15.2911156,0
baseline_uncertainty,654,68.7671347,0.16537345,6.55326973,0.04296686,0.0,0.0,1
baseline_uncertainty,655,66.58482076,0.16416835,6.77663114,0.03544584,0.0,0.0,1
baseline_uncertainty,656,69.96932998,0.21145773,6.69701018,0.07015524,0.0,0.0,1
baseline_uncertainty,657,72.74662605,0.14651302,6.62197297,0.05231246,0.0,0.0,1
baseline_uncertainty,658,73.06501033,0.20228887,7.08115574,0.03680137,0.0,0.0,1
baseline_uncertainty,659,70.27676078,0.16971872,5.67207225,0.0404549,0.0,0.0,1
baseline_uncertainty,660,74.64394465,0.17769024,7.17489087,0.03042597,0.0,0.0,1
baseline_uncertainty,661,74.45118269,0.14705343,7.82471388,0.04658975,0.0,0.0,1
baseline_uncertainty,662,65.71187431,0.19029265,7.84837469,0.06036506,0.0,0.0,1
baseline_uncertainty,663,68.03270546,0.17084331,5.21646226,0.05323675,0.0,0.0,1
baseline_uncertainty,664,70.36059247,0.16669782,6.0068884,0.02659235,0.0,0.0,1
baseline_uncertainty,665,68.99740577,0.21275762,7.79455934,0.03583785,0.0,0.0,1
baseline_uncertainty,666,68.33487175,0.15560775,6.59476567,0.05746343,0.0,0.0,1
baseline_uncertainty,667,71.23177973,0.20519755,5.54519846,0.04653927,42.35864648,42.35864648,0
baseline_uncertainty,668,66.94623349,0.18576903,7.83820756,0.03330866,0.0,0.0,1
baseline_uncertainty,669,73.77844577,0.20510474,6.41970952,0.04016488,0.0,0.0,1
baseline_uncertainty,670,65.61737493,0.15562712,6.80688335,0.06788409,0.0,0.0,1
baseline_uncertainty,671,67.93917849,0.15214885,6.41874266,0.04602699,0.0,0.0,1
baseline_uncertainty,672,68.89422384,0.18700331,6.21780124,0.03591684,0.0,0.0,1
baseline_uncertainty,673,66.2097542,0.17731563,6.20366123,0.06763914,0.0,0.0,1
baseline_uncertainty,674,71.8926957,0.19204998,5.17072858,0.06816414,0.0,0.0,1
baseline_uncertainty,675,74.05944577,0.19945918,7.26923109,0.02780964,0.0,0.0,1
baseline_uncertainty,676,72.56698549,0.19195357,6.46329069,0.03279194,0.0,0.0,1
baseline_uncertainty,677,66.39423538,0.15493603,5.44585385,0.05516755,0.0,0.0,1
baseline_uncertainty,678,73.02201845,0.15620013,5.98425644,0.06358548,0.0,0.0,1
baseline_uncertainty,679,68.8571107,0.18654762,5.37805299,0.03371134,0.0,0.0,1
baseline_uncertainty,680,73.74140979,0.18370543,7.40840477,0.05927149,0.0,0.0,1
baseline_uncertainty,681,66.2075302,0.21876097,6.56398632,0.07305762,0.0,0.0,1
baseline_uncertainty,682,69.9544963,0.21572956,5.75350114,0.03138001,36.92820333,36.92820333,0
baseline_uncertainty,683,68.53029604,0.21403349,7.5284271,0.0778168,0.0,0.0,1
baseline_uncertainty,684,66.92935087,0.16448988,6.0616487,0.040763,0.0,0.0,1
baseline_uncertainty,685,70.46845259,0.193113,5.89590186,0.05941118,0.0,0.0,1
baseline_uncertainty,686,72.68263449,0.17893776,7.5299229,0.06525157,0.0,0.0,1
baseline_uncertainty,687,71.70156006,0.18898641,6.61062202,0.03265506,0.0,0.0,1
baseline_uncertainty,688,70.64602105,0.1465018,6.33414893,0.04473872,0.0,0.0,1
baseline_uncertainty,689,72.14728397,0.17199614,6.02044874,0.04408697,0.0,0.0,1
baseline_uncertainty,690,74.45704599,0.16556006,6.5695606,0.02562804,0.0,0.0,1
baseline_uncertainty,691,69.88833057,0.15183157,5.06448748,0.06017666,0.0,0.0,1
baseline_uncertainty,692,67.20921418,0.17801608,6.24813046,0.0761668,0.0,0.0,1
baseline_uncertainty,693,68.16323426,0.20963893,7.83941026,0.05296695,0.0,0.0,1
baseline_uncertainty,694,69.90817355,0.18194704,7.91227755,0.07949956,0.0,0.0,1
baseline_uncertainty,695,65.23822861,0.16694108,6.65429289,0.04993514,0.0,0.0,1
baseline_uncertainty,696,66.81462714,0.14601279,6.90245814,0.06405951,0.0,0.0,1
baseline_uncertainty,697,72.55316236,0.19543076,7.20416274,0.0633758,0.0,0.0,1
baseline_uncertainty,698,71.65998309,0.16653386,7.520804,0.0271268,0.0,0.0,1
baseline_uncertainty,699,72.33404453,0.14777571,7.21339111,0.05017972,0.0,0.0,1
baseline_uncertainty,700,68.6474723,0.20914355,6.661957,0.0306859,0.0,0.0,1
baseline_uncertainty,701,69.43180162,0.17455588,5.75739391,0.06958462,0.0,0.0,1
baseline_uncertainty,702,66.40390131,0.20196328,6.56048175,0.06405864,0.0,0.0,1
baseline_uncertainty,703,67.41999755,0.20837263,6.98411712,0.0707917,0.0,0.0,1
baseline_uncertainty,704,65.49487797,0.1535944,7.00277297,0.07595239,0.0,0.0,1
baseline_uncertainty,705,67.41704771,0.1694037,7.07623891,0.03158959,0.0,0.0,1
baseline_uncertainty,706,68.13601681,0.18856826,5.08705089,0.06842233,30.17826587,30.17826587,0
baseline_uncertainty,707,66.35834887,0.1854625,7.99188246,0.07138603,0.0,0.0,1
baseline_uncertainty,708,74.75594835,0.163181,5.31482384,0.05594603,0.0,0.0,1
baseline_uncertainty,709,73.27387678,0.15143163,7.8511863,0.07031209,0.0,0.0,1
baseline_uncertainty,710,66.70930385,0.17034553,5.29327402,0.0364556,0.0,0.0,1
baseline_uncertainty,711,68.62860563,0.18752569,5.32996276,0.03060384,24.65213445,24.65213445,0
baseline_uncertainty,712,71.77802593,0.1790567,6.51875077,0.02062098,0.0,0.0,1
baseline_uncertainty,713,68.46444243,0.20359761,7.444904,0.0700261,0.0,0.0,1
baseline_uncertainty,714,68.5398364,0.20047591,5.80838184,0.02241731,0.0,0.0,1
baseline_uncertainty,715,66.61804867,0.21362066,5.46728671,0.05028189,40.28059192,40.28059192,0
baseline_uncertainty,716,72.45344831,0.14506368,6.64902512,0.03000771,0.0,0.0,1
baseline_uncertainty,717,74.51626464,0.19661204,5.40499071,0.0515285,0.0,0.0,1
baseline_uncertainty,718,66.24154217,0.20761116,7.96022954,0.03929521,0.0,0.0,1
baseline_uncertainty,719,71.87893042,0.21369259,6.71027161,0.02772178,0.0,0.0,1
baseline_uncertainty,720,72.86111956,0.14836425,7.36533854,0.03462911,0.0,0.0,1
baseline_uncertainty,721,73.76914208,0.21980227,7.53097631,0.07231433,0.0,0.0,1
baseline_uncertainty,722,73.84557308,0.15888071,7.36497967,0.02025828,0.0,0.0,1
baseline_uncertainty,723,66.27801178,0.15628323,6.32629147,0.07797652,0.0,0.0,1
baseline_uncertainty,724,70.19862602,0.18129941,5.43236149,0.02292303,0.0,0.0,1
baseline_uncertainty,725,67.08964126,0.15082386,7.40507437,0.05247042,0.0,0.0,1
baseline_uncertainty,726,74.01827951,0.21115599,5.79596015,0.07370429,0.0,0.0,1
baseline_uncertainty,727,67.64948617,0.15478733,7.18210236,0.07722464,0.0,0.0,1
baseline_uncertainty,728,73.38716233,0.17624507,6.65698343,0.07307601,0.0,0.0,1
baseline_uncertainty,729,74.89029855,0.1712236,7.62858273,0.04627966,0.0,0.0,1
baseline_uncertainty,730,67.3235986,0.15878171,6.68291797,0.03678191,0.0,0.0,1
baseline_uncertainty,731,67.50013946,0.17932422,5.43168513,0.05289777,0.0,0.0,1
baseline_uncertainty,732,70.38014904,0.2188807,7.91502687,0.03774323,0.0,0.0,1
baseline_uncertainty,733,65.2055466,0.14940493,7.08976601,0.02215298,0.0,0.0,1
baseline_uncertainty,734,67.23410218,0.15073336,5.03567855,0.07061224,0.0,0.0,1
baseline_uncertainty,735,66.50373802,0.15527151,6.429678,0.05340208,0.0,0.0,1
baseline_uncertainty,736,71.20018146,0.20615876,6.78666836,0.07396343,0.0,0.0,1
baseline_uncertainty,737,67.73911363,0.1664789,5.8636078,0.04890692,0.0,0.0,1
baseline_uncertainty,738,70.29841762,0.19011553,7.35684515,0.04568876,0.0,0.0,1
baseline_uncertainty,739,71.29354379,0.21229605,6.9813796,0.05279504,0.0,0.0,1
baseline_uncertainty,740,70.75306358,0.18016351,6.8009756,0.02797811,0.0,0.0,1
baseline_uncertainty,741,71.38517427,0.16503028,7.49345701,0.02173039,0.0,0.0,1
baseline_uncertainty,742,65.02393836,0.2158969,7.60666456,0.0307047,0.0,0.0,1
baseline_uncertainty,743,68.21703494,0.14299914,5.62031336,0.0273211,0.0,0.0,1
baseline_uncertainty,744,74.8680757,0.20451289,6.82786163,0.07607952,0.0,0.0,1
baseline_uncertainty,745,67.36873039,0.14875764,7.88402485,0.05090818,0.0,0.0,1
baseline_uncertainty,746,72.98459314,0.18052547,5.4856453,0.02343489,0.0,0.0,1
baseline_uncertainty,747,68.3408177,0.15939862,6.10049686,0.06755965,0.0,0.0,1
baseline_uncertainty,748,68.60543577,0.18239795,7.08866195,0.06441454,0.0,0.0,1
baseline_uncertainty,749,67.94831449,0.21486219,7.93120536,0.04047735,0.0,0.0,1
baseline_uncertainty,750,74.61898808,0.21256556,7.7493124,0.07542318,0.0,0.0,1
baseline_uncertainty,751,72.70020873,0.20290212,6.24814562,0.04345622,0.0,0.0,1
baseline_uncertainty,752,70.61550389,0.19154177,7.58192985,0.04956496,0.0,0.0,1
baseline_uncertainty,753,65.30868452,0.19162557,6.31493597,0.0688927,0.0,0.0,1
baseline_uncertainty,754,71.51447139,0.16820635,6.48691431,0.0463534,0.0,0.0,1
baseline_uncertainty,755,70.35700613,0.16937257,5.40869321,0.04343433,0.0,0.0,1
baseline_uncertainty,756,65.24596377,0.20589038,6.27824613,0.02161347,0.0,0.0,1
baseline_uncertainty,757,73.54225875,0.16922076,6.09210685,0.05560897,0.0,0.0,1
baseline_uncertainty,758,70.997955,0.18967462,5.67776177,0.04758914,0.0,0.0,1
baseline_uncertainty,759,69.11804308,0.14230628,6.95388684,0.04417763,0.0,0.0,1
baseline_uncertainty,760,67.13534142,0.20608604,5.02286353,0.04125243,48.83673982,48.461304,0
baseline_uncertainty,761,74.58374149,0.14557833,5.12951171,0.07586599,0.0,0.0,1
baseline_uncertainty,762,68.96175672,0.16527432,5.22788214,0.07328572,0.0,0.0,1
baseline_uncertainty,763,67.49926356,0.1890629,5.7927623,0.04244319,0.0,0.0,1
baseline_uncertainty,764,69.18128017,0.17952846,7.97046951,0.0642699,0.0,0.0,1
baseline_uncertainty,765,65.71306898,0.16824895,7.62725579,0.03119704,0.0,0.0,1
baseline_uncertainty,766,66.89029676,0.18917903,5.04482154,0.03135224,36.66995313,36.66995313,0
baseline_uncertainty,767,72.656248,0.21058715,6.94411999,0.03344494,0.0,0.0,1
baseline_uncertainty,768,65.48829546,0.21127171,7.34203224,0.03131361,0.0,0.0,1
baseline_uncertainty,769,73.02758326,0.18115957,7.30723439,0.05824246,0.0,0.0,1
baseline_uncertainty,770,72.17062386,0.19989759,7.06456188,0.06842003,0.0,0.0,1
baseline_uncertainty,771,65.78538736,0.14093184,6.35626041,0.06397936,0.0,0.0,1
baseline_uncertainty,772,68.46636072,0.15586925,7.06003698,0.07275167,0.0,0.0,1
baseline_uncertainty,773,74.70283695,0.15863833,7.74562683,0.06386511,0.0,0.0,1
baseline_uncertainty,774,72.22188395,0.21279523,6.29985558,0.0314907,0.0,0.0,1
baseline_uncertainty,775,70.19461234,0.20511834,6.04135834,0.02319659,0.0,0.0,1
baseline_uncertainty,776,67.58937777,0.21577769,7.3238456,0.05629354,0.0,0.0,1
baseline_uncertainty,777,73.04281101,0.20181967,7.45426768,0.05167628,0.0,0.0,1
baseline_uncertainty,778,67.80687571,0.14912613,7.021579,0.0718597,0.0,0.0,1
baseline_uncertainty,779,66.32895367,0.14584026,5.11612158,0.03408667,0.0,0.0,1
baseline_uncertainty,780,66.38622157,0.18967476,6.10577189,0.04508719,0.0,0.0,1
baseline_uncertainty,781,69.01130519,0.15432653,7.36401832,0.03476581,0.0,0.0,1
baseline_uncertainty,782,67.84467151,0.14913542,7.54043001,0.03353211,0.0,0.0,1
baseline_uncertainty,783,68.42249307,0.15530278,6.58308999,0.07965281,0.0,0.0,1
baseline_uncertainty,784,66.98664279,0.16957674,5.40146533,0.04136093,0.0,0.0,1
baseline_uncertainty,785,73.38635087,0.19413888,5.61909621,0.04981812,0.0,0.0,1
baseline_uncertainty,786,72.7099713,0.18461569,7.98273619,0.04203139,0.0,0.0,1
baseline_uncertainty,787,71.58693488,0.17324245,5.6460756,0.07969433,0.0,0.0,1
baseline_uncertainty,788,69.92903015,0.20613851,5.93944793,0.07130829,0.0,0.0,1
baseline_uncertainty,789,74.4912256,0.17416291,6.75163552,0.04108554,0.0,0.0,1
baseline_uncertainty,790,68.86348248,0.15939565,6.95543604,0.068954,0.0,0.0,1
baseline_uncertainty,791,66.35676669,0.16095054,7.85935718,0.03143016,0.0,0.0,1
baseline_uncertainty,792,65.96362549,0.1693425,5.54318752,0.06086073,0.0,0.0,1
baseline_uncertainty,793,66.18122221,0.21697437,6.76720114,0.05388641,0.0,0.0,1
baseline_uncertainty,794,67.13659641,0.14839852,7.49273382,0.06693225,0.0,0.0,1
baseline_uncertainty,795,73.96654467,0.16174912,7.7685484,0.0315327,0.0,0.0,1
baseline_uncertainty,796,66.31488164,0.20550458,6.42828952,0.07797216,0.0,0.0,1
baseline_uncertainty,797,74.91442909,0.18743366,7.46410068,0.06720903,0.0,0.0,1
baseline_uncertainty,798,71.66613835,0.2063306,7.99756993,0.06516927,0.0,0.0,1
baseline_uncertainty,799,65.67967833,0.14292894,6.4532147,0.06380945,0.0,0.0,1
baseline_uncertainty,800,66.57247389,0.14857954,6.91116012,0.07833475,0.0,0.0,1
baseline_uncertainty,801,73.56916887,0.20573455,6.43324478,0.05814167,0.0,0.0,1
baseline_uncertainty,802,74.16231109,0.14983759,5.96658088,0.05245936,0.0,0.0,1
baseline_uncertainty,803,69.87065232,0.18292213,5.19237627,0.0312089,10.61852407,10.61852407,0
baseline_uncertainty,804,74.24732744,0.16777797,6.87451534,0.07301025,0.0,0.0,1
baseline_uncertainty,805,70.08859057,0.16804503,7.46942871,0.05188214,0.0,0.0,1
baseline_uncertainty,806,74.72513728,0.18559077,5.43759273,0.0461037,0.0,0.0,1
baseline_uncertainty,807,66.69658548,0.16378905,7.73919825,0.03351619,0.0,0.0,1
baseline_uncertainty,808,67.02920022,0.19541078,5.42864326,0.05638139,0.0,0.0,1
baseline_uncertainty,809,70.44279504,0.21377929,7.38307259,0.06407915,0.0,0.0,1
baseline_uncertainty,810,65.75877812,0.14988215,5.02006569,0.06248391,0.0,0.0,1
baseline_uncertainty,811,71.38349868,0.14407992,5.30635649,0.05673655,0.0,0.0,1
baseline_uncertainty,812,65.59902862,0.21962627,7.48458679,0.06831574,0.0,0.0,1
baseline_uncertainty,813,72.3482285,0.16408052,7.78034607,0.03390321,0.0,0.0,1
baseline_uncertainty,814,67.88064787,0.14143734,5.77143946,0.07555415,0.0,0.0,1
baseline_uncertainty,815,69.12542722,0.20273607,6.30333485,0.0416942,0.0,0.0,1
baseline_uncertainty,816,70.83941716,0.16288352,7.45418976,0.02840227,0.0,0.0,1
baseline_uncertainty,817,68.95224407,0.16938175,5.26133478,0.02805605,0.0,0.0,1
baseline_uncertainty,818,68.06543427,0.18945922,6.83194804,0.06900931,0.0,0.0,1
baseline_uncertainty,819,71.58925218,0.1720915,6.85715902,0.05312768,0.0,0.0,1
baseline_uncertainty,820,71.70025886,0.21420355,5.63866826,0.03498736,13.76999496,13.76999496,0
baseline_uncertainty,821,73.87547148,0.20314939,5.94475998,0.07923663,0.0,0.0,1
baseline_uncertainty,822,73.57341289,0.1804696,5.44410868,0.07054747,0.0,0.0,1
baseline_uncertainty,823,74.41400778,0.15709937,5.09061392,0.02704512,0.0,0.0,1
baseline_uncertainty,824,67.59658192,0.17274384,5.95042423,0.06212192,0.0,0.0,1
baseline_uncertainty,825,71.13848763,0.17976428,6.84040028,0.07782185,0.0,0.0,1
baseline_uncertainty,826,67.79007955,0.17557109,6.4068294,0.0490361,0.0,0.0,1
baseline_uncertainty,827,65.0970409,0.20486752,5.02221278,0.03763253,47.19105513,46.27005862,0
baseline_uncertainty,828,74.38560407,0.17200866,6.43192225,0.02194124,0.0,0.0,1
baseline_uncertainty,829,69.51217734,0.14833447,6.94693429,0.0290435,0.0,0.0,1
baseline_uncertainty,830,65.09461918,0.17003497,6.34050664,0.02209836,0.0,0.0,1
baseline_uncertainty,831,70.12078948,0.18137599,5.69750735,0.06134987,0.0,0.0,1
baseline_uncertainty,832,73.34831111,0.16494136,5.86578613,0.07231548,0.0,0.0,1
baseline_uncertainty,833,65.08202681,0.20579954,6.32369733,0.05913405,0.0,0.0,1
baseline_uncertainty,834,67.89285044,0.21268799,6.47193036,0.06646098,0.0,0.0,1
baseline_uncertainty,835,69.76019372,0.20693453,5.84082354,0.021298,20.95540878,20.95540878,0
baseline_uncertainty,836,68.17914809,0.20702643,5.60802084,0.03503855,39.99546956,39.99546956,0
baseline_uncertainty,837,65.4102322,0.14117831,6.4886126,0.0394834,0.0,0.0,1
baseline_uncertainty,838,67.7704262,0.15788877,6.06790565,0.03656088,0.0,0.0,1
baseline_uncertainty,839,65.84472653,0.18752286,5.17890614,0.06853117,0.0,0.0,1
baseline_uncertainty,840,72.84451631,0.19288476,6.54283433,0.04066371,0.0,0.0,1
baseline_uncertainty,841,68.93115741,0.20550054,6.21202449,0.07040045,0.0,0.0,1
baseline_uncertainty,842,74.74139828,0.14176156,5.09028137,0.04212494,0.0,0.0,1
baseline_uncertainty,843,66.91455377,0.19229585,7.28899259,0.04338113,0.0,0.0,1
baseline_uncertainty,844,73.78384443,0.1786337,6.70386454,0.04372655,0.0,0.0,1
baseline_uncertainty,845,67.11490994,0.21970405,5.03992793,0.07795179,56.11878033,55.34863482,0
baseline_uncertainty,846,72.09213459,0.15576714,5.53504595,0.05856847,0.0,0.0,1
baseline_uncertainty,847,72.67631465,0.17043225,6.86755738,0.05739026,0.0,0.0,1
baseline_uncertainty,848,71.36758413,0.20602559,6.22502277,0.0341566,0.0,0.0,1
baseline_uncertainty,849,73.89998156,0.19748276,7.6651853,0.05972879,0.0,0.0,1
baseline_uncertainty,850,72.11357038,0.18973186,7.82745768,0.06463544,0.0,0.0,1
baseline_uncertainty,851,71.26888562,0.19829065,6.78961276,0.02332908,0.0,0.0,1
baseline_uncertainty,852,72.29610831,0.21509037,6.01535421,0.03871121,0.0,0.0,1
baseline_uncertainty,853,69.78674669,0.17743164,7.83972365,0.0256147,0.0,0.0,1
baseline_uncertainty,854,73.99094819,0.15963386,7.06116025,0.03931893,0.0,0.0,1
baseline_uncertainty,855,66.5862729,0.18767756,6.65681636,0.04545732,0.0,0.0,1
baseline_uncertainty,856,69.43940988,0.1424116,5.53775989,0.06112918,0.0,0.0,1
baseline_uncertainty,857,70.6217027,0.19182172,7.62993034,0.04631018,0.0,0.0,1
baseline_uncertainty,858,72.5123294,0.14969937,5.3155871,0.04386234,0.0,0.0,1
baseline_uncertainty,859,72.11409002,0.18389466,7.16391139,0.05546698,0.0,0.0,1
baseline_uncertainty,860,65.96360434,0.17096749,7.34012297,0.04927947,0.0,0.0,1
baseline_uncertainty,861,73.28509153,0.17814424,7.2366715,0.02811616,0.0,0.0,1
baseline_uncertainty,862,66.54987869,0.15865416,7.67241996,0.04771908,0.0,0.0,1
baseline_uncertainty,863,71.5076555,0.18449602,7.40755462,0.06123515,0.0,0.0,1
baseline_uncertainty,864,65.88409127,0.18218352,5.49248326,0.03685407,0.0,0.0,1
baseline_uncertainty,865,72.18803495,0.20209318,6.55017786,0.03207077,0.0,0.0,1
baseline_uncertainty,866,73.36146872,0.14867791,5.64642806,0.03918518,0.0,0.0,1
baseline_uncertainty,867,68.67449666,0.16417561,7.63633449,0.07833413,0.0,0.0,1
baseline_uncertainty,868,71.55846702,0.20475222,6.36762107,0.0282527,0.0,0.0,1
baseline_uncertainty,869,68.58453252,0.14340464,7.28264313,0.07027318,0.0,0.0,1
baseline_uncertainty,870,72.33546689,0.21704452,6.61680403,0.04811702,0.0,0.0,1
baseline_uncertainty,871,66.77133711,0.21097941,5.96940842,0.05831293,0.0,0.0,1
baseline_uncertainty,872,74.32210725,0.15802037,6.3630819,0.04423573,0.0,0.0,1
baseline_uncertainty,873,73.70282831,0.1718162,7.93726078,0.04218188,0.0,0.0,1
baseline_uncertainty,874,66.45818893,0.14281245,7.3775468,0.05892338,0.0,0.0,1
baseline_uncertainty,875,69.8013549,0.17355179,5.73238872,0.03971872,0.0,0.0,1
baseline_uncertainty,876,66.85386499,0.21747605,5.50401784,0.04507412,43.6321104,43.6321104,0
baseline_uncertainty,877,72.31731086,0.1895799,6.90172196,0.06981937,0.0,0.0,1
baseline_uncertainty,878,68.5248775,0.19281798,7.34024542,0.06658057,0.0,0.0,1
baseline_uncertainty,879,66.64936684,0.21052749,6.36612889,0.03904852,0.0,0.0,1
baseline_uncertainty,880,67.78033763,0.18692857,7.45647693,0.04138694,0.0,0.0,1
baseline_uncertainty,881,72.54415298,0.15151732,7.85027589,0.0713749,0.0,0.0,1
baseline_uncertainty,882,66.07153158,0.17719119,5.1220214,0.05799886,0.0,0.0,1
baseline_uncertainty,883,71.56980013,0.19534983,5.11447918,0.07308122,12.72160128,12.72160128,0
baseline_uncertainty,884,67.85680314,0.17366723,7.3677862,0.04832808,0.0,0.0,1
baseline_uncertainty,885,67.01799087,0.15605323,5.34240359,0.03667714,0.0,0.0,1
baseline_uncertainty,886,70.91274679,0.19376498,5.50822108,0.036937,24.44459431,24.44459431,0
baseline_uncertainty,887,68.67882199,0.16268603,5.44190631,0.06726836,0.0,0.0,1
baseline_uncertainty,888,70.32251038,0.18346128,7.65959312,0.03807069,0.0,0.0,1
baseline_uncertainty,889,73.22433824,0.1926772,7.17195071,0.07027237,0.0,0.0,1
baseline_uncertainty,890,74.29194239,0.21803941,7.11690257,0.04495554,0.0,0.0,1
baseline_uncertainty,891,70.51619921,0.17328791,7.9769693,0.03706067,0.0,0.0,1
baseline_uncertainty,892,73.42613903,0.18934359,7.78061861,0.06914368,0.0,0.0,1
baseline_uncertainty,893,73.0375826,0.17979156,7.53773728,0.06212132,0.0,0.0,1
baseline_uncertainty,894,74.05320228,0.2007366,5.8041827,0.04732752,0.0,0.0,1
baseline_uncertainty,895,67.06599374,0.17682393,7.04277176,0.035616,0.0,0.0,1
baseline_uncertainty,896,74.45791683,0.21667848,7.96581099,0.02227711,0.0,0.0,1
baseline_uncertainty,897,68.18011257,0.15614834,5.91180132,0.02480132,0.0,0.0,1
baseline_uncertainty,898,73.42019354,0.15492055,7.20449659,0.0703649,0.0,0.0,1
baseline_uncertainty,899,69.79023906,0.15682623,5.47668301,0.04995467,0.0,0.0,1
baseline_uncertainty,900,67.41345803,0.18557705,5.49453233,0.0474076,0.0,0.0,1
baseline_uncertainty,901,73.52250378,0.20851678,7.40260323,0.05424133,0.0,0.0,1
baseline_uncertainty,902,73.94455633,0.17146106,6.62662642,0.0561292,0.0,0.0,1
baseline_uncertainty,903,66.56666473,0.17099602,7.02202372,0.06077717,0.0,0.0,1
baseline_uncertainty,904,67.46280614,0.14455202,7.09348929,0.06888796,0.0,0.0,1
baseline_uncertainty,905,70.11523373,0.17236301,6.53695963,0.02887761,0.0,0.0,1
baseline_uncertainty,906,71.36875421,0.17625056,6.8042095,0.061285,0.0,0.0,1
baseline_uncertainty,907,67.0745556,0.19883307,6.42227041,0.0253464,0.0,0.0,1
baseline_uncertainty,908,73.08045996,0.21591946,7.07821445,0.06974068,0.0,0.0,1
baseline_uncertainty,909,72.10865813,0.15040113,5.90474082,0.06511052,0.0,0.0,1
baseline_uncertainty,910,69.02721087,0.19017971,7.9114236,0.02892803,0.0,0.0,1
baseline_uncertainty,911,69.3313896,0.17938212,7.238897,0.0202931,0.0,0.0,1
baseline_uncertainty,912,66.88004308,0.19354097,5.58143834,0.02002262,0.0,0.0,1
baseline_uncertainty,913,66.66358768,0.17534764,5.65978153,0.07876516,0.0,0.0,1
baseline_uncertainty,914,69.01549622,0.18419537,5.84862722,0.04803015,0.0,0.0,1
baseline_uncertainty,915,67.63891115,0.14632226,5.79900398,0.04391371,0.0,0.0,1
baseline_uncertainty,916,69.91088638,0.18651451,7.28648533,0.07086735,0.0,0.0,1
baseline_uncertainty,917,73.54856683,0.16849859,7.72721009,0.07674987,0.0,0.0,1
baseline_uncertainty,918,73.21733802,0.21959913,5.47750883,0.05271711,52.93374778,52.93374778,0
baseline_uncertainty,919,67.40774862,0.17742512,6.82669013,0.02656805,0.0,0.0,1
baseline_uncertainty,920,73.164612,0.21350745,7.44017504,0.07882025,0.0,0.0,1
baseline_uncertainty,921,68.46534832,0.18189211,6.37516583,0.02845019,0.0,0.0,1
baseline_uncertainty,922,69.59988245,0.20896621,7.79711083,0.07332945,0.0,0.0,1
baseline_uncertainty,923,65.10232572,0.21921514,5.81924484,0.04659471,0.0,0.0,1
baseline_uncertainty,924,74.09067647,0.20420535,6.10574687,0.02274137,0.0,0.0,1
baseline_uncertainty,925,71.02571269,0.14912337,7.48106867,0.03441235,0.0,0.0,1
baseline_uncertainty,926,73.84286675,0.18315273,7.08198663,0.06524238,0.0,0.0,1
baseline_uncertainty,927,73.73116714,0.17492703,5.15696325,0.04929813,0.0,0.0,1
baseline_uncertainty,928,71.01717434,0.15626179,7.57866312,0.0225318,0.0,0.0,1
baseline_uncertainty,929,68.86872105,0.201703,6.95353194,0.05226858,0.0,0.0,1
baseline_uncertainty,930,70.98084206,0.1988732,7.50301772,0.06292916,0.0,0.0,1
baseline_uncertainty,931,66.43626504,0.16141496,6.60946908,0.06768839,0.0,0.0,1
baseline_uncertainty,932,73.00326356,0.14980543,7.09241729,0.03010115,0.0,0.0,1
baseline_uncertainty,933,73.85376918,0.17507876,6.85206733,0.07910443,0.0,0.0,1
baseline_uncertainty,934,69.51522176,0.19228278,7.20940693,0.05583001,0.0,0.0,1
baseline_uncertainty,935,68.95771893,0.18670627,7.53009325,0.05744012,0.0,0.0,1
baseline_uncertainty,936,74.35220165,0.2015318,7.05792291,0.02846733,0.0,0.0,1
baseline_uncertainty,937,66.10625279,0.18179308,5.8113036,0.04961716,0.0,0.0,1
baseline_uncertainty,938,66.72689133,0.19845012,6.84007058,0.06590432,0.0,0.0,1
baseline_uncertainty,939,67.82289472,0.2060196,7.80531079,0.06687604,0.0,0.0,1
baseline_uncertainty,940,73.7505001,0.16257234,5.80758423,0.05304016,0.0,0.0,1
baseline_uncertainty,941,66.2147954,0.16810833,6.56431106,0.0742749,0.0,0.0,1
baseline_uncertainty,942,67.89360593,0.19498722,7.67703375,0.04421821,0.0,0.0,1
baseline_uncertainty,943,69.50490095,0.18239658,7.65325714,0.04169974,0.0,0.0,1
baseline_uncertainty,944,73.23442388,0.16316146,6.07460283,0.06250381,0.0,0.0,1
baseline_uncertainty,945,66.64196717,0.18715895,5.44616462,0.02487491,0.0,0.0,1
baseline_uncertainty,946,68.39062284,0.18930152,6.06410702,0.07670442,0.0,0.0,1
baseline_uncertainty,947,67.78727368,0.14676435,6.1306438,0.06424906,0.0,0.0,1
baseline_uncertainty,948,74.82181341,0.18592653,7.7234477,0.02477887,0.0,0.0,1
baseline_uncertainty,949,74.22560323,0.2144704,5.23502198,0.06160591,45.07994211,44.59913755,0
baseline_uncertainty,950,68.7495012,0.17222517,5.60202193,0.02219,0.0,0.0,1
baseline_uncertainty,951,70.53526863,0.21529828,6.04614907,0.02007182,4.8697672,4.8697672,1
baseline_uncertainty,952,68.03732457,0.19298308,7.85613814,0.06529877,0.0,0.0,1
baseline_uncertainty,953,74.31035921,0.14280206,7.70953928,0.07210994,0.0,0.0,1
baseline_uncertainty,954,73.83133261,0.20403763,6.81001061,0.0766378,0.0,0.0,1
baseline_uncertainty,955,68.82106549,0.18398261,6.50411205,0.05076762,0.0,0.0,1
baseline_uncertainty,956,66.06285691,0.2152634,7.53828899,0.02450811,0.0,0.0,1
baseline_uncertainty,957,71.81452572,0.21704994,6.3652643,0.0209833,0.0,0.0,1
baseline_uncertainty,958,72.04545385,0.20878881,5.46142671,0.04763602,13.51338344,13.51338344,0
baseline_uncertainty,959,72.37371153,0.18755406,5.47196595,0.03020954,0.0,0.0,1
baseline_uncertainty,960,68.87054469,0.20760219,7.43874563,0.02839668,0.0,0.0,1
baseline_uncertainty,961,69.26349332,0.21307763,5.38382444,0.02242985,35.4199645,35.4199645,0
baseline_uncertainty,962,74.28453624,0.16944039,5.5392301,0.04429774,0.0,0.0,1
baseline_uncertainty,963,67.52797221,0.14262753,6.43352527,0.03776478,0.0,0.0,1
baseline_uncertainty,964,67.39093354,0.15664334,6.00913114,0.02443588,0.0,0.0,1
baseline_uncertainty,965,67.84027371,0.20269128,7.3998591,0.06126256,0.0,0.0,1
baseline_uncertainty,966,66.61154908,0.14912728,7.68180107,0.07960263,0.0,0.0,1
baseline_uncertainty,967,67.58944521,0.15314421,7.21188398,0.07484415,0.0,0.0,1
baseline_uncertainty,968,73.55147716,0.15662624,7.47754411,0.03333854,0.0,0.0,1
baseline_uncertainty,969,70.78293558,0.15685683,6.64974237,0.02030413,0.0,0.0,1
baseline_uncertainty,970,73.40786754,0.18541372,7.62064217,0.07784642,0.0,0.0,1
baseline_uncertainty,971,67.6900992,0.18706324,7.84124319,0.02119781,0.0,0.0,1
baseline_uncertainty,972,72.51028853,0.17718948,6.65514159,0.07057234,0.0,0.0,1
baseline_uncertainty,973,73.20696811,0.15111876,7.65611083,0.05948236,0.0,0.0,1
baseline_uncertainty,974,68.54971808,0.20354644,7.06749359,0.03596977,0.0,0.0,1
baseline_uncertainty,975,72.47935804,0.21875361,6.1655938,0.05671406,0.0,0.0,1
baseline_uncertainty,976,68.1852874,0.21998009,5.85678261,0.04683258,0.0,0.0,1
baseline_uncertainty,977,68.91217457,0.19042653,6.71747794,0.04062691,0.0,0.0,1
baseline_uncertainty,978,70.13141207,0.18323967,7.14762067,0.06409297,0.0,0.0,1
baseline_uncertainty,979,70.80398073,0.14319196,6.15337983,0.07332552,0.0,0.0,1
baseline_uncertainty,980,65.85383199,0.16567509,7.11703072,0.06090851,0.0,0.0,1
baseline_uncertainty,981,74.02831388,0.14909319,7.51959065,0.07691829,0.0,0.0,1
baseline_uncertainty,982,68.05932443,0.14007913,7.92745438,0.07084939,0.0,0.0,1
baseline_uncertainty,983,68.05742698,0.15980444,6.94540591,0.03560415,0.0,0.0,1
baseline_uncertainty,984,66.80931627,0.18059722,5.41056828,0.03648381,0.0,0.0,1
baseline_uncertainty,985,68.8356563,0.20383051,6.62989607,0.04814032,0.0,0.0,1
baseline_uncertainty,986,71.86798087,0.17823777,6.15410707,0.04660337,0.0,0.0,1
baseline_uncertainty,987,74.80539865,0.19558978,7.89888555,0.02959573,0.0,0.0,1
baseline_uncertainty,988,68.36084374,0.14615178,6.95795112,0.02752814,0.0,0.0,1
baseline_uncertainty,989,71.14573696,0.14712139,7.24155491,0.04139463,0.0,0.0,1
baseline_uncertainty,990,66.24024297,0.1836719,7.23066508,0.04971156,0.0,0.0,1
baseline_uncertainty,991,69.18566258,0.18645473,5.02924066,0.02200865,0.0,0.0,1
baseline_uncertainty,992,67.04363914,0.17782841,5.37923223,0.02615963,0.0,0.0,1
baseline_uncertainty,993,67.18815713,0.15006202,6.55098264,0.03432482,0.0,0.0,1
baseline_uncertainty,994,68.03493096,0.19551018,5.50402817,0.06757174,0.0,0.0,1
baseline_uncertainty,995,66.89549319,0.14881573,7.13894116,0.06087235,0.0,0.0,1
baseline_uncertainty,996,66.08718101,0.18808777,6.12774367,0.07964447,0.0,0.0,1
baseline_uncertainty,997,71.45366615,0.1834247,5.35619401,0.03006571,13.45274257,13.45274257,0
baseline_uncertainty,998,72.59453022,0.21204651,7.52651652,0.04734998,0.0,0.0,1
baseline_uncertainty,999,73.7172423,0.18118325,5.90083994,0.04716628,0.0,0.0,1
baseline_uncertainty,1000,74.61163326,0.14661412,6.55830454,0.07922801,0.0,0.0,1
stress_uncertainty,1,71.41495073,0.18671633,10.15163693,0.08201502,0.0,0.0,1
stress_uncertainty,2,72.66667728,0.14649758,9.12600461,0.11191704,0.0,0.0,1
stress_uncertainty,3,68.76544654,0.19082225,10.70300007,0.11636227,0.0,0.0,1
stress_uncertainty,4,70.32446009,0.1663433,10.22961935,0.11395572,0.0,0.0,1
stress_uncertainty,5,63.77849543,0.12471157,7.31155331,0.10620938,0.0,0.0,1
stress_uncertainty,6,71.23913702,0.16499631,10.43302899,0.16885318,0.0,0.0,1
stress_uncertainty,7,74.54866793,0.15690099,8.59841958,0.15396763,0.0,0.0,1
stress_uncertainty,8,69.64553775,0.12218781,10.63633251,0.14235821,0.0,0.0,1
stress_uncertainty,9,69.6089586,0.11179524,8.88946576,0.14961653,0.0,0.0,1
stress_uncertainty,10,67.38314113,0.10380698,7.14744612,0.12420707,0.0,0.0,1
stress_uncertainty,11,67.46305829,0.19198345,9.36316968,0.13913722,0.0,0.0,1
stress_uncertainty,12,61.94744969,0.14394113,8.9407353,0.16588944,0.0,0.0,1
stress_uncertainty,13,72.51758754,0.13199965,10.84651738,0.11161561,0.0,0.0,1
stress_uncertainty,14,70.90232365,0.15531126,7.73834513,0.15975459,0.0,0.0,1
stress_uncertainty,15,61.32134829,0.13033396,10.80287095,0.15020208,0.0,0.0,1
stress_uncertainty,16,63.07930055,0.12957133,8.08110835,0.14462984,0.0,0.0,1
stress_uncertainty,17,70.48659321,0.15616086,7.82492472,0.08934542,0.0,0.0,1
stress_uncertainty,18,62.78990043,0.10155976,7.31081322,0.15178624,0.0,0.0,1
stress_uncertainty,19,64.88917968,0.13160219,8.35391753,0.08914827,0.0,0.0,1
stress_uncertainty,20,64.8248543,0.16956298,9.35972846,0.12408111,0.0,0.0,1
stress_uncertainty,21,60.89344351,0.15111139,7.44608753,0.16831468,0.0,0.0,1
stress_uncertainty,22,71.29967675,0.15683365,10.43727165,0.09353388,0.0,0.0,1
stress_uncertainty,23,73.32310449,0.14347816,7.9282996,0.08943082,0.0,0.0,1
stress_uncertainty,24,65.16944079,0.16803364,10.85609933,0.1588315,0.0,0.0,1
stress_uncertainty,25,73.97911025,0.19071588,9.82476978,0.11744757,0.0,0.0,1
stress_uncertainty,26,66.98351344,0.15846269,10.27043437,0.16066338,0.0,0.0,1
stress_uncertainty,27,64.26240846,0.11576901,10.50033784,0.09739807,0.0,0.0,1
stress_uncertainty,28,73.50125307,0.12050279,8.55322594,0.09005951,0.0,0.0,1
stress_uncertainty,29,70.15155452,0.16645844,10.56833657,0.11316071,0.0,0.0,1
stress_uncertainty,30,66.31362526,0.11033654,8.80085616,0.12310894,0.0,0.0,1
stress_uncertainty,31,69.00429808,0.15588018,9.59384796,0.08802094,0.0,0.0,1
stress_uncertainty,32,70.53425721,0.15081108,10.94622236,0.12344198,0.0,0.0,1
stress_uncertainty,33,71.79842136,0.12627157,8.11272135,0.11493766,0.0,0.0,1
stress_uncertainty,34,69.54563419,0.15979365,9.55630571,0.10534366,0.0,0.0,1
stress_uncertainty,35,68.25933394,0.18919834,7.87881377,0.11740712,0.0,0.0,1
stress_uncertainty,36,65.28053665,0.11865077,8.01520109,0.14484416,0.0,0.0,1
stress_uncertainty,37,65.12219544,0.17462773,7.36608541,0.17458633,0.0,0.0,1
stress_uncertainty,38,63.97106999,0.14909956,9.72657046,0.11948504,0.0,0.0,1
stress_uncertainty,39,63.4326844,0.15538772,10.19983833,0.11260231,0.0,0.0,1
stress_uncertainty,40,67.75206416,0.10174218,7.58407694,0.10732551,0.0,0.0,1
stress_uncertainty,41,62.94972775,0.15794495,8.77121674,0.17572298,0.0,0.0,1
stress_uncertainty,42,68.82170189,0.19936809,7.35127504,0.16721358,0.0,0.0,1
stress_uncertainty,43,68.91208311,0.17203243,7.72199426,0.16308349,0.0,0.0,1
stress_uncertainty,44,62.42413619,0.16616856,7.64253845,0.17604807,0.0,0.0,1
stress_uncertainty,45,61.10309644,0.1967265,9.84282119,0.11415433,0.0,0.0,1
stress_uncertainty,46,74.78415497,0.18827023,10.07446021,0.0979449,0.0,0.0,1
stress_uncertainty,47,64.54625557,0.19396528,9.30403588,0.17416295,0.0,0.0,1
stress_uncertainty,48,64.76705636,0.12567196,9.80072828,0.13071818,0.0,0.0,1
stress_uncertainty,49,67.25783832,0.17358736,9.54432257,0.14790149,0.0,0.0,1
stress_uncertainty,50,74.84937132,0.15088826,9.06753318,0.12353513,0.0,0.0,1
stress_uncertainty,51,61.52423536,0.13024188,10.87318512,0.10279893,0.0,0.0,1
stress_uncertainty,52,64.59096601,0.12085402,8.98165302,0.1464204,0.0,0.0,1
stress_uncertainty,53,67.12865577,0.10960694,8.93422746,0.16558752,0.0,0.0,1
stress_uncertainty,54,70.15316601,0.122274,10.09423346,0.10093172,0.0,0.0,1
stress_uncertainty,55,70.27790112,0.12959397,10.33864853,0.13597091,0.0,0.0,1
stress_uncertainty,56,64.44832591,0.18295538,7.30032856,0.13453923,0.0,0.0,1
stress_uncertainty,57,71.5966317,0.10484132,9.46377274,0.10014395,0.0,0.0,1
stress_uncertainty,58,69.51883879,0.12588793,9.89948952,0.15372791,0.0,0.0,1
stress_uncertainty,59,74.17865255,0.18118772,10.3029467,0.10858359,0.0,0.0,1
stress_uncertainty,60,64.52529416,0.15473587,9.17915046,0.11032251,0.0,0.0,1
stress_uncertainty,61,71.97425833,0.15361846,10.1599483,0.11420073,0.0,0.0,1
stress_uncertainty,62,73.42655297,0.14137046,9.88819907,0.17187384,0.0,0.0,1
stress_uncertainty,63,71.46211384,0.16762037,9.64425048,0.16913289,0.0,0.0,1
stress_uncertainty,64,72.20680449,0.15662032,8.12848779,0.0829239,0.0,0.0,1
stress_uncertainty,65,74.63463967,0.18549715,10.17282069,0.09407577,0.0,0.0,1
stress_uncertainty,66,70.24215071,0.10327017,7.44803363,0.10262407,0.0,0.0,1
stress_uncertainty,67,64.76712607,0.11307402,8.54504983,0.10694952,0.0,0.0,1
stress_uncertainty,68,68.52365901,0.15106502,7.35925578,0.137043,0.0,0.0,1
stress_uncertainty,69,61.32136158,0.10708387,8.75756866,0.16421937,0.0,0.0,1
stress_uncertainty,70,63.00291529,0.19303599,7.11401748,0.10027181,0.0,0.0,1
stress_uncertainty,71,63.52549668,0.19788951,7.89975638,0.11934444,0.0,0.0,1
stress_uncertainty,72,74.93589221,0.16823642,7.25535852,0.10117733,0.0,0.0,1
stress_uncertainty,73,68.23386519,0.11235198,8.01583794,0.15497324,0.0,0.0,1
stress_uncertainty,74,68.35364424,0.13115418,8.32581064,0.12244895,0.0,0.0,1
stress_uncertainty,75,70.4320107,0.15321905,9.54155209,0.13558148,0.0,0.0,1
stress_uncertainty,76,70.87709451,0.14707197,10.4545804,0.12414432,0.0,0.0,1
stress_uncertainty,77,73.81259696,0.12466134,8.02995425,0.08032639,0.0,0.0,1
stress_uncertainty,78,67.09744552,0.1975064,9.64996263,0.08951136,0.0,0.0,1
stress_uncertainty,79,65.34871956,0.171417,9.26418803,0.12806869,0.0,0.0,1
stress_uncertainty,80,64.97209456,0.19650374,8.38116353,0.16022669,0.0,0.0,1
stress_uncertainty,81,66.74034233,0.17209122,7.86344253,0.17801331,0.0,0.0,1
stress_uncertainty,82,71.14878556,0.11324191,8.18831677,0.16759125,0.0,0.0,1
stress_uncertainty,83,72.43279316,0.15786654,10.2985868,0.1496481,0.0,0.0,1
stress_uncertainty,84,60.49247737,0.16855019,8.60443904,0.1025674,0.0,0.0,1
stress_uncertainty,85,66.48211668,0.15362479,10.41464121,0.08731605,0.0,0.0,1
stress_uncertainty,86,65.61843675,0.13634375,8.79483578,0.10246218,0.0,0.0,1
stress_uncertainty,87,66.37654145,0.14945571,7.21585138,0.13057213,0.0,0.0,1
stress_uncertainty,88,74.16693668,0.16740962,7.85383222,0.14557455,0.0,0.0,1
stress_uncertainty,89,63.78971623,0.14031704,9.70497591,0.17686408,0.0,0.0,1
stress_uncertainty,90,67.6173954,0.11366065,10.78234593,0.15920092,0.0,0.0,1
stress_uncertainty,91,65.66348698,0.19353299,9.96057165,0.13232217,0.0,0.0,1
stress_uncertainty,92,74.00689936,0.14643143,8.91913594,0.09589282,0.0,0.0,1
stress_uncertainty,93,69.52290205,0.11923001,7.03547506,0.1307448,0.0,0.0,1
stress_uncertainty,94,68.58644073,0.13058896,10.59855321,0.09961614,0.0,0.0,1
stress_uncertainty,95,72.59066338,0.16395207,9.51681169,0.12570055,0.0,0.0,1
stress_uncertainty,96,67.82846627,0.11281464,10.21379583,0.16082549,0.0,0.0,1
stress_uncertainty,97,65.15682517,0.10424244,10.39207714,0.08816914,0.0,0.0,1
stress_uncertainty,98,74.59300046,0.11143892,7.09041517,0.09603761,0.0,0.0,1
stress_uncertainty,99,71.75477516,0.12104812,10.15704787,0.09012522,0.0,0.0,1
stress_uncertainty,100,73.53698766,0.19456426,9.92096256,0.16591024,0.0,0.0,1
stress_uncertainty,101,61.31681118,0.16774089,9.87282135,0.12236565,0.0,0.0,1
stress_uncertainty,102,69.20977907,0.17207293,9.56959969,0.08681205,0.0,0.0,1
stress_uncertainty,103,60.55960944,0.12175427,10.70951975,0.11903452,0.0,0.0,1
stress_uncertainty,104,61.36710696,0.13954842,10.42362317,0.1678069,0.0,0.0,1
stress_uncertainty,105,69.31958167,0.1910413,7.08686615,0.08204463,0.0,0.0,1
stress_uncertainty,106,60.69935515,0.11320443,9.14535586,0.17146721,0.0,0.0,1
stress_uncertainty,107,62.80637987,0.10966682,9.23397349,0.1001009,0.0,0.0,1
stress_uncertainty,108,73.89398886,0.10991196,7.83925631,0.15549458,0.0,0.0,1
stress_uncertainty,109,74.46001173,0.13374659,8.33332228,0.17219855,0.0,0.0,1
stress_uncertainty,110,69.97807359,0.1528399,9.52237123,0.11106056,0.0,0.0,1
stress_uncertainty,111,69.36644275,0.1672011,7.97123301,0.12905607,0.0,0.0,1
stress_uncertainty,112,69.25345473,0.12950738,7.76712486,0.13050198,0.0,0.0,1
stress_uncertainty,113,74.2030722,0.12107898,8.53014228,0.11973166,0.0,0.0,1
stress_uncertainty,114,64.63972285,0.10866174,8.72901931,0.09606389,0.0,0.0,1
stress_uncertainty,115,61.64640167,0.14587045,7.17333163,0.12204265,0.0,0.0,1
stress_uncertainty,116,61.61830386,0.10426128,7.51466586,0.0906073,0.0,0.0,1
stress_uncertainty,117,74.59822786,0.10078034,10.40092265,0.14533792,0.0,0.0,1
stress_uncertainty,118,60.18395127,0.10498172,7.81338178,0.16436268,0.0,0.0,1
stress_uncertainty,119,69.13903411,0.14933376,10.75892758,0.13977444,0.0,0.0,1
stress_uncertainty,120,60.09978076,0.10313495,9.29345113,0.1335956,0.0,0.0,1
stress_uncertainty,121,72.96163525,0.14853199,8.06408218,0.13375508,0.0,0.0,1
stress_uncertainty,122,74.11705429,0.1032397,7.53396971,0.1056054,0.0,0.0,1
stress_uncertainty,123,74.15333475,0.12118047,10.97206726,0.17635624,0.0,0.0,1
stress_uncertainty,124,61.94945348,0.12369472,7.9900575,0.081222,0.0,0.0,1
stress_uncertainty,125,65.07570713,0.10893744,9.79519064,0.1483914,0.0,0.0,1
stress_uncertainty,126,60.37261548,0.19082108,10.39996205,0.11840331,0.0,0.0,1
stress_uncertainty,127,65.47713177,0.110082,9.19397179,0.17644927,0.0,0.0,1
stress_uncertainty,128,63.41310216,0.16744971,9.26207202,0.1373863,0.0,0.0,1
stress_uncertainty,129,68.98022219,0.18254298,10.30806158,0.09459713,0.0,0.0,1
stress_uncertainty,130,70.98451056,0.17857589,10.82296141,0.13760185,0.0,0.0,1
stress_uncertainty,131,62.90176422,0.12452618,7.07601612,0.12849477,0.0,0.0,1
stress_uncertainty,132,68.13673304,0.12184667,7.74791613,0.11655284,0.0,0.0,1
stress_uncertainty,133,73.6299288,0.11951944,10.81119858,0.11271264,0.0,0.0,1
stress_uncertainty,134,66.57830693,0.10301912,7.94144828,0.16258921,0.0,0.0,1
stress_uncertainty,135,65.04224933,0.15573101,7.87874243,0.15949703,0.0,0.0,1
stress_uncertainty,136,72.98469163,0.15063827,8.71481137,0.15736012,0.0,0.0,1
stress_uncertainty,137,62.87218246,0.15615064,9.27857692,0.08733402,0.0,0.0,1
stress_uncertainty,138,73.73272539,0.10056082,9.09719458,0.15362781,0.0,0.0,1
stress_uncertainty,139,62.45692628,0.10510758,7.60053278,0.15744549,0.0,0.0,1
stress_uncertainty,140,60.17449772,0.12531022,10.80224272,0.17245028,0.0,0.0,1
stress_uncertainty,141,70.70813128,0.1978374,10.91209854,0.11997489,0.0,0.0,1
stress_uncertainty,142,65.07948791,0.19795172,9.06247064,0.16782733,0.0,0.0,1
stress_uncertainty,143,65.67361563,0.11969627,10.52597573,0.1742443,0.0,0.0,1
stress_uncertainty,144,63.04215065,0.17237862,9.74446033,0.11517835,0.0,0.0,1
stress_uncertainty,145,66.92835239,0.11302028,7.91626896,0.16311853,0.0,0.0,1
stress_uncertainty,146,65.36213205,0.17406208,8.39811726,0.15800089,0.0,0.0,1
stress_uncertainty,147,60.97298016,0.14334199,7.97903135,0.11837545,0.0,0.0,1
stress_uncertainty,148,65.93975749,0.12303036,8.45410393,0.17592732,0.0,0.0,1
stress_uncertainty,149,65.05362285,0.18281341,8.56342719,0.1460927,0.0,0.0,1
stress_uncertainty,150,72.74915029,0.11177861,10.07229775,0.09050545,0.0,0.0,1
stress_uncertainty,151,62.53324222,0.13922218,10.45253051,0.10373618,0.0,0.0,1
stress_uncertainty,152,69.10496247,0.14535288,7.9720365,0.13333314,0.0,0.0,1
stress_uncertainty,153,65.81357912,0.1181919,10.58654567,0.15688877,0.0,0.0,1
stress_uncertainty,154,64.76854664,0.16219935,8.06060586,0.17420504,0.0,0.0,1
stress_uncertainty,155,71.96485281,0.19392331,7.74778716,0.14599385,0.0,0.0,1
stress_uncertainty,156,74.90559518,0.16653805,8.76599077,0.14615224,0.0,0.0,1
stress_uncertainty,157,72.90764679,0.10859448,8.42300395,0.09959301,0.0,0.0,1
stress_uncertainty,158,68.69534279,0.18300486,10.29069734,0.09502351,0.0,0.0,1
stress_uncertainty,159,69.6226179,0.1441872,10.05570526,0.16650408,0.0,0.0,1
stress_uncertainty,160,61.84838827,0.16674868,8.50685684,0.09902062,0.0,0.0,1
stress_uncertainty,161,70.07970628,0.16224983,7.80760043,0.16605508,0.0,0.0,1
stress_uncertainty,162,71.92246153,0.18266399,7.15336788,0.13069893,0.0,0.0,1
stress_uncertainty,163,63.8142848,0.18274172,10.80634707,0.16689566,0.0,0.0,1
stress_uncertainty,164,65.66977676,0.15438811,10.45349573,0.13069176,0.0,0.0,1
stress_uncertainty,165,71.18218012,0.14318066,10.70622809,0.1177146,0.0,0.0,1
stress_uncertainty,166,69.60570617,0.16893797,7.38257486,0.11637348,0.0,0.0,1
stress_uncertainty,167,70.66975697,0.13380345,9.13937102,0.10546949,0.0,0.0,1
stress_uncertainty,168,62.95458246,0.15430799,10.65742953,0.08117488,0.0,0.0,1
stress_uncertainty,169,72.25185851,0.14272227,7.9372582,0.13720565,0.0,0.0,1
stress_uncertainty,170,74.16311183,0.13007679,8.06758257,0.1647813,0.0,0.0,1
stress_uncertainty,171,72.93239847,0.19502346,10.72197886,0.15220389,0.0,0.0,1
stress_uncertainty,172,65.26263669,0.11902598,7.97748042,0.14060815,0.0,0.0,1
stress_uncertainty,173,69.12773036,0.16530688,10.29064163,0.14683706,0.0,0.0,1
stress_uncertainty,174,69.12917091,0.15720961,9.28888695,0.1487682,0.0,0.0,1
stress_uncertainty,175,70.7039098,0.19518603,9.05836779,0.15236131,0.0,0.0,1
stress_uncertainty,176,69.46314246,0.14483137,8.50425801,0.15615426,0.0,0.0,1
stress_uncertainty,177,70.630242,0.15076156,9.84015391,0.15399366,0.0,0.0,1
stress_uncertainty,178,66.5660388,0.1492332,8.82767494,0.16447277,0.0,0.0,1
stress_uncertainty,179,62.87304682,0.13748711,10.47185558,0.10379828,0.0,0.0,1
stress_uncertainty,180,61.68654977,0.14619949,8.32137371,0.11499074,0.0,0.0,1
stress_uncertainty,181,71.2461663,0.10244717,10.31880924,0.09195477,0.0,0.0,1
stress_uncertainty,182,64.87768956,0.10467675,7.93560719,0.08401535,0.0,0.0,1
stress_uncertainty,183,71.45081029,0.16874608,10.2758522,0.1304802,0.0,0.0,1
stress_uncertainty,184,60.35998053,0.13758281,9.2453659,0.11414885,0.0,0.0,1
stress_uncertainty,185,67.88805212,0.14916464,10.4267384,0.13180667,0.0,0.0,1
stress_uncertainty,186,74.85965759,0.13135704,10.55022749,0.14712557,0.0,0.0,1
stress_uncertainty,187,69.55647337,0.13580947,8.71426898,0.09929763,0.0,0.0,1
stress_uncertainty,188,69.88240984,0.1177341,8.42439991,0.16822465,0.0,0.0,1
stress_uncertainty,189,69.83484337,0.14225957,8.57884644,0.1621017,0.0,0.0,1
stress_uncertainty,190,70.04925194,0.11343059,7.24009637,0.10215591,0.0,0.0,1
stress_uncertainty,191,73.10002195,0.11118761,10.70604754,0.10711141,0.0,0.0,1
stress_uncertainty,192,63.47414973,0.12775844,10.9063928,0.14058297,0.0,0.0,1
stress_uncertainty,193,72.57644073,0.13703684,7.3968982,0.08245802,0.0,0.0,1
stress_uncertainty,194,64.21021342,0.12966066,8.62312637,0.10543447,0.0,0.0,1
stress_uncertainty,195,62.0609997,0.12205724,10.88705335,0.1403645,0.0,0.0,1
stress_uncertainty,196,63.6439367,0.1182816,7.28107651,0.11493875,0.0,0.0,1
stress_uncertainty,197,73.34718788,0.19861923,8.82840488,0.11039538,0.0,0.0,1
stress_uncertainty,198,68.34110378,0.1746242,7.38563431,0.10504794,0.0,0.0,1
stress_uncertainty,199,72.7226857,0.13145721,10.94316034,0.17086143,0.0,0.0,1
stress_uncertainty,200,61.23403106,0.12645084,10.00376316,0.11221695,0.0,0.0,1
stress_uncertainty,201,71.80894436,0.10723176,8.58762624,0.17060777,0.0,0.0,1
stress_uncertainty,202,66.07741626,0.16187064,10.56082492,0.14182574,0.0,0.0,1
stress_uncertainty,203,69.56112477,0.14490533,7.51577087,0.1194599,0.0,0.0,1
stress_uncertainty,204,65.84349577,0.1220506,7.68418597,0.08780023,0.0,0.0,1
stress_uncertainty,205,60.61315012,0.10759446,9.60870577,0.08223517,0.0,0.0,1
stress_uncertainty,206,74.46000201,0.12062379,10.69374372,0.13463039,0.0,0.0,1
stress_uncertainty,207,64.40922272,0.10577906,7.21376782,0.1508203,0.0,0.0,1
stress_uncertainty,208,61.8263572,0.18649388,7.41568172,0.14110763,0.0,0.0,1
stress_uncertainty,209,65.7135257,0.17503874,9.87795923,0.15941561,0.0,0.0,1
stress_uncertainty,210,60.13317821,0.17478067,8.78795748,0.12297912,0.0,0.0,1
stress_uncertainty,211,67.44381479,0.11135747,10.29669438,0.12084883,0.0,0.0,1
stress_uncertainty,212,65.7326862,0.15999173,9.59026044,0.1749921,0.0,0.0,1
stress_uncertainty,213,72.43687127,0.10371926,9.37297775,0.15163239,0.0,0.0,1
stress_uncertainty,214,71.6874587,0.16488687,9.45526181,0.0979008,0.0,0.0,1
stress_uncertainty,215,69.9020402,0.17015015,9.38820092,0.17351121,0.0,0.0,1
stress_uncertainty,216,74.70715933,0.13435998,7.17279452,0.12620894,0.0,0.0,1
stress_uncertainty,217,70.34175939,0.1753371,7.07785721,0.15146758,0.0,0.0,1
stress_uncertainty,218,60.66649066,0.19548005,9.88948044,0.17617293,0.0,0.0,1
stress_uncertainty,219,62.21499593,0.10144949,9.96317597,0.11765535,0.0,0.0,1
stress_uncertainty,220,66.49769174,0.19547506,8.65485026,0.08521682,0.0,0.0,1
stress_uncertainty,221,60.90850073,0.11906788,8.61999969,0.1351954,0.0,0.0,1
stress_uncertainty,222,65.4469283,0.1225647,8.61097506,0.11799012,0.0,0.0,1
stress_uncertainty,223,66.39883216,0.17556193,10.31058205,0.1415834,0.0,0.0,1
stress_uncertainty,224,62.91025165,0.17623479,10.54853773,0.12514897,0.0,0.0,1
stress_uncertainty,225,63.4078329,0.16440008,7.74105296,0.08759293,0.0,0.0,1
stress_uncertainty,226,65.35804784,0.18699542,7.07823269,0.08629962,0.0,0.0,1
stress_uncertainty,227,73.83955083,0.12354046,8.10470593,0.17608505,0.0,0.0,1
stress_uncertainty,228,69.1012538,0.1921845,8.00197446,0.11414373,0.0,0.0,1
stress_uncertainty,229,62.90476954,0.11867248,8.17708927,0.13724318,0.0,0.0,1
stress_uncertainty,230,73.27398237,0.1114406,10.08111342,0.10739351,0.0,0.0,1
stress_uncertainty,231,74.83793925,0.18033192,9.79931073,0.17028118,0.0,0.0,1
stress_uncertainty,232,69.1892157,0.11611419,8.00032067,0.09079498,0.0,0.0,1
stress_uncertainty,233,66.54795072,0.1443572,8.78168812,0.09423217,0.0,0.0,1
stress_uncertainty,234,65.36026155,0.14484148,9.19329733,0.12068356,0.0,0.0,1
stress_uncertainty,235,69.93842767,0.1479568,10.09791323,0.17022894,0.0,0.0,1
stress_uncertainty,236,61.77725621,0.11011705,9.69443104,0.11419908,0.0,0.0,1
stress_uncertainty,237,60.23091272,0.17115336,8.73386948,0.17859624,0.0,0.0,1
stress_uncertainty,238,73.12439264,0.13220118,9.31458841,0.13575728,0.0,0.0,1
stress_uncertainty,239,68.18353628,0.16216262,8.19493375,0.12671786,0.0,0.0,1
stress_uncertainty,240,64.4863519,0.18379898,10.42750911,0.16290559,0.0,0.0,1
stress_uncertainty,241,61.62842747,0.13002372,9.03417223,0.10794016,0.0,0.0,1
stress_uncertainty,242,64.48264417,0.18024686,10.78438675,0.15083781,0.0,0.0,1
stress_uncertainty,243,70.5651057,0.12655682,8.67267182,0.08243847,0.0,0.0,1
stress_uncertainty,244,66.59968114,0.10191184,9.86834432,0.12391178,0.0,0.0,1
stress_uncertainty,245,64.72783097,0.14583828,8.38482387,0.17096716,0.0,0.0,1
stress_uncertainty,246,73.76276776,0.1667822,9.30356319,0.10003416,0.0,0.0,1
stress_uncertainty,247,73.23846789,0.19388092,7.00574196,0.14841217,0.0,0.0,1
stress_uncertainty,248,73.30269672,0.10105854,8.78491486,0.11065423,0.0,0.0,1
stress_uncertainty,249,72.84389788,0.12931271,9.61642143,0.12810451,0.0,0.0,1
stress_uncertainty,250,73.6900795,0.13103995,8.87985287,0.17316216,0.0,0.0,1
stress_uncertainty,251,71.28195186,0.12483837,8.41054684,0.16575152,0.0,0.0,1
stress_uncertainty,252,70.58897325,0.14905334,10.34611414,0.12617545,0.0,0.0,1
stress_uncertainty,253,64.44859526,0.17414978,9.39138901,0.08126777,0.0,0.0,1
stress_uncertainty,254,65.8546403,0.13926487,7.53972214,0.164866,0.0,0.0,1
stress_uncertainty,255,60.63388046,0.15774271,8.51562511,0.09847734,0.0,0.0,1
stress_uncertainty,256,74.81980462,0.17394916,9.2566308,0.15994684,0.0,0.0,1
stress_uncertainty,257,73.78086606,0.10906729,8.96592867,0.08595217,0.0,0.0,1
stress_uncertainty,258,67.4189592,0.19903885,10.81857363,0.13570352,0.0,0.0,1
stress_uncertainty,259,70.23080291,0.194023,9.2133547,0.09334275,0.0,0.0,1
stress_uncertainty,260,71.82956203,0.13733697,8.72474574,0.10798264,0.0,0.0,1
stress_uncertainty,261,71.88056611,0.10977905,9.14499504,0.1040592,0.0,0.0,1
stress_uncertainty,262,73.38575751,0.14267836,10.01220604,0.11781173,0.0,0.0,1
stress_uncertainty,263,67.56675004,0.15926872,8.29880988,0.08799101,0.0,0.0,1
stress_uncertainty,264,72.79670297,0.13336357,7.25369314,0.14773081,0.0,0.0,1
stress_uncertainty,265,72.28680396,0.11193567,8.42539764,0.15827048,0.0,0.0,1
stress_uncertainty,266,67.71195404,0.12019793,7.40479051,0.10446297,0.0,0.0,1
stress_uncertainty,267,73.01644748,0.16993473,7.90915529,0.15608011,0.0,0.0,1
stress_uncertainty,268,72.3925109,0.16596646,7.69137882,0.1474914,0.0,0.0,1
stress_uncertainty,269,61.97757648,0.17751826,9.22780587,0.1137049,0.0,0.0,1
stress_uncertainty,270,66.02906129,0.10775059,10.96061924,0.10866061,0.0,0.0,1
stress_uncertainty,271,67.5549962,0.11428424,10.8069706,0.10210716,0.0,0.0,1
stress_uncertainty,272,61.22889687,0.13606951,8.04460463,0.13185573,0.0,0.0,1
stress_uncertainty,273,63.25097629,0.14050144,7.85582917,0.14572377,0.0,0.0,1
stress_uncertainty,274,70.74379954,0.10901784,7.15512098,0.14658461,0.0,0.0,1
stress_uncertainty,275,68.53512417,0.10539073,9.50302787,0.09699546,0.0,0.0,1
stress_uncertainty,276,73.88361335,0.14223365,8.79606106,0.15505607,0.0,0.0,1
stress_uncertainty,277,74.57611036,0.13570702,10.86895977,0.1048202,0.0,0.0,1
stress_uncertainty,278,60.67515361,0.1528588,9.32279636,0.12125653,0.0,0.0,1
stress_uncertainty,279,74.28714128,0.14317024,7.39590819,0.10233866,0.0,0.0,1
stress_uncertainty,280,71.37467311,0.14243757,8.82441334,0.1419332,0.0,0.0,1
stress_uncertainty,281,66.07988736,0.19309332,8.1312308,0.09927247,0.0,0.0,1
stress_uncertainty,282,72.78930856,0.13265307,8.17690685,0.13234236,0.0,0.0,1
stress_uncertainty,283,66.8533299,0.16215058,10.60900836,0.16016525,0.0,0.0,1
stress_uncertainty,284,66.52822222,0.17956835,8.28345614,0.14324295,0.0,0.0,1
stress_uncertainty,285,73.12123326,0.11453356,8.88601575,0.09264737,0.0,0.0,1
stress_uncertainty,286,68.36452898,0.17496492,8.12428962,0.16528607,0.0,0.0,1
stress_uncertainty,287,71.0068326,0.12267425,7.09465314,0.09197339,0.0,0.0,1
stress_uncertainty,288,70.38938937,0.19226412,7.92376087,0.13770697,0.0,0.0,1
stress_uncertainty,289,69.50420873,0.188429,9.55617696,0.1697526,0.0,0.0,1
stress_uncertainty,290,64.35816639,0.14535081,7.06696148,0.08848569,0.0,0.0,1
stress_uncertainty,291,68.51357863,0.13386981,10.79949202,0.13834548,0.0,0.0,1
stress_uncertainty,292,66.26993712,0.10900295,10.17398515,0.16102893,0.0,0.0,1
stress_uncertainty,293,70.18945454,0.16264053,9.70723331,0.10822206,0.0,0.0,1
stress_uncertainty,294,61.78864312,0.12511799,7.7147623,0.11099443,0.0,0.0,1
stress_uncertainty,295,72.7833753,0.19125823,9.22320625,0.14976874,0.0,0.0,1
stress_uncertainty,296,74.68474533,0.16386599,7.72354368,0.09783245,0.0,0.0,1
stress_uncertainty,297,71.19685774,0.13736842,8.44463658,0.08187154,0.0,0.0,1
stress_uncertainty,298,68.89505889,0.14797282,7.30223472,0.13974473,0.0,0.0,1
stress_uncertainty,299,61.60688948,0.15046853,10.36177036,0.09757732,0.0,0.0,1
stress_uncertainty,300,69.41939708,0.10226508,9.36462768,0.08633622,0.0,0.0,1
stress_uncertainty,301,68.19921629,0.11913419,9.39843758,0.17427137,0.0,0.0,1
stress_uncertainty,302,69.72401851,0.13797336,8.59335843,0.17480784,0.0,0.0,1
stress_uncertainty,303,70.95564139,0.16732899,8.3831484,0.13862468,0.0,0.0,1
stress_uncertainty,304,67.7055739,0.11231164,8.06187992,0.15551454,0.0,0.0,1
stress_uncertainty,305,67.91394831,0.16802777,9.08683067,0.12895451,0.0,0.0,1
stress_uncertainty,306,73.55645982,0.11367907,8.16348122,0.15600825,0.0,0.0,1
stress_uncertainty,307,64.99465335,0.13940558,8.75090532,0.08581239,0.0,0.0,1
stress_uncertainty,308,72.05655247,0.1043571,7.90361487,0.13966408,0.0,0.0,1
stress_uncertainty,309,64.13192641,0.1155353,8.67643035,0.1549411,0.0,0.0,1
stress_uncertainty,310,61.01159003,0.10038284,8.45577419,0.14435372,0.0,0.0,1
stress_uncertainty,311,69.14971101,0.11529972,8.06989661,0.16020939,0.0,0.0,1
stress_uncertainty,312,62.30818992,0.18333657,8.54917531,0.13898889,0.0,0.0,1
stress_uncertainty,313,69.46163265,0.1407502,7.05695011,0.14490564,0.0,0.0,1
stress_uncertainty,314,72.13146807,0.16094905,7.01694875,0.09391132,0.0,0.0,1
stress_uncertainty,315,62.41893884,0.16018152,8.32431328,0.08410315,0.0,0.0,1
stress_uncertainty,316,61.97965041,0.12013472,8.37916819,0.10864439,0.0,0.0,1
stress_uncertainty,317,71.2970121,0.11803904,7.79168271,0.09746535,0.0,0.0,1
stress_uncertainty,318,69.90310824,0.15103074,10.47765619,0.13467279,0.0,0.0,1
stress_uncertainty,319,69.97526558,0.18316555,8.27799901,0.11973482,0.0,0.0,1
stress_uncertainty,320,70.74057521,0.16920128,8.95805057,0.12144536,0.0,0.0,1
stress_uncertainty,321,71.37042924,0.10019296,8.02737521,0.12447187,0.0,0.0,1
stress_uncertainty,322,63.53597425,0.11415433,8.09487664,0.12916249,0.0,0.0,1
stress_uncertainty,323,71.97625741,0.18994062,9.33939736,0.14262795,0.0,0.0,1
stress_uncertainty,324,66.55158362,0.12377401,8.5590264,0.09971526,0.0,0.0,1
stress_uncertainty,325,63.0105956,0.12084604,10.29900568,0.10364582,0.0,0.0,1
stress_uncertainty,326,71.73602503,0.15013599,9.75017244,0.15684408,0.0,0.0,1
stress_uncertainty,327,62.0163436,0.18377373,9.15086649,0.17287126,0.0,0.0,1
stress_uncertainty,328,70.98822408,0.12017865,9.96976185,0.08425095,0.0,0.0,1
stress_uncertainty,329,68.47607963,0.1147123,8.9639713,0.1613457,0.0,0.0,1
stress_uncertainty,330,68.26047681,0.19416106,8.76621475,0.0948796,0.0,0.0,1
stress_uncertainty,331,69.17705642,0.19669926,7.06555127,0.11156418,0.0,0.0,1
stress_uncertainty,332,68.13781411,0.17992581,9.34832207,0.16191494,0.0,0.0,1
stress_uncertainty,333,61.3542535,0.16794358,7.88916862,0.08593883,0.0,0.0,1
stress_uncertainty,334,71.53983604,0.14678446,10.91419912,0.14361555,0.0,0.0,1
stress_uncertainty,335,70.4697305,0.10618969,9.59742005,0.09854238,0.0,0.0,1
stress_uncertainty,336,67.30342409,0.1660486,9.75700044,0.1173572,0.0,0.0,1
stress_uncertainty,337,63.93124777,0.11183047,7.09039717,0.09086736,0.0,0.0,1
stress_uncertainty,338,63.90169442,0.15390967,8.64644401,0.17072467,0.0,0.0,1
stress_uncertainty,339,60.38628012,0.12194792,8.57994528,0.13754589,0.0,0.0,1
stress_uncertainty,340,70.63187214,0.16429932,8.10220379,0.13278541,0.0,0.0,1
stress_uncertainty,341,67.51216489,0.17777308,9.56332549,0.17179304,0.0,0.0,1
stress_uncertainty,342,65.16405289,0.12223379,10.74839905,0.13718981,0.0,0.0,1
stress_uncertainty,343,61.72337901,0.10557455,8.50664641,0.13323357,0.0,0.0,1
stress_uncertainty,344,69.82618237,0.1767648,7.40102233,0.10488962,0.0,0.0,1
stress_uncertainty,345,72.31481175,0.16871794,8.19794135,0.13885517,0.0,0.0,1
stress_uncertainty,346,63.31033946,0.13351899,8.11321058,0.09033902,0.0,0.0,1
stress_uncertainty,347,67.03358331,0.16822311,8.64906603,0.17398985,0.0,0.0,1
stress_uncertainty,348,63.73128229,0.11422841,8.6868455,0.09972469,0.0,0.0,1
stress_uncertainty,349,74.23644678,0.15075705,9.10518972,0.16704026,0.0,0.0,1
stress_uncertainty,350,68.48492836,0.17970239,10.53204481,0.11395086,0.0,0.0,1
stress_uncertainty,351,72.33532618,0.14714377,7.61819939,0.12415809,0.0,0.0,1
stress_uncertainty,352,70.72520283,0.13966254,10.16232997,0.1061662,0.0,0.0,1
stress_uncertainty,353,66.63836556,0.10168028,7.90678555,0.08829397,0.0,0.0,1
stress_uncertainty,354,72.26464184,0.1122232,10.70096951,0.11699936,0.0,0.0,1
stress_uncertainty,355,66.22174965,0.16814117,7.328781,0.17964763,0.0,0.0,1
stress_uncertainty,356,66.14043366,0.16596584,8.2018724,0.08921206,0.0,0.0,1
stress_uncertainty,357,69.7307235,0.18807248,7.26787376,0.12093141,0.0,0.0,1
stress_uncertainty,358,63.604751,0.10029245,7.54846582,0.08868527,0.0,0.0,1
stress_uncertainty,359,69.87117291,0.12594022,9.1066566,0.0937181,0.0,0.0,1
stress_uncertainty,360,65.61066085,0.1565949,10.65299144,0.12005724,0.0,0.0,1
stress_uncertainty,361,66.44077918,0.14857434,10.90630327,0.08160434,0.0,0.0,1
stress_uncertainty,362,68.08895419,0.10779762,8.09013777,0.08430606,0.0,0.0,1
stress_uncertainty,363,60.85313488,0.18661887,8.18742165,0.08833196,0.0,0.0,1
stress_uncertainty,364,69.7738006,0.15179038,7.1314575,0.13343247,0.0,0.0,1
stress_uncertainty,365,74.1817792,0.18341011,8.78925454,0.14656037,0.0,0.0,1
stress_uncertainty,366,68.79077653,0.15233642,10.70087087,0.13236566,0.0,0.0,1
stress_uncertainty,367,61.58326426,0.17425249,7.93585274,0.11255849,0.0,0.0,1
stress_uncertainty,368,61.56971773,0.13946905,9.91931939,0.08999681,0.0,0.0,1
stress_uncertainty,369,72.77726909,0.1706996,9.10787852,0.11347869,0.0,0.0,1
stress_uncertainty,370,70.49736145,0.15577604,10.91371149,0.12708246,0.0,0.0,1
stress_uncertainty,371,64.54605943,0.15782105,9.76513979,0.16625706,0.0,0.0,1
stress_uncertainty,372,67.91942233,0.19310396,7.47879745,0.09010624,0.0,0.0,1
stress_uncertainty,373,66.75223387,0.17214022,7.08442305,0.10467738,0.0,0.0,1
stress_uncertainty,374,64.26067953,0.11833193,8.87169112,0.16284184,0.0,0.0,1
stress_uncertainty,375,64.33104353,0.18085319,8.9704399,0.16943282,0.0,0.0,1
stress_uncertainty,376,60.17209466,0.10269493,7.40807113,0.11116698,0.0,0.0,1
stress_uncertainty,377,61.66648901,0.11089642,7.40484017,0.16968858,0.0,0.0,1
stress_uncertainty,378,60.60449677,0.19840609,8.58379416,0.17589706,0.0,0.0,1
stress_uncertainty,379,73.41693317,0.13557623,10.65252969,0.11229506,0.0,0.0,1
stress_uncertainty,380,68.10055212,0.11490946,10.54442362,0.16358526,0.0,0.0,1
stress_uncertainty,381,63.68747624,0.19236074,8.26265949,0.13637355,0.0,0.0,1
stress_uncertainty,382,64.71571973,0.14640726,7.73849967,0.08415456,0.0,0.0,1
stress_uncertainty,383,72.68461727,0.1644972,7.35837748,0.17070519,0.0,0.0,1
stress_uncertainty,384,72.88293731,0.15247139,8.44452947,0.1607079,0.0,0.0,1
stress_uncertainty,385,62.31554012,0.15905548,8.96127506,0.16957063,0.0,0.0,1
stress_uncertainty,386,71.81207469,0.11237347,10.65570937,0.1235328,0.0,0.0,1
stress_uncertainty,387,62.60082675,0.13645215,10.82080403,0.10601234,0.0,0.0,1
stress_uncertainty,388,67.06825198,0.12394855,10.40022966,0.13693722,0.0,0.0,1
stress_uncertainty,389,71.26868682,0.1481145,9.55308954,0.08709783,0.0,0.0,1
stress_uncertainty,390,71.78200121,0.14164783,10.27390184,0.10826429,0.0,0.0,1
stress_uncertainty,391,60.92078588,0.10044941,8.8439272,0.10575396,0.0,0.0,1
stress_uncertainty,392,64.29727495,0.12513342,9.75558931,0.09834017,0.0,0.0,1
stress_uncertainty,393,65.43690627,0.1466864,10.90622737,0.10890279,0.0,0.0,1
stress_uncertainty,394,73.40682883,0.19826004,7.94337172,0.13391817,0.0,0.0,1
stress_uncertainty,395,66.35738309,0.14426451,8.56751331,0.13740683,0.0,0.0,1
stress_uncertainty,396,66.29246372,0.15327481,8.12487082,0.08518084,0.0,0.0,1
stress_uncertainty,397,67.47582043,0.14774201,9.97217749,0.15910745,0.0,0.0,1
stress_uncertainty,398,74.97824942,0.19867249,9.173913,0.13167567,0.0,0.0,1
stress_uncertainty,399,71.25708203,0.14593698,8.12448782,0.12316811,0.0,0.0,1
stress_uncertainty,400,67.92940177,0.14123661,9.0111094,0.12293374,0.0,0.0,1
stress_uncertainty,401,64.39345547,0.12031971,7.4261871,0.08552345,0.0,0.0,1
stress_uncertainty,402,65.64409614,0.15203105,8.30578608,0.13453403,0.0,0.0,1
stress_uncertainty,403,65.44549027,0.11870115,7.33775544,0.15351636,0.0,0.0,1
stress_uncertainty,404,72.05344689,0.1402237,8.41336773,0.17072324,0.0,0.0,1
stress_uncertainty,405,62.69186772,0.16113063,7.33654201,0.15541446,0.0,0.0,1
stress_uncertainty,406,71.53736577,0.18632093,8.24412166,0.0948126,0.0,0.0,1
stress_uncertainty,407,64.38144625,0.11933848,9.06693171,0.11498371,0.0,0.0,1
stress_uncertainty,408,73.18959291,0.15365283,7.75868807,0.1327873,0.0,0.0,1
stress_uncertainty,409,71.38616065,0.10291718,8.53753793,0.1399041,0.0,0.0,1
stress_uncertainty,410,74.81601714,0.15948684,9.00483689,0.17459004,0.0,0.0,1
stress_uncertainty,411,67.32028803,0.10424149,8.94944693,0.15789955,0.0,0.0,1
stress_uncertainty,412,64.97179584,0.19927207,7.69266378,0.09224772,0.0,0.0,1
stress_uncertainty,413,62.74965203,0.15465792,10.20700102,0.12123715,0.0,0.0,1
stress_uncertainty,414,71.44868782,0.14645635,7.29911763,0.08118232,0.0,0.0,1
stress_uncertainty,415,66.32855268,0.12179136,10.42719773,0.12009045,0.0,0.0,1
stress_uncertainty,416,62.49534262,0.19336398,10.83940191,0.11638282,0.0,0.0,1
stress_uncertainty,417,65.86543829,0.17007837,10.06545938,0.17599672,0.0,0.0,1
stress_uncertainty,418,61.15522192,0.16250995,9.97260945,0.09688327,0.0,0.0,1
stress_uncertainty,419,62.58995876,0.12582122,9.25955482,0.13021585,0.0,0.0,1
stress_uncertainty,420,72.4630798,0.1054292,9.01283056,0.12984158,0.0,0.0,1
stress_uncertainty,421,63.09352614,0.15691437,8.1808334,0.09871049,0.0,0.0,1
stress_uncertainty,422,61.17640559,0.17140482,8.87764039,0.16052735,0.0,0.0,1
stress_uncertainty,423,74.61478574,0.14754542,8.94886215,0.17473693,0.0,0.0,1
stress_uncertainty,424,73.84908926,0.11789938,9.03434855,0.15779422,0.0,0.0,1
stress_uncertainty,425,74.58131653,0.15765606,8.62708062,0.17416168,0.0,0.0,1
stress_uncertainty,426,71.10941105,0.163295,10.17639804,0.1433938,0.0,0.0,1
stress_uncertainty,427,61.27793779,0.11754251,8.82061809,0.15928979,0.0,0.0,1
stress_uncertainty,428,70.32178856,0.17938538,7.91102683,0.1646898,0.0,0.0,1
stress_uncertainty,429,69.39792864,0.15990822,7.08958304,0.16677414,0.0,0.0,1
stress_uncertainty,430,74.73190352,0.11103405,10.18443285,0.08458878,0.0,0.0,1
stress_uncertainty,431,62.63626878,0.14383429,10.41434825,0.17280322,0.0,0.0,1
stress_uncertainty,432,63.75794559,0.19305548,7.92564808,0.14616675,0.0,0.0,1
stress_uncertainty,433,69.23461544,0.11198137,9.37076792,0.08683594,0.0,0.0,1
stress_uncertainty,434,69.51837517,0.19103114,7.01242719,0.08661908,0.0,0.0,1
stress_uncertainty,435,67.22088765,0.19561532,9.39654263,0.08920155,0.0,0.0,1
stress_uncertainty,436,65.04790233,0.1089172,7.23455949,0.08551174,0.0,0.0,1
stress_uncertainty,437,70.11993326,0.10182841,9.98238686,0.17609915,0.0,0.0,1
stress_uncertainty,438,67.83955204,0.15749778,8.067371,0.17076856,0.0,0.0,1
stress_uncertainty,439,62.54437494,0.10795276,8.77022773,0.15896531,0.0,0.0,1
stress_uncertainty,440,71.20048732,0.17944933,8.21549624,0.0996424,0.0,0.0,1
stress_uncertainty,441,74.30127668,0.18988325,10.99014506,0.11461444,0.0,0.0,1
stress_uncertainty,442,72.12053354,0.11020149,10.14522341,0.08696636,0.0,0.0,1
stress_uncertainty,443,74.14023948,0.15920415,8.77310794,0.11362113,0.0,0.0,1
stress_uncertainty,444,61.37390613,0.12638835,8.85197913,0.12399236,0.0,0.0,1
stress_uncertainty,445,60.27191866,0.10180052,9.019884,0.11380284,0.0,0.0,1
stress_uncertainty,446,71.30754726,0.18241891,7.76867926,0.11805122,0.0,0.0,1
stress_uncertainty,447,66.09363352,0.11285492,8.79599064,0.08473831,0.0,0.0,1
stress_uncertainty,448,72.578384,0.17364634,10.86621028,0.15541466,0.0,0.0,1
stress_uncertainty,449,73.94224905,0.17783523,10.84346875,0.09077504,0.0,0.0,1
stress_uncertainty,450,74.82389026,0.10407015,9.39310499,0.11654118,0.0,0.0,1
stress_uncertainty,451,64.08788031,0.15779958,9.68824146,0.1507113,0.0,0.0,1
stress_uncertainty,452,74.96494671,0.18271416,7.6572535,0.12490569,0.0,0.0,1
stress_uncertainty,453,64.19191575,0.11116111,10.04007907,0.1767384,0.0,0.0,1
stress_uncertainty,454,68.80139791,0.19091382,10.87036177,0.12507354,0.0,0.0,1
stress_uncertainty,455,74.62001342,0.1598786,8.42990071,0.17716394,0.0,0.0,1
stress_uncertainty,456,69.13025818,0.10083878,8.91824732,0.15048312,0.0,0.0,1
stress_uncertainty,457,62.01693777,0.15570896,8.6248586,0.13660595,0.0,0.0,1
stress_uncertainty,458,62.05680147,0.10182217,10.13559959,0.16169193,0.0,0.0,1
stress_uncertainty,459,60.60172285,0.13559583,9.70312575,0.16584114,0.0,0.0,1
stress_uncertainty,460,73.25060448,0.10187454,7.66457606,0.12006989,0.0,0.0,1
stress_uncertainty,461,65.32481992,0.18604467,7.75732767,0.14361951,0.0,0.0,1
stress_uncertainty,462,64.09103305,0.13866638,7.95953235,0.16429469,0.0,0.0,1
stress_uncertainty,463,68.76015933,0.11480193,10.52556867,0.09480381,0.0,0.0,1
stress_uncertainty,464,63.47002961,0.18069008,9.39609941,0.08465235,0.0,0.0,1
stress_uncertainty,465,62.34404643,0.18869755,7.85046567,0.17047366,0.0,0.0,1
stress_uncertainty,466,72.31697535,0.16904239,8.65451326,0.08265568,0.0,0.0,1
stress_uncertainty,467,70.19155846,0.17045205,8.31296171,0.17501178,0.0,0.0,1
stress_uncertainty,468,72.4387872,0.18776965,7.95094334,0.12105907,0.0,0.0,1
stress_uncertainty,469,73.24934217,0.14670125,7.27870187,0.15629975,0.0,0.0,1
stress_uncertainty,470,67.1036432,0.19478454,8.75344241,0.1503292,0.0,0.0,1
stress_uncertainty,471,66.11900638,0.19622609,7.3111528,0.17717478,0.0,0.0,1
stress_uncertainty,472,63.55670408,0.10807035,8.89597986,0.17666018,0.0,0.0,1
stress_uncertainty,473,71.62845898,0.10680457,7.29496634,0.15950952,0.0,0.0,1
stress_uncertainty,474,64.62780372,0.12168285,9.35894244,0.11480342,0.0,0.0,1
stress_uncertainty,475,60.42673015,0.18437691,10.69075641,0.1597867,0.0,0.0,1
stress_uncertainty,476,69.37003471,0.10466986,8.46016462,0.12160221,0.0,0.0,1
stress_uncertainty,477,64.57341827,0.10140371,9.44263958,0.13516412,0.0,0.0,1
stress_uncertainty,478,69.7528097,0.15950406,10.73036431,0.13192359,0.0,0.0,1
stress_uncertainty,479,70.06837596,0.12709758,10.70032178,0.1179945,0.0,0.0,1
stress_uncertainty,480,72.0735351,0.13597459,10.50253216,0.12782761,0.0,0.0,1
stress_uncertainty,481,62.4374264,0.10969148,8.38096201,0.12089853,0.0,0.0,1
stress_uncertainty,482,65.73319032,0.16374566,8.36113396,0.08636125,0.0,0.0,1
stress_uncertainty,483,74.60106167,0.11291931,9.46624643,0.10344474,0.0,0.0,1
stress_uncertainty,484,62.72884945,0.13470023,9.2331311,0.17935412,0.0,0.0,1
stress_uncertainty,485,62.2136388,0.10909496,9.58945953,0.16883336,0.0,0.0,1
stress_uncertainty,486,64.1667346,0.10893785,10.73373029,0.16136142,0.0,0.0,1
stress_uncertainty,487,65.27332192,0.18464604,9.56737656,0.08766163,0.0,0.0,1
stress_uncertainty,488,69.94734239,0.18931624,10.86288569,0.08071594,0.0,0.0,1
stress_uncertainty,489,71.45311864,0.15226581,9.38715307,0.10750088,0.0,0.0,1
stress_uncertainty,490,65.55275936,0.14150333,10.41319734,0.11749505,0.0,0.0,1
stress_uncertainty,491,68.35786333,0.1276158,7.23217873,0.12728322,0.0,0.0,1
stress_uncertainty,492,71.81249741,0.11657738,7.64934153,0.11427123,0.0,0.0,1
stress_uncertainty,493,60.47305973,0.15741959,8.98466235,0.10161751,0.0,0.0,1
stress_uncertainty,494,61.31264488,0.10499553,10.31785719,0.1731647,0.0,0.0,1
stress_uncertainty,495,60.42789268,0.15547061,9.15391398,0.10221553,0.0,0.0,1
stress_uncertainty,496,71.43103178,0.11078726,9.48154275,0.09323538,0.0,0.0,1
stress_uncertainty,497,73.58006221,0.15951194,9.3175894,0.13755312,0.0,0.0,1
stress_uncertainty,498,61.24967442,0.18144533,9.72036407,0.0969084,0.0,0.0,1
stress_uncertainty,499,73.56812594,0.19273152,10.85187211,0.16974801,0.0,0.0,1
stress_uncertainty,500,64.53816212,0.15567704,9.27872184,0.12637665,0.0,0.0,1
stress_uncertainty,501,70.69265091,0.10607282,9.73147855,0.08632828,0.0,0.0,1
stress_uncertainty,502,66.56249465,0.19523701,8.96210522,0.17857281,0.0,0.0,1
stress_uncertainty,503,65.48936983,0.1131632,10.86566923,0.1520619,0.0,0.0,1
stress_uncertainty,504,68.31720744,0.11913809,9.85989826,0.11023083,0.0,0.0,1
stress_uncertainty,505,66.80120394,0.1934644,8.63554862,0.14288827,0.0,0.0,1
stress_uncertainty,506,60.48812008,0.16858973,8.57917336,0.15897956,0.0,0.0,1
stress_uncertainty,507,65.17299224,0.17411343,9.23201066,0.14236722,0.0,0.0,1
stress_uncertainty,508,72.66418658,0.12459347,9.58965904,0.12312123,0.0,0.0,1
stress_uncertainty,509,70.02301602,0.14977415,9.73219674,0.11201781,0.0,0.0,1
stress_uncertainty,510,67.99510627,0.1526217,8.02929099,0.10081395,0.0,0.0,1
stress_uncertainty,511,73.37927714,0.17433965,9.54081729,0.12797434,0.0,0.0,1
stress_uncertainty,512,62.35417737,0.12571748,9.8535436,0.12660757,0.0,0.0,1
stress_uncertainty,513,71.03840955,0.19919883,10.55092553,0.09290621,0.0,0.0,1
stress_uncertainty,514,60.71086252,0.1046781,8.89526196,0.15065159,0.0,0.0,1
stress_uncertainty,515,69.87039829,0.1950717,9.41932638,0.16648337,0.0,0.0,1
stress_uncertainty,516,66.96003469,0.13581921,10.20810227,0.17289853,0.0,0.0,1
stress_uncertainty,517,70.16471574,0.11674562,7.98878919,0.16409007,0.0,0.0,1
stress_uncertainty,518,69.76989268,0.17902978,8.1893014,0.08350167,0.0,0.0,1
stress_uncertainty,519,67.23679487,0.19323191,8.85412922,0.13474767,0.0,0.0,1
stress_uncertainty,520,69.11390979,0.12265248,10.83076764,0.13067856,0.0,0.0,1
stress_uncertainty,521,62.55552645,0.11871801,9.77707423,0.09035635,0.0,0.0,1
stress_uncertainty,522,67.09720344,0.12909872,10.14084779,0.14478502,0.0,0.0,1
stress_uncertainty,523,65.84889176,0.1504918,8.84966506,0.10912945,0.0,0.0,1
stress_uncertainty,524,60.83832912,0.16862373,10.17937983,0.09895576,0.0,0.0,1
stress_uncertainty,525,61.91507827,0.19079929,7.83198117,0.14811594,0.0,0.0,1
stress_uncertainty,526,66.90738704,0.10559069,7.09454427,0.10851248,0.0,0.0,1
stress_uncertainty,527,61.29200165,0.18079726,10.0874637,0.12021665,0.0,0.0,1
stress_uncertainty,528,60.3390124,0.12556864,9.58357122,0.14631237,0.0,0.0,1
stress_uncertainty,529,69.07510193,0.17642589,10.30235027,0.17832077,0.0,0.0,1
stress_uncertainty,530,60.21385887,0.13778125,7.541899,0.11408808,0.0,0.0,1
stress_uncertainty,531,70.61793017,0.16766112,9.923027,0.15660415,0.0,0.0,1
stress_uncertainty,532,70.93934604,0.11941197,9.50289066,0.08449103,0.0,0.0,1
stress_uncertainty,533,68.12308208,0.13032037,8.82853668,0.09332868,0.0,0.0,1
stress_uncertainty,534,60.15215372,0.11757552,8.35539884,0.09024962,0.0,0.0,1
stress_uncertainty,535,74.83649193,0.13529548,10.3064128,0.0866064,0.0,0.0,1
stress_uncertainty,536,70.17708588,0.19682526,7.88234614,0.09653013,0.0,0.0,1
stress_uncertainty,537,63.97637058,0.15376869,9.78001113,0.16618626,0.0,0.0,1
stress_uncertainty,538,64.62773495,0.10256125,10.91368926,0.17391433,0.0,0.0,1
stress_uncertainty,539,70.84575737,0.1433467,9.52307117,0.11003046,0.0,0.0,1
stress_uncertainty,540,70.67008422,0.15892504,10.0898372,0.0935513,0.0,0.0,1
stress_uncertainty,541,73.11471718,0.19426176,10.79706205,0.17046597,0.0,0.0,1
stress_uncertainty,542,66.83459627,0.1581444,10.21969587,0.11310634,0.0,0.0,1
stress_uncertainty,543,69.53811392,0.11282766,7.63403325,0.08109957,0.0,0.0,1
stress_uncertainty,544,66.68300251,0.11749545,8.86688039,0.13580992,0.0,0.0,1
stress_uncertainty,545,63.09974126,0.10114521,8.82385038,0.14307014,0.0,0.0,1
stress_uncertainty,546,70.72871746,0.11458756,10.28234995,0.16800915,0.0,0.0,1
stress_uncertainty,547,64.85077711,0.13328386,7.72064281,0.15443198,0.0,0.0,1
stress_uncertainty,548,66.71946911,0.18767757,9.99575853,0.10818742,0.0,0.0,1
stress_uncertainty,549,72.16741331,0.15320418,7.53950443,0.13659666,0.0,0.0,1
stress_uncertainty,550,66.32085136,0.16113428,9.79920341,0.10168766,0.0,0.0,1
stress_uncertainty,551,63.70561925,0.18127018,7.85084648,0.093876,0.0,0.0,1
stress_uncertainty,552,61.57203058,0.13975883,9.7790287,0.154915,0.0,0.0,1
stress_uncertainty,553,62.99110075,0.16826363,7.29148164,0.10060127,0.0,0.0,1
stress_uncertainty,554,65.02919654,0.15340676,9.30205374,0.17230001,0.0,0.0,1
stress_uncertainty,555,67.13911646,0.18544423,8.81815109,0.14921515,0.0,0.0,1
stress_uncertainty,556,67.7580755,0.17043394,10.90044545,0.12323149,0.0,0.0,1
stress_uncertainty,557,61.02424566,0.14795993,9.04821215,0.15836257,0.0,0.0,1
stress_uncertainty,558,72.7645075,0.18199856,7.01407331,0.12774876,0.0,0.0,1
stress_uncertainty,559,71.44602848,0.15335443,9.68601583,0.16476611,0.0,0.0,1
stress_uncertainty,560,67.34078702,0.1492004,10.02972357,0.14008831,0.0,0.0,1
stress_uncertainty,561,64.1136514,0.16174462,8.55829726,0.08390855,0.0,0.0,1
stress_uncertainty,562,65.40211893,0.15565367,7.72256389,0.10402459,0.0,0.0,1
stress_uncertainty,563,62.35076929,0.1951718,8.42031102,0.16358852,0.0,0.0,1
stress_uncertainty,564,70.45391967,0.16545125,10.59166545,0.142096,0.0,0.0,1
stress_uncertainty,565,69.5252639,0.15318331,8.88016529,0.15288232,0.0,0.0,1
stress_uncertainty,566,69.87510219,0.12402059,9.92378506,0.11395123,0.0,0.0,1
stress_uncertainty,567,70.52881882,0.19403043,8.37511667,0.13050942,0.0,0.0,1
stress_uncertainty,568,65.25408405,0.14081319,10.31043612,0.11510747,0.0,0.0,1
stress_uncertainty,569,63.49453998,0.15504942,10.1264131,0.10002032,0.0,0.0,1
stress_uncertainty,570,60.09151657,0.18411394,8.65309563,0.11481936,0.0,0.0,1
stress_uncertainty,571,60.40462371,0.16116203,10.73422895,0.17703225,0.0,0.0,1
stress_uncertainty,572,72.01436984,0.13626015,10.98053889,0.12081346,0.0,0.0,1
stress_uncertainty,573,60.50272299,0.17464563,8.80956985,0.09052553,0.0,0.0,1
stress_uncertainty,574,67.64364155,0.12924753,7.79099445,0.12154343,0.0,0.0,1
stress_uncertainty,575,67.12297495,0.1287286,7.64458019,0.11717684,0.0,0.0,1
stress_uncertainty,576,70.536665,0.13869679,7.83424723,0.11867906,0.0,0.0,1
stress_uncertainty,577,63.57977183,0.14235552,10.38774403,0.16554612,0.0,0.0,1
stress_uncertainty,578,63.62185644,0.16650548,9.98311491,0.16813819,0.0,0.0,1
stress_uncertainty,579,73.29267822,0.18001417,9.06785445,0.08667519,0.0,0.0,1
stress_uncertainty,580,70.68201983,0.1794987,9.11042649,0.14667974,0.0,0.0,1
stress_uncertainty,581,61.24088756,0.10462509,9.0402808,0.08466525,0.0,0.0,1
stress_uncertainty,582,71.90215729,0.19193321,8.184669,0.11106374,0.0,0.0,1
stress_uncertainty,583,73.82667687,0.10371601,9.16444246,0.12299842,0.0,0.0,1
stress_uncertainty,584,65.12332471,0.19268119,10.7163172,0.10073592,0.0,0.0,1
stress_uncertainty,585,65.02685065,0.10637105,9.34417336,0.09393922,0.0,0.0,1
stress_uncertainty,586,63.82570597,0.1948233,8.34837478,0.10517345,0.0,0.0,1
stress_uncertainty,587,64.4118959,0.19510614,7.67982098,0.10643204,0.0,0.0,1
stress_uncertainty,588,62.18777077,0.15944329,10.61312138,0.10106255,0.0,0.0,1
stress_uncertainty,589,70.4920416,0.16687219,10.37309385,0.14608098,0.0,0.0,1
stress_uncertainty,590,73.64486584,0.13758425,10.33326418,0.09130763,0.0,0.0,1
stress_uncertainty,591,63.74273769,0.1515374,9.23492291,0.15718531,0.0,0.0,1
stress_uncertainty,592,65.73099722,0.1548521,8.6180373,0.12550189,0.0,0.0,1
stress_uncertainty,593,67.59358746,0.172181,8.36792773,0.11660939,0.0,0.0,1
stress_uncertainty,594,70.25340007,0.16079578,10.30495181,0.17589213,0.0,0.0,1
stress_uncertainty,595,66.55059413,0.13049019,8.41882054,0.14653998,0.0,0.0,1
stress_uncertainty,596,73.86389038,0.1612853,8.89704523,0.09702155,0.0,0.0,1
stress_uncertainty,597,69.27536164,0.18466423,7.3784867,0.1662065,0.0,0.0,1
stress_uncertainty,598,66.0580139,0.11589916,8.13270878,0.17546686,0.0,0.0,1
stress_uncertainty,599,73.93234756,0.10194574,8.74787947,0.10367044,0.0,0.0,1
stress_uncertainty,600,71.19244448,0.18577103,9.22058357,0.12069107,0.0,0.0,1
stress_uncertainty,601,71.06153255,0.13623972,9.47051421,0.11790321,0.0,0.0,1
stress_uncertainty,602,74.07645598,0.13627754,8.58073641,0.10628515,0.0,0.0,1
stress_uncertainty,603,72.69858778,0.19292315,10.03622344,0.09891795,0.0,0.0,1
stress_uncertainty,604,61.94635072,0.15323093,10.35283393,0.09925518,0.0,0.0,1
stress_uncertainty,605,68.86184358,0.11029658,9.98930353,0.09166903,0.0,0.0,1
stress_uncertainty,606,60.14672915,0.10343834,8.29834478,0.15221899,0.0,0.0,1
stress_uncertainty,607,68.54707782,0.17584483,10.32735295,0.10077161,0.0,0.0,1
stress_uncertainty,608,69.62132942,0.14819002,8.06461268,0.14718317,0.0,0.0,1
stress_uncertainty,609,74.2080862,0.16778952,7.58880344,0.14345207,0.0,0.0,1
stress_uncertainty,610,71.21275936,0.16044124,9.72803336,0.09468321,0.0,0.0,1
stress_uncertainty,611,66.77850885,0.19650519,9.78858233,0.09113557,0.0,0.0,1
stress_uncertainty,612,73.5209473,0.16022049,8.43551248,0.09827234,0.0,0.0,1
stress_uncertainty,613,60.53322818,0.12604887,9.6441259,0.14462067,0.0,0.0,1
stress_uncertainty,614,60.02457346,0.15923125,10.5153974,0.14328662,0.0,0.0,1
stress_uncertainty,615,65.53323889,0.18236028,9.00946773,0.17943698,0.0,0.0,1
stress_uncertainty,616,64.26994486,0.10908176,9.42201236,0.10820891,0.0,0.0,1
stress_uncertainty,617,62.64649372,0.12287383,8.50591616,0.08921357,0.0,0.0,1
stress_uncertainty,618,67.98651502,0.16655531,10.47957021,0.08154478,0.0,0.0,1
stress_uncertainty,619,64.09695899,0.15863162,7.71761753,0.08937048,0.0,0.0,1
stress_uncertainty,620,72.01921978,0.15463655,7.71428996,0.16824915,0.0,0.0,1
stress_uncertainty,621,65.29850581,0.19153743,7.61659871,0.13025393,0.0,0.0,1
stress_uncertainty,622,68.44331174,0.1554364,9.37075596,0.15548695,0.0,0.0,1
stress_uncertainty,623,65.84072173,0.11455437,8.89801091,0.14529718,0.0,0.0,1
stress_uncertainty,624,72.25786824,0.10115761,7.04980152,0.09544959,0.0,0.0,1
stress_uncertainty,625,65.78057294,0.14506792,10.63596756,0.09787694,0.0,0.0,1
stress_uncertainty,626,74.8887841,0.1511498,10.82001039,0.11727569,0.0,0.0,1
stress_uncertainty,627,62.38403831,0.17165907,8.51919278,0.1666275,0.0,0.0,1
stress_uncertainty,628,68.42133209,0.1402023,7.9031079,0.10459365,0.0,0.0,1
stress_uncertainty,629,67.72481823,0.16570343,8.9481573,0.14919912,0.0,0.0,1
stress_uncertainty,630,65.30790973,0.18548733,7.58691199,0.13220699,0.0,0.0,1
stress_uncertainty,631,60.06211492,0.1110885,8.68331336,0.15900613,0.0,0.0,1
stress_uncertainty,632,65.95768749,0.16996075,10.62719206,0.17229169,0.0,0.0,1
stress_uncertainty,633,71.42478084,0.15314458,9.77440933,0.16022408,0.0,0.0,1
stress_uncertainty,634,63.71043893,0.19734325,9.8248942,0.12819581,0.0,0.0,1
stress_uncertainty,635,65.34713116,0.17719323,9.77946073,0.08688892,0.0,0.0,1
stress_uncertainty,636,60.48942692,0.16310596,8.18256511,0.14026648,0.0,0.0,1
stress_uncertainty,637,61.47937578,0.135,7.42451942,0.08859329,0.0,0.0,1
stress_uncertainty,638,60.75189517,0.15946158,9.0496191,0.16001039,0.0,0.0,1
stress_uncertainty,639,68.06828135,0.12589219,8.73208147,0.15469382,0.0,0.0,1
stress_uncertainty,640,68.92008644,0.16125094,7.72843964,0.17596306,0.0,0.0,1
stress_uncertainty,641,65.49824468,0.16430994,10.15576721,0.10049513,0.0,0.0,1
stress_uncertainty,642,65.59922035,0.15212595,9.34742867,0.16029439,0.0,0.0,1
stress_uncertainty,643,65.69195587,0.15337324,10.38746467,0.10337376,0.0,0.0,1
stress_uncertainty,644,64.83010962,0.16218702,10.20209263,0.12261533,0.0,0.0,1
stress_uncertainty,645,63.02541621,0.1808141,10.42541015,0.09973948,0.0,0.0,1
stress_uncertainty,646,62.60484277,0.11020591,7.86952699,0.15270799,0.0,0.0,1
stress_uncertainty,647,63.1172688,0.10785343,10.43801295,0.08187489,0.0,0.0,1
stress_uncertainty,648,71.38743582,0.1657618,8.93859859,0.14447306,0.0,0.0,1
stress_uncertainty,649,72.88524128,0.10682455,9.86457369,0.16230364,0.0,0.0,1
stress_uncertainty,650,68.88882608,0.18824533,9.90969745,0.14787343,0.0,0.0,1
stress_uncertainty,651,65.83358106,0.15355389,8.73058572,0.08168357,0.0,0.0,1
stress_uncertainty,652,65.80396874,0.18453734,7.77845616,0.15011321,0.0,0.0,1
stress_uncertainty,653,69.29988888,0.13963657,9.61749206,0.09602099,0.0,0.0,1
stress_uncertainty,654,61.55797567,0.16689722,8.51874032,0.17258508,0.0,0.0,1
stress_uncertainty,655,64.58114174,0.19324112,7.29283143,0.14845841,0.0,0.0,1
stress_uncertainty,656,71.66901366,0.10533395,10.70334073,0.15899658,0.0,0.0,1
stress_uncertainty,657,70.81350119,0.12648038,8.84231894,0.12440636,0.0,0.0,1
stress_uncertainty,658,63.83538658,0.11778088,7.47756911,0.10226732,0.0,0.0,1
stress_uncertainty,659,63.20376287,0.11801036,10.90124283,0.16001607,0.0,0.0,1
stress_uncertainty,660,64.51438917,0.18696798,10.94578484,0.17227699,0.0,0.0,1
stress_uncertainty,661,64.6492341,0.18692996,7.60778247,0.16747505,0.0,0.0,1
stress_uncertainty,662,73.40756641,0.13935263,10.86081633,0.16667405,0.0,0.0,1
stress_uncertainty,663,67.75690189,0.12003391,8.75628577,0.17608389,0.0,0.0,1
stress_uncertainty,664,60.47084809,0.1804073,10.29284547,0.15005328,0.0,0.0,1
stress_uncertainty,665,70.73124201,0.13175161,7.30935186,0.12594902,0.0,0.0,1
stress_uncertainty,666,61.8644444,0.1030154,10.38413662,0.08062459,0.0,0.0,1
stress_uncertainty,667,69.25857792,0.18709652,8.73985796,0.13764337,0.0,0.0,1
stress_uncertainty,668,67.60034579,0.18135499,10.40612308,0.10102342,0.0,0.0,1
stress_uncertainty,669,70.91902179,0.1152327,7.14267898,0.14682147,0.0,0.0,1
stress_uncertainty,670,71.12139916,0.14534004,7.00461885,0.09206927,0.0,0.0,1
stress_uncertainty,671,73.11517232,0.1277232,7.45953603,0.15856289,0.0,0.0,1
stress_uncertainty,672,62.94959984,0.17915584,8.81797753,0.09944794,0.0,0.0,1
stress_uncertainty,673,71.57343465,0.13477135,10.47177249,0.14174965,0.0,0.0,1
stress_uncertainty,674,73.24705605,0.16909919,10.36020337,0.14132277,0.0,0.0,1
stress_uncertainty,675,60.56884555,0.19773114,8.82948541,0.16662706,0.0,0.0,1
stress_uncertainty,676,68.57930276,0.13467789,9.55617397,0.08289149,0.0,0.0,1
stress_uncertainty,677,67.25432497,0.10176234,7.42709682,0.17255456,0.0,0.0,1
stress_uncertainty,678,70.51297294,0.11357328,8.94888819,0.13723419,0.0,0.0,1
stress_uncertainty,679,68.27041417,0.16104102,9.9360312,0.08228816,0.0,0.0,1
stress_uncertainty,680,69.24357017,0.12832066,7.39577688,0.13983119,0.0,0.0,1
stress_uncertainty,681,65.03456644,0.14767919,10.30639845,0.12978672,0.0,0.0,1
stress_uncertainty,682,61.21451565,0.13221031,7.80043451,0.08744522,0.0,0.0,1
stress_uncertainty,683,64.84249762,0.15194722,10.76852752,0.13091581,0.0,0.0,1
stress_uncertainty,684,69.45373458,0.19414078,9.75162153,0.1209278,0.0,0.0,1
stress_uncertainty,685,63.79820374,0.15631924,7.72466212,0.15673025,0.0,0.0,1
stress_uncertainty,686,63.8451523,0.16629853,9.07897854,0.1552242,0.0,0.0,1
stress_uncertainty,687,63.61695304,0.11841046,7.44159299,0.13666677,0.0,0.0,1
stress_uncertainty,688,60.98529506,0.16166244,7.37101744,0.11157665,0.0,0.0,1
stress_uncertainty,689,69.27310206,0.17502891,9.63372205,0.16079561,0.0,0.0,1
stress_uncertainty,690,71.39844189,0.16715759,7.61097321,0.09842517,0.0,0.0,1
stress_uncertainty,691,70.05687575,0.14853356,8.47403614,0.08951838,0.0,0.0,1
stress_uncertainty,692,65.54303761,0.10445612,7.4459991,0.16689703,0.0,0.0,1
stress_uncertainty,693,61.46187748,0.14506742,10.01605864,0.14611281,0.0,0.0,1
stress_uncertainty,694,69.06015443,0.17531319,7.53097388,0.17159747,0.0,0.0,1
stress_uncertainty,695,69.27221209,0.13854797,9.02520984,0.13254943,0.0,0.0,1
stress_uncertainty,696,71.56235334,0.10986955,7.03445802,0.17008609,0.0,0.0,1
stress_uncertainty,697,70.42897078,0.17582714,7.63569002,0.12168601,0.0,0.0,1
stress_uncertainty,698,62.63604317,0.15209931,10.16233036,0.17639078,0.0,0.0,1
stress_uncertainty,699,67.24657132,0.10795366,7.06786066,0.14164444,0.0,0.0,1
stress_uncertainty,700,68.91807421,0.15691,10.84812509,0.08546108,0.0,0.0,1
stress_uncertainty,701,73.73911578,0.14388535,10.53129518,0.15069355,0.0,0.0,1
stress_uncertainty,702,67.45828723,0.16509855,8.36286562,0.15408788,0.0,0.0,1
stress_uncertainty,703,72.25754707,0.13792173,8.77220952,0.09217787,0.0,0.0,1
stress_uncertainty,704,63.00453628,0.19023132,7.63247557,0.12451101,0.0,0.0,1
stress_uncertainty,705,70.51996674,0.17661358,7.13756408,0.16954518,0.0,0.0,1
stress_uncertainty,706,60.7434665,0.12401906,8.58132635,0.15228723,0.0,0.0,1
stress_uncertainty,707,74.48993409,0.16144779,10.48803037,0.13938087,0.0,0.0,1
stress_uncertainty,708,65.90652408,0.11548894,9.64750368,0.11765069,0.0,0.0,1
stress_uncertainty,709,70.49014395,0.19478244,8.29284066,0.08848891,0.0,0.0,1
stress_uncertainty,710,60.57589869,0.11503174,10.47915005,0.08343767,0.0,0.0,1
stress_uncertainty,711,71.39007428,0.11178719,10.36465611,0.161838,0.0,0.0,1
stress_uncertainty,712,63.83580357,0.11308489,8.91369589,0.09235291,0.0,0.0,1
stress_uncertainty,713,72.59872168,0.1715403,8.07629698,0.08330876,0.0,0.0,1
stress_uncertainty,714,69.71408021,0.11629693,7.39983789,0.12978963,0.0,0.0,1
stress_uncertainty,715,62.72296265,0.16061529,8.85362026,0.15970244,0.0,0.0,1
stress_uncertainty,716,63.06342164,0.14541714,7.26886252,0.12668595,0.0,0.0,1
stress_uncertainty,717,60.0887874,0.18456071,10.12276037,0.11592542,0.0,0.0,1
stress_uncertainty,718,74.41828336,0.11056838,10.37492638,0.1733161,0.0,0.0,1
stress_uncertainty,719,61.0846394,0.14365144,9.94461341,0.09176658,0.0,0.0,1
stress_uncertainty,720,72.789051,0.15862211,8.3403804,0.11388511,0.0,0.0,1
stress_uncertainty,721,63.80595457,0.19026219,8.47011008,0.14205732,0.0,0.0,1
stress_uncertainty,722,68.870326,0.17003152,7.1598216,0.10677981,0.0,0.0,1
stress_uncertainty,723,68.31536182,0.13419762,9.21879144,0.15672902,0.0,0.0,1
stress_uncertainty,724,66.16931517,0.11712787,8.00624039,0.11754698,0.0,0.0,1
stress_uncertainty,725,63.42979834,0.13715455,9.24788961,0.17723812,0.0,0.0,1
stress_uncertainty,726,64.53625323,0.10710266,9.00657728,0.14616436,0.0,0.0,1
stress_uncertainty,727,73.42241941,0.15088229,8.27823416,0.14378867,0.0,0.0,1
stress_uncertainty,728,70.90037204,0.1303274,8.80345561,0.15553785,0.0,0.0,1
stress_uncertainty,729,71.43906617,0.11385754,7.48947484,0.10988381,0.0,0.0,1
stress_uncertainty,730,60.49792231,0.13460326,9.48700533,0.14966447,0.0,0.0,1
stress_uncertainty,731,70.11805424,0.17612929,8.72602855,0.17641358,0.0,0.0,1
stress_uncertainty,732,72.65469613,0.18944041,8.04845749,0.15827583,0.0,0.0,1
stress_uncertainty,733,74.60573389,0.10198315,9.83666266,0.11454798,0.0,0.0,1
stress_uncertainty,734,70.51170913,0.18369122,10.66909777,0.16094631,0.0,0.0,1
stress_uncertainty,735,68.98435854,0.17802096,8.34408822,0.09881406,0.0,0.0,1
stress_uncertainty,736,62.23332152,0.12373868,9.4862827,0.17852345,0.0,0.0,1
stress_uncertainty,737,60.19698564,0.17514896,7.45160445,0.1641576,0.0,0.0,1
stress_uncertainty,738,61.45411036,0.11422373,9.56249415,0.08407563,0.0,0.0,1
stress_uncertainty,739,65.70373272,0.17442377,10.77948997,0.0872777,0.0,0.0,1
stress_uncertainty,740,64.26036138,0.14166346,7.51998195,0.14818225,0.0,0.0,1
stress_uncertainty,741,62.98410671,0.15853136,10.9126133,0.12489521,0.0,0.0,1
stress_uncertainty,742,61.41401277,0.14120859,8.86661547,0.08189971,0.0,0.0,1
stress_uncertainty,743,66.03940231,0.17022724,9.77578973,0.11970266,0.0,0.0,1
stress_uncertainty,744,66.65465691,0.13669197,8.02925507,0.12786177,0.0,0.0,1
stress_uncertainty,745,60.89309472,0.11716855,7.42811259,0.16427601,0.0,0.0,1
stress_uncertainty,746,65.46158407,0.19039958,8.16088277,0.11801291,0.0,0.0,1
stress_uncertainty,747,63.98461507,0.17355335,7.54388606,0.09974254,0.0,0.0,1
stress_uncertainty,748,61.94400525,0.11213741,10.893672,0.17351597,0.0,0.0,1
stress_uncertainty,749,64.49884666,0.18206482,8.09628834,0.17897064,0.0,0.0,1
stress_uncertainty,750,71.02513897,0.10346034,9.35307083,0.1208372,0.0,0.0,1
stress_uncertainty,751,73.49623002,0.17660413,8.37412096,0.08338802,0.0,0.0,1
stress_uncertainty,752,71.9810677,0.16224155,9.26181122,0.08740377,0.0,0.0,1
stress_uncertainty,753,63.05723803,0.15516311,8.29139263,0.11929527,0.0,0.0,1
stress_uncertainty,754,64.82387073,0.1363015,10.09239329,0.11868064,0.0,0.0,1
stress_uncertainty,755,71.50086545,0.19366346,9.85153792,0.15065185,0.0,0.0,1
stress_uncertainty,756,73.23734231,0.13277271,9.53651888,0.09773533,0.0,0.0,1
stress_uncertainty,757,72.47302677,0.19151008,7.35089151,0.08738756,0.0,0.0,1
stress_uncertainty,758,66.43605846,0.15808644,9.26417361,0.1612682,0.0,0.0,1
stress_uncertainty,759,68.40605801,0.1275738,7.18723682,0.08377863,0.0,0.0,1
stress_uncertainty,760,71.57140354,0.19671496,7.61730916,0.15211324,0.0,0.0,1
stress_uncertainty,761,61.31958721,0.11575207,9.92338089,0.08112844,0.0,0.0,1
stress_uncertainty,762,60.51839541,0.10546265,9.91263994,0.16506502,0.0,0.0,1
stress_uncertainty,763,62.52292554,0.17743034,8.32840693,0.10309805,0.0,0.0,1
stress_uncertainty,764,67.45088942,0.11645966,10.64116341,0.14716623,0.0,0.0,1
stress_uncertainty,765,65.67101937,0.17697598,7.07786489,0.12174138,0.0,0.0,1
stress_uncertainty,766,69.13728465,0.10439657,8.57438058,0.14314383,0.0,0.0,1
stress_uncertainty,767,67.67717887,0.15353654,10.53252205,0.17822408,0.0,0.0,1
stress_uncertainty,768,67.19688122,0.17016242,8.97964236,0.16519734,0.0,0.0,1
stress_uncertainty,769,65.75006346,0.15488776,8.37368274,0.13162216,0.0,0.0,1
stress_uncertainty,770,74.10958537,0.15070359,7.7736361,0.11976639,0.0,0.0,1
stress_uncertainty,771,73.02077272,0.11122405,9.52851824,0.08654102,0.0,0.0,1
stress_uncertainty,772,61.52798585,0.19735768,7.48119397,0.10925575,0.0,0.0,1
stress_uncertainty,773,61.35307437,0.12396576,8.50363608,0.14341018,0.0,0.0,1
stress_uncertainty,774,73.43941697,0.11228268,9.22487455,0.1495402,0.0,0.0,1
stress_uncertainty,775,72.88805348,0.16851343,9.82641087,0.12424034,0.0,0.0,1
stress_uncertainty,776,69.89412602,0.16126857,8.47250449,0.14003994,0.0,0.0,1
stress_uncertainty,777,68.79367992,0.1922921,10.95012566,0.17671601,0.0,0.0,1
stress_uncertainty,778,74.41545799,0.13616395,7.53688241,0.13654469,0.0,0.0,1
stress_uncertainty,779,73.84134432,0.1688539,7.72979211,0.15745618,0.0,0.0,1
stress_uncertainty,780,68.68251791,0.1039679,8.19854148,0.15563808,0.0,0.0,1
stress_uncertainty,781,68.15052818,0.18404472,8.60727057,0.10638734,0.0,0.0,1
stress_uncertainty,782,60.85700308,0.14820676,9.4140286,0.1721947,0.0,0.0,1
stress_uncertainty,783,65.47531197,0.13985046,10.74784198,0.14775895,0.0,0.0,1
stress_uncertainty,784,68.80090672,0.19781402,9.06659596,0.10662678,0.0,0.0,1
stress_uncertainty,785,61.33246272,0.12330317,8.33767877,0.16002858,0.0,0.0,1
stress_uncertainty,786,60.88211329,0.19391557,8.08712678,0.13655884,0.0,0.0,1
stress_uncertainty,787,74.80214541,0.10087743,8.91352447,0.15130803,0.0,0.0,1
stress_uncertainty,788,73.38524604,0.10676753,8.4941045,0.13931672,0.0,0.0,1
stress_uncertainty,789,61.4830591,0.17588298,7.55325168,0.13118866,0.0,0.0,1
stress_uncertainty,790,60.07804507,0.19430436,9.18400809,0.11499023,0.0,0.0,1
stress_uncertainty,791,74.32096554,0.11066989,7.18385772,0.15623713,0.0,0.0,1
stress_uncertainty,792,63.08573944,0.15512376,10.56411308,0.17219878,0.0,0.0,1
stress_uncertainty,793,72.81536989,0.11505412,8.60868764,0.1553083,0.0,0.0,1
stress_uncertainty,794,65.56022152,0.13325019,9.01779301,0.08489751,0.0,0.0,1
stress_uncertainty,795,72.3676063,0.1825171,8.97994698,0.08619775,0.0,0.0,1
stress_uncertainty,796,62.75546215,0.10225607,8.2339105,0.16872445,0.0,0.0,1
stress_uncertainty,797,67.88326758,0.12395335,7.42686865,0.14180706,0.0,0.0,1
stress_uncertainty,798,72.88207915,0.16842922,10.43350489,0.14203832,0.0,0.0,1
stress_uncertainty,799,74.27412825,0.19152726,10.368052,0.0954889,0.0,0.0,1
stress_uncertainty,800,69.55535386,0.17915832,9.48794603,0.10916112,0.0,0.0,1
stress_uncertainty,801,73.64778555,0.11428524,7.94636964,0.1137353,0.0,0.0,1
stress_uncertainty,802,69.40053632,0.11425127,10.01579561,0.16273206,0.0,0.0,1
stress_uncertainty,803,66.57981703,0.17278346,8.07236809,0.16295768,0.0,0.0,1
stress_uncertainty,804,64.47204179,0.15168636,7.86509087,0.08694261,0.0,0.0,1
stress_uncertainty,805,62.14971983,0.11215907,9.96373277,0.11922361,0.0,0.0,1
stress_uncertainty,806,67.08336219,0.13810269,10.67865972,0.10181133,0.0,0.0,1
stress_uncertainty,807,67.89762938,0.11856618,9.62020643,0.14847211,0.0,0.0,1
stress_uncertainty,808,62.94002435,0.13046026,8.01483135,0.09623547,0.0,0.0,1
stress_uncertainty,809,60.31565424,0.19496308,10.90468922,0.11539215,0.0,0.0,1
stress_uncertainty,810,70.36130469,0.1422066,7.9691643,0.09741477,0.0,0.0,1
stress_uncertainty,811,72.06487475,0.11492794,7.33563056,0.1186233,0.0,0.0,1
stress_uncertainty,812,67.70040948,0.15661678,10.29453839,0.0978434,0.0,0.0,1
stress_uncertainty,813,60.77686096,0.18289353,10.48685952,0.16234223,0.0,0.0,1
stress_uncertainty,814,73.41837878,0.13935666,9.52815836,0.16351313,0.0,0.0,1
stress_uncertainty,815,65.19252243,0.10583578,10.56521377,0.10588373,0.0,0.0,1
stress_uncertainty,816,62.96151346,0.15199912,9.44838,0.17046249,0.0,0.0,1
stress_uncertainty,817,66.55286661,0.16671217,7.92462442,0.08462831,0.0,0.0,1
stress_uncertainty,818,74.87037447,0.13231039,10.33543271,0.1108788,0.0,0.0,1
stress_uncertainty,819,66.32012644,0.1402366,7.24185044,0.16967826,0.0,0.0,1
stress_uncertainty,820,63.79586751,0.17400967,8.11150629,0.13430715,0.0,0.0,1
stress_uncertainty,821,68.30259401,0.14763497,10.58804621,0.12788051,0.0,0.0,1
stress_uncertainty,822,71.59018482,0.1612349,9.21524478,0.12176955,0.0,0.0,1
stress_uncertainty,823,67.98189544,0.19759088,8.86113749,0.16001146,0.0,0.0,1
stress_uncertainty,824,69.52326114,0.10979339,8.55231713,0.08875369,0.0,0.0,1
stress_uncertainty,825,73.04821478,0.13607723,7.03950703,0.15014073,0.0,0.0,1
stress_uncertainty,826,67.57067191,0.18674149,8.34654364,0.12286102,0.0,0.0,1
stress_uncertainty,827,65.14791593,0.18363624,7.1562946,0.09608913,0.0,0.0,1
stress_uncertainty,828,72.06039241,0.12035252,7.66720095,0.12124754,0.0,0.0,1
stress_uncertainty,829,71.01678118,0.14732151,8.30926989,0.15411498,0.0,0.0,1
stress_uncertainty,830,62.97073559,0.14068388,10.70766827,0.10140804,0.0,0.0,1
stress_uncertainty,831,69.42249688,0.11879772,10.72800382,0.08070714,0.0,0.0,1
stress_uncertainty,832,65.06770114,0.15556535,8.63441048,0.13007517,0.0,0.0,1
stress_uncertainty,833,65.58810316,0.18377997,9.25010199,0.10718656,0.0,0.0,1
stress_uncertainty,834,72.06742851,0.13653816,10.09511069,0.15551717,0.0,0.0,1
stress_uncertainty,835,65.95000372,0.15409381,8.95097737,0.10981831,0.0,0.0,1
stress_uncertainty,836,71.37623881,0.14561413,10.30414719,0.15768732,0.0,0.0,1
stress_uncertainty,837,66.90348413,0.15024847,9.15180718,0.11181139,0.0,0.0,1
stress_uncertainty,838,73.32463542,0.19026906,8.48944249,0.09586163,0.0,0.0,1
stress_uncertainty,839,60.77609528,0.14226698,8.08842895,0.16466776,0.0,0.0,1
stress_uncertainty,840,68.51890964,0.10004577,8.02872925,0.12529794,0.0,0.0,1
stress_uncertainty,841,70.76535862,0.14155267,7.04546447,0.0898885,0.0,0.0,1
stress_uncertainty,842,67.10041689,0.16486352,10.605768,0.16628742,0.0,0.0,1
stress_uncertainty,843,70.2457528,0.12590189,7.96901848,0.17939904,0.0,0.0,1
stress_uncertainty,844,68.22209748,0.10195201,10.1864453,0.0952045,0.0,0.0,1
stress_uncertainty,845,61.18052199,0.14105377,8.1851453,0.17572182,0.0,0.0,1
stress_uncertainty,846,61.36268983,0.14381564,8.81071049,0.08712741,0.0,0.0,1
stress_uncertainty,847,72.1348961,0.16339616,9.52989624,0.10208237,0.0,0.0,1
stress_uncertainty,848,72.35612166,0.12387339,7.52739228,0.09333002,0.0,0.0,1
stress_uncertainty,849,60.71180343,0.112427,7.99887386,0.08836883,0.0,0.0,1
stress_uncertainty,850,68.91583225,0.13533179,7.58340861,0.09128019,0.0,0.0,1
stress_uncertainty,851,65.85127208,0.17043973,8.89392396,0.14022972,0.0,0.0,1
stress_uncertainty,852,62.40061173,0.19664046,10.89544315,0.09477661,0.0,0.0,1
stress_uncertainty,853,64.56928731,0.14226796,10.13800905,0.17308017,0.0,0.0,1
stress_uncertainty,854,74.32596562,0.13170082,7.67263881,0.11771595,0.0,0.0,1
stress_uncertainty,855,65.99843319,0.15531126,9.56626698,0.16455742,0.0,0.0,1
stress_uncertainty,856,68.34162399,0.18629675,7.68380272,0.16695427,0.0,0.0,1
stress_uncertainty,857,65.61680772,0.16154505,9.57478183,0.11036464,0.0,0.0,1
stress_uncertainty,858,65.98943244,0.19595049,10.82837619,0.12367563,0.0,0.0,1
stress_uncertainty,859,69.53028931,0.13339482,10.19184318,0.10085488,0.0,0.0,1
stress_uncertainty,860,69.62336288,0.1857166,10.73585496,0.11265998,0.0,0.0,1
stress_uncertainty,861,66.29469338,0.15346722,9.59710812,0.14749664,0.0,0.0,1
stress_uncertainty,862,73.85371124,0.11397563,8.02766744,0.11485636,0.0,0.0,1
stress_uncertainty,863,72.59980774,0.12667478,7.91533981,0.12550675,0.0,0.0,1
stress_uncertainty,864,72.77960876,0.14415989,9.76636331,0.14244943,0.0,0.0,1
stress_uncertainty,865,63.00363912,0.19117116,8.12079438,0.16768326,0.0,0.0,1
stress_uncertainty,866,66.45583804,0.15597998,9.17552784,0.15648427,0.0,0.0,1
stress_uncertainty,867,71.10057444,0.11487461,10.75841739,0.10223516,0.0,0.0,1
stress_uncertainty,868,66.16987893,0.18632053,8.71267457,0.10108377,0.0,0.0,1
stress_uncertainty,869,71.60604259,0.1502838,7.2831416,0.08609117,0.0,0.0,1
stress_uncertainty,870,67.73539999,0.16746143,9.91777392,0.10573509,0.0,0.0,1
stress_uncertainty,871,72.12099119,0.19003589,10.59963677,0.14383049,0.0,0.0,1
stress_uncertainty,872,73.14172098,0.17839726,9.57112915,0.15250429,0.0,0.0,1
stress_uncertainty,873,68.87360243,0.13048987,9.81595042,0.1503343,0.0,0.0,1
stress_uncertainty,874,63.36312532,0.12772711,9.53154879,0.17053962,0.0,0.0,1
stress_uncertainty,875,60.84390943,0.19382913,9.76460357,0.17033348,0.0,0.0,1
stress_uncertainty,876,63.02097173,0.16272958,9.17577055,0.10052453,0.0,0.0,1
stress_uncertainty,877,66.03592298,0.1948768,7.64009327,0.12385811,0.0,0.0,1
stress_uncertainty,878,69.0442362,0.15248111,7.39876564,0.14426031,0.0,0.0,1
stress_uncertainty,879,62.48192836,0.10647016,7.03097923,0.17689568,0.0,0.0,1
stress_uncertainty,880,72.57087261,0.12446568,8.10418947,0.16926789,0.0,0.0,1
stress_uncertainty,881,69.95781287,0.12648801,10.95754448,0.10135393,0.0,0.0,1
stress_uncertainty,882,65.40745392,0.13479946,10.09528714,0.15708294,0.0,0.0,1
stress_uncertainty,883,63.84199225,0.18835379,9.76730738,0.16575983,0.0,0.0,1
stress_uncertainty,884,72.6250917,0.16703442,10.89918317,0.16780866,0.0,0.0,1
stress_uncertainty,885,70.65138891,0.18228957,7.72310272,0.17392922,0.0,0.0,1
stress_uncertainty,886,73.75518187,0.1492529,10.33599575,0.17143302,0.0,0.0,1
stress_uncertainty,887,69.05123871,0.19539795,8.58831253,0.13748927,0.0,0.0,1
stress_uncertainty,888,67.29342235,0.18195722,7.07093813,0.16951145,0.0,0.0,1
stress_uncertainty,889,62.40882876,0.12721809,8.0575928,0.09115019,0.0,0.0,1
stress_uncertainty,890,64.80757943,0.1625804,7.83444628,0.10638789,0.0,0.0,1
stress_uncertainty,891,65.73025816,0.10754076,8.67885352,0.16549657,0.0,0.0,1
stress_uncertainty,892,60.69351949,0.16167696,7.8294352,0.10464197,0.0,0.0,1
stress_uncertainty,893,73.3070015,0.17113718,10.46611314,0.13396372,0.0,0.0,1
stress_uncertainty,894,65.7785681,0.14910798,7.63785511,0.09057852,0.0,0.0,1
stress_uncertainty,895,72.49349638,0.18380199,10.83364451,0.14833319,0.0,0.0,1
stress_uncertainty,896,69.44250011,0.13679005,7.49205593,0.09416051,0.0,0.0,1
stress_uncertainty,897,74.17586066,0.16224877,9.17270327,0.08159177,0.0,0.0,1
stress_uncertainty,898,62.65342115,0.13649316,10.80607781,0.15592712,0.0,0.0,1
stress_uncertainty,899,64.70740308,0.14312178,10.66655686,0.15997042,0.0,0.0,1
stress_uncertainty,900,65.52786216,0.15485675,9.8462408,0.12984305,0.0,0.0,1
stress_uncertainty,901,72.39205239,0.1563642,9.84950257,0.15237473,0.0,0.0,1
stress_uncertainty,902,71.79098262,0.18738171,7.65689187,0.14163736,0.0,0.0,1
stress_uncertainty,903,60.76249401,0.18568213,8.57483507,0.10761513,0.0,0.0,1
stress_uncertainty,904,66.25019614,0.18689918,7.24452128,0.16143115,0.0,0.0,1
stress_uncertainty,905,67.51033714,0.19733294,7.97491048,0.11069,0.0,0.0,1
stress_uncertainty,906,60.57821973,0.16070553,10.98826635,0.14509408,0.0,0.0,1
stress_uncertainty,907,74.31781967,0.14550304,8.94691763,0.16170678,0.0,0.0,1
stress_uncertainty,908,66.66925796,0.18933345,9.55013692,0.12327388,0.0,0.0,1
stress_uncertainty,909,60.84524628,0.10236708,7.9920731,0.1293378,0.0,0.0,1
stress_uncertainty,910,69.83268242,0.16558288,9.63305746,0.168664,0.0,0.0,1
stress_uncertainty,911,69.93425445,0.13645884,8.97564504,0.09722322,0.0,0.0,1
stress_uncertainty,912,60.89599747,0.18695137,7.55697423,0.12413998,0.0,0.0,1
stress_uncertainty,913,74.44174343,0.1605281,9.45968414,0.15666842,0.0,0.0,1
stress_uncertainty,914,70.97063959,0.15866179,10.34712036,0.17776756,0.0,0.0,1
stress_uncertainty,915,68.82980084,0.10633743,8.36771913,0.1110485,0.0,0.0,1
stress_uncertainty,916,61.97092447,0.17592382,8.31608522,0.17462751,0.0,0.0,1
stress_uncertainty,917,74.97040258,0.17309587,8.46071127,0.11530816,0.0,0.0,1
stress_uncertainty,918,67.21821362,0.11923884,9.3762184,0.15236964,0.0,0.0,1
stress_uncertainty,919,73.31483956,0.12773975,7.6373924,0.16333183,0.0,0.0,1
stress_uncertainty,920,62.08397816,0.15868332,9.36710751,0.15106469,0.0,0.0,1
stress_uncertainty,921,64.69455094,0.15270925,8.61607999,0.15836499,0.0,0.0,1
stress_uncertainty,922,72.86413812,0.1526321,8.38282564,0.08739572,0.0,0.0,1
stress_uncertainty,923,62.97868836,0.15036355,7.31030813,0.14380135,0.0,0.0,1
stress_uncertainty,924,63.21451471,0.12122933,7.83392425,0.10586308,0.0,0.0,1
stress_uncertainty,925,64.1064472,0.18725586,10.22817767,0.13454297,0.0,0.0,1
stress_uncertainty,926,61.06402781,0.14491349,8.66660099,0.1435029,0.0,0.0,1
stress_uncertainty,927,64.13214504,0.13092557,9.85397232,0.12157325,0.0,0.0,1
stress_uncertainty,928,74.94211647,0.12998716,8.71351223,0.13556184,0.0,0.0,1
stress_uncertainty,929,60.93936898,0.15577959,9.03826533,0.08044639,0.0,0.0,1
stress_uncertainty,930,65.23349927,0.12757056,8.98721457,0.12349916,0.0,0.0,1
stress_uncertainty,931,69.54161311,0.11721317,7.65942011,0.12529227,0.0,0.0,1
stress_uncertainty,932,68.49384034,0.12539611,8.45705117,0.11139018,0.0,0.0,1
stress_uncertainty,933,67.96412131,0.1522189,9.91252648,0.17300533,0.0,0.0,1
stress_uncertainty,934,62.44846737,0.10540429,9.83689227,0.14385432,0.0,0.0,1
stress_uncertainty,935,60.07016714,0.14849349,8.49020523,0.10547645,0.0,0.0,1
stress_uncertainty,936,60.62420905,0.17215974,8.8811605,0.10312238,0.0,0.0,1
stress_uncertainty,937,60.62555675,0.16332575,9.62637668,0.10495816,0.0,0.0,1
stress_uncertainty,938,66.54929599,0.1741161,10.01086417,0.10143667,0.0,0.0,1
stress_uncertainty,939,61.84571253,0.13123364,7.31436394,0.16553201,0.0,0.0,1
stress_uncertainty,940,70.59995923,0.17093701,9.14725048,0.12352999,0.0,0.0,1
stress_uncertainty,941,64.88599469,0.11108473,10.17642778,0.15516935,0.0,0.0,1
stress_uncertainty,942,71.99144067,0.17686987,9.75595059,0.09001457,0.0,0.0,1
stress_uncertainty,943,68.98148869,0.19701727,8.72446442,0.15274709,0.0,0.0,1
stress_uncertainty,944,63.7208363,0.14778152,9.02720112,0.12519899,0.0,0.0,1
stress_uncertainty,945,61.38562096,0.1122668,8.03608001,0.15878876,0.0,0.0,1
stress_uncertainty,946,65.21104252,0.15845196,10.78363457,0.16112128,0.0,0.0,1
stress_uncertainty,947,65.25794272,0.17837338,8.03802308,0.09652929,0.0,0.0,1
stress_uncertainty,948,72.80421767,0.11659358,10.5328422,0.17713012,0.0,0.0,1
stress_uncertainty,949,69.53955176,0.1769083,9.83531427,0.14535401,0.0,0.0,1
stress_uncertainty,950,73.71683583,0.11552965,9.45167338,0.16585458,0.0,0.0,1
stress_uncertainty,951,60.73700441,0.18235879,10.3688345,0.12134219,0.0,0.0,1
stress_uncertainty,952,65.15393411,0.16698113,8.89423779,0.1190587,0.0,0.0,1
stress_uncertainty,953,69.44255394,0.1878578,9.59249186,0.10774675,0.0,0.0,1
stress_uncertainty,954,67.09158253,0.15514859,7.47994298,0.10666636,0.0,0.0,1
stress_uncertainty,955,74.18599866,0.18882333,8.5645812,0.08920472,0.0,0.0,1
stress_uncertainty,956,69.33664788,0.13807972,7.07794651,0.17389827,0.0,0.0,1
stress_uncertainty,957,65.42703998,0.16388168,7.36518411,0.14233182,0.0,0.0,1
stress_uncertainty,958,73.10876693,0.14756838,10.92696689,0.15001057,0.0,0.0,1
stress_uncertainty,959,66.65257799,0.10179515,7.0524583,0.13872505,0.0,0.0,1
stress_uncertainty,960,72.33466897,0.10323282,9.46529564,0.16807875,0.0,0.0,1
stress_uncertainty,961,61.83887659,0.12711452,8.18062562,0.12857704,0.0,0.0,1
stress_uncertainty,962,69.51343181,0.129851,8.3919174,0.08899954,0.0,0.0,1
stress_uncertainty,963,66.92960048,0.18409485,10.03531669,0.10525875,0.0,0.0,1
stress_uncertainty,964,66.82990098,0.17580239,10.10545234,0.09386254,0.0,0.0,1
stress_uncertainty,965,60.53938316,0.16733743,10.99818276,0.15790115,0.0,0.0,1
stress_uncertainty,966,61.00867765,0.14809972,7.59997139,0.1499988,0.0,0.0,1
stress_uncertainty,967,70.34305144,0.13332614,7.56473994,0.16144855,0.0,0.0,1
stress_uncertainty,968,61.21528131,0.16210178,9.60603712,0.15907001,0.0,0.0,1
stress_uncertainty,969,64.78182067,0.13892443,10.71117382,0.10135701,0.0,0.0,1
stress_uncertainty,970,61.37747601,0.19304826,8.90169209,0.14127525,0.0,0.0,1
stress_uncertainty,971,64.20393734,0.12190429,7.90503061,0.137977,0.0,0.0,1
stress_uncertainty,972,65.32340763,0.11880661,9.70467223,0.14447968,0.0,0.0,1
stress_uncertainty,973,61.55080792,0.1529053,7.07214163,0.14473602,0.0,0.0,1
stress_uncertainty,974,70.17687179,0.12321299,10.55084902,0.157324,0.0,0.0,1
stress_uncertainty,975,69.7705095,0.10886987,7.40403845,0.0813666,0.0,0.0,1
stress_uncertainty,976,71.76784781,0.11209908,9.165298,0.17643823,0.0,0.0,1
stress_uncertainty,977,65.2240112,0.10286676,8.83439765,0.13579344,0.0,0.0,1
stress_uncertainty,978,62.648069,0.1298982,8.97099671,0.17928749,0.0,0.0,1
stress_uncertainty,979,60.66550443,0.1558758,10.24612369,0.11695693,0.0,0.0,1
stress_uncertainty,980,71.00745352,0.13339256,8.17175121,0.16010337,0.0,0.0,1
stress_uncertainty,981,65.64016379,0.19016636,10.23192336,0.09226714,0.0,0.0,1
stress_uncertainty,982,65.40166178,0.1176313,9.09858549,0.09643593,0.0,0.0,1
stress_uncertainty,983,66.81870352,0.1698496,7.10052865,0.08203951,0.0,0.0,1
stress_uncertainty,984,68.87691901,0.1408002,7.06696372,0.08082575,0.0,0.0,1
stress_uncertainty,985,73.29272373,0.10366722,10.89313661,0.08501715,0.0,0.0,1
stress_uncertainty,986,69.1147077,0.12447038,9.27187843,0.1207346,0.0,0.0,1
stress_uncertainty,987,71.6703444,0.11330466,8.20763627,0.09239974,0.0,0.0,1
stress_uncertainty,988,63.39044838,0.10045419,9.73137701,0.16755675,0.0,0.0,1
stress_uncertainty,989,68.21023787,0.11760702,10.41565429,0.17806029,0.0,0.0,1
stress_uncertainty,990,71.55680074,0.12502437,7.73442684,0.13644304,0.0,0.0,1
stress_uncertainty,991,71.38604529,0.15366352,9.81029606,0.15961209,0.0,0.0,1
stress_uncertainty,992,68.62166871,0.1018235,8.59569636,0.17085326,0.0,0.0,1
stress_uncertainty,993,69.67510095,0.13102046,7.33722905,0.13538989,0.0,0.0,1
stress_uncertainty,994,74.478423,0.1505979,9.3418144,0.09536188,0.0,0.0,1
stress_uncertainty,995,73.23036745,0.19680324,8.5889442,0.11546715,0.0,0.0,1
stress_uncertainty,996,72.40798677,0.1728042,9.92784518,0.13206504,0.0,0.0,1
stress_uncertainty,997,64.73700407,0.15116684,10.55888753,0.10914303,0.0,0.0,1
stress_uncertainty,998,67.02093888,0.17568083,9.81754593,0.14376786,0.0,0.0,1
stress_uncertainty,999,72.50846859,0.1936086,10.70416597,0.14661755,0.0,0.0,1
stress_uncertainty,1000,63.65105593,0.10842542,8.46825823,0.11769486,0.0,0.0,1
