"scenario","time","state","rate","parameter_a","parameter_b","parameter_c","method","warning"
"logistic_growth",0,10,5.4,0.6,100,0,"explicit_euler","Logistic growth assumes a fixed carrying capacity and smooth density limitation."
"logistic_growth",0.05,10.27,5.5291626,0.6,100,0,"explicit_euler","Logistic growth assumes a fixed carrying capacity and smooth density limitation."
"logistic_growth",0.1,10.54645813,5.66050820347294,0.6,100,0,"explicit_euler","Logistic growth assumes a fixed carrying capacity and smooth density limitation."
"logistic_growth",0.15,10.8294835401736,5.79402384162284,0.6,100,0,"explicit_euler","Logistic growth assumes a fixed carrying capacity and smooth density limitation."
"logistic_growth",0.2,11.1191847322548,5.92969322469282,0.6,100,0,"explicit_euler","Logistic growth assumes a fixed carrying capacity and smooth density limitation."
"logistic_growth",0.25,11.4156693934894,6.06749658988495,0.6,100,0,"explicit_euler","Logistic growth assumes a fixed carrying capacity and smooth density limitation."
"logistic_growth",0.3,11.7190442229837,6.20741054878872,0.6,100,0,"explicit_euler","Logistic growth assumes a fixed carrying capacity and smooth density limitation."
"logistic_growth",0.35,12.0294147504231,6.34940793482768,0.6,100,0,"explicit_euler","Logistic growth assumes a fixed carrying capacity and smooth density limitation."
"logistic_growth",0.4,12.3468851471645,6.49345765127507,0.6,100,0,"explicit_euler","Logistic growth assumes a fixed carrying capacity and smooth density limitation."
"logistic_growth",0.45,12.6715580297283,6.63952452043233,0.6,100,0,"explicit_euler","Logistic growth assumes a fixed carrying capacity and smooth density limitation."
"logistic_growth",0.5,13.0035342557499,6.78756913460716,0.6,100,0,"explicit_euler","Logistic growth assumes a fixed carrying capacity and smooth density limitation."
"logistic_growth",0.55,13.3429127124802,6.93754770957094,0.6,100,0,"explicit_euler","Logistic growth assumes a fixed carrying capacity and smooth density limitation."
"logistic_growth",0.6,13.6897900979588,7.08941194121824,0.6,100,0,"explicit_euler","Logistic growth assumes a fixed carrying capacity and smooth density limitation."
"logistic_growth",0.65,14.0442606950197,7.24310886619376,0.6,100,0,"explicit_euler","Logistic growth assumes a fixed carrying capacity and smooth density limitation."
"logistic_growth",0.7,14.4064161383294,7.39858072729332,0.6,100,0,"explicit_euler","Logistic growth assumes a fixed carrying capacity and smooth density limitation."
"logistic_growth",0.75,14.776345174694,7.5557648444862,0.6,100,0,"explicit_euler","Logistic growth assumes a fixed carrying capacity and smooth density limitation."
"logistic_growth",0.8,15.1541334169184,7.71459349244444,0.6,100,0,"explicit_euler","Logistic growth assumes a fixed carrying capacity and smooth density limitation."
"logistic_growth",0.85,15.5398630915406,7.87499378550139,0.6,100,0,"explicit_euler","Logistic growth assumes a fixed carrying capacity and smooth density limitation."
"logistic_growth",0.9,15.9336127808156,8.03688757099556,0.6,100,0,"explicit_euler","Logistic growth assumes a fixed carrying capacity and smooth density limitation."
"logistic_growth",0.95,16.3354571593654,8.20019133198648,0.6,100,0,"explicit_euler","Logistic growth assumes a fixed carrying capacity and smooth density limitation."
"logistic_growth",1,16.7454667259647,8.36481610035649,0.6,100,0,"explicit_euler","Logistic growth assumes a fixed carrying capacity and smooth density limitation."
"logistic_growth",1.05,17.1637075309826,8.5306673813349,0.6,100,0,"explicit_euler","Logistic growth assumes a fixed carrying capacity and smooth density limitation."
"logistic_growth",1.1,17.5902409000493,8.69764509049898,0.6,100,0,"explicit_euler","Logistic growth assumes a fixed carrying capacity and smooth density limitation."
"logistic_growth",1.15,18.0251231545743,8.86564350431914,0.6,100,0,"explicit_euler","Logistic growth assumes a fixed carrying capacity and smooth density limitation."
"logistic_growth",1.2,18.4684053297902,9.03455122532159,0.6,100,0,"explicit_euler","Logistic growth assumes a fixed carrying capacity and smooth density limitation."
"logistic_growth",1.25,18.9201328910563,9.2042511629424,0.6,100,0,"explicit_euler","Logistic growth assumes a fixed carrying capacity and smooth density limitation."
"logistic_growth",1.3,19.3803454492034,9.3746205311393,0.6,100,0,"explicit_euler","Logistic growth assumes a fixed carrying capacity and smooth density limitation."
"logistic_growth",1.35,19.8490764757604,9.54553086381273,0.6,100,0,"explicit_euler","Logistic growth assumes a fixed carrying capacity and smooth density limitation."
"logistic_growth",1.4,20.326353018951,9.7168480490645,0.6,100,0,"explicit_euler","Logistic growth assumes a fixed carrying capacity and smooth density limitation."
"logistic_growth",1.45,20.8121954214043,9.88843238329023,0.6,100,0,"explicit_euler","Logistic growth assumes a fixed carrying capacity and smooth density limitation."
"logistic_growth",1.5,21.3066170405688,10.0601386460605,0.6,100,0,"explicit_euler","Logistic growth assumes a fixed carrying capacity and smooth density limitation."
"logistic_growth",1.55,21.8096239728718,10.2318161966947,0.6,100,0,"explicit_euler","Logistic growth assumes a fixed carrying capacity and smooth density limitation."
"logistic_growth",1.6,22.3212147827065,10.4033090933696,0.6,100,0,"explicit_euler","Logistic growth assumes a fixed carrying capacity and smooth density limitation."
"logistic_growth",1.65,22.841380237375,10.5744562355349,0.6,100,0,"explicit_euler","Logistic growth assumes a fixed carrying capacity and smooth density limitation."
"logistic_growth",1.7,23.3701030491518,10.7450915303232,0.6,100,0,"explicit_euler","Logistic growth assumes a fixed carrying capacity and smooth density limitation."
"logistic_growth",1.75,23.9073576256679,10.9150440835513,0.6,100,0,"explicit_euler","Logistic growth assumes a fixed carrying capacity and smooth density limitation."
"logistic_growth",1.8,24.4531098298455,11.0841384158044,0.6,100,0,"explicit_euler","Logistic growth assumes a fixed carrying capacity and smooth density limitation."
"logistic_growth",1.85,25.0073167506357,11.2521947039817,0.6,100,0,"explicit_euler","Logistic growth assumes a fixed carrying capacity and smooth density limitation."
"logistic_growth",1.9,25.5699264858348,11.4190290485549,0.6,100,0,"explicit_euler","Logistic growth assumes a fixed carrying capacity and smooth density limitation."
"logistic_growth",1.95,26.1408779382625,11.5844537666587,0.6,100,0,"explicit_euler","Logistic growth assumes a fixed carrying capacity and smooth density limitation."
"logistic_growth",2,26.7201006265955,11.748277710985,0.6,100,0,"explicit_euler","Logistic growth assumes a fixed carrying capacity and smooth density limitation."
"logistic_growth",2.05,27.3075145121447,11.9103066143009,0.6,100,0,"explicit_euler","Logistic growth assumes a fixed carrying capacity and smooth density limitation."
"logistic_growth",2.1,27.9030298428597,12.0703434592467,0.6,100,0,"explicit_euler","Logistic growth assumes a fixed carrying capacity and smooth density limitation."
"logistic_growth",2.15,28.5065470158221,12.2281888729016,0.6,100,0,"explicit_euler","Logistic growth assumes a fixed carrying capacity and smooth density limitation."
"logistic_growth",2.2,29.1179564594672,12.3836415454277,0.6,100,0,"explicit_euler","Logistic growth assumes a fixed carrying capacity and smooth density limitation."
"logistic_growth",2.25,29.7371385367385,12.536498671924,0.6,100,0,"explicit_euler","Logistic growth assumes a fixed carrying capacity and smooth density limitation."
"logistic_growth",2.3,30.3639634703347,12.6865564164339,0.6,100,0,"explicit_euler","Logistic growth assumes a fixed carrying capacity and smooth density limitation."
"logistic_growth",2.35,30.9982912911564,12.8336103968656,0.6,100,0,"explicit_euler","Logistic growth assumes a fixed carrying capacity and smooth density limitation."
"logistic_growth",2.4,31.6399718109997,12.9774561893947,0.6,100,0,"explicit_euler","Logistic growth assumes a fixed carrying capacity and smooth density limitation."
"logistic_growth",2.45,32.2888446204695,13.1178898507328,0.6,100,0,"explicit_euler","Logistic growth assumes a fixed carrying capacity and smooth density limitation."
"logistic_growth",2.5,32.9447391130061,13.2547084564595,0.6,100,0,"explicit_euler","Logistic growth assumes a fixed carrying capacity and smooth density limitation."
"logistic_growth",2.55,33.6074745358291,13.387710653439,0.6,100,0,"explicit_euler","Logistic growth assumes a fixed carrying capacity and smooth density limitation."
"logistic_growth",2.6,34.276860068501,13.516697224167,0.6,100,0,"explicit_euler","Logistic growth assumes a fixed carrying capacity and smooth density limitation."
"logistic_growth",2.65,34.9526949297094,13.6414716607296,0.6,100,0,"explicit_euler","Logistic growth assumes a fixed carrying capacity and smooth density limitation."
"logistic_growth",2.7,35.6347685127459,13.7618407459056,0.6,100,0,"explicit_euler","Logistic growth assumes a fixed carrying capacity and smooth density limitation."
"logistic_growth",2.75,36.3228605500411,13.8776151387983,0.6,100,0,"explicit_euler","Logistic growth assumes a fixed carrying capacity and smooth density limitation."
"logistic_growth",2.8,37.0167413069811,13.9886099622609,0.6,100,0,"explicit_euler","Logistic growth assumes a fixed carrying capacity and smooth density limitation."
"logistic_growth",2.85,37.7161718050941,14.0946453892682,0.6,100,0,"explicit_euler","Logistic growth assumes a fixed carrying capacity and smooth density limitation."
"logistic_growth",2.9,38.4209040745575,14.1955472252964,0.6,100,0,"explicit_euler","Logistic growth assumes a fixed carrying capacity and smooth density limitation."
"logistic_growth",2.95,39.1306814358223,14.2911474837025,0.6,100,0,"explicit_euler","Logistic growth assumes a fixed carrying capacity and smooth density limitation."
"logistic_growth",3,39.8452388100075,14.3812849510453,0.6,100,0,"explicit_euler","Logistic growth assumes a fixed carrying capacity and smooth density limitation."
"logistic_growth",3.05,40.5643030575597,14.4658057392625,0.6,100,0,"explicit_euler","Logistic growth assumes a fixed carrying capacity and smooth density limitation."
"logistic_growth",3.1,41.2875933445229,14.5445638216176,0.6,100,0,"explicit_euler","Logistic growth assumes a fixed carrying capacity and smooth density limitation."
"logistic_growth",3.15,42.0148215356037,14.6174215493505,0.6,100,0,"explicit_euler","Logistic growth assumes a fixed carrying capacity and smooth density limitation."
"logistic_growth",3.2,42.7456926130713,14.6842501460157,0.6,100,0,"explicit_euler","Logistic growth assumes a fixed carrying capacity and smooth density limitation."
"logistic_growth",3.25,43.479905120372,14.7449301765639,0.6,100,0,"explicit_euler","Logistic growth assumes a fixed carrying capacity and smooth density limitation."
"logistic_growth",3.3,44.2171516292002,14.799351988322,0.6,100,0,"explicit_euler","Logistic growth assumes a fixed carrying capacity and smooth density limitation."
"logistic_growth",3.35,44.9571192286163,14.8474161211537,0.6,100,0,"explicit_euler","Logistic growth assumes a fixed carrying capacity and smooth density limitation."
"logistic_growth",3.4,45.699490034674,14.8890336842288,0.6,100,0,"explicit_euler","Logistic growth assumes a fixed carrying capacity and smooth density limitation."
"logistic_growth",3.45,46.4439417188855,14.9241266970079,0.6,100,0,"explicit_euler","Logistic growth assumes a fixed carrying capacity and smooth density limitation."
"logistic_growth",3.5,47.1901480537359,14.9526283922405,0.6,100,0,"explicit_euler","Logistic growth assumes a fixed carrying capacity and smooth density limitation."
"logistic_growth",3.55,47.9377794733479,14.9744834789967,0.6,100,0,"explicit_euler","Logistic growth assumes a fixed carrying capacity and smooth density limitation."
"logistic_growth",3.6,48.6865036472977,14.9896483639886,0.6,100,0,"explicit_euler","Logistic growth assumes a fixed carrying capacity and smooth density limitation."
"logistic_growth",3.65,49.4359860654971,14.9980913296901,0.6,100,0,"explicit_euler","Logistic growth assumes a fixed carrying capacity and smooth density limitation."
"logistic_growth",3.7,50.1858906319816,14.9997926680376,0.6,100,0,"explicit_euler","Logistic growth assumes a fixed carrying capacity and smooth density limitation."
"logistic_growth",3.75,50.9358802653835,14.9947447687732,0.6,100,0,"explicit_euler","Logistic growth assumes a fixed carrying capacity and smooth density limitation."
"logistic_growth",3.8,51.6856175038222,14.9829521617848,0.6,100,0,"explicit_euler","Logistic growth assumes a fixed carrying capacity and smooth density limitation."
"logistic_growth",3.85,52.4347651119114,14.9644315130989,0.6,100,0,"explicit_euler","Logistic growth assumes a fixed carrying capacity and smooth density limitation."
"logistic_growth",3.9,53.1829866875664,14.9392115744807,0.6,100,0,"explicit_euler","Logistic growth assumes a fixed carrying capacity and smooth density limitation."
"logistic_growth",3.95,53.9299472662904,14.9073330869051,0.6,100,0,"explicit_euler","Logistic growth assumes a fixed carrying capacity and smooth density limitation."
"logistic_growth",4,54.6753139206357,14.8688486384611,0.6,100,0,"explicit_euler","Logistic growth assumes a fixed carrying capacity and smooth density limitation."
"logistic_growth",4.05,55.4187563525587,14.8238224775496,0.6,100,0,"explicit_euler","Logistic growth assumes a fixed carrying capacity and smooth density limitation."
"logistic_growth",4.1,56.1599474764362,14.7723302825253,0.6,100,0,"explicit_euler","Logistic growth assumes a fixed carrying capacity and smooth density limitation."
"logistic_growth",4.15,56.8985639905625,14.7144588892087,0.6,100,0,"explicit_euler","Logistic growth assumes a fixed carrying capacity and smooth density limitation."
"logistic_growth",4.2,57.6342869350229,14.6503059779624,0.6,100,0,"explicit_euler","Logistic growth assumes a fixed carrying capacity and smooth density limitation."
"logistic_growth",4.25,58.366802233921,14.5799797222707,0.6,100,0,"explicit_euler","Logistic growth assumes a fixed carrying capacity and smooth density limitation."
"logistic_growth",4.3,59.0958012200346,14.5035984009937,0.6,100,0,"explicit_euler","Logistic growth assumes a fixed carrying capacity and smooth density limitation."
"logistic_growth",4.35,59.8209811400842,14.4212899766767,0.6,100,0,"explicit_euler","Logistic growth assumes a fixed carrying capacity and smooth density limitation."
"logistic_growth",4.4,60.5420456389181,14.3331916424818,0.6,100,0,"explicit_euler","Logistic growth assumes a fixed carrying capacity and smooth density limitation."
"logistic_growth",4.45,61.2587052210422,14.2394493404741,0.6,100,0,"explicit_euler","Logistic growth assumes a fixed carrying capacity and smooth density limitation."
"logistic_growth",4.5,61.9706776880659,14.1402172541307,0.6,100,0,"explicit_euler","Logistic growth assumes a fixed carrying capacity and smooth density limitation."
"logistic_growth",4.55,62.6776885507724,14.0356572780577,0.6,100,0,"explicit_euler","Logistic growth assumes a fixed carrying capacity and smooth density limitation."
"logistic_growth",4.6,63.3794714146753,13.9259384679833,0.6,100,0,"explicit_euler","Logistic growth assumes a fixed carrying capacity and smooth density limitation."
"logistic_growth",4.65,64.0757683380745,13.8112364741572,0.6,100,0,"explicit_euler","Logistic growth assumes a fixed carrying capacity and smooth density limitation."
"logistic_growth",4.7,64.7663301617823,13.6917329613194,0.6,100,0,"explicit_euler","Logistic growth assumes a fixed carrying capacity and smooth density limitation."
"logistic_growth",4.75,65.4509168098483,13.5676150184109,0.6,100,0,"explicit_euler","Logistic growth assumes a fixed carrying capacity and smooth density limitation."
"logistic_growth",4.8,66.1292975607688,13.4390745611771,0.6,100,0,"explicit_euler","Logistic growth assumes a fixed carrying capacity and smooth density limitation."
"logistic_growth",4.85,66.8012512888277,13.306307730778,0.6,100,0,"explicit_euler","Logistic growth assumes a fixed carrying capacity and smooth density limitation."
"logistic_growth",4.9,67.4665666753666,13.1695142914498,0.6,100,0,"explicit_euler","Logistic growth assumes a fixed carrying capacity and smooth density limitation."
"logistic_growth",4.95,68.1250423899391,13.0288970301775,0.6,100,0,"explicit_euler","Logistic growth assumes a fixed carrying capacity and smooth density limitation."
"logistic_growth",5,68.7764872414479,12.8846611612305,0.6,100,0,"explicit_euler","Logistic growth assumes a fixed carrying capacity and smooth density limitation."
"logistic_growth",5.05,69.4207202995095,12.7370137382893,0.6,100,0,"explicit_euler","Logistic growth assumes a fixed carrying capacity and smooth density limitation."
"logistic_growth",5.1,70.0575709864239,12.5861630767474,0.6,100,0,"explicit_euler","Logistic growth assumes a fixed carrying capacity and smooth density limitation."
"logistic_growth",5.15,70.6868791402613,12.4323181886173,0.6,100,0,"explicit_euler","Logistic growth assumes a fixed carrying capacity and smooth density limitation."
"logistic_growth",5.2,71.3084950496922,12.2756882323035,0.6,100,0,"explicit_euler","Logistic growth assumes a fixed carrying capacity and smooth density limitation."
"logistic_growth",5.25,71.9222794613073,12.1164819793221,0.6,100,0,"explicit_euler","Logistic growth assumes a fixed carrying capacity and smooth density limitation."
"logistic_growth",5.3,72.5281035602734,11.9549072998656,0.6,100,0,"explicit_euler","Logistic growth assumes a fixed carrying capacity and smooth density limitation."
"logistic_growth",5.35,73.1258489252667,11.7911706689144,0.6,100,0,"explicit_euler","Logistic growth assumes a fixed carrying capacity and smooth density limitation."
"logistic_growth",5.4,73.7154074587124,11.6254766944035,0.6,100,0,"explicit_euler","Logistic growth assumes a fixed carrying capacity and smooth density limitation."
"logistic_growth",5.45,74.2966812934326,11.4580276687522,0.6,100,0,"explicit_euler","Logistic growth assumes a fixed carrying capacity and smooth density limitation."
"logistic_growth",5.5,74.8695826768702,11.2890231448699,0.6,100,0,"explicit_euler","Logistic growth assumes a fixed carrying capacity and smooth density limitation."
"logistic_growth",5.55,75.4340338341137,11.118659537551,0.6,100,0,"explicit_euler","Logistic growth assumes a fixed carrying capacity and smooth density limitation."
"logistic_growth",5.6,75.9899668109913,10.9471297509814,0.6,100,0,"explicit_euler","Logistic growth assumes a fixed carrying capacity and smooth density limitation."
"logistic_growth",5.65,76.5373232985403,10.7746228328925,0.6,100,0,"explicit_euler","Logistic growth assumes a fixed carrying capacity and smooth density limitation."
"logistic_growth",5.7,77.076054440185,10.6013236557128,0.6,100,0,"explicit_euler","Logistic growth assumes a fixed carrying capacity and smooth density limitation."
"logistic_growth",5.75,77.6061206229706,10.4274126249,0.6,100,0,"explicit_euler","Logistic growth assumes a fixed carrying capacity and smooth density limitation."
"logistic_growth",5.8,78.1274912542156,10.2530654144642,0.6,100,0,"explicit_euler","Logistic growth assumes a fixed carrying capacity and smooth density limitation."
"logistic_growth",5.85,78.6401445249388,10.0784527295437,0.6,100,0,"explicit_euler","Logistic growth assumes a fixed carrying capacity and smooth density limitation."
"logistic_growth",5.9,79.144067161416,9.90374009574525,0.6,100,0,"explicit_euler","Logistic growth assumes a fixed carrying capacity and smooth density limitation."
"logistic_growth",5.95,79.6392541662033,9.72908767482722,0.6,100,0,"explicit_euler","Logistic growth assumes a fixed carrying capacity and smooth density limitation."
"logistic_growth",6,80.1257085499446,9.55465010618276,0.6,100,0,"explicit_euler","Logistic growth assumes a fixed carrying capacity and smooth density limitation."
"logistic_growth",6.05,80.6034410552538,9.38057637346565,0.6,100,0,"explicit_euler","Logistic growth assumes a fixed carrying capacity and smooth density limitation."
"logistic_growth",6.1,81.072469873927,9.20700969560338,0.6,100,0,"explicit_euler","Logistic growth assumes a fixed carrying capacity and smooth density limitation."
"logistic_growth",6.15,81.5328203587072,9.034087441353,0.6,100,0,"explicit_euler","Logistic growth assumes a fixed carrying capacity and smooth density limitation."
"logistic_growth",6.2,81.9845247307749,8.86194106647871,0.6,100,0,"explicit_euler","Logistic growth assumes a fixed carrying capacity and smooth density limitation."
"logistic_growth",6.25,82.4276217840988,8.69069607256465,0.6,100,0,"explicit_euler","Logistic growth assumes a fixed carrying capacity and smooth density limitation."
"logistic_growth",6.3,82.862156587727,8.52047198642225,0.6,100,0,"explicit_euler","Logistic growth assumes a fixed carrying capacity and smooth density limitation."
"logistic_growth",6.35,83.2881801870481,8.35138235900769,0.6,100,0,"explicit_euler","Logistic growth assumes a fixed carrying capacity and smooth density limitation."
"logistic_growth",6.4,83.7057493049985,8.18353478273155,0.6,100,0,"explicit_euler","Logistic growth assumes a fixed carrying capacity and smooth density limitation."
"logistic_growth",6.45,84.1149260441351,8.01703092601915,0.6,100,0,"explicit_euler","Logistic growth assumes a fixed carrying capacity and smooth density limitation."
"logistic_growth",6.5,84.5157775904361,7.85196658396531,0.6,100,0,"explicit_euler","Logistic growth assumes a fixed carrying capacity and smooth density limitation."
"logistic_growth",6.55,84.9083759196343,7.68843174392097,0.6,100,0,"explicit_euler","Logistic growth assumes a fixed carrying capacity and smooth density limitation."
"logistic_growth",6.6,85.2927975068304,7.52651066485121,0.6,100,0,"explicit_euler","Logistic growth assumes a fixed carrying capacity and smooth density limitation."
"logistic_growth",6.65,85.6691230400729,7.36628196931283,0.6,100,0,"explicit_euler","Logistic growth assumes a fixed carrying capacity and smooth density limitation."
"logistic_growth",6.7,86.0374371385386,7.20781874691528,0.6,100,0,"explicit_euler","Logistic growth assumes a fixed carrying capacity and smooth density limitation."
"logistic_growth",6.75,86.3978280758843,7.05118866815019,0.6,100,0,"explicit_euler","Logistic growth assumes a fixed carrying capacity and smooth density limitation."
"logistic_growth",6.8,86.7503875092919,6.89645410750131,0.6,100,0,"explicit_euler","Logistic growth assumes a fixed carrying capacity and smooth density limitation."
"logistic_growth",6.85,87.0952102146669,6.74367227477803,0.6,100,0,"explicit_euler","Logistic growth assumes a fixed carrying capacity and smooth density limitation."
"logistic_growth",6.9,87.4323938284058,6.59289535365076,0.6,100,0,"explicit_euler","Logistic growth assumes a fixed carrying capacity and smooth density limitation."
"logistic_growth",6.95,87.7620385960884,6.4441706464052,0.6,100,0,"explicit_euler","Logistic growth assumes a fixed carrying capacity and smooth density limitation."
"logistic_growth",7,88.0842471284086,6.2975407239738,0.6,100,0,"explicit_euler","Logistic growth assumes a fixed carrying capacity and smooth density limitation."
"logistic_growth",7.05,88.3991241646073,6.15304358034642,0.6,100,0,"explicit_euler","Logistic growth assumes a fixed carrying capacity and smooth density limitation."
"logistic_growth",7.1,88.7067763436246,6.01071279050772,0.6,100,0,"explicit_euler","Logistic growth assumes a fixed carrying capacity and smooth density limitation."
"logistic_growth",7.15,89.00731198315,5.8705776710952,0.6,100,0,"explicit_euler","Logistic growth assumes a fixed carrying capacity and smooth density limitation."
"logistic_growth",7.2,89.3008408667048,5.73266344301968,0.6,100,0,"explicit_euler","Logistic growth assumes a fixed carrying capacity and smooth density limitation."
"logistic_growth",7.25,89.5874740388558,5.59699139533752,0.6,100,0,"explicit_euler","Logistic growth assumes a fixed carrying capacity and smooth density limitation."
"logistic_growth",7.3,89.8673236086227,5.46357904971215,0.6,100,0,"explicit_euler","Logistic growth assumes a fixed carrying capacity and smooth density limitation."
"logistic_growth",7.35,90.1405025611083,5.33244032484997,0.6,100,0,"explicit_euler","Logistic growth assumes a fixed carrying capacity and smooth density limitation."
"logistic_growth",7.4,90.4071245773508,5.20358570034274,0.6,100,0,"explicit_euler","Logistic growth assumes a fixed carrying capacity and smooth density limitation."
"logistic_growth",7.45,90.6673038623679,5.07702237939503,0.6,100,0,"explicit_euler","Logistic growth assumes a fixed carrying capacity and smooth density limitation."
"logistic_growth",7.5,90.9211549813376,4.95275444996008,0.6,100,0,"explicit_euler","Logistic growth assumes a fixed carrying capacity and smooth density limitation."
"logistic_growth",7.55,91.1687927038356,4.83078304385166,0.6,100,0,"explicit_euler","Logistic growth assumes a fixed carrying capacity and smooth density limitation."
"logistic_growth",7.6,91.4103318560282,4.71110649344168,0.6,100,0,"explicit_euler","Logistic growth assumes a fixed carrying capacity and smooth density limitation."
"logistic_growth",7.65,91.6458871807003,4.59372048559429,0.6,100,0,"explicit_euler","Logistic growth assumes a fixed carrying capacity and smooth density limitation."
"logistic_growth",7.7,91.87557320498,4.47861821252616,0.6,100,0,"explicit_euler","Logistic growth assumes a fixed carrying capacity and smooth density limitation."
"logistic_growth",7.75,92.0995041156063,4.36579051932028,0.6,100,0,"explicit_euler","Logistic growth assumes a fixed carrying capacity and smooth density limitation."
"logistic_growth",7.8,92.3177936415723,4.2552260478558,0.6,100,0,"explicit_euler","Logistic growth assumes a fixed carrying capacity and smooth density limitation."
"logistic_growth",7.85,92.5305549439651,4.14691137695018,0.6,100,0,"explicit_euler","Logistic growth assumes a fixed carrying capacity and smooth density limitation."
"logistic_growth",7.9,92.7379005128126,4.04083115854157,0.6,100,0,"explicit_euler","Logistic growth assumes a fixed carrying capacity and smooth density limitation."
"logistic_growth",7.95,92.9399420707397,3.9369682497691,0.6,100,0,"explicit_euler","Logistic growth assumes a fixed carrying capacity and smooth density limitation."
"logistic_growth",8,93.1367904832282,3.83530384083645,0.6,100,0,"explicit_euler","Logistic growth assumes a fixed carrying capacity and smooth density limitation."
"logistic_growth",8.05,93.32855567527,3.73581757857017,0.6,100,0,"explicit_euler","Logistic growth assumes a fixed carrying capacity and smooth density limitation."
"logistic_growth",8.1,93.5153465541985,3.63848768560803,0.6,100,0,"explicit_euler","Logistic growth assumes a fixed carrying capacity and smooth density limitation."
"logistic_growth",8.15,93.6972709384789,3.543291075175,0.6,100,0,"explicit_euler","Logistic growth assumes a fixed carrying capacity and smooth density limitation."
"logistic_growth",8.2,93.8744354922377,3.45020346142486,0.6,100,0,"explicit_euler","Logistic growth assumes a fixed carrying capacity and smooth density limitation."
"logistic_growth",8.25,94.0469456653089,3.35919946534395,0.6,100,0,"explicit_euler","Logistic growth assumes a fixed carrying capacity and smooth density limitation."
"logistic_growth",8.3,94.2149056385761,3.27025271623087,0.6,100,0,"explicit_euler","Logistic growth assumes a fixed carrying capacity and smooth density limitation."
"logistic_growth",8.35,94.3784182743876,3.18333594878098,0.6,100,0,"explicit_euler","Logistic growth assumes a fixed carrying capacity and smooth density limitation."
"logistic_growth",8.4,94.5375850718267,3.0984210958188,0.6,100,0,"explicit_euler","Logistic growth assumes a fixed carrying capacity and smooth density limitation."
"logistic_growth",8.45,94.6925061266176,3.01547937673346,0.6,100,0,"explicit_euler","Logistic growth assumes a fixed carrying capacity and smooth density limitation."
"logistic_growth",8.5,94.8432800954543,2.93448138168378,0.6,100,0,"explicit_euler","Logistic growth assumes a fixed carrying capacity and smooth density limitation."
"logistic_growth",8.55,94.9900041645385,2.85539715164885,0.6,100,0,"explicit_euler","Logistic growth assumes a fixed carrying capacity and smooth density limitation."
"logistic_growth",8.6,95.1327740221209,2.77819625440899,0.6,100,0,"explicit_euler","Logistic growth assumes a fixed carrying capacity and smooth density limitation."
"logistic_growth",8.65,95.2716838348414,2.70284785654896,0.6,100,0,"explicit_euler","Logistic growth assumes a fixed carrying capacity and smooth density limitation."
"logistic_growth",8.7,95.4068262276688,2.62932079158171,0.6,100,0,"explicit_euler","Logistic growth assumes a fixed carrying capacity and smooth density limitation."
"logistic_growth",8.75,95.5382922672479,2.55758362429625,0.6,100,0,"explicit_euler","Logistic growth assumes a fixed carrying capacity and smooth density limitation."
"logistic_growth",8.8,95.6661714484627,2.48760471143764,0.6,100,0,"explicit_euler","Logistic growth assumes a fixed carrying capacity and smooth density limitation."
"logistic_growth",8.85,95.7905516840346,2.41935225883053,0.6,100,0,"explicit_euler","Logistic growth assumes a fixed carrying capacity and smooth density limitation."
"logistic_growth",8.9,95.9115192969761,2.35279437506033,0.6,100,0,"explicit_euler","Logistic growth assumes a fixed carrying capacity and smooth density limitation."
"logistic_growth",8.95,96.0291590157291,2.28789912182832,0.6,100,0,"explicit_euler","Logistic growth assumes a fixed carrying capacity and smooth density limitation."
"logistic_growth",9,96.1435539718206,2.2246345610981,0.6,100,0,"explicit_euler","Logistic growth assumes a fixed carrying capacity and smooth density limitation."
"logistic_growth",9.05,96.2547856998755,2.16296879915158,0.6,100,0,"explicit_euler","Logistic growth assumes a fixed carrying capacity and smooth density limitation."
"logistic_growth",9.1,96.362934139833,2.10287002767302,0.6,100,0,"explicit_euler","Logistic growth assumes a fixed carrying capacity and smooth density limitation."
"logistic_growth",9.15,96.4680776412167,2.04430656197914,0.6,100,0,"explicit_euler","Logistic growth assumes a fixed carrying capacity and smooth density limitation."
"logistic_growth",9.2,96.5702929693156,1.98724687651266,0.6,100,0,"explicit_euler","Logistic growth assumes a fixed carrying capacity and smooth density limitation."
"logistic_growth",9.25,96.6696553131413,1.9316596377155,0.6,100,0,"explicit_euler","Logistic growth assumes a fixed carrying capacity and smooth density limitation."
"logistic_growth",9.3,96.766238295027,1.87751373439647,0.6,100,0,"explicit_euler","Logistic growth assumes a fixed carrying capacity and smooth density limitation."
"logistic_growth",9.35,96.8601139817469,1.82477830570615,0.6,100,0,"explicit_euler","Logistic growth assumes a fixed carrying capacity and smooth density limitation."
"logistic_growth",9.4,96.9513528970322,1.77342276683009,0.6,100,0,"explicit_euler","Logistic growth assumes a fixed carrying capacity and smooth density limitation."
"logistic_growth",9.45,97.0400240353737,1.72341683250879,0.6,100,0,"explicit_euler","Logistic growth assumes a fixed carrying capacity and smooth density limitation."
"logistic_growth",9.5,97.1261948769991,1.6747305384906,0.6,100,0,"explicit_euler","Logistic growth assumes a fixed carrying capacity and smooth density limitation."
"logistic_growth",9.55,97.2099314039237,1.62733426102093,0.6,100,0,"explicit_euler","Logistic growth assumes a fixed carrying capacity and smooth density limitation."
"logistic_growth",9.6,97.2912981169747,1.58119873446855,0.6,100,0,"explicit_euler","Logistic growth assumes a fixed carrying capacity and smooth density limitation."
"logistic_growth",9.65,97.3703580536981,1.53629506718662,0.6,100,0,"explicit_euler","Logistic growth assumes a fixed carrying capacity and smooth density limitation."
"logistic_growth",9.7,97.4471728070575,1.49259475570336,0.6,100,0,"explicit_euler","Logistic growth assumes a fixed carrying capacity and smooth density limitation."
"logistic_growth",9.75,97.5218025448426,1.45006969733393,0.6,100,0,"explicit_euler","Logistic growth assumes a fixed carrying capacity and smooth density limitation."
"logistic_growth",9.8,97.5943060297093,1.40869220130224,0.6,100,0,"explicit_euler","Logistic growth assumes a fixed carrying capacity and smooth density limitation."
"logistic_growth",9.85,97.6647406397744,1.36843499845821,0.6,100,0,"explicit_euler","Logistic growth assumes a fixed carrying capacity and smooth density limitation."
"logistic_growth",9.9,97.7331623896973,1.3292712496727,0.6,100,0,"explicit_euler","Logistic growth assumes a fixed carrying capacity and smooth density limitation."
"logistic_growth",9.95,97.799625952181,1.29117455298952,0.6,100,0,"explicit_euler","Logistic growth assumes a fixed carrying capacity and smooth density limitation."
"logistic_growth",10,97.8641846798304,1.25411894961051,0.6,100,0,"explicit_euler","Logistic growth assumes a fixed carrying capacity and smooth density limitation."
"logistic_growth",10.05,97.926890627311,1.21807892878663,0.6,100,0,"explicit_euler","Logistic growth assumes a fixed carrying capacity and smooth density limitation."
"logistic_growth",10.1,97.9877945737503,1.18302943168525,0.6,100,0,"explicit_euler","Logistic growth assumes a fixed carrying capacity and smooth density limitation."
"logistic_growth",10.15,98.0469460453346,1.14894585430026,0.6,100,0,"explicit_euler","Logistic growth assumes a fixed carrying capacity and smooth density limitation."
"logistic_growth",10.2,98.1043933380496,1.11580404946927,0.6,100,0,"explicit_euler","Logistic growth assumes a fixed carrying capacity and smooth density limitation."
"logistic_growth",10.25,98.160183540523,1.08358032805881,0.6,100,0,"explicit_euler","Logistic growth assumes a fixed carrying capacity and smooth density limitation."
"logistic_growth",10.3,98.214362556926,1.05225145937578,0.6,100,0,"explicit_euler","Logistic growth assumes a fixed carrying capacity and smooth density limitation."
"logistic_growth",10.35,98.2669751298947,1.02179467086073,0.6,100,0,"explicit_euler","Logistic growth assumes a fixed carrying capacity and smooth density limitation."
"logistic_growth",10.4,98.3180648634378,0.992187647115715,0.6,100,0,"explicit_euler","Logistic growth assumes a fixed carrying capacity and smooth density limitation."
"logistic_growth",10.45,98.3676742457936,0.963408528316785,0.6,100,0,"explicit_euler","Logistic growth assumes a fixed carrying capacity and smooth density limitation."
"logistic_growth",10.5,98.4158446722094,0.935435908058952,0.6,100,0,"explicit_euler","Logistic growth assumes a fixed carrying capacity and smooth density limitation."
"logistic_growth",10.55,98.4626164676123,0.908248830678649,0.6,100,0,"explicit_euler","Logistic growth assumes a fixed carrying capacity and smooth density limitation."
"logistic_growth",10.6,98.5080289091463,0.881826788096577,0.6,100,0,"explicit_euler","Logistic growth assumes a fixed carrying capacity and smooth density limitation."
"logistic_growth",10.65,98.5521202485511,0.856149716221405,0.6,100,0,"explicit_euler","Logistic growth assumes a fixed carrying capacity and smooth density limitation."
"logistic_growth",10.7,98.5949277343622,0.83119799095271,0.6,100,0,"explicit_euler","Logistic growth assumes a fixed carrying capacity and smooth density limitation."
"logistic_growth",10.75,98.6364876339098,0.80695242381923,0.6,100,0,"explicit_euler","Logistic growth assumes a fixed carrying capacity and smooth density limitation."
"logistic_growth",10.8,98.6768352551008,0.783394257286673,0.6,100,0,"explicit_euler","Logistic growth assumes a fixed carrying capacity and smooth density limitation."
"logistic_growth",10.85,98.7160049679651,0.760505159767192,0.6,100,0,"explicit_euler","Logistic growth assumes a fixed carrying capacity and smooth density limitation."
"logistic_growth",10.9,98.7540302259535,0.738267220360892,0.6,100,0,"explicit_euler","Logistic growth assumes a fixed carrying capacity and smooth density limitation."
"logistic_growth",10.95,98.7909435869715,0.716662943357773,0.6,100,0,"explicit_euler","Logistic growth assumes a fixed carrying capacity and smooth density limitation."
"logistic_growth",11,98.8267767341394,0.695675242527015,0.6,100,0,"explicit_euler","Logistic growth assumes a fixed carrying capacity and smooth density limitation."
"logistic_growth",11.05,98.8615604962658,0.675287435218565,0.6,100,0,"explicit_euler","Logistic growth assumes a fixed carrying capacity and smooth density limitation."
"logistic_growth",11.1,98.8953248680267,0.655483236300784,0.6,100,0,"explicit_euler","Logistic growth assumes a fixed carrying capacity and smooth density limitation."
"logistic_growth",11.15,98.9280990298417,0.636246751956003,0.6,100,0,"explicit_euler","Logistic growth assumes a fixed carrying capacity and smooth density limitation."
"logistic_growth",11.2,98.9599113674395,0.61756247335479,0.6,100,0,"explicit_euler","Logistic growth assumes a fixed carrying capacity and smooth density limitation."
"logistic_growth",11.25,98.9907894911073,0.599415270228082,0.6,100,0,"explicit_euler","Logistic growth assumes a fixed carrying capacity and smooth density limitation."
"logistic_growth",11.3,99.0207602546187,0.581790384355193,0.6,100,0,"explicit_euler","Logistic growth assumes a fixed carrying capacity and smooth density limitation."
"logistic_growth",11.35,99.0498497738364,0.56467342298447,0.6,100,0,"explicit_euler","Logistic growth assumes a fixed carrying capacity and smooth density limitation."
"logistic_growth",11.4,99.0780834449857,0.54805035220215,0.6,100,0,"explicit_euler","Logistic growth assumes a fixed carrying capacity and smooth density limitation."
"logistic_growth",11.45,99.1054859625958,0.531907490263863,0.6,100,0,"explicit_euler","Logistic growth assumes a fixed carrying capacity and smooth density limitation."
"logistic_growth",11.5,99.132081337109,0.516231500902258,0.6,100,0,"explicit_euler","Logistic growth assumes a fixed carrying capacity and smooth density limitation."
"logistic_growth",11.55,99.1578929121541,0.501009386623158,0.6,100,0,"explicit_euler","Logistic growth assumes a fixed carrying capacity and smooth density limitation."
"logistic_growth",11.6,99.1829433814852,0.486228482001707,0.6,100,0,"explicit_euler","Logistic growth assumes a fixed carrying capacity and smooth density limitation."
"logistic_growth",11.65,99.2072548055853,0.471876446989202,0.6,100,0,"explicit_euler","Logistic growth assumes a fixed carrying capacity and smooth density limitation."
"logistic_growth",11.7,99.2308486279348,0.457941260240236,0.6,100,0,"explicit_euler","Logistic growth assumes a fixed carrying capacity and smooth density limitation."
"logistic_growth",11.75,99.2537456909468,0.444411212469248,0.6,100,0,"explicit_euler","Logistic growth assumes a fixed carrying capacity and smooth density limitation."
"logistic_growth",11.8,99.2759662515703,0.431274899844654,0.6,100,0,"explicit_euler","Logistic growth assumes a fixed carrying capacity and smooth density limitation."
"logistic_growth",11.85,99.2975299965625,0.418521217428133,0.6,100,0,"explicit_euler","Logistic growth assumes a fixed carrying capacity and smooth density limitation."
"logistic_growth",11.9,99.3184560574339,0.406139352665774,0.6,100,0,"explicit_euler","Logistic growth assumes a fixed carrying capacity and smooth density limitation."
"logistic_growth",11.95,99.3387630250672,0.394118778937583,0.6,100,0,"explicit_euler","Logistic growth assumes a fixed carrying capacity and smooth density limitation."
"logistic_growth",12,99.3584689640141,0.38244924917076,0.6,100,0,"explicit_euler","Logistic growth assumes a fixed carrying capacity and smooth density limitation."
"logistic_growth",12.05,99.3775914264726,0.371120789522037,0.6,100,0,"explicit_euler","Logistic growth assumes a fixed carrying capacity and smooth density limitation."
"logistic_growth",12.1,99.3961474659487,0.360123693133497,0.6,100,0,"explicit_euler","Logistic growth assumes a fixed carrying capacity and smooth density limitation."
"logistic_growth",12.15,99.4141536506054,0.349448513966181,0.6,100,0,"explicit_euler","Logistic growth assumes a fixed carrying capacity and smooth density limitation."
"logistic_growth",12.2,99.4316260763037,0.339086060714957,0.6,100,0,"explicit_euler","Logistic growth assumes a fixed carrying capacity and smooth density limitation."
"logistic_growth",12.25,99.4485803793394,0.329027390808042,0.6,100,0,"explicit_euler","Logistic growth assumes a fixed carrying capacity and smooth density limitation."
"logistic_growth",12.3,99.4650317488798,0.319263804493857,0.6,100,0,"explicit_euler","Logistic growth assumes a fixed carrying capacity and smooth density limitation."
"logistic_growth",12.35,99.4809949391045,0.309786839017866,0.6,100,0,"explicit_euler","Logistic growth assumes a fixed carrying capacity and smooth density limitation."
"logistic_growth",12.4,99.4964842810554,0.300588262891396,0.6,100,0,"explicit_euler","Logistic growth assumes a fixed carrying capacity and smooth density limitation."
"logistic_growth",12.45,99.5115136942,0.291660070254273,0.6,100,0,"explicit_euler","Logistic growth assumes a fixed carrying capacity and smooth density limitation."
"logistic_growth",12.5,99.5260966977127,0.282994475332856,0.6,100,0,"explicit_euler","Logistic growth assumes a fixed carrying capacity and smooth density limitation."
"logistic_growth",12.55,99.5402464214794,0.274583906994608,0.6,100,0,"explicit_euler","Logistic growth assumes a fixed carrying capacity and smooth density limitation."
"logistic_growth",12.6,99.5539756168291,0.266421003400246,0.6,100,0,"explicit_euler","Logistic growth assumes a fixed carrying capacity and smooth density limitation."
"logistic_growth",12.65,99.5672966669991,0.258498606754203,0.6,100,0,"explicit_euler","Logistic growth assumes a fixed carrying capacity and smooth density limitation."
"logistic_growth",12.7,99.5802215973368,0.250809758153863,0.6,100,0,"explicit_euler","Logistic growth assumes a fixed carrying capacity and smooth density limitation."
"logistic_growth",12.75,99.5927620852445,0.243347692538013,0.6,100,0,"explicit_euler","Logistic growth assumes a fixed carrying capacity and smooth density limitation."
"logistic_growth",12.8,99.6049294698714,0.2361058337345,0.6,100,0,"explicit_euler","Logistic growth assumes a fixed carrying capacity and smooth density limitation."
"logistic_growth",12.85,99.6167347615581,0.229077789607132,0.6,100,0,"explicit_euler","Logistic growth assumes a fixed carrying capacity and smooth density limitation."
"logistic_growth",12.9,99.6281886510385,0.222257347301609,0.6,100,0,"explicit_euler","Logistic growth assumes a fixed carrying capacity and smooth density limitation."
"logistic_growth",12.95,99.6393015184036,0.215638468590104,0.6,100,0,"explicit_euler","Logistic growth assumes a fixed carrying capacity and smooth density limitation."
"logistic_growth",13,99.6500834418331,0.209215285314081,0.6,100,0,"explicit_euler","Logistic growth assumes a fixed carrying capacity and smooth density limitation."
"logistic_growth",13.05,99.6605442060988,0.202982094924655,0.6,100,0,"explicit_euler","Logistic growth assumes a fixed carrying capacity and smooth density limitation."
"logistic_growth",13.1,99.670693310845,0.196933356119857,0.6,100,0,"explicit_euler","Logistic growth assumes a fixed carrying capacity and smooth density limitation."
"logistic_growth",13.15,99.680539978651,0.191063684577961,0.6,100,0,"explicit_euler","Logistic growth assumes a fixed carrying capacity and smooth density limitation."
"logistic_growth",13.2,99.6900931628799,0.185367848785904,0.6,100,0,"explicit_euler","Logistic growth assumes a fixed carrying capacity and smooth density limitation."
"logistic_growth",13.25,99.6993615553192,0.179840765961967,0.6,100,0,"explicit_euler","Logistic growth assumes a fixed carrying capacity and smooth density limitation."
"logistic_growth",13.3,99.7083535936173,0.174477498071488,0.6,100,0,"explicit_euler","Logistic growth assumes a fixed carrying capacity and smooth density limitation."
"logistic_growth",13.35,99.7170774685209,0.16927324793457,0.6,100,0,"explicit_euler","Logistic growth assumes a fixed carrying capacity and smooth density limitation."
"logistic_growth",13.4,99.7255411309176,0.164223355424529,0.6,100,0,"explicit_euler","Logistic growth assumes a fixed carrying capacity and smooth density limitation."
"logistic_growth",13.45,99.7337522986888,0.159323293755983,0.6,100,0,"explicit_euler","Logistic growth assumes a fixed carrying capacity and smooth density limitation."
"logistic_growth",13.5,99.7417184633766,0.15456866586106,0.6,100,0,"explicit_euler","Logistic growth assumes a fixed carrying capacity and smooth density limitation."
"logistic_growth",13.55,99.7494468966697,0.149955200852661,0.6,100,0,"explicit_euler","Logistic growth assumes a fixed carrying capacity and smooth density limitation."
"logistic_growth",13.6,99.7569446567123,0.145478750573203,0.6,100,0,"explicit_euler","Logistic growth assumes a fixed carrying capacity and smooth density limitation."
"logistic_growth",13.65,99.764218594241,0.1411352862276,0.6,100,0,"explicit_euler","Logistic growth assumes a fixed carrying capacity and smooth density limitation."
"logistic_growth",13.7,99.7712753585524,0.136920895098946,0.6,100,0,"explicit_euler","Logistic growth assumes a fixed carrying capacity and smooth density limitation."
"logistic_growth",13.75,99.7781214033073,0.13283177734558,0.6,100,0,"explicit_euler","Logistic growth assumes a fixed carrying capacity and smooth density limitation."
"logistic_growth",13.8,99.7847629921746,0.128864242878013,0.6,100,0,"explicit_euler","Logistic growth assumes a fixed carrying capacity and smooth density limitation."
"logistic_growth",13.85,99.7912062043185,0.1250147083142,0.6,100,0,"explicit_euler","Logistic growth assumes a fixed carrying capacity and smooth density limitation."
"logistic_growth",13.9,99.7974569397342,0.121279694011897,0.6,100,0,"explicit_euler","Logistic growth assumes a fixed carrying capacity and smooth density limitation."
"logistic_growth",13.95,99.8035209244348,0.117655821176306,0.6,100,0,"explicit_euler","Logistic growth assumes a fixed carrying capacity and smooth density limitation."
"logistic_growth",14,99.8094037154936,0.114139809041824,0.6,100,0,"explicit_euler","Logistic growth assumes a fixed carrying capacity and smooth density limitation."
"logistic_growth",14.05,99.8151107059457,0.110728472126239,0.6,100,0,"explicit_euler","Logistic growth assumes a fixed carrying capacity and smooth density limitation."
"logistic_growth",14.1,99.820647129552,0.107418717555954,0.6,100,0,"explicit_euler","Logistic growth assumes a fixed carrying capacity and smooth density limitation."
"logistic_growth",14.15,99.8260180654298,0.104207542460766,0.6,100,0,"explicit_euler","Logistic growth assumes a fixed carrying capacity and smooth density limitation."
"logistic_growth",14.2,99.8312284425529,0.101092031436668,0.6,100,0,"explicit_euler","Logistic growth assumes a fixed carrying capacity and smooth density limitation."
"logistic_growth",14.25,99.8362830441247,0.0980693540753424,0.6,100,0,"explicit_euler","Logistic growth assumes a fixed carrying capacity and smooth density limitation."
"logistic_growth",14.3,99.8411865118285,0.0951367625587785,0.6,100,0,"explicit_euler","Logistic growth assumes a fixed carrying capacity and smooth density limitation."
"logistic_growth",14.35,99.8459433499564,0.0922915893176302,0.6,100,0,"explicit_euler","Logistic growth assumes a fixed carrying capacity and smooth density limitation."
"logistic_growth",14.4,99.8505579294223,0.089531244751888,0.6,100,0,"explicit_euler","Logistic growth assumes a fixed carrying capacity and smooth density limitation."
"logistic_growth",14.45,99.8550344916599,0.0868532150124302,0.6,100,0,"explicit_euler","Logistic growth assumes a fixed carrying capacity and smooth density limitation."
"logistic_growth",14.5,99.8593771524105,0.0842550598421215,0.6,100,0,"explicit_euler","Logistic growth assumes a fixed carrying capacity and smooth density limitation."
"logistic_growth",14.55,99.8635899054026,0.0817344104749949,0.6,100,0,"explicit_euler","Logistic growth assumes a fixed carrying capacity and smooth density limitation."
"logistic_growth",14.6,99.8676766259263,0.0792889675922396,0.6,100,0,"explicit_euler","Logistic growth assumes a fixed carrying capacity and smooth density limitation."
"logistic_growth",14.65,99.8716410743059,0.0769164993336046,0.6,100,0,"explicit_euler","Logistic growth assumes a fixed carrying capacity and smooth density limitation."
"logistic_growth",14.7,99.8754868992726,0.074614839362915,0.6,100,0,"explicit_euler","Logistic growth assumes a fixed carrying capacity and smooth density limitation."
"logistic_growth",14.75,99.8792176412408,0.0723818849864203,0.6,100,0,"explicit_euler","Logistic growth assumes a fixed carrying capacity and smooth density limitation."
"logistic_growth",14.8,99.8828367354901,0.07021559532265,0.6,100,0,"explicit_euler","Logistic growth assumes a fixed carrying capacity and smooth density limitation."
"logistic_growth",14.85,99.8863475152562,0.0681139895225482,0.6,100,0,"explicit_euler","Logistic growth assumes a fixed carrying capacity and smooth density limitation."
"logistic_growth",14.9,99.8897532147323,0.0660751450386277,0.6,100,0,"explicit_euler","Logistic growth assumes a fixed carrying capacity and smooth density limitation."
"logistic_growth",14.95,99.8930569719843,0.0640971959419957,0.6,100,0,"explicit_euler","Logistic growth assumes a fixed carrying capacity and smooth density limitation."
"logistic_growth",15,99.8962618317814,0.0621783312859099,0.6,100,0,"explicit_euler","Logistic growth assumes a fixed carrying capacity and smooth density limitation."
"bistable_threshold",0,0.35,-0.011375,0.4,0,0,"explicit_euler","Threshold behavior is illustrative and should not be interpreted without evidence for the threshold."
"bistable_threshold",0.05,0.34943125,-0.0114957459742258,0.4,0,0,"explicit_euler","Threshold behavior is illustrative and should not be interpreted without evidence for the threshold."
"bistable_threshold",0.1,0.348856462701289,-0.0116175424934544,0.4,0,0,"explicit_euler","Threshold behavior is illustrative and should not be interpreted without evidence for the threshold."
"bistable_threshold",0.15,0.348275585576616,-0.0117403921754553,0.4,0,0,"explicit_euler","Threshold behavior is illustrative and should not be interpreted without evidence for the threshold."
"bistable_threshold",0.2,0.347688565967843,-0.0118642974279219,0.4,0,0,"explicit_euler","Threshold behavior is illustrative and should not be interpreted without evidence for the threshold."
"bistable_threshold",0.25,0.347095351096447,-0.0119892604406865,0.4,0,0,"explicit_euler","Threshold behavior is illustrative and should not be interpreted without evidence for the threshold."
"bistable_threshold",0.3,0.346495888074413,-0.012115283177761,0.4,0,0,"explicit_euler","Threshold behavior is illustrative and should not be interpreted without evidence for the threshold."
"bistable_threshold",0.35,0.345890123915525,-0.012242367369199,0.4,0,0,"explicit_euler","Threshold behavior is illustrative and should not be interpreted without evidence for the threshold."
"bistable_threshold",0.4,0.345278005547065,-0.01237051450278,0.4,0,0,"explicit_euler","Threshold behavior is illustrative and should not be interpreted without evidence for the threshold."
"bistable_threshold",0.45,0.344659479821926,-0.0124997258155125,0.4,0,0,"explicit_euler","Threshold behavior is illustrative and should not be interpreted without evidence for the threshold."
"bistable_threshold",0.5,0.34403449353115,-0.0126300022849561,0.4,0,0,"explicit_euler","Threshold behavior is illustrative and should not be interpreted without evidence for the threshold."
"bistable_threshold",0.55,0.343402993416902,-0.0127613446203605,0.4,0,0,"explicit_euler","Threshold behavior is illustrative and should not be interpreted without evidence for the threshold."
"bistable_threshold",0.6,0.342764926185884,-0.0128937532536216,0.4,0,0,"explicit_euler","Threshold behavior is illustrative and should not be interpreted without evidence for the threshold."
"bistable_threshold",0.65,0.342120238523203,-0.0130272283300529,0.4,0,0,"explicit_euler","Threshold behavior is illustrative and should not be interpreted without evidence for the threshold."
"bistable_threshold",0.7,0.341468877106701,-0.0131617696989714,0.4,0,0,"explicit_euler","Threshold behavior is illustrative and should not be interpreted without evidence for the threshold."
"bistable_threshold",0.75,0.340810788621752,-0.0132973769040993,0.4,0,0,"explicit_euler","Threshold behavior is illustrative and should not be interpreted without evidence for the threshold."
"bistable_threshold",0.8,0.340145919776547,-0.0134340491737787,0.4,0,0,"explicit_euler","Threshold behavior is illustrative and should not be interpreted without evidence for the threshold."
"bistable_threshold",0.85,0.339474217317858,-0.0135717854110012,0.4,0,0,"explicit_euler","Threshold behavior is illustrative and should not be interpreted without evidence for the threshold."
"bistable_threshold",0.9,0.338795628047308,-0.0137105841832525,0.4,0,0,"explicit_euler","Threshold behavior is illustrative and should not be interpreted without evidence for the threshold."
"bistable_threshold",0.95,0.338110098838146,-0.0138504437121701,0.4,0,0,"explicit_euler","Threshold behavior is illustrative and should not be interpreted without evidence for the threshold."
"bistable_threshold",1,0.337417576652537,-0.0139913618630183,0.4,0,0,"explicit_euler","Threshold behavior is illustrative and should not be interpreted without evidence for the threshold."
"bistable_threshold",1.05,0.336718008559386,-0.0141333361339786,0.4,0,0,"explicit_euler","Threshold behavior is illustrative and should not be interpreted without evidence for the threshold."
"bistable_threshold",1.1,0.336011341752687,-0.0142763636452573,0.4,0,0,"explicit_euler","Threshold behavior is illustrative and should not be interpreted without evidence for the threshold."
"bistable_threshold",1.15,0.335297523570424,-0.0144204411280126,0.4,0,0,"explicit_euler","Threshold behavior is illustrative and should not be interpreted without evidence for the threshold."
"bistable_threshold",1.2,0.334576501514024,-0.0145655649131021,0.4,0,0,"explicit_euler","Threshold behavior is illustrative and should not be interpreted without evidence for the threshold."
"bistable_threshold",1.25,0.333848223268369,-0.014711730919653,0.4,0,0,"explicit_euler","Threshold behavior is illustrative and should not be interpreted without evidence for the threshold."
"bistable_threshold",1.3,0.333112636722386,-0.0148589346434572,0.4,0,0,"explicit_euler","Threshold behavior is illustrative and should not be interpreted without evidence for the threshold."
"bistable_threshold",1.35,0.332369689990213,-0.0150071711451944,0.4,0,0,"explicit_euler","Threshold behavior is illustrative and should not be interpreted without evidence for the threshold."
"bistable_threshold",1.4,0.331619331432953,-0.0151564350384859,0.4,0,0,"explicit_euler","Threshold behavior is illustrative and should not be interpreted without evidence for the threshold."
"bistable_threshold",1.45,0.330861509681029,-0.015306720477783,0.4,0,0,"explicit_euler","Threshold behavior is illustrative and should not be interpreted without evidence for the threshold."
"bistable_threshold",1.5,0.33009617365714,-0.0154580211460932,0.4,0,0,"explicit_euler","Threshold behavior is illustrative and should not be interpreted without evidence for the threshold."
"bistable_threshold",1.55,0.329323272599835,-0.015610330242549,0.4,0,0,"explicit_euler","Threshold behavior is illustrative and should not be interpreted without evidence for the threshold."
"bistable_threshold",1.6,0.328542756087708,-0.0157636404698245,0.4,0,0,"explicit_euler","Threshold behavior is illustrative and should not be interpreted without evidence for the threshold."
"bistable_threshold",1.65,0.327754574064217,-0.015917944021403,0.4,0,0,"explicit_euler","Threshold behavior is illustrative and should not be interpreted without evidence for the threshold."
"bistable_threshold",1.7,0.326958676863146,-0.0160732325687042,0.4,0,0,"explicit_euler","Threshold behavior is illustrative and should not be interpreted without evidence for the threshold."
"bistable_threshold",1.75,0.326155015234711,-0.0162294972480745,0.4,0,0,"explicit_euler","Threshold behavior is illustrative and should not be interpreted without evidence for the threshold."
"bistable_threshold",1.8,0.325343540372308,-0.0163867286476481,0.4,0,0,"explicit_euler","Threshold behavior is illustrative and should not be interpreted without evidence for the threshold."
"bistable_threshold",1.85,0.324524203939925,-0.0165449167940868,0.4,0,0,"explicit_euler","Threshold behavior is illustrative and should not be interpreted without evidence for the threshold."
"bistable_threshold",1.9,0.323696958100221,-0.0167040511392045,0.4,0,0,"explicit_euler","Threshold behavior is illustrative and should not be interpreted without evidence for the threshold."
"bistable_threshold",1.95,0.32286175554326,-0.0168641205464865,0.4,0,0,"explicit_euler","Threshold behavior is illustrative and should not be interpreted without evidence for the threshold."
"bistable_threshold",2,0.322018549515936,-0.0170251132775111,0.4,0,0,"explicit_euler","Threshold behavior is illustrative and should not be interpreted without evidence for the threshold."
"bistable_threshold",2.05,0.321167293852061,-0.017187016978284,0.4,0,0,"explicit_euler","Threshold behavior is illustrative and should not be interpreted without evidence for the threshold."
"bistable_threshold",2.1,0.320307943003146,-0.0173498186654949,0.4,0,0,"explicit_euler","Threshold behavior is illustrative and should not be interpreted without evidence for the threshold."
"bistable_threshold",2.15,0.319440452069872,-0.0175135047127073,0.4,0,0,"explicit_euler","Threshold behavior is illustrative and should not be interpreted without evidence for the threshold."
"bistable_threshold",2.2,0.318564776834236,-0.0176780608364938,0.4,0,0,"explicit_euler","Threshold behavior is illustrative and should not be interpreted without evidence for the threshold."
"bistable_threshold",2.25,0.317680873792412,-0.0178434720825273,0.4,0,0,"explicit_euler","Threshold behavior is illustrative and should not be interpreted without evidence for the threshold."
"bistable_threshold",2.3,0.316788700188285,-0.0180097228116428,0.4,0,0,"explicit_euler","Threshold behavior is illustrative and should not be interpreted without evidence for the threshold."
"bistable_threshold",2.35,0.315888214047703,-0.0181767966858822,0.4,0,0,"explicit_euler","Threshold behavior is illustrative and should not be interpreted without evidence for the threshold."
"bistable_threshold",2.4,0.314979374213409,-0.0183446766545371,0.4,0,0,"explicit_euler","Threshold behavior is illustrative and should not be interpreted without evidence for the threshold."
"bistable_threshold",2.45,0.314062140380682,-0.0185133449402048,0.4,0,0,"explicit_euler","Threshold behavior is illustrative and should not be interpreted without evidence for the threshold."
"bistable_threshold",2.5,0.313136473133672,-0.0186827830248722,0.4,0,0,"explicit_euler","Threshold behavior is illustrative and should not be interpreted without evidence for the threshold."
"bistable_threshold",2.55,0.312202333982428,-0.0188529716360471,0.4,0,0,"explicit_euler","Threshold behavior is illustrative and should not be interpreted without evidence for the threshold."
"bistable_threshold",2.6,0.311259685400626,-0.0190238907329505,0.4,0,0,"explicit_euler","Threshold behavior is illustrative and should not be interpreted without evidence for the threshold."
"bistable_threshold",2.65,0.310308490863978,-0.0191955194927929,0.4,0,0,"explicit_euler","Threshold behavior is illustrative and should not be interpreted without evidence for the threshold."
"bistable_threshold",2.7,0.309348714889339,-0.0193678362971499,0.4,0,0,"explicit_euler","Threshold behavior is illustrative and should not be interpreted without evidence for the threshold."
"bistable_threshold",2.75,0.308380323074481,-0.0195408187184596,0.4,0,0,"explicit_euler","Threshold behavior is illustrative and should not be interpreted without evidence for the threshold."
"bistable_threshold",2.8,0.307403282138558,-0.0197144435066625,0.4,0,0,"explicit_euler","Threshold behavior is illustrative and should not be interpreted without evidence for the threshold."
"bistable_threshold",2.85,0.306417559963225,-0.019888686576005,0.4,0,0,"explicit_euler","Threshold behavior is illustrative and should not be interpreted without evidence for the threshold."
"bistable_threshold",2.9,0.305423125634425,-0.0200635229920309,0.4,0,0,"explicit_euler","Threshold behavior is illustrative and should not be interpreted without evidence for the threshold."
"bistable_threshold",2.95,0.304419949484823,-0.0202389269587832,0.4,0,0,"explicit_euler","Threshold behavior is illustrative and should not be interpreted without evidence for the threshold."
"bistable_threshold",3,0.303408003136884,-0.0204148718062418,0.4,0,0,"explicit_euler","Threshold behavior is illustrative and should not be interpreted without evidence for the threshold."
"bistable_threshold",3.05,0.302387259546572,-0.020591329978023,0.4,0,0,"explicit_euler","Threshold behavior is illustrative and should not be interpreted without evidence for the threshold."
"bistable_threshold",3.1,0.301357693047671,-0.020768273019367,0.4,0,0,"explicit_euler","Threshold behavior is illustrative and should not be interpreted without evidence for the threshold."
"bistable_threshold",3.15,0.300319279396703,-0.0209456715654411,0.4,0,0,"explicit_euler","Threshold behavior is illustrative and should not be interpreted without evidence for the threshold."
"bistable_threshold",3.2,0.299271995818431,-0.0211234953299876,0.4,0,0,"explicit_euler","Threshold behavior is illustrative and should not be interpreted without evidence for the threshold."
"bistable_threshold",3.25,0.298215821051931,-0.0213017130943453,0.4,0,0,"explicit_euler","Threshold behavior is illustrative and should not be interpreted without evidence for the threshold."
"bistable_threshold",3.3,0.297150735397214,-0.0214802926968755,0.4,0,0,"explicit_euler","Threshold behavior is illustrative and should not be interpreted without evidence for the threshold."
"bistable_threshold",3.35,0.29607672076237,-0.0216592010228241,0.4,0,0,"explicit_euler","Threshold behavior is illustrative and should not be interpreted without evidence for the threshold."
"bistable_threshold",3.4,0.294993760711229,-0.021838403994652,0.4,0,0,"explicit_euler","Threshold behavior is illustrative and should not be interpreted without evidence for the threshold."
"bistable_threshold",3.45,0.293901840511496,-0.0220178665628663,0.4,0,0,"explicit_euler","Threshold behavior is illustrative and should not be interpreted without evidence for the threshold."
"bistable_threshold",3.5,0.292800947183353,-0.0221975526973881,0.4,0,0,"explicit_euler","Threshold behavior is illustrative and should not be interpreted without evidence for the threshold."
"bistable_threshold",3.55,0.291691069548484,-0.0223774253794908,0.4,0,0,"explicit_euler","Threshold behavior is illustrative and should not be interpreted without evidence for the threshold."
"bistable_threshold",3.6,0.290572198279509,-0.0225574465943447,0.4,0,0,"explicit_euler","Threshold behavior is illustrative and should not be interpreted without evidence for the threshold."
"bistable_threshold",3.65,0.289444325949792,-0.0227375773242062,0.4,0,0,"explicit_euler","Threshold behavior is illustrative and should not be interpreted without evidence for the threshold."
"bistable_threshold",3.7,0.288307447083581,-0.0229177775422871,0.4,0,0,"explicit_euler","Threshold behavior is illustrative and should not be interpreted without evidence for the threshold."
"bistable_threshold",3.75,0.287161558206467,-0.023098006207344,0.4,0,0,"explicit_euler","Threshold behavior is illustrative and should not be interpreted without evidence for the threshold."
"bistable_threshold",3.8,0.2860066578961,-0.0232782212590261,0.4,0,0,"explicit_euler","Threshold behavior is illustrative and should not be interpreted without evidence for the threshold."
"bistable_threshold",3.85,0.284842746833149,-0.0234583796140213,0.4,0,0,"explicit_euler","Threshold behavior is illustrative and should not be interpreted without evidence for the threshold."
"bistable_threshold",3.9,0.283669827852448,-0.0236384371630419,0.4,0,0,"explicit_euler","Threshold behavior is illustrative and should not be interpreted without evidence for the threshold."
"bistable_threshold",3.95,0.282487905994295,-0.023818348768689,0.4,0,0,"explicit_euler","Threshold behavior is illustrative and should not be interpreted without evidence for the threshold."
"bistable_threshold",4,0.281296988555861,-0.0239980682642394,0.4,0,0,"explicit_euler","Threshold behavior is illustrative and should not be interpreted without evidence for the threshold."
"bistable_threshold",4.05,0.280097085142649,-0.024177548453395,0.4,0,0,"explicit_euler","Threshold behavior is illustrative and should not be interpreted without evidence for the threshold."
"bistable_threshold",4.1,0.278888207719979,-0.0243567411110392,0.4,0,0,"explicit_euler","Threshold behavior is illustrative and should not be interpreted without evidence for the threshold."
"bistable_threshold",4.15,0.277670370664427,-0.0245355969850411,0.4,0,0,"explicit_euler","Threshold behavior is illustrative and should not be interpreted without evidence for the threshold."
"bistable_threshold",4.2,0.276443590815175,-0.0247140657991516,0.4,0,0,"explicit_euler","Threshold behavior is illustrative and should not be interpreted without evidence for the threshold."
"bistable_threshold",4.25,0.275207887525218,-0.0248920962570342,0.4,0,0,"explicit_euler","Threshold behavior is illustrative and should not be interpreted without evidence for the threshold."
"bistable_threshold",4.3,0.273963282712366,-0.0250696360474745,0.4,0,0,"explicit_euler","Threshold behavior is illustrative and should not be interpreted without evidence for the threshold."
"bistable_threshold",4.35,0.272709800909992,-0.0252466318508096,0.4,0,0,"explicit_euler","Threshold behavior is illustrative and should not be interpreted without evidence for the threshold."
"bistable_threshold",4.4,0.271447469317452,-0.0254230293466237,0.4,0,0,"explicit_euler","Threshold behavior is illustrative and should not be interpreted without evidence for the threshold."
"bistable_threshold",4.45,0.270176317850121,-0.0255987732227491,0.4,0,0,"explicit_euler","Threshold behavior is illustrative and should not be interpreted without evidence for the threshold."
"bistable_threshold",4.5,0.268896379188983,-0.025773807185618,0.4,0,0,"explicit_euler","Threshold behavior is illustrative and should not be interpreted without evidence for the threshold."
"bistable_threshold",4.55,0.267607688829702,-0.0259480739720057,0.4,0,0,"explicit_euler","Threshold behavior is illustrative and should not be interpreted without evidence for the threshold."
"bistable_threshold",4.6,0.266310285131102,-0.0261215153622068,0.4,0,0,"explicit_euler","Threshold behavior is illustrative and should not be interpreted without evidence for the threshold."
"bistable_threshold",4.65,0.265004209362992,-0.0262940721946854,0.4,0,0,"explicit_euler","Threshold behavior is illustrative and should not be interpreted without evidence for the threshold."
"bistable_threshold",4.7,0.263689505753257,-0.0264656843822387,0.4,0,0,"explicit_euler","Threshold behavior is illustrative and should not be interpreted without evidence for the threshold."
"bistable_threshold",4.75,0.262366221534145,-0.0266362909297135,0.4,0,0,"explicit_euler","Threshold behavior is illustrative and should not be interpreted without evidence for the threshold."
"bistable_threshold",4.8,0.26103440698766,-0.0268058299533122,0.4,0,0,"explicit_euler","Threshold behavior is illustrative and should not be interpreted without evidence for the threshold."
"bistable_threshold",4.85,0.259694115489994,-0.0269742387015258,0.4,0,0,"explicit_euler","Threshold behavior is illustrative and should not be interpreted without evidence for the threshold."
"bistable_threshold",4.9,0.258345403554918,-0.0271414535777276,0.4,0,0,"explicit_euler","Threshold behavior is illustrative and should not be interpreted without evidence for the threshold."
"bistable_threshold",4.95,0.256988330876031,-0.0273074101644618,0.4,0,0,"explicit_euler","Threshold behavior is illustrative and should not be interpreted without evidence for the threshold."
"bistable_threshold",5,0.255622960367808,-0.027472043249458,0.4,0,0,"explicit_euler","Threshold behavior is illustrative and should not be interpreted without evidence for the threshold."
"bistable_threshold",5.05,0.254249358205335,-0.0276352868534006,0.4,0,0,"explicit_euler","Threshold behavior is illustrative and should not be interpreted without evidence for the threshold."
"bistable_threshold",5.1,0.252867593862665,-0.0277970742594809,0.4,0,0,"explicit_euler","Threshold behavior is illustrative and should not be interpreted without evidence for the threshold."
"bistable_threshold",5.15,0.251477740149691,-0.027957338044757,0.4,0,0,"explicit_euler","Threshold behavior is illustrative and should not be interpreted without evidence for the threshold."
"bistable_threshold",5.2,0.250079873247453,-0.0281160101133429,0.4,0,0,"explicit_euler","Threshold behavior is illustrative and should not be interpreted without evidence for the threshold."
"bistable_threshold",5.25,0.248674072741786,-0.0282730217314476,0.4,0,0,"explicit_euler","Threshold behavior is illustrative and should not be interpreted without evidence for the threshold."
"bistable_threshold",5.3,0.247260421655214,-0.0284283035642801,0.4,0,0,"explicit_euler","Threshold behavior is illustrative and should not be interpreted without evidence for the threshold."
"bistable_threshold",5.35,0.245839006477,-0.0285817857148347,0.4,0,0,"explicit_euler","Threshold behavior is illustrative and should not be interpreted without evidence for the threshold."
"bistable_threshold",5.4,0.244409917191258,-0.0287333977645659,0.4,0,0,"explicit_euler","Threshold behavior is illustrative and should not be interpreted without evidence for the threshold."
"bistable_threshold",5.45,0.24297324730303,-0.0288830688159618,0.4,0,0,"explicit_euler","Threshold behavior is illustrative and should not be interpreted without evidence for the threshold."
"bistable_threshold",5.5,0.241529093862232,-0.029030727537017,0.4,0,0,"explicit_euler","Threshold behavior is illustrative and should not be interpreted without evidence for the threshold."
"bistable_threshold",5.55,0.240077557485381,-0.0291763022076055,0.4,0,0,"explicit_euler","Threshold behavior is illustrative and should not be interpreted without evidence for the threshold."
"bistable_threshold",5.6,0.238618742375001,-0.0293197207677502,0.4,0,0,"explicit_euler","Threshold behavior is illustrative and should not be interpreted without evidence for the threshold."
"bistable_threshold",5.65,0.237152756336613,-0.0294609108677776,0.4,0,0,"explicit_euler","Threshold behavior is illustrative and should not be interpreted without evidence for the threshold."
"bistable_threshold",5.7,0.235679710793224,-0.0295997999203467,0.4,0,0,"explicit_euler","Threshold behavior is illustrative and should not be interpreted without evidence for the threshold."
"bistable_threshold",5.75,0.234199720797207,-0.0297363151543339,0.4,0,0,"explicit_euler","Threshold behavior is illustrative and should not be interpreted without evidence for the threshold."
"bistable_threshold",5.8,0.23271290503949,-0.029870383670551,0.4,0,0,"explicit_euler","Threshold behavior is illustrative and should not be interpreted without evidence for the threshold."
"bistable_threshold",5.85,0.231219385855963,-0.0300019324992688,0.4,0,0,"explicit_euler","Threshold behavior is illustrative and should not be interpreted without evidence for the threshold."
"bistable_threshold",5.9,0.229719289230999,-0.0301308886595157,0.4,0,0,"explicit_euler","Threshold behavior is illustrative and should not be interpreted without evidence for the threshold."
"bistable_threshold",5.95,0.228212744798023,-0.0302571792201115,0.4,0,0,"explicit_euler","Threshold behavior is illustrative and should not be interpreted without evidence for the threshold."
"bistable_threshold",6,0.226699885837018,-0.0303807313623956,0.4,0,0,"explicit_euler","Threshold behavior is illustrative and should not be interpreted without evidence for the threshold."
"bistable_threshold",6.05,0.225180849268898,-0.0305014724446002,0.4,0,0,"explicit_euler","Threshold behavior is illustrative and should not be interpreted without evidence for the threshold."
"bistable_threshold",6.1,0.223655775646668,-0.0306193300678162,0.4,0,0,"explicit_euler","Threshold behavior is illustrative and should not be interpreted without evidence for the threshold."
"bistable_threshold",6.15,0.222124809143277,-0.0307342321434913,0.4,0,0,"explicit_euler","Threshold behavior is illustrative and should not be interpreted without evidence for the threshold."
"bistable_threshold",6.2,0.220588097536103,-0.0308461069623957,0.4,0,0,"explicit_euler","Threshold behavior is illustrative and should not be interpreted without evidence for the threshold."
"bistable_threshold",6.25,0.219045792187983,-0.0309548832649867,0.4,0,0,"explicit_euler","Threshold behavior is illustrative and should not be interpreted without evidence for the threshold."
"bistable_threshold",6.3,0.217498048024734,-0.0310604903130927,0.4,0,0,"explicit_euler","Threshold behavior is illustrative and should not be interpreted without evidence for the threshold."
"bistable_threshold",6.35,0.215945023509079,-0.0311628579628375,0.4,0,0,"explicit_euler","Threshold behavior is illustrative and should not be interpreted without evidence for the threshold."
"bistable_threshold",6.4,0.214386880610937,-0.0312619167387155,0.4,0,0,"explicit_euler","Threshold behavior is illustrative and should not be interpreted without evidence for the threshold."
"bistable_threshold",6.45,0.212823784774001,-0.0313575979087251,0.4,0,0,"explicit_euler","Threshold behavior is illustrative and should not be interpreted without evidence for the threshold."
"bistable_threshold",6.5,0.211255904878565,-0.0314498335604597,0.4,0,0,"explicit_euler","Threshold behavior is illustrative and should not be interpreted without evidence for the threshold."
"bistable_threshold",6.55,0.209683413200542,-0.031538556678054,0.4,0,0,"explicit_euler","Threshold behavior is illustrative and should not be interpreted without evidence for the threshold."
"bistable_threshold",6.6,0.208106485366639,-0.0316237012198718,0.4,0,0,"explicit_euler","Threshold behavior is illustrative and should not be interpreted without evidence for the threshold."
"bistable_threshold",6.65,0.206525300305646,-0.0317052021968231,0.4,0,0,"explicit_euler","Threshold behavior is illustrative and should not be interpreted without evidence for the threshold."
"bistable_threshold",6.7,0.204940040195805,-0.0317829957511857,0.4,0,0,"explicit_euler","Threshold behavior is illustrative and should not be interpreted without evidence for the threshold."
"bistable_threshold",6.75,0.203350890408245,-0.0318570192358085,0.4,0,0,"explicit_euler","Threshold behavior is illustrative and should not be interpreted without evidence for the threshold."
"bistable_threshold",6.8,0.201758039446455,-0.0319272112935628,0.4,0,0,"explicit_euler","Threshold behavior is illustrative and should not be interpreted without evidence for the threshold."
"bistable_threshold",6.85,0.200161678881777,-0.0319935119369066,0.4,0,0,"explicit_euler","Threshold behavior is illustrative and should not be interpreted without evidence for the threshold."
"bistable_threshold",6.9,0.198562003284931,-0.0320558626274214,0.4,0,0,"explicit_euler","Threshold behavior is illustrative and should not be interpreted without evidence for the threshold."
"bistable_threshold",6.95,0.19695921015356,-0.0321142063551774,0.4,0,0,"explicit_euler","Threshold behavior is illustrative and should not be interpreted without evidence for the threshold."
"bistable_threshold",7,0.195353499835802,-0.032168487717777,0.4,0,0,"explicit_euler","Threshold behavior is illustrative and should not be interpreted without evidence for the threshold."
"bistable_threshold",7.05,0.193745075449913,-0.0322186529989261,0.4,0,0,"explicit_euler","Threshold behavior is illustrative and should not be interpreted without evidence for the threshold."
"bistable_threshold",7.1,0.192134142799966,-0.0322646502463767,0.4,0,0,"explicit_euler","Threshold behavior is illustrative and should not be interpreted without evidence for the threshold."
"bistable_threshold",7.15,0.190520910287648,-0.0323064293490824,0.4,0,0,"explicit_euler","Threshold behavior is illustrative and should not be interpreted without evidence for the threshold."
"bistable_threshold",7.2,0.188905588820193,-0.0323439421134066,0.4,0,0,"explicit_euler","Threshold behavior is illustrative and should not be interpreted without evidence for the threshold."
"bistable_threshold",7.25,0.187288391714523,-0.0323771423382196,0.4,0,0,"explicit_euler","Threshold behavior is illustrative and should not be interpreted without evidence for the threshold."
"bistable_threshold",7.3,0.185669534597612,-0.0324059858887204,0.4,0,0,"explicit_euler","Threshold behavior is illustrative and should not be interpreted without evidence for the threshold."
"bistable_threshold",7.35,0.184049235303176,-0.0324304307688169,0.4,0,0,"explicit_euler","Threshold behavior is illustrative and should not be interpreted without evidence for the threshold."
"bistable_threshold",7.4,0.182427713764735,-0.0324504371918987,0.4,0,0,"explicit_euler","Threshold behavior is illustrative and should not be interpreted without evidence for the threshold."
"bistable_threshold",7.45,0.18080519190514,-0.0324659676498348,0.4,0,0,"explicit_euler","Threshold behavior is illustrative and should not be interpreted without evidence for the threshold."
"bistable_threshold",7.5,0.179181893522649,-0.0324769869800297,0.4,0,0,"explicit_euler","Threshold behavior is illustrative and should not be interpreted without evidence for the threshold."
"bistable_threshold",7.55,0.177558044173647,-0.0324834624303728,0.4,0,0,"explicit_euler","Threshold behavior is illustrative and should not be interpreted without evidence for the threshold."
"bistable_threshold",7.6,0.175933871052128,-0.0324853637219166,0.4,0,0,"explicit_euler","Threshold behavior is illustrative and should not be interpreted without evidence for the threshold."
"bistable_threshold",7.65,0.174309602866033,-0.03248266310912,0.4,0,0,"explicit_euler","Threshold behavior is illustrative and should not be interpreted without evidence for the threshold."
"bistable_threshold",7.7,0.172685469710577,-0.0324753354374987,0.4,0,0,"explicit_euler","Threshold behavior is illustrative and should not be interpreted without evidence for the threshold."
"bistable_threshold",7.75,0.171061702938702,-0.0324633581985239,0.4,0,0,"explicit_euler","Threshold behavior is illustrative and should not be interpreted without evidence for the threshold."
"bistable_threshold",7.8,0.169438535028776,-0.0324467115816167,0.4,0,0,"explicit_euler","Threshold behavior is illustrative and should not be interpreted without evidence for the threshold."
"bistable_threshold",7.85,0.167816199449695,-0.0324253785230893,0.4,0,0,"explicit_euler","Threshold behavior is illustrative and should not be interpreted without evidence for the threshold."
"bistable_threshold",7.9,0.16619493052354,-0.0323993447518876,0.4,0,0,"explicit_euler","Threshold behavior is illustrative and should not be interpreted without evidence for the threshold."
"bistable_threshold",7.95,0.164574963285946,-0.032368598831997,0.4,0,0,"explicit_euler","Threshold behavior is illustrative and should not be interpreted without evidence for the threshold."
"bistable_threshold",8,0.162956533344346,-0.0323331322013766,0.4,0,0,"explicit_euler","Threshold behavior is illustrative and should not be interpreted without evidence for the threshold."
"bistable_threshold",8.05,0.161339876734277,-0.0322929392072972,0.4,0,0,"explicit_euler","Threshold behavior is illustrative and should not be interpreted without evidence for the threshold."
"bistable_threshold",8.1,0.159725229773912,-0.0322480171379609,0.4,0,0,"explicit_euler","Threshold behavior is illustrative and should not be interpreted without evidence for the threshold."
"bistable_threshold",8.15,0.158112828917014,-0.0321983662502904,0.4,0,0,"explicit_euler","Threshold behavior is illustrative and should not be interpreted without evidence for the threshold."
"bistable_threshold",8.2,0.1565029106045,-0.0321439897937845,0.4,0,0,"explicit_euler","Threshold behavior is illustrative and should not be interpreted without evidence for the threshold."
"bistable_threshold",8.25,0.15489571111481,-0.0320848940303417,0.4,0,0,"explicit_euler","Threshold behavior is illustrative and should not be interpreted without evidence for the threshold."
"bistable_threshold",8.3,0.153291466413293,-0.0320210882499671,0.4,0,0,"explicit_euler","Threshold behavior is illustrative and should not be interpreted without evidence for the threshold."
"bistable_threshold",8.35,0.151690412000795,-0.031952584782282,0.4,0,0,"explicit_euler","Threshold behavior is illustrative and should not be interpreted without evidence for the threshold."
"bistable_threshold",8.4,0.150092782761681,-0.0318793990037698,0.4,0,0,"explicit_euler","Threshold behavior is illustrative and should not be interpreted without evidence for the threshold."
"bistable_threshold",8.45,0.148498812811492,-0.0318015493406998,0.4,0,0,"explicit_euler","Threshold behavior is illustrative and should not be interpreted without evidence for the threshold."
"bistable_threshold",8.5,0.146908735344457,-0.0317190572676807,0.4,0,0,"explicit_euler","Threshold behavior is illustrative and should not be interpreted without evidence for the threshold."
"bistable_threshold",8.55,0.145322782481073,-0.031631947301806,0.4,0,0,"explicit_euler","Threshold behavior is illustrative and should not be interpreted without evidence for the threshold."
"bistable_threshold",8.6,0.143741185115983,-0.0315402469923676,0.4,0,0,"explicit_euler","Threshold behavior is illustrative and should not be interpreted without evidence for the threshold."
"bistable_threshold",8.65,0.142164172766365,-0.03144398690612,0.4,0,0,"explicit_euler","Threshold behavior is illustrative and should not be interpreted without evidence for the threshold."
"bistable_threshold",8.7,0.140591973421059,-0.0313432006080929,0.4,0,0,"explicit_euler","Threshold behavior is illustrative and should not be interpreted without evidence for the threshold."
"bistable_threshold",8.75,0.139024813390654,-0.0312379246379594,0.4,0,0,"explicit_euler","Threshold behavior is illustrative and should not be interpreted without evidence for the threshold."
"bistable_threshold",8.8,0.137462917158756,-0.0311281984819806,0.4,0,0,"explicit_euler","Threshold behavior is illustrative and should not be interpreted without evidence for the threshold."
"bistable_threshold",8.85,0.135906507234657,-0.0310140645405549,0.4,0,0,"explicit_euler","Threshold behavior is illustrative and should not be interpreted without evidence for the threshold."
"bistable_threshold",8.9,0.134355804007629,-0.0308955680914169,0.4,0,0,"explicit_euler","Threshold behavior is illustrative and should not be interpreted without evidence for the threshold."
"bistable_threshold",8.95,0.132811025603058,-0.0307727572485394,0.4,0,0,"explicit_euler","Threshold behavior is illustrative and should not be interpreted without evidence for the threshold."
"bistable_threshold",9,0.131272387740632,-0.0306456829168029,0.4,0,0,"explicit_euler","Threshold behavior is illustrative and should not be interpreted without evidence for the threshold."
"bistable_threshold",9.05,0.129740103594791,-0.0305143987425106,0.4,0,0,"explicit_euler","Threshold behavior is illustrative and should not be interpreted without evidence for the threshold."
"bistable_threshold",9.1,0.128214383657666,-0.0303789610598353,0.4,0,0,"explicit_euler","Threshold behavior is illustrative and should not be interpreted without evidence for the threshold."
"bistable_threshold",9.15,0.126695435604674,-0.0302394288332988,0.4,0,0,"explicit_euler","Threshold behavior is illustrative and should not be interpreted without evidence for the threshold."
"bistable_threshold",9.2,0.125183464163009,-0.0300958635963902,0.4,0,0,"explicit_euler","Threshold behavior is illustrative and should not be interpreted without evidence for the threshold."
"bistable_threshold",9.25,0.12367867098319,-0.0299483293864445,0.4,0,0,"explicit_euler","Threshold behavior is illustrative and should not be interpreted without evidence for the threshold."
"bistable_threshold",9.3,0.122181254513867,-0.0297968926759103,0.4,0,0,"explicit_euler","Threshold behavior is illustrative and should not be interpreted without evidence for the threshold."
"bistable_threshold",9.35,0.120691409880072,-0.0296416223001434,0.4,0,0,"explicit_euler","Threshold behavior is illustrative and should not be interpreted without evidence for the threshold."
"bistable_threshold",9.4,0.119209328765065,-0.0294825893818763,0.4,0,0,"explicit_euler","Threshold behavior is illustrative and should not be interpreted without evidence for the threshold."
"bistable_threshold",9.45,0.117735199295971,-0.0293198672525174,0.4,0,0,"explicit_euler","Threshold behavior is illustrative and should not be interpreted without evidence for the threshold."
"bistable_threshold",9.5,0.116269205933345,-0.0291535313704447,0.4,0,0,"explicit_euler","Threshold behavior is illustrative and should not be interpreted without evidence for the threshold."
"bistable_threshold",9.55,0.114811529364823,-0.0289836592364656,0.4,0,0,"explicit_euler","Threshold behavior is illustrative and should not be interpreted without evidence for the threshold."
"bistable_threshold",9.6,0.113362346403,-0.0288103303066191,0.4,0,0,"explicit_euler","Threshold behavior is illustrative and should not be interpreted without evidence for the threshold."
"bistable_threshold",9.65,0.111921829887669,-0.0286336259025069,0.4,0,0,"explicit_euler","Threshold behavior is illustrative and should not be interpreted without evidence for the threshold."
"bistable_threshold",9.7,0.110490148592543,-0.0284536291193416,0.4,0,0,"explicit_euler","Threshold behavior is illustrative and should not be interpreted without evidence for the threshold."
"bistable_threshold",9.75,0.109067467136576,-0.0282704247319065,0.4,0,0,"explicit_euler","Threshold behavior is illustrative and should not be interpreted without evidence for the threshold."
"bistable_threshold",9.8,0.107653945899981,-0.0280840990986275,0.4,0,0,"explicit_euler","Threshold behavior is illustrative and should not be interpreted without evidence for the threshold."
"bistable_threshold",9.85,0.106249740945049,-0.0278947400639574,0.4,0,0,"explicit_euler","Threshold behavior is illustrative and should not be interpreted without evidence for the threshold."
"bistable_threshold",9.9,0.104855003941852,-0.0277024368592799,0.4,0,0,"explicit_euler","Threshold behavior is illustrative and should not be interpreted without evidence for the threshold."
"bistable_threshold",9.95,0.103469882098888,-0.0275072800025392,0.4,0,0,"explicit_euler","Threshold behavior is illustrative and should not be interpreted without evidence for the threshold."
"bistable_threshold",10,0.102094518098761,-0.0273093611968051,0.4,0,0,"explicit_euler","Threshold behavior is illustrative and should not be interpreted without evidence for the threshold."
"bistable_threshold",10.05,0.10072905003892,-0.0271087732279832,0.4,0,0,"explicit_euler","Threshold behavior is illustrative and should not be interpreted without evidence for the threshold."
"bistable_threshold",10.1,0.0993736113775212,-0.0269056098618796,0.4,0,0,"explicit_euler","Threshold behavior is illustrative and should not be interpreted without evidence for the threshold."
"bistable_threshold",10.15,0.0980283308844273,-0.0266999657408302,0.4,0,0,"explicit_euler","Threshold behavior is illustrative and should not be interpreted without evidence for the threshold."
"bistable_threshold",10.2,0.0966933325973857,-0.0264919362801008,0.4,0,0,"explicit_euler","Threshold behavior is illustrative and should not be interpreted without evidence for the threshold."
"bistable_threshold",10.25,0.0953687357833807,-0.0262816175642667,0.4,0,0,"explicit_euler","Threshold behavior is illustrative and should not be interpreted without evidence for the threshold."
"bistable_threshold",10.3,0.0940546549051674,-0.026069106243773,0.4,0,0,"explicit_euler","Threshold behavior is illustrative and should not be interpreted without evidence for the threshold."
"bistable_threshold",10.35,0.0927511995929787,-0.0258544994318764,0.4,0,0,"explicit_euler","Threshold behavior is illustrative and should not be interpreted without evidence for the threshold."
"bistable_threshold",10.4,0.0914584746213849,-0.0256378946021663,0.4,0,0,"explicit_euler","Threshold behavior is illustrative and should not be interpreted without evidence for the threshold."
"bistable_threshold",10.45,0.0901765798912766,-0.0254193894868553,0.4,0,0,"explicit_euler","Threshold behavior is illustrative and should not be interpreted without evidence for the threshold."
"bistable_threshold",10.5,0.0889056104169338,-0.0251990819760276,0.4,0,0,"explicit_euler","Threshold behavior is illustrative and should not be interpreted without evidence for the threshold."
"bistable_threshold",10.55,0.0876456563181325,-0.0249770700180274,0.4,0,0,"explicit_euler","Threshold behavior is illustrative and should not be interpreted without evidence for the threshold."
"bistable_threshold",10.6,0.0863968028172311,-0.0247534515211622,0.4,0,0,"explicit_euler","Threshold behavior is illustrative and should not be interpreted without evidence for the threshold."
"bistable_threshold",10.65,0.085159130241173,-0.0245283242568905,0.4,0,0,"explicit_euler","Threshold behavior is illustrative and should not be interpreted without evidence for the threshold."
"bistable_threshold",10.7,0.0839327140283285,-0.0243017857646581,0.4,0,0,"explicit_euler","Threshold behavior is illustrative and should not be interpreted without evidence for the threshold."
"bistable_threshold",10.75,0.0827176247400956,-0.0240739332585369,0.4,0,0,"explicit_euler","Threshold behavior is illustrative and should not be interpreted without evidence for the threshold."
"bistable_threshold",10.8,0.0815139280771687,-0.023844863535815,0.4,0,0,"explicit_euler","Threshold behavior is illustrative and should not be interpreted without evidence for the threshold."
"bistable_threshold",10.85,0.080321684900378,-0.023614672887679,0.4,0,0,"explicit_euler","Threshold behavior is illustrative and should not be interpreted without evidence for the threshold."
"bistable_threshold",10.9,0.079140951255994,-0.0233834570121186,0.4,0,0,"explicit_euler","Threshold behavior is illustrative and should not be interpreted without evidence for the threshold."
"bistable_threshold",10.95,0.0779717784053881,-0.0231513109291807,0.4,0,0,"explicit_euler","Threshold behavior is illustrative and should not be interpreted without evidence for the threshold."
"bistable_threshold",11,0.0768142128589291,-0.0229183288986841,0.4,0,0,"explicit_euler","Threshold behavior is illustrative and should not be interpreted without evidence for the threshold."
"bistable_threshold",11.05,0.0756682964139949,-0.0226846043405059,0.4,0,0,"explicit_euler","Threshold behavior is illustrative and should not be interpreted without evidence for the threshold."
"bistable_threshold",11.1,0.0745340661969696,-0.0224502297575337,0.4,0,0,"explicit_euler","Threshold behavior is illustrative and should not be interpreted without evidence for the threshold."
"bistable_threshold",11.15,0.0734115547090929,-0.0222152966613749,0.4,0,0,"explicit_euler","Threshold behavior is illustrative and should not be interpreted without evidence for the threshold."
"bistable_threshold",11.2,0.0723007898760241,-0.0219798955009023,0.4,0,0,"explicit_euler","Threshold behavior is illustrative and should not be interpreted without evidence for the threshold."
"bistable_threshold",11.25,0.071201795100979,-0.0217441155937075,0.4,0,0,"explicit_euler","Threshold behavior is illustrative and should not be interpreted without evidence for the threshold."
"bistable_threshold",11.3,0.0701145893212936,-0.0215080450605236,0.4,0,0,"explicit_euler","Threshold behavior is illustrative and should not be interpreted without evidence for the threshold."
"bistable_threshold",11.35,0.0690391870682675,-0.0212717707626718,0.4,0,0,"explicit_euler","Threshold behavior is illustrative and should not be interpreted without evidence for the threshold."
"bistable_threshold",11.4,0.0679755985301339,-0.0210353782425752,0.4,0,0,"explicit_euler","Threshold behavior is illustrative and should not be interpreted without evidence for the threshold."
"bistable_threshold",11.45,0.0669238296180051,-0.0207989516673774,0.4,0,0,"explicit_euler","Threshold behavior is illustrative and should not be interpreted without evidence for the threshold."
"bistable_threshold",11.5,0.0658838820346363,-0.0205625737756917,0.4,0,0,"explicit_euler","Threshold behavior is illustrative and should not be interpreted without evidence for the threshold."
"bistable_threshold",11.55,0.0648557533458517,-0.0203263258275008,0.4,0,0,"explicit_euler","Threshold behavior is illustrative and should not be interpreted without evidence for the threshold."
"bistable_threshold",11.6,0.0638394370544766,-0.0200902875572194,0.4,0,0,"explicit_euler","Threshold behavior is illustrative and should not be interpreted without evidence for the threshold."
"bistable_threshold",11.65,0.0628349226766157,-0.0198545371299203,0.4,0,0,"explicit_euler","Threshold behavior is illustrative and should not be interpreted without evidence for the threshold."
"bistable_threshold",11.7,0.0618421958201196,-0.0196191511007218,0.4,0,0,"explicit_euler","Threshold behavior is illustrative and should not be interpreted without evidence for the threshold."
"bistable_threshold",11.75,0.0608612382650836,-0.0193842043773236,0.4,0,0,"explicit_euler","Threshold behavior is illustrative and should not be interpreted without evidence for the threshold."
"bistable_threshold",11.8,0.0598920280462174,-0.0191497701856726,0.4,0,0,"explicit_euler","Threshold behavior is illustrative and should not be interpreted without evidence for the threshold."
"bistable_threshold",11.85,0.0589345395369337,-0.0189159200387324,0.4,0,0,"explicit_euler","Threshold behavior is illustrative and should not be interpreted without evidence for the threshold."
"bistable_threshold",11.9,0.0579887435349971,-0.0186827237083251,0.4,0,0,"explicit_euler","Threshold behavior is illustrative and should not be interpreted without evidence for the threshold."
"bistable_threshold",11.95,0.0570546073495809,-0.0184502492000064,0.4,0,0,"explicit_euler","Threshold behavior is illustrative and should not be interpreted without evidence for the threshold."
"bistable_threshold",12,0.0561320948895805,-0.0182185627309304,0.4,0,0,"explicit_euler","Threshold behavior is illustrative and should not be interpreted without evidence for the threshold."
"bistable_threshold",12.05,0.055221166753034,-0.0179877287106537,0.4,0,0,"explicit_euler","Threshold behavior is illustrative and should not be interpreted without evidence for the threshold."
"bistable_threshold",12.1,0.0543217803175014,-0.0177578097248248,0.4,0,0,"explicit_euler","Threshold behavior is illustrative and should not be interpreted without evidence for the threshold."
"bistable_threshold",12.15,0.0534338898312601,-0.0175288665216987,0.4,0,0,"explicit_euler","Threshold behavior is illustrative and should not be interpreted without evidence for the threshold."
"bistable_threshold",12.2,0.0525574465051752,-0.0173009580014131,0.4,0,0,"explicit_euler","Threshold behavior is illustrative and should not be interpreted without evidence for the threshold."
"bistable_threshold",12.25,0.0516923986051045,-0.0170741412079574,0.4,0,0,"explicit_euler","Threshold behavior is illustrative and should not be interpreted without evidence for the threshold."
"bistable_threshold",12.3,0.0508386915447067,-0.0168484713237637,0.4,0,0,"explicit_euler","Threshold behavior is illustrative and should not be interpreted without evidence for the threshold."
"bistable_threshold",12.35,0.0499962679785185,-0.0166240016668437,0.4,0,0,"explicit_euler","Threshold behavior is illustrative and should not be interpreted without evidence for the threshold."
"bistable_threshold",12.4,0.0491650678951763,-0.0164007836903942,0.4,0,0,"explicit_euler","Threshold behavior is illustrative and should not be interpreted without evidence for the threshold."
"bistable_threshold",12.45,0.0483450287106566,-0.0161788669847895,0.4,0,0,"explicit_euler","Threshold behavior is illustrative and should not be interpreted without evidence for the threshold."
"bistable_threshold",12.5,0.0475360853614171,-0.0159582992818777,0.4,0,0,"explicit_euler","Threshold behavior is illustrative and should not be interpreted without evidence for the threshold."
"bistable_threshold",12.55,0.0467381703973232,-0.0157391264614962,0.4,0,0,"explicit_euler","Threshold behavior is illustrative and should not be interpreted without evidence for the threshold."
"bistable_threshold",12.6,0.0459512140742484,-0.0155213925601194,0.4,0,0,"explicit_euler","Threshold behavior is illustrative and should not be interpreted without evidence for the threshold."
"bistable_threshold",12.65,0.0451751444462424,-0.015305139781549,0.4,0,0,"explicit_euler","Threshold behavior is illustrative and should not be interpreted without evidence for the threshold."
"bistable_threshold",12.7,0.044409887457165,-0.0150904085095602,0.4,0,0,"explicit_euler","Threshold behavior is illustrative and should not be interpreted without evidence for the threshold."
"bistable_threshold",12.75,0.043655367031687,-0.0148772373224108,0.4,0,0,"explicit_euler","Threshold behavior is illustrative and should not be interpreted without evidence for the threshold."
"bistable_threshold",12.8,0.0429115051655664,-0.014665663009125,0.4,0,0,"explicit_euler","Threshold behavior is illustrative and should not be interpreted without evidence for the threshold."
"bistable_threshold",12.85,0.0421782220151102,-0.0144557205874595,0.4,0,0,"explicit_euler","Threshold behavior is illustrative and should not be interpreted without evidence for the threshold."
"bistable_threshold",12.9,0.0414554359857372,-0.0142474433234621,0.4,0,0,"explicit_euler","Threshold behavior is illustrative and should not be interpreted without evidence for the threshold."
"bistable_threshold",12.95,0.0407430638195641,-0.0140408627525313,0.4,0,0,"explicit_euler","Threshold behavior is illustrative and should not be interpreted without evidence for the threshold."
"bistable_threshold",13,0.0400410206819375,-0.013836008701889,0.4,0,0,"explicit_euler","Threshold behavior is illustrative and should not be interpreted without evidence for the threshold."
"bistable_threshold",13.05,0.0393492202468431,-0.0136329093143736,0.4,0,0,"explicit_euler","Threshold behavior is illustrative and should not be interpreted without evidence for the threshold."
"bistable_threshold",13.1,0.0386675747811244,-0.013431591073469,0.4,0,0,"explicit_euler","Threshold behavior is illustrative and should not be interpreted without evidence for the threshold."
"bistable_threshold",13.15,0.0379959952274509,-0.0132320788294797,0.4,0,0,"explicit_euler","Threshold behavior is illustrative and should not be interpreted without evidence for the threshold."
"bistable_threshold",13.2,0.037334391285977,-0.013034395826767,0.4,0,0,"explicit_euler","Threshold behavior is illustrative and should not be interpreted without evidence for the threshold."
"bistable_threshold",13.25,0.0366826714946386,-0.012838563731962,0.4,0,0,"explicit_euler","Threshold behavior is illustrative and should not be interpreted without evidence for the threshold."
"bistable_threshold",13.3,0.0360407433080405,-0.0126446026630729,0.4,0,0,"explicit_euler","Threshold behavior is illustrative and should not be interpreted without evidence for the threshold."
"bistable_threshold",13.35,0.0354085131748869,-0.0124525312194042,0.4,0,0,"explicit_euler","Threshold behavior is illustrative and should not be interpreted without evidence for the threshold."
"bistable_threshold",13.4,0.0347858866139166,-0.012262366512211,0.4,0,0,"explicit_euler","Threshold behavior is illustrative and should not be interpreted without evidence for the threshold."
"bistable_threshold",13.45,0.0341727682883061,-0.0120741241960084,0.4,0,0,"explicit_euler","Threshold behavior is illustrative and should not be interpreted without evidence for the threshold."
"bistable_threshold",13.5,0.0335690620785057,-0.0118878185004635,0.4,0,0,"explicit_euler","Threshold behavior is illustrative and should not be interpreted without evidence for the threshold."
"bistable_threshold",13.55,0.0329746711534825,-0.0117034622627962,0.4,0,0,"explicit_euler","Threshold behavior is illustrative and should not be interpreted without evidence for the threshold."
"bistable_threshold",13.6,0.0323894980403427,-0.0115210669606172,0.4,0,0,"explicit_euler","Threshold behavior is illustrative and should not be interpreted without evidence for the threshold."
"bistable_threshold",13.65,0.0318134446923118,-0.0113406427451365,0.4,0,0,"explicit_euler","Threshold behavior is illustrative and should not be interpreted without evidence for the threshold."
"bistable_threshold",13.7,0.031246412555055,-0.0111621984746759,0.4,0,0,"explicit_euler","Threshold behavior is illustrative and should not be interpreted without evidence for the threshold."
"bistable_threshold",13.75,0.0306883026313212,-0.0109857417484216,0.4,0,0,"explicit_euler","Threshold behavior is illustrative and should not be interpreted without evidence for the threshold."
"bistable_threshold",13.8,0.0301390155439001,-0.0108112789403564,0.4,0,0,"explicit_euler","Threshold behavior is illustrative and should not be interpreted without evidence for the threshold."
"bistable_threshold",13.85,0.0295984515968823,-0.010638815233313,0.4,0,0,"explicit_euler","Threshold behavior is illustrative and should not be interpreted without evidence for the threshold."
"bistable_threshold",13.9,0.0290665108352167,-0.010468354653092,0.4,0,0,"explicit_euler","Threshold behavior is illustrative and should not be interpreted without evidence for the threshold."
"bistable_threshold",13.95,0.0285430931025621,-0.0102999001025912,0.4,0,0,"explicit_euler","Threshold behavior is illustrative and should not be interpreted without evidence for the threshold."
"bistable_threshold",14,0.0280280980974325,-0.0101334533958956,0.4,0,0,"explicit_euler","Threshold behavior is illustrative and should not be interpreted without evidence for the threshold."
"bistable_threshold",14.05,0.0275214254276377,-0.00996901529227878,0.4,0,0,"explicit_euler","Threshold behavior is illustrative and should not be interpreted without evidence for the threshold."
"bistable_threshold",14.1,0.0270229746630238,-0.00980658553007052,0.4,0,0,"explicit_euler","Threshold behavior is illustrative and should not be interpreted without evidence for the threshold."
"bistable_threshold",14.15,0.0265326453865203,-0.00964616286034622,0.4,0,0,"explicit_euler","Threshold behavior is illustrative and should not be interpreted without evidence for the threshold."
"bistable_threshold",14.2,0.0260503372435029,-0.00948774508039759,0.4,0,0,"explicit_euler","Threshold behavior is illustrative and should not be interpreted without evidence for the threshold."
"bistable_threshold",14.25,0.0255759499894831,-0.00933132906694563,0.4,0,0,"explicit_euler","Threshold behavior is illustrative and should not be interpreted without evidence for the threshold."
"bistable_threshold",14.3,0.0251093835361358,-0.00917691080905949,0.4,0,0,"explicit_euler","Threshold behavior is illustrative and should not be interpreted without evidence for the threshold."
"bistable_threshold",14.35,0.0246505379956828,-0.00902448544074713,0.4,0,0,"explicit_euler","Threshold behavior is illustrative and should not be interpreted without evidence for the threshold."
"bistable_threshold",14.4,0.0241993137236455,-0.00887404727318614,0.4,0,0,"explicit_euler","Threshold behavior is illustrative and should not be interpreted without evidence for the threshold."
"bistable_threshold",14.45,0.0237556113599861,-0.00872558982656495,0.4,0,0,"explicit_euler","Threshold behavior is illustrative and should not be interpreted without evidence for the threshold."
"bistable_threshold",14.5,0.0233193318686579,-0.00857910586150717,0.4,0,0,"explicit_euler","Threshold behavior is illustrative and should not be interpreted without evidence for the threshold."
"bistable_threshold",14.55,0.0228903765755825,-0.00843458741005369,0.4,0,0,"explicit_euler","Threshold behavior is illustrative and should not be interpreted without evidence for the threshold."
"bistable_threshold",14.6,0.0224686472050799,-0.0082920258061793,0.4,0,0,"explicit_euler","Threshold behavior is illustrative and should not be interpreted without evidence for the threshold."
"bistable_threshold",14.65,0.0220540459147709,-0.00815141171582274,0.4,0,0,"explicit_euler","Threshold behavior is illustrative and should not be interpreted without evidence for the threshold."
"bistable_threshold",14.7,0.0216464753289798,-0.00801273516641053,0.4,0,0,"explicit_euler","Threshold behavior is illustrative and should not be interpreted without evidence for the threshold."
"bistable_threshold",14.75,0.0212458385706592,-0.00787598557585758,0.4,0,0,"explicit_euler","Threshold behavior is illustrative and should not be interpreted without evidence for the threshold."
"bistable_threshold",14.8,0.0208520392918663,-0.0077411517810285,0.4,0,0,"explicit_euler","Threshold behavior is illustrative and should not be interpreted without evidence for the threshold."
"bistable_threshold",14.85,0.0204649817028149,-0.00760822206564597,0.4,0,0,"explicit_euler","Threshold behavior is illustrative and should not be interpreted without evidence for the threshold."
"bistable_threshold",14.9,0.0200845705995326,-0.00747718418763388,0.4,0,0,"explicit_euler","Threshold behavior is illustrative and should not be interpreted without evidence for the threshold."
"bistable_threshold",14.95,0.0197107113901509,-0.00734802540588443,0.4,0,0,"explicit_euler","Threshold behavior is illustrative and should not be interpreted without evidence for the threshold."
"bistable_threshold",15,0.0193433101198567,-0.00722073250644031,0.4,0,0,"explicit_euler","Threshold behavior is illustrative and should not be interpreted without evidence for the threshold."
