"scenario","time","position","velocity","acceleration","damping_ratio","natural_frequency","forcing","method","warning"
"underdamped_unforced",0,1,0,-1,0.2,1,0,"explicit_euler_first_order_system","Explicit Euler is transparent but can distort oscillatory systems if the step size is too large."
"underdamped_unforced",0.02,0.9996,-0.02,-0.9916,0.2,1,0,"explicit_euler_first_order_system","Explicit Euler is transparent but can distort oscillatory systems if the step size is too large."
"underdamped_unforced",0.04,0.99880336,-0.039832,-0.98287056,0.2,1,0,"explicit_euler_first_order_system","Explicit Euler is transparent but can distort oscillatory systems if the step size is too large."
"underdamped_unforced",0.06,0.997613571776,-0.0594894112,-0.973817807296,0.2,1,0,"explicit_euler_first_order_system","Explicit Euler is transparent but can distort oscillatory systems if the step size is too large."
"underdamped_unforced",0.08,0.996034256429082,-0.07896576734592,-0.964447949490714,0.2,1,0,"explicit_euler_first_order_system","Explicit Euler is transparent but can distort oscillatory systems if the step size is too large."
"underdamped_unforced",0.1,0.994069161902367,-0.0982547263357343,-0.954767271368073,0.2,1,0,"explicit_euler_first_order_system","Explicit Euler is transparent but can distort oscillatory systems if the step size is too large."
"underdamped_unforced",0.12,0.991722160467105,-0.117350071763096,-0.944782131761867,0.2,1,0,"explicit_euler_first_order_system","Explicit Euler is transparent but can distort oscillatory systems if the step size is too large."
"underdamped_unforced",0.14,0.988997246179139,-0.136245714398333,-0.934498960419805,0.2,1,0,"explicit_euler_first_order_system","Explicit Euler is transparent but can distort oscillatory systems if the step size is too large."
"underdamped_unforced",0.16,0.985898532307004,-0.154935693606729,-0.923924254864312,0.2,1,0,"explicit_euler_first_order_system","Explicit Euler is transparent but can distort oscillatory systems if the step size is too large."
"underdamped_unforced",0.18,0.982430248732924,-0.173414178704015,-0.913064577251317,0.2,1,0,"explicit_euler_first_order_system","Explicit Euler is transparent but can distort oscillatory systems if the step size is too large."
"underdamped_unforced",0.2,0.978596739327943,-0.191675470249042,-0.901926551228326,0.2,1,0,"explicit_euler_first_order_system","Explicit Euler is transparent but can distort oscillatory systems if the step size is too large."
"underdamped_unforced",0.22,0.974402459302471,-0.209714001273608,-0.890516858793027,0.2,1,0,"explicit_euler_first_order_system","Explicit Euler is transparent but can distort oscillatory systems if the step size is too large."
"underdamped_unforced",0.24,0.969851972533481,-0.227524338449469,-0.878842237153694,0.2,1,0,"explicit_euler_first_order_system","Explicit Euler is transparent but can distort oscillatory systems if the step size is too large."
"underdamped_unforced",0.26,0.96494994886963,-0.245101183192543,-0.866909475592613,0.2,1,0,"explicit_euler_first_order_system","Explicit Euler is transparent but can distort oscillatory systems if the step size is too large."
"underdamped_unforced",0.28,0.959701161415543,-0.262439372704395,-0.854725412333785,0.2,1,0,"explicit_euler_first_order_system","Explicit Euler is transparent but can distort oscillatory systems if the step size is too large."
"underdamped_unforced",0.3,0.954110483796521,-0.279533880951071,-0.842296931416093,0.2,1,0,"explicit_euler_first_order_system","Explicit Euler is transparent but can distort oscillatory systems if the step size is too large."
"underdamped_unforced",0.32,0.948182887404933,-0.296379819579393,-0.829630959573176,0.2,1,0,"explicit_euler_first_order_system","Explicit Euler is transparent but can distort oscillatory systems if the step size is too large."
"underdamped_unforced",0.34,0.941923438629516,-0.312972438770856,-0.816734463121174,0.2,1,0,"explicit_euler_first_order_system","Explicit Euler is transparent but can distort oscillatory systems if the step size is too large."
"underdamped_unforced",0.36,0.93533729606885,-0.32930712803328,-0.803614444855539,0.2,1,0,"explicit_euler_first_order_system","Explicit Euler is transparent but can distort oscillatory systems if the step size is too large."
"underdamped_unforced",0.38,0.928429707730243,-0.34537941693039,-0.790277940958087,0.2,1,0,"explicit_euler_first_order_system","Explicit Euler is transparent but can distort oscillatory systems if the step size is too large."
"underdamped_unforced",0.4,0.921206008215252,-0.361184975749552,-0.776732017915431,0.2,1,0,"explicit_euler_first_order_system","Explicit Euler is transparent but can distort oscillatory systems if the step size is too large."
"underdamped_unforced",0.42,0.913671615893094,-0.376719616107861,-0.76298376944995,0.2,1,0,"explicit_euler_first_order_system","Explicit Euler is transparent but can distort oscillatory systems if the step size is too large."
"underdamped_unforced",0.44,0.905832030063157,-0.39197929149686,-0.749040313464413,0.2,1,0,"explicit_euler_first_order_system","Explicit Euler is transparent but can distort oscillatory systems if the step size is too large."
"underdamped_unforced",0.46,0.897692828107834,-0.406960097766148,-0.734908789001375,0.2,1,0,"explicit_euler_first_order_system","Explicit Euler is transparent but can distort oscillatory systems if the step size is too large."
"underdamped_unforced",0.48,0.889259662636911,-0.421658273546175,-0.720596353218441,0.2,1,0,"explicit_euler_first_order_system","Explicit Euler is transparent but can distort oscillatory systems if the step size is too large."
"underdamped_unforced",0.5,0.8805382586247,-0.436070200610544,-0.706110178380482,0.2,1,0,"explicit_euler_first_order_system","Explicit Euler is transparent but can distort oscillatory systems if the step size is too large."
"underdamped_unforced",0.52,0.871534410541137,-0.450192404178154,-0.691457448869875,0.2,1,0,"explicit_euler_first_order_system","Explicit Euler is transparent but can distort oscillatory systems if the step size is too large."
"underdamped_unforced",0.54,0.862253979478026,-0.464021553155551,-0.676645358215805,0.2,1,0,"explicit_euler_first_order_system","Explicit Euler is transparent but can distort oscillatory systems if the step size is too large."
"underdamped_unforced",0.56,0.852702890271628,-0.477554460319868,-0.661681106143681,0.2,1,0,"explicit_euler_first_order_system","Explicit Euler is transparent but can distort oscillatory systems if the step size is too large."
"underdamped_unforced",0.58,0.842887128622774,-0.490788082442741,-0.646571895645677,0.2,1,0,"explicit_euler_first_order_system","Explicit Euler is transparent but can distort oscillatory systems if the step size is too large."
"underdamped_unforced",0.6,0.832812738215661,-0.503719520355655,-0.631324930073399,0.2,1,0,"explicit_euler_first_order_system","Explicit Euler is transparent but can distort oscillatory systems if the step size is too large."
"underdamped_unforced",0.62,0.822485817836518,-0.516346018957123,-0.615947410253669,0.2,1,0,"explicit_euler_first_order_system","Explicit Euler is transparent but can distort oscillatory systems if the step size is too large."
"underdamped_unforced",0.64,0.811912518493274,-0.528664967162196,-0.600446531628396,0.2,1,0,"explicit_euler_first_order_system","Explicit Euler is transparent but can distort oscillatory systems if the step size is too large."
"underdamped_unforced",0.66,0.801099040537379,-0.540673897794764,-0.584829481419473,0.2,1,0,"explicit_euler_first_order_system","Explicit Euler is transparent but can distort oscillatory systems if the step size is too large."
"underdamped_unforced",0.68,0.790051630788916,-0.552370487423154,-0.569103435819655,0.2,1,0,"explicit_euler_first_order_system","Explicit Euler is transparent but can distort oscillatory systems if the step size is too large."
"underdamped_unforced",0.7,0.778776579666125,-0.563752556139547,-0.553275557210306,0.2,1,0,"explicit_euler_first_order_system","Explicit Euler is transparent but can distort oscillatory systems if the step size is too large."
"underdamped_unforced",0.72,0.76728021832045,-0.574818067283753,-0.537352991406949,0.2,1,0,"explicit_euler_first_order_system","Explicit Euler is transparent but can distort oscillatory systems if the step size is too large."
"underdamped_unforced",0.74,0.755568915778212,-0.585565127111892,-0.521342864933455,0.2,1,0,"explicit_euler_first_order_system","Explicit Euler is transparent but can distort oscillatory systems if the step size is too large."
"underdamped_unforced",0.76,0.743649076090001,-0.595991984410561,-0.505252282325776,0.2,1,0,"explicit_euler_first_order_system","Explicit Euler is transparent but can distort oscillatory systems if the step size is too large."
"underdamped_unforced",0.78,0.731527135488859,-0.606097030057076,-0.489088323466029,0.2,1,0,"explicit_euler_first_order_system","Explicit Euler is transparent but can distort oscillatory systems if the step size is too large."
"underdamped_unforced",0.8,0.719209559558331,-0.615878796526397,-0.472858040947773,0.2,1,0,"explicit_euler_first_order_system","Explicit Euler is transparent but can distort oscillatory systems if the step size is too large."
"underdamped_unforced",0.82,0.706702840411424,-0.625335957345352,-0.456568457473283,0.2,1,0,"explicit_euler_first_order_system","Explicit Euler is transparent but can distort oscillatory systems if the step size is too large."
"underdamped_unforced",0.84,0.694013493881528,-0.634467326494818,-0.440226563283601,0.2,1,0,"explicit_euler_first_order_system","Explicit Euler is transparent but can distort oscillatory systems if the step size is too large."
"underdamped_unforced",0.86,0.681148056726318,-0.64327185776049,-0.423839313622122,0.2,1,0,"explicit_euler_first_order_system","Explicit Euler is transparent but can distort oscillatory systems if the step size is too large."
"underdamped_unforced",0.88,0.668113083845659,-0.651748644032933,-0.407413626232486,0.2,1,0,"explicit_euler_first_order_system","Explicit Euler is transparent but can distort oscillatory systems if the step size is too large."
"underdamped_unforced",0.9,0.654915145514508,-0.659896916557582,-0.390956378891475,0.2,1,0,"explicit_euler_first_order_system","Explicit Euler is transparent but can distort oscillatory systems if the step size is too large."
"underdamped_unforced",0.92,0.641560824631799,-0.667716044135412,-0.374474406977635,0.2,1,0,"explicit_euler_first_order_system","Explicit Euler is transparent but can distort oscillatory systems if the step size is too large."
"underdamped_unforced",0.94,0.6280567139863,-0.675205532274965,-0.357974501076314,0.2,1,0,"explicit_euler_first_order_system","Explicit Euler is transparent but can distort oscillatory systems if the step size is too large."
"underdamped_unforced",0.96,0.61440941354037,-0.682365022296491,-0.341463404621774,0.2,1,0,"explicit_euler_first_order_system","Explicit Euler is transparent but can distort oscillatory systems if the step size is too large."
"underdamped_unforced",0.98,0.600625527732592,-0.689194290388926,-0.324947811577021,0.2,1,0,"explicit_euler_first_order_system","Explicit Euler is transparent but can distort oscillatory systems if the step size is too large."
"underdamped_unforced",1,0.586711662800182,-0.695693246620467,-0.308434364151996,0.2,1,0,"explicit_euler_first_order_system","Explicit Euler is transparent but can distort oscillatory systems if the step size is too large."
"underdamped_unforced",1.02,0.572674424122112,-0.701861933903507,-0.29192965056071,0.2,1,0,"explicit_euler_first_order_system","Explicit Euler is transparent but can distort oscillatory systems if the step size is too large."
"underdamped_unforced",1.04,0.558520413583818,-0.707700526914721,-0.27544020281793,0.2,1,0,"explicit_euler_first_order_system","Explicit Euler is transparent but can distort oscillatory systems if the step size is too large."
"underdamped_unforced",1.06,0.544256226964396,-0.713209330971079,-0.258972494575964,0.2,1,0,"explicit_euler_first_order_system","Explicit Euler is transparent but can distort oscillatory systems if the step size is too large."
"underdamped_unforced",1.08,0.529888451347144,-0.718388780862599,-0.242532939002105,0.2,1,0,"explicit_euler_first_order_system","Explicit Euler is transparent but can distort oscillatory systems if the step size is too large."
"underdamped_unforced",1.1,0.515423662554291,-0.723239439642641,-0.226127886697235,0.2,1,0,"explicit_euler_first_order_system","Explicit Euler is transparent but can distort oscillatory systems if the step size is too large."
"underdamped_unforced",1.12,0.50086842260676,-0.727761997376585,-0.209763623656125,0.2,1,0,"explicit_euler_first_order_system","Explicit Euler is transparent but can distort oscillatory systems if the step size is too large."
"underdamped_unforced",1.14,0.486229277209765,-0.731957269849708,-0.193446369269882,0.2,1,0,"explicit_euler_first_order_system","Explicit Euler is transparent but can distort oscillatory systems if the step size is too large."
"underdamped_unforced",1.16,0.471512753265063,-0.735826197235106,-0.177182274371021,0.2,1,0,"explicit_euler_first_order_system","Explicit Euler is transparent but can distort oscillatory systems if the step size is too large."
"underdamped_unforced",1.18,0.456725356410613,-0.739369842722526,-0.160977419321602,0.2,1,0,"explicit_euler_first_order_system","Explicit Euler is transparent but can distort oscillatory systems if the step size is too large."
"underdamped_unforced",1.2,0.441873568588434,-0.742589391108958,-0.14483781214485,0.2,1,0,"explicit_euler_first_order_system","Explicit Euler is transparent but can distort oscillatory systems if the step size is too large."
"underdamped_unforced",1.22,0.426963845641397,-0.745486147351855,-0.128769386700655,0.2,1,0,"explicit_euler_first_order_system","Explicit Euler is transparent but can distort oscillatory systems if the step size is too large."
"underdamped_unforced",1.24,0.412002614939679,-0.748061535085868,-0.112778000905332,0.2,1,0,"explicit_euler_first_order_system","Explicit Euler is transparent but can distort oscillatory systems if the step size is too large."
"underdamped_unforced",1.26,0.3969962730376,-0.750317095103975,-0.0968694349960098,0.2,1,0,"explicit_euler_first_order_system","Explicit Euler is transparent but can distort oscillatory systems if the step size is too large."
"underdamped_unforced",1.28,0.381951183361522,-0.752254483803895,-0.0810493898399637,0.2,1,0,"explicit_euler_first_order_system","Explicit Euler is transparent but can distort oscillatory systems if the step size is too large."
"underdamped_unforced",1.3,0.366873673929508,-0.753875471600694,-0.0653234852892301,0.2,1,0,"explicit_euler_first_order_system","Explicit Euler is transparent but can distort oscillatory systems if the step size is too large."
"underdamped_unforced",1.32,0.351770035103378,-0.755181941306479,-0.0496972585807867,0.2,1,0,"explicit_euler_first_order_system","Explicit Euler is transparent but can distort oscillatory systems if the step size is too large."
"underdamped_unforced",1.34,0.336646517373816,-0.756175886478095,-0.0341761627825785,0.2,1,0,"explicit_euler_first_order_system","Explicit Euler is transparent but can distort oscillatory systems if the step size is too large."
"underdamped_unforced",1.36,0.321509329179141,-0.756859409733746,-0.0187655652856429,0.2,1,0,"explicit_euler_first_order_system","Explicit Euler is transparent but can distort oscillatory systems if the step size is too large."
"underdamped_unforced",1.38,0.306364634758352,-0.757234721039459,-0.00347074634256861,0.2,1,0,"explicit_euler_first_order_system","Explicit Euler is transparent but can distort oscillatory systems if the step size is too large."
"underdamped_unforced",1.4,0.291218552039026,-0.757304135966311,0.0117031023474982,0.2,1,0,"explicit_euler_first_order_system","Explicit Euler is transparent but can distort oscillatory systems if the step size is too large."
"underdamped_unforced",1.42,0.276077150560639,-0.757070073919361,0.0267508790071054,0.2,1,0,"explicit_euler_first_order_system","Explicit Euler is transparent but can distort oscillatory systems if the step size is too large."
"underdamped_unforced",1.44,0.260946449433854,-0.756535056339219,0.041667573101833,0.2,1,0,"explicit_euler_first_order_system","Explicit Euler is transparent but can distort oscillatory systems if the step size is too large."
"underdamped_unforced",1.46,0.245832415336311,-0.755701704877182,0.0564482666145619,0.2,1,0,"explicit_euler_first_order_system","Explicit Euler is transparent but can distort oscillatory systems if the step size is too large."
"underdamped_unforced",1.48,0.230740960545413,-0.754572739544891,0.0710881352725433,0.2,1,0,"explicit_euler_first_order_system","Explicit Euler is transparent but can distort oscillatory systems if the step size is too large."
"underdamped_unforced",1.5,0.215677941008624,-0.75315097683944,0.0855824497271517,0.2,1,0,"explicit_euler_first_order_system","Explicit Euler is transparent but can distort oscillatory systems if the step size is too large."
"underdamped_unforced",1.52,0.200649154451726,-0.751439327844897,0.0999265766862324,0.2,1,0,"explicit_euler_first_order_system","Explicit Euler is transparent but can distort oscillatory systems if the step size is too large."
"underdamped_unforced",1.54,0.185660338525503,-0.749440796311172,0.114115979998966,0.2,1,0,"explicit_euler_first_order_system","Explicit Euler is transparent but can distort oscillatory systems if the step size is too large."
"underdamped_unforced",1.56,0.170717168991279,-0.747158476711193,0.128146221693198,0.2,1,0,"explicit_euler_first_order_system","Explicit Euler is transparent but can distort oscillatory systems if the step size is too large."
"underdamped_unforced",1.58,0.155825257945732,-0.744595552277329,0.142012962965199,0.2,1,0,"explicit_euler_first_order_system","Explicit Euler is transparent but can distort oscillatory systems if the step size is too large."
"underdamped_unforced",1.6,0.140990152085372,-0.741755293018025,0.155711965121838,0.2,1,0,"explicit_euler_first_order_system","Explicit Euler is transparent but can distort oscillatory systems if the step size is too large."
"underdamped_unforced",1.62,0.12621733101106,-0.738641053715588,0.169239090475175,0.2,1,0,"explicit_euler_first_order_system","Explicit Euler is transparent but can distort oscillatory systems if the step size is too large."
"underdamped_unforced",1.64,0.111512205572938,-0.735256271906085,0.182590303189495,0.2,1,0,"explicit_euler_first_order_system","Explicit Euler is transparent but can distort oscillatory systems if the step size is too large."
"underdamped_unforced",1.66,0.0968801162560926,-0.731604465842295,0.195761670080825,0.2,1,0,"explicit_euler_first_order_system","Explicit Euler is transparent but can distort oscillatory systems if the step size is too large."
"underdamped_unforced",1.68,0.082326331607279,-0.727689232440678,0.208749361368992,0.2,1,0,"explicit_euler_first_order_system","Explicit Euler is transparent but can distort oscillatory systems if the step size is too large."
"underdamped_unforced",1.7,0.067856046703013,-0.723514245213298,0.221549651382306,0.2,1,0,"explicit_euler_first_order_system","Explicit Euler is transparent but can distort oscillatory systems if the step size is too large."
"underdamped_unforced",1.72,0.0534743816593,-0.719083252185652,0.234158919214961,0.2,1,0,"explicit_euler_first_order_system","Explicit Euler is transparent but can distort oscillatory systems if the step size is too large."
"underdamped_unforced",1.74,0.0391863801832729,-0.714400073801353,0.246573649337268,0.2,1,0,"explicit_euler_first_order_system","Explicit Euler is transparent but can distort oscillatory systems if the step size is too large."
"underdamped_unforced",1.76,0.0249970081669808,-0.709468600814608,0.258790432158862,0.2,1,0,"explicit_euler_first_order_system","Explicit Euler is transparent but can distort oscillatory systems if the step size is too large."
"underdamped_unforced",1.78,0.0109111523235522,-0.70429279217143,0.27080596454502,0.2,1,0,"explicit_euler_first_order_system","Explicit Euler is transparent but can distort oscillatory systems if the step size is too large."
"underdamped_unforced",1.8,-0.00306638113405844,-0.69887667288053,0.28261705028627,0.2,1,0,"explicit_euler_first_order_system","Explicit Euler is transparent but can distort oscillatory systems if the step size is too large."
"underdamped_unforced",1.82,-0.0169308677715545,-0.693224331874805,0.294220600521476,0.2,1,0,"explicit_euler_first_order_system","Explicit Euler is transparent but can distort oscillatory systems if the step size is too large."
"underdamped_unforced",1.84,-0.030677666168842,-0.687339919864375,0.305613634114592,0.2,1,0,"explicit_euler_first_order_system","Explicit Euler is transparent but can distort oscillatory systems if the step size is too large."
"underdamped_unforced",1.86,-0.0443022191124837,-0.681227647182083,0.316793277985317,0.2,1,0,"explicit_euler_first_order_system","Explicit Euler is transparent but can distort oscillatory systems if the step size is too large."
"underdamped_unforced",1.88,-0.0578000547449312,-0.674891781622377,0.327756767393882,0.2,1,0,"explicit_euler_first_order_system","Explicit Euler is transparent but can distort oscillatory systems if the step size is too large."
"underdamped_unforced",1.9,-0.0711667876704212,-0.668336646274499,0.338501446180221,0.2,1,0,"explicit_euler_first_order_system","Explicit Euler is transparent but can distort oscillatory systems if the step size is too large."
"underdamped_unforced",1.92,-0.0843981200174391,-0.661566617350895,0.349024766957797,0.2,1,0,"explicit_euler_first_order_system","Explicit Euler is transparent but can distort oscillatory systems if the step size is too large."
"underdamped_unforced",1.94,-0.0974898424576739,-0.654586122011739,0.359324291262369,0.2,1,0,"explicit_euler_first_order_system","Explicit Euler is transparent but can distort oscillatory systems if the step size is too large."
"underdamped_unforced",1.96,-0.110437835181404,-0.647399636186491,0.369397689656,0.2,1,0,"explicit_euler_first_order_system","Explicit Euler is transparent but can distort oscillatory systems if the step size is too large."
"underdamped_unforced",1.98,-0.123238068829271,-0.640011682393371,0.37924274178662,0.2,1,0,"explicit_euler_first_order_system","Explicit Euler is transparent but can distort oscillatory systems if the step size is too large."
"underdamped_unforced",2,-0.135886605380424,-0.632426827557639,0.38885733640348,0.2,1,0,"explicit_euler_first_order_system","Explicit Euler is transparent but can distort oscillatory systems if the step size is too large."
"underdamped_unforced",2.02,-0.148379598997015,-0.62464968082957,0.398239471328843,0.2,1,0,"explicit_euler_first_order_system","Explicit Euler is transparent but can distort oscillatory systems if the step size is too large."
"underdamped_unforced",2.04,-0.160713296825075,-0.616684891402993,0.407387253386272,0.2,1,0,"explicit_euler_first_order_system","Explicit Euler is transparent but can distort oscillatory systems if the step size is too large."
"underdamped_unforced",2.06,-0.172884039751781,-0.608537146335267,0.416298898285887,0.2,1,0,"explicit_euler_first_order_system","Explicit Euler is transparent but can distort oscillatory systems if the step size is too large."
"underdamped_unforced",2.08,-0.184888263119172,-0.60021116836955,0.424972730466991,0.2,1,0,"explicit_euler_first_order_system","Explicit Euler is transparent but can distort oscillatory systems if the step size is too large."
"underdamped_unforced",2.1,-0.196722497394376,-0.59171171376021,0.43340718289846,0.2,1,0,"explicit_euler_first_order_system","Explicit Euler is transparent but can distort oscillatory systems if the step size is too large."
"underdamped_unforced",2.12,-0.20838336879642,-0.58304357010224,0.441600796837317,0.2,1,0,"explicit_euler_first_order_system","Explicit Euler is transparent but can distort oscillatory systems if the step size is too large."
"underdamped_unforced",2.14,-0.21986759987973,-0.574211554165494,0.449552221545928,0.2,1,0,"explicit_euler_first_order_system","Explicit Euler is transparent but can distort oscillatory systems if the step size is too large."
"underdamped_unforced",2.16,-0.231172010074422,-0.565220509734575,0.457260213968252,0.2,1,0,"explicit_euler_first_order_system","Explicit Euler is transparent but can distort oscillatory systems if the step size is too large."
"underdamped_unforced",2.18,-0.242293516183526,-0.55607530545521,0.46472363836561,0.2,1,0,"explicit_euler_first_order_system","Explicit Euler is transparent but can distort oscillatory systems if the step size is too large."
"underdamped_unforced",2.2,-0.253229132837284,-0.546780832687898,0.471941465912443,0.2,1,0,"explicit_euler_first_order_system","Explicit Euler is transparent but can distort oscillatory systems if the step size is too large."
"underdamped_unforced",2.22,-0.263975972904677,-0.537342003369649,0.478912774252537,0.2,1,0,"explicit_euler_first_order_system","Explicit Euler is transparent but can distort oscillatory systems if the step size is too large."
"underdamped_unforced",2.24,-0.274531247862369,-0.527763747884599,0.485636747016208,0.2,1,0,"explicit_euler_first_order_system","Explicit Euler is transparent but can distort oscillatory systems if the step size is too large."
"underdamped_unforced",2.26,-0.284892268121254,-0.518051012944274,0.492112673298964,0.2,1,0,"explicit_euler_first_order_system","Explicit Euler is transparent but can distort oscillatory systems if the step size is too large."
"underdamped_unforced",2.28,-0.29505644331082,-0.508208759478295,0.498339947102138,0.2,1,0,"explicit_euler_first_order_system","Explicit Euler is transparent but can distort oscillatory systems if the step size is too large."
"underdamped_unforced",2.3,-0.305021282521545,-0.498241960536252,0.504318066736046,0.2,1,0,"explicit_euler_first_order_system","Explicit Euler is transparent but can distort oscillatory systems if the step size is too large."
"underdamped_unforced",2.32,-0.314784394505576,-0.488155599201531,0.510046634186189,0.2,1,0,"explicit_euler_first_order_system","Explicit Euler is transparent but can distort oscillatory systems if the step size is too large."
"underdamped_unforced",2.34,-0.324343487835932,-0.477954666517808,0.515525354443055,0.2,1,0,"explicit_euler_first_order_system","Explicit Euler is transparent but can distort oscillatory systems if the step size is too large."
"underdamped_unforced",2.36,-0.333696371024511,-0.467644159428946,0.52075403479609,0.2,1,0,"explicit_euler_first_order_system","Explicit Euler is transparent but can distort oscillatory systems if the step size is too large."
"underdamped_unforced",2.38,-0.342840952599172,-0.457229078733025,0.525732584092381,0.2,1,0,"explicit_euler_first_order_system","Explicit Euler is transparent but can distort oscillatory systems if the step size is too large."
"underdamped_unforced",2.4,-0.351775241140195,-0.446714427051177,0.530461011960666,0.2,1,0,"explicit_euler_first_order_system","Explicit Euler is transparent but can distort oscillatory systems if the step size is too large."
"underdamped_unforced",2.42,-0.360497345276434,-0.436105206811964,0.53493942800122,0.2,1,0,"explicit_euler_first_order_system","Explicit Euler is transparent but can distort oscillatory systems if the step size is too large."
"underdamped_unforced",2.44,-0.369005473641473,-0.425406418251939,0.539168040942249,0.2,1,0,"explicit_euler_first_order_system","Explicit Euler is transparent but can distort oscillatory systems if the step size is too large."
"underdamped_unforced",2.46,-0.377297934790135,-0.414623057433094,0.543147157763373,0.2,1,0,"explicit_euler_first_order_system","Explicit Euler is transparent but can distort oscillatory systems if the step size is too large."
"underdamped_unforced",2.48,-0.385373137075692,-0.403760114277827,0.546877182786822,0.2,1,0,"explicit_euler_first_order_system","Explicit Euler is transparent but can distort oscillatory systems if the step size is too large."
"underdamped_unforced",2.5,-0.393229588488133,-0.39282257062209,0.55035861673697,0.2,1,0,"explicit_euler_first_order_system","Explicit Euler is transparent but can distort oscillatory systems if the step size is too large."
"underdamped_unforced",2.52,-0.40086589645388,-0.381815398287351,0.553592055768821,0.2,1,0,"explicit_euler_first_order_system","Explicit Euler is transparent but can distort oscillatory systems if the step size is too large."
"underdamped_unforced",2.54,-0.40828076759732,-0.370743557171975,0.55657819046611,0.2,1,0,"explicit_euler_first_order_system","Explicit Euler is transparent but can distort oscillatory systems if the step size is too large."
"underdamped_unforced",2.56,-0.415473007464573,-0.359611993362652,0.559317804809634,0.2,1,0,"explicit_euler_first_order_system","Explicit Euler is transparent but can distort oscillatory systems if the step size is too large."
"underdamped_unforced",2.58,-0.422441520209902,-0.34842563726646,0.561811775116486,0.2,1,0,"explicit_euler_first_order_system","Explicit Euler is transparent but can distort oscillatory systems if the step size is too large."
"underdamped_unforced",2.6,-0.429185308245185,-0.33718940176413,0.564061068950837,0.2,1,0,"explicit_euler_first_order_system","Explicit Euler is transparent but can distort oscillatory systems if the step size is too large."
"underdamped_unforced",2.62,-0.435703471852887,-0.325908180385113,0.566066744006932,0.2,1,0,"explicit_euler_first_order_system","Explicit Euler is transparent but can distort oscillatory systems if the step size is too large."
"underdamped_unforced",2.64,-0.441995208762986,-0.314586845504975,0.567829946964976,0.2,1,0,"explicit_euler_first_order_system","Explicit Euler is transparent but can distort oscillatory systems if the step size is too large."
"underdamped_unforced",2.66,-0.4480598136943,-0.303230246565675,0.56935191232057,0.2,1,0,"explicit_euler_first_order_system","Explicit Euler is transparent but can distort oscillatory systems if the step size is too large."
"underdamped_unforced",2.68,-0.453896677860685,-0.291843208319264,0.570633961188391,0.2,1,0,"explicit_euler_first_order_system","Explicit Euler is transparent but can distort oscillatory systems if the step size is too large."
"underdamped_unforced",2.7,-0.459505288442595,-0.280430529095496,0.571677500080793,0.2,1,0,"explicit_euler_first_order_system","Explicit Euler is transparent but can distort oscillatory systems if the step size is too large."
"underdamped_unforced",2.72,-0.464885228024473,-0.26899697909388,0.572484019662025,0.2,1,0,"explicit_euler_first_order_system","Explicit Euler is transparent but can distort oscillatory systems if the step size is too large."
"underdamped_unforced",2.74,-0.470036173998485,-0.25754729870064,0.573055093478741,0.2,1,0,"explicit_euler_first_order_system","Explicit Euler is transparent but can distort oscillatory systems if the step size is too large."
"underdamped_unforced",2.76,-0.474957897935107,-0.246086196831065,0.573392376667533,0.2,1,0,"explicit_euler_first_order_system","Explicit Euler is transparent but can distort oscillatory systems if the step size is too large."
"underdamped_unforced",2.78,-0.479650264921061,-0.234618349297714,0.573497604640147,0.2,1,0,"explicit_euler_first_order_system","Explicit Euler is transparent but can distort oscillatory systems if the step size is too large."
"underdamped_unforced",2.8,-0.484113232865159,-0.223148397204911,0.573372591747124,0.2,1,0,"explicit_euler_first_order_system","Explicit Euler is transparent but can distort oscillatory systems if the step size is too large."
"underdamped_unforced",2.82,-0.488346851772559,-0.211680945369969,0.573019229920546,0.2,1,0,"explicit_euler_first_order_system","Explicit Euler is transparent but can distort oscillatory systems if the step size is too large."
"underdamped_unforced",2.84,-0.49235126298799,-0.200220560771558,0.572439487296613,0.2,1,0,"explicit_euler_first_order_system","Explicit Euler is transparent but can distort oscillatory systems if the step size is too large."
"underdamped_unforced",2.86,-0.496126698408502,-0.188771771025626,0.571635406818752,0.2,1,0,"explicit_euler_first_order_system","Explicit Euler is transparent but can distort oscillatory systems if the step size is too large."
"underdamped_unforced",2.88,-0.499673479666287,-0.17733906288925,0.570609104821987,0.2,1,0,"explicit_euler_first_order_system","Explicit Euler is transparent but can distort oscillatory systems if the step size is too large."
"underdamped_unforced",2.9,-0.502992017282143,-0.165926880792811,0.569362769599268,0.2,1,0,"explicit_euler_first_order_system","Explicit Euler is transparent but can distort oscillatory systems if the step size is too large."
"underdamped_unforced",2.92,-0.50608280979016,-0.154539625400825,0.56789865995049,0.2,1,0,"explicit_euler_first_order_system","Explicit Euler is transparent but can distort oscillatory systems if the step size is too large."
"underdamped_unforced",2.94,-0.508946442834196,-0.143181652201816,0.566219103714923,0.2,1,0,"explicit_euler_first_order_system","Explicit Euler is transparent but can distort oscillatory systems if the step size is too large."
"underdamped_unforced",2.96,-0.511583588236747,-0.131857270127517,0.564326496287754,0.2,1,0,"explicit_euler_first_order_system","Explicit Euler is transparent but can distort oscillatory systems if the step size is too large."
"underdamped_unforced",2.98,-0.513995003040782,-0.120570740201762,0.562223299121487,0.2,1,0,"explicit_euler_first_order_system","Explicit Euler is transparent but can distort oscillatory systems if the step size is too large."
"underdamped_unforced",3,-0.516181528525169,-0.109326274219332,0.559912038212902,0.2,1,0,"explicit_euler_first_order_system","Explicit Euler is transparent but can distort oscillatory systems if the step size is too large."
"underdamped_unforced",3.02,-0.51814408919427,-0.0981280334550743,0.5573953025763,0.2,1,0,"explicit_euler_first_order_system","Explicit Euler is transparent but can distort oscillatory systems if the step size is too large."
"underdamped_unforced",3.04,-0.519883691742341,-0.0869801274035483,0.55467574270376,0.2,1,0,"explicit_euler_first_order_system","Explicit Euler is transparent but can distort oscillatory systems if the step size is too large."
"underdamped_unforced",3.06,-0.521401423993331,-0.0758866125494731,0.55175606901312,0.2,1,0,"explicit_euler_first_order_system","Explicit Euler is transparent but can distort oscillatory systems if the step size is too large."
"underdamped_unforced",3.08,-0.522698453816715,-0.0648514911692107,0.548639050284399,0.2,1,0,"explicit_euler_first_order_system","Explicit Euler is transparent but can distort oscillatory systems if the step size is too large."
"underdamped_unforced",3.1,-0.523776028019985,-0.0538787101635227,0.545327512085394,0.2,1,0,"explicit_euler_first_order_system","Explicit Euler is transparent but can distort oscillatory systems if the step size is too large."
"underdamped_unforced",3.12,-0.524635471218422,-0.0429721599218148,0.541824335187148,0.2,1,0,"explicit_euler_first_order_system","Explicit Euler is transparent but can distort oscillatory systems if the step size is too large."
"underdamped_unforced",3.14,-0.525278184682783,-0.0321356732180719,0.538132453970012,0.2,1,0,"explicit_euler_first_order_system","Explicit Euler is transparent but can distort oscillatory systems if the step size is too large."
"underdamped_unforced",3.16,-0.525705645165556,-0.0213730241386717,0.534254854821025,0.2,1,0,"explicit_euler_first_order_system","Explicit Euler is transparent but can distort oscillatory systems if the step size is too large."
"underdamped_unforced",3.18,-0.525919403706401,-0.0106879270422512,0.530194574523302,0.2,1,0,"explicit_euler_first_order_system","Explicit Euler is transparent but can distort oscillatory systems if the step size is too large."
"underdamped_unforced",3.2,-0.525921084417437,-8.40355517851155e-05,0.525954698638151,0.2,1,0,"explicit_euler_first_order_system","Explicit Euler is transparent but can distort oscillatory systems if the step size is too large."
"underdamped_unforced",3.22,-0.525712383249018,0.0104350584209779,0.521538359880626,0.2,1,0,"explicit_euler_first_order_system","Explicit Euler is transparent but can distort oscillatory systems if the step size is too large."
"underdamped_unforced",3.24,-0.525295066736646,0.0208658256185904,0.51694873648921,0.2,1,0,"explicit_euler_first_order_system","Explicit Euler is transparent but can distort oscillatory systems if the step size is too large."
"underdamped_unforced",3.26,-0.524670970729678,0.0312048003483746,0.512189050590328,0.2,1,0,"explicit_euler_first_order_system","Explicit Euler is transparent but can distort oscillatory systems if the step size is too large."
"underdamped_unforced",3.28,-0.523841999102475,0.0414485813601812,0.507262566558402,0.2,1,0,"explicit_euler_first_order_system","Explicit Euler is transparent but can distort oscillatory systems if the step size is too large."
"underdamped_unforced",3.3,-0.522810122448648,0.0515938326913492,0.502172589372108,0.2,1,0,"explicit_euler_first_order_system","Explicit Euler is transparent but can distort oscillatory systems if the step size is too large."
"underdamped_unforced",3.32,-0.521577376759072,0.0616372844787914,0.496922462967555,0.2,1,0,"explicit_euler_first_order_system","Explicit Euler is transparent but can distort oscillatory systems if the step size is too large."
"underdamped_unforced",3.34,-0.520145862084309,0.0715757337381425,0.491515568589052,0.2,1,0,"explicit_euler_first_order_system","Explicit Euler is transparent but can distort oscillatory systems if the step size is too large."
"underdamped_unforced",3.36,-0.518517741182111,0.0814060451099236,0.485955323138141,0.2,1,0,"explicit_euler_first_order_system","Explicit Euler is transparent but can distort oscillatory systems if the step size is too large."
"underdamped_unforced",3.38,-0.516695238150657,0.0911251515726864,0.480245177521582,0.2,1,0,"explicit_euler_first_order_system","Explicit Euler is transparent but can distort oscillatory systems if the step size is too large."
"underdamped_unforced",3.4,-0.514680637048195,0.100730055123118,0.474388614998947,0.2,1,0,"explicit_euler_first_order_system","Explicit Euler is transparent but can distort oscillatory systems if the step size is too large."
"underdamped_unforced",3.42,-0.512476280499733,0.110217827423097,0.468389149530494,0.2,1,0,"explicit_euler_first_order_system","Explicit Euler is transparent but can distort oscillatory systems if the step size is too large."
"underdamped_unforced",3.44,-0.510084568291458,0.119585610413707,0.462250324125976,0.2,1,0,"explicit_euler_first_order_system","Explicit Euler is transparent but can distort oscillatory systems if the step size is too large."
"underdamped_unforced",3.46,-0.507507955953534,0.128830616896226,0.455975709195043,0.2,1,0,"explicit_euler_first_order_system","Explicit Euler is transparent but can distort oscillatory systems if the step size is too large."
"underdamped_unforced",3.48,-0.504748953331931,0.137950131080127,0.44956890089988,0.2,1,0,"explicit_euler_first_order_system","Explicit Euler is transparent but can distort oscillatory systems if the step size is too large."
"underdamped_unforced",3.5,-0.501810123149969,0.146941509098125,0.443033519510719,0.2,1,0,"explicit_euler_first_order_system","Explicit Euler is transparent but can distort oscillatory systems if the step size is too large."
"underdamped_unforced",3.52,-0.498694079560202,0.155802179488339,0.436373207764866,0.2,1,0,"explicit_euler_first_order_system","Explicit Euler is transparent but can distort oscillatory systems if the step size is too large."
"underdamped_unforced",3.54,-0.495403486687329,0.164529643643637,0.429591629229875,0.2,1,0,"explicit_euler_first_order_system","Explicit Euler is transparent but can distort oscillatory systems if the step size is too large."
"underdamped_unforced",3.56,-0.491941057162765,0.173121476228234,0.422692466671471,0.2,1,0,"explicit_euler_first_order_system","Explicit Euler is transparent but can distort oscillatory systems if the step size is too large."
"underdamped_unforced",3.58,-0.488309550651531,0.181575325561663,0.415679420426866,0.2,1,0,"explicit_euler_first_order_system","Explicit Euler is transparent but can distort oscillatory systems if the step size is too large."
"underdamped_unforced",3.6,-0.484511772372127,0.189888913970201,0.408556206784047,0.2,1,0,"explicit_euler_first_order_system","Explicit Euler is transparent but can distort oscillatory systems if the step size is too large."
"underdamped_unforced",3.62,-0.48055057161001,0.198060038105882,0.401326556367657,0.2,1,0,"explicit_euler_first_order_system","Explicit Euler is transparent but can distort oscillatory systems if the step size is too large."
"underdamped_unforced",3.64,-0.476428840225345,0.206086569233235,0.393994212532051,0.2,1,0,"explicit_euler_first_order_system","Explicit Euler is transparent but can distort oscillatory systems if the step size is too large."
"underdamped_unforced",3.66,-0.472149511155667,0.213966453483876,0.386562929762117,0.2,1,0,"explicit_euler_first_order_system","Explicit Euler is transparent but can distort oscillatory systems if the step size is too large."
"underdamped_unforced",3.68,-0.467715556914085,0.221697712079118,0.379036472082438,0.2,1,0,"explicit_euler_first_order_system","Explicit Euler is transparent but can distort oscillatory systems if the step size is too large."
"underdamped_unforced",3.7,-0.46312998808367,0.229278441520767,0.371418611475363,0.2,1,0,"explicit_euler_first_order_system","Explicit Euler is transparent but can distort oscillatory systems if the step size is too large."
"underdamped_unforced",3.72,-0.458395851808664,0.236706813750274,0.363713126308555,0.2,1,0,"explicit_euler_first_order_system","Explicit Euler is transparent but can distort oscillatory systems if the step size is too large."
"underdamped_unforced",3.74,-0.453516230283135,0.243981076276445,0.355923799772557,0.2,1,0,"explicit_euler_first_order_system","Explicit Euler is transparent but can distort oscillatory systems if the step size is too large."
"underdamped_unforced",3.76,-0.448494239237697,0.251099552271896,0.348054418328939,0.2,1,0,"explicit_euler_first_order_system","Explicit Euler is transparent but can distort oscillatory systems if the step size is too large."
"underdamped_unforced",3.78,-0.443333026424928,0.258060640638475,0.340108770169538,0.2,1,0,"explicit_euler_first_order_system","Explicit Euler is transparent but can distort oscillatory systems if the step size is too large."
"underdamped_unforced",3.8,-0.438035770104091,0.264862816041866,0.332090643687344,0.2,1,0,"explicit_euler_first_order_system","Explicit Euler is transparent but can distort oscillatory systems if the step size is too large."
"underdamped_unforced",3.82,-0.432605677525778,0.271504628915613,0.324003825959533,0.2,1,0,"explicit_euler_first_order_system","Explicit Euler is transparent but can distort oscillatory systems if the step size is too large."
"underdamped_unforced",3.84,-0.427045983417082,0.277984705434804,0.315852101243161,0.2,1,0,"explicit_euler_first_order_system","Explicit Euler is transparent but can distort oscillatory systems if the step size is too large."
"underdamped_unforced",3.86,-0.421359948467889,0.284301747459667,0.307639249484022,0.2,1,0,"explicit_euler_first_order_system","Explicit Euler is transparent but can distort oscillatory systems if the step size is too large."
"underdamped_unforced",3.88,-0.415550857818902,0.290454532449347,0.299369044839163,0.2,1,0,"explicit_euler_first_order_system","Explicit Euler is transparent but can distort oscillatory systems if the step size is too large."
"underdamped_unforced",3.9,-0.409622019551979,0.29644191334613,0.291045254213527,0.2,1,0,"explicit_euler_first_order_system","Explicit Euler is transparent but can distort oscillatory systems if the step size is too large."
"underdamped_unforced",3.92,-0.403576763183371,0.302262818430401,0.282671635811211,0.2,1,0,"explicit_euler_first_order_system","Explicit Euler is transparent but can distort oscillatory systems if the step size is too large."
"underdamped_unforced",3.94,-0.397418438160439,0.307916251146625,0.274251937701789,0.2,1,0,"explicit_euler_first_order_system","Explicit Euler is transparent but can distort oscillatory systems if the step size is too large."
"underdamped_unforced",3.96,-0.391150412362426,0.313401289900661,0.265789896402161,0.2,1,0,"explicit_euler_first_order_system","Explicit Euler is transparent but can distort oscillatory systems if the step size is too large."
"underdamped_unforced",3.98,-0.384776070605852,0.318717087828704,0.25728923547437,0.2,1,0,"explicit_euler_first_order_system","Explicit Euler is transparent but can distort oscillatory systems if the step size is too large."
"underdamped_unforced",4,-0.378298813155088,0.323862872538192,0.248753664139811,0.2,1,0,"explicit_euler_first_order_system","Explicit Euler is transparent but can distort oscillatory systems if the step size is too large."
"underdamped_unforced",4.02,-0.371722054238668,0.328837945820988,0.240186875910273,0.2,1,0,"explicit_euler_first_order_system","Explicit Euler is transparent but can distort oscillatory systems if the step size is too large."
"underdamped_unforced",4.04,-0.365049220571884,0.333641683339193,0.231592547236207,0.2,1,0,"explicit_euler_first_order_system","Explicit Euler is transparent but can distort oscillatory systems if the step size is too large."
"underdamped_unforced",4.06,-0.358283749886206,0.338273534283917,0.222974336172639,0.2,1,0,"explicit_euler_first_order_system","Explicit Euler is transparent but can distort oscillatory systems if the step size is too large."
"underdamped_unforced",4.08,-0.351429089466058,0.34273302100737,0.21433588106311,0.2,1,0,"explicit_euler_first_order_system","Explicit Euler is transparent but can distort oscillatory systems if the step size is too large."
"underdamped_unforced",4.1,-0.344488694693486,0.347019738628632,0.205680799242033,0.2,1,0,"explicit_euler_first_order_system","Explicit Euler is transparent but can distort oscillatory systems if the step size is too large."
"underdamped_unforced",4.12,-0.337466027601216,0.351133354613473,0.197012685755827,0.2,1,0,"explicit_euler_first_order_system","Explicit Euler is transparent but can distort oscillatory systems if the step size is too large."
"underdamped_unforced",4.14,-0.330364555434645,0.35507360832859,0.188335112103209,0.2,1,0,"explicit_euler_first_order_system","Explicit Euler is transparent but can distort oscillatory systems if the step size is too large."
"underdamped_unforced",4.16,-0.323187749223231,0.358840310570654,0.17965162499497,0.2,1,0,"explicit_euler_first_order_system","Explicit Euler is transparent but can distort oscillatory systems if the step size is too large."
"underdamped_unforced",4.18,-0.31593908236182,0.362433343070553,0.170965745133599,0.2,1,0,"explicit_euler_first_order_system","Explicit Euler is transparent but can distort oscillatory systems if the step size is too large."
"underdamped_unforced",4.2,-0.308622029202356,0.365852657973225,0.162280966013066,0.2,1,0,"explicit_euler_first_order_system","Explicit Euler is transparent but can distort oscillatory systems if the step size is too large."
"underdamped_unforced",4.22,-0.301240063656486,0.369098277293486,0.153600752739092,0.2,1,0,"explicit_euler_first_order_system","Explicit Euler is transparent but can distort oscillatory systems if the step size is too large."
"underdamped_unforced",4.24,-0.293796657809521,0.372170292348268,0.144928540870214,0.2,1,0,"explicit_euler_first_order_system","Explicit Euler is transparent but can distort oscillatory systems if the step size is too large."
"underdamped_unforced",4.26,-0.286295280546207,0.375068863165672,0.136267735279938,0.2,1,0,"explicit_euler_first_order_system","Explicit Euler is transparent but can distort oscillatory systems if the step size is too large."
"underdamped_unforced",4.28,-0.278739396188782,0.377794217871271,0.127621709040273,0.2,1,0,"explicit_euler_first_order_system","Explicit Euler is transparent but can distort oscillatory systems if the step size is too large."
"underdamped_unforced",4.3,-0.27113246314774,0.380346652052077,0.11899380232691,0.2,1,0,"explicit_euler_first_order_system","Explicit Euler is transparent but can distort oscillatory systems if the step size is too large."
"underdamped_unforced",4.32,-0.263477932585768,0.382726528098615,0.110387321346322,0.2,1,0,"explicit_euler_first_order_system","Explicit Euler is transparent but can distort oscillatory systems if the step size is too large."
"underdamped_unforced",4.34,-0.255779247095257,0.384934274525541,0.101805537285041,0.2,1,0,"explicit_euler_first_order_system","Explicit Euler is transparent but can distort oscillatory systems if the step size is too large."
"underdamped_unforced",4.36,-0.248039839389832,0.386970385271242,0.0932516852813355,0.2,1,0,"explicit_euler_first_order_system","Explicit Euler is transparent but can distort oscillatory systems if the step size is too large."
"underdamped_unforced",4.38,-0.240263131010295,0.388835418976869,0.0847289634195475,0.2,1,0,"explicit_euler_first_order_system","Explicit Euler is transparent but can distort oscillatory systems if the step size is too large."
"underdamped_unforced",4.4,-0.23245253104539,0.39052999824526,0.0762405317472859,0.2,1,0,"explicit_euler_first_order_system","Explicit Euler is transparent but can distort oscillatory systems if the step size is too large."
"underdamped_unforced",4.42,-0.224611434867786,0.392054808880205,0.0677895113157035,0.2,1,0,"explicit_euler_first_order_system","Explicit Euler is transparent but can distort oscillatory systems if the step size is too large."
"underdamped_unforced",4.44,-0.216743222885655,0.39341059910652,0.0593789832430475,0.2,1,0,"explicit_euler_first_order_system","Explicit Euler is transparent but can distort oscillatory systems if the step size is too large."
"underdamped_unforced",4.46,-0.208851259310228,0.39459817877138,0.0510119878016755,0.2,1,0,"explicit_euler_first_order_system","Explicit Euler is transparent but can distort oscillatory systems if the step size is too large."
"underdamped_unforced",4.48,-0.200938890939679,0.395618418527414,0.0426915235287139,0.2,1,0,"explicit_euler_first_order_system","Explicit Euler is transparent but can distort oscillatory systems if the step size is too large."
"underdamped_unforced",4.5,-0.19300944595972,0.396472248997988,0.0344205463605244,0.2,1,0,"explicit_euler_first_order_system","Explicit Euler is transparent but can distort oscillatory systems if the step size is too large."
"underdamped_unforced",4.52,-0.185066232761216,0.397160659925199,0.0262019687911362,0.2,1,0,"explicit_euler_first_order_system","Explicit Euler is transparent but can distort oscillatory systems if the step size is too large."
"underdamped_unforced",4.54,-0.177112538775195,0.397684699301022,0.0180386590547867,0.2,1,0,"explicit_euler_first_order_system","Explicit Euler is transparent but can distort oscillatory systems if the step size is too large."
"underdamped_unforced",4.56,-0.169151629325553,0.398045472482117,0.00993344033270604,0.2,1,0,"explicit_euler_first_order_system","Explicit Euler is transparent but can distort oscillatory systems if the step size is too large."
"underdamped_unforced",4.58,-0.161186746499778,0.398244141288771,0.00188908998426895,0.2,1,0,"explicit_euler_first_order_system","Explicit Euler is transparent but can distort oscillatory systems if the step size is too large."
"underdamped_unforced",4.6,-0.153221108038008,0.398281923088457,-0.00609166119737437,0.2,1,0,"explicit_euler_first_order_system","Explicit Euler is transparent but can distort oscillatory systems if the step size is too large."
"underdamped_unforced",4.62,-0.145257906240718,0.398160089864509,-0.0140061297050856,0.2,1,0,"explicit_euler_first_order_system","Explicit Euler is transparent but can distort oscillatory systems if the step size is too large."
"underdamped_unforced",4.64,-0.13730030689531,0.397879967270408,-0.021851680012853,0.2,1,0,"explicit_euler_first_order_system","Explicit Euler is transparent but can distort oscillatory systems if the step size is too large."
"underdamped_unforced",4.66,-0.129351448221907,0.397442933670151,-0.0296257252461532,0.2,1,0,"explicit_euler_first_order_system","Explicit Euler is transparent but can distort oscillatory systems if the step size is too large."
"underdamped_unforced",4.68,-0.121414439838602,0.396850419165227,-0.0373257278274885,0.2,1,0,"explicit_euler_first_order_system","Explicit Euler is transparent but can distort oscillatory systems if the step size is too large."
"underdamped_unforced",4.7,-0.113492361746429,0.396103904608678,-0.0449492000970422,0.2,1,0,"explicit_euler_first_order_system","Explicit Euler is transparent but can distort oscillatory systems if the step size is too large."
"underdamped_unforced",4.72,-0.105588263334294,0.395204920606737,-0.0524937049084006,0.2,1,0,"explicit_euler_first_order_system","Explicit Euler is transparent but can distort oscillatory systems if the step size is too large."
"underdamped_unforced",4.74,-0.0977051624041228,0.394155046508569,-0.0599568561993047,0.2,1,0,"explicit_euler_first_order_system","Explicit Euler is transparent but can distort oscillatory systems if the step size is too large."
"underdamped_unforced",4.76,-0.0898460442164312,0.392955909384583,-0.067336319537402,0.2,1,0,"explicit_euler_first_order_system","Explicit Euler is transparent but can distort oscillatory systems if the step size is too large."
"underdamped_unforced",4.78,-0.0820138605565545,0.391609182993835,-0.0746298126409794,0.2,1,0,"explicit_euler_first_order_system","Explicit Euler is transparent but can distort oscillatory systems if the step size is too large."
"underdamped_unforced",4.8,-0.0742115288217342,0.390116586741015,-0.0818351058746718,0.2,1,0,"explicit_euler_first_order_system","Explicit Euler is transparent but can distort oscillatory systems if the step size is too large."
"underdamped_unforced",4.82,-0.0664419311292637,0.388479884623522,-0.0889500227201449,0.2,1,0,"explicit_euler_first_order_system","Explicit Euler is transparent but can distort oscillatory systems if the step size is too large."
"underdamped_unforced",4.84,-0.0587079134458814,0.386700884169119,-0.0959724402217661,0.2,1,0,"explicit_euler_first_order_system","Explicit Euler is transparent but can distort oscillatory systems if the step size is too large."
"underdamped_unforced",4.86,-0.0510122847385877,0.384781435364683,-0.102900289407286,0.2,1,0,"explicit_euler_first_order_system","Explicit Euler is transparent but can distort oscillatory systems if the step size is too large."
"underdamped_unforced",4.88,-0.0433578161470569,0.382723429576538,-0.109731555683558,0.2,1,0,"explicit_euler_first_order_system","Explicit Euler is transparent but can distort oscillatory systems if the step size is too large."
"underdamped_unforced",4.9,-0.0357472401777996,0.380528798462866,-0.116464279207347,0.2,1,0,"explicit_euler_first_order_system","Explicit Euler is transparent but can distort oscillatory systems if the step size is too large."
"underdamped_unforced",4.92,-0.0281832499202252,0.37819951287872,-0.123096555231263,0.2,1,0,"explicit_euler_first_order_system","Explicit Euler is transparent but can distort oscillatory systems if the step size is too large."
"underdamped_unforced",4.94,-0.0206684982847433,0.375737581774094,-0.129626534424894,0.2,1,0,"explicit_euler_first_order_system","Explicit Euler is transparent but can distort oscillatory systems if the step size is too large."
"underdamped_unforced",4.96,-0.0132055972630314,0.373145051085596,-0.136052423171207,0.2,1,0,"explicit_euler_first_order_system","Explicit Euler is transparent but can distort oscillatory systems if the step size is too large."
"underdamped_unforced",4.98,-0.00579711721058796,0.370424002622172,-0.142372483838281,0.2,1,0,"explicit_euler_first_order_system","Explicit Euler is transparent but can distort oscillatory systems if the step size is too large."
"underdamped_unforced",5,0.00155441384832017,0.367576552945407,-0.148585035026483,0.2,1,0,"explicit_euler_first_order_system","Explicit Euler is transparent but can distort oscillatory systems if the step size is too large."
"underdamped_unforced",5.02,0.00884651089321771,0.364604852244877,-0.154688451791169,0.2,1,0,"explicit_euler_first_order_system","Explicit Euler is transparent but can distort oscillatory systems if the step size is too large."
"underdamped_unforced",5.04,0.0160767325573988,0.361511083209054,-0.16068116584102,0.2,1,0,"explicit_euler_first_order_system","Explicit Euler is transparent but can distort oscillatory systems if the step size is too large."
"underdamped_unforced",5.06,0.0232426817552434,0.358297459892233,-0.166561665712137,0.2,1,0,"explicit_euler_first_order_system","Explicit Euler is transparent but can distort oscillatory systems if the step size is too large."
"underdamped_unforced",5.08,0.0303420062868033,0.35496622657799,-0.172328496917999,0.2,1,0,"explicit_euler_first_order_system","Explicit Euler is transparent but can distort oscillatory systems if the step size is too large."
"underdamped_unforced",5.1,0.0373723994195959,0.35151965663963,-0.177980262075448,0.2,1,0,"explicit_euler_first_order_system","Explicit Euler is transparent but can distort oscillatory systems if the step size is too large."
"underdamped_unforced",5.12,0.0443316004475583,0.347960051398122,-0.183515621006807,0.2,1,0,"explicit_euler_first_order_system","Explicit Euler is transparent but can distort oscillatory systems if the step size is too large."
"underdamped_unforced",5.14,0.051217395227118,0.344289738977985,-0.188933290818312,0.2,1,0,"explicit_euler_first_order_system","Explicit Euler is transparent but can distort oscillatory systems if the step size is too large."
"underdamped_unforced",5.16,0.0580276166903504,0.340511073161619,-0.194232045954998,0.2,1,0,"explicit_euler_first_order_system","Explicit Euler is transparent but can distort oscillatory systems if the step size is too large."
"underdamped_unforced",5.18,0.0647601453352008,0.336626432242519,-0.199410718232208,0.2,1,0,"explicit_euler_first_order_system","Explicit Euler is transparent but can distort oscillatory systems if the step size is too large."
"underdamped_unforced",5.2,0.0714129096927583,0.332638217877875,-0.204468196843908,0.2,1,0,"explicit_euler_first_order_system","Explicit Euler is transparent but can distort oscillatory systems if the step size is too large."
"underdamped_unforced",5.22,0.0779838867715782,0.328548853940997,-0.209403428347977,0.2,1,0,"explicit_euler_first_order_system","Explicit Euler is transparent but can distort oscillatory systems if the step size is too large."
"underdamped_unforced",5.24,0.084471102479059,0.324360785374037,-0.214215416628674,0.2,1,0,"explicit_euler_first_order_system","Explicit Euler is transparent but can distort oscillatory systems if the step size is too large."
"underdamped_unforced",5.26,0.0908726320198882,0.320076477041464,-0.218903222836474,0.2,1,0,"explicit_euler_first_order_system","Explicit Euler is transparent but can distort oscillatory systems if the step size is too large."
"underdamped_unforced",5.28,0.0971866002715829,0.315698412584734,-0.223465965305477,0.2,1,0,"explicit_euler_first_order_system","Explicit Euler is transparent but can distort oscillatory systems if the step size is too large."
"underdamped_unforced",5.3,0.103411182137155,0.311229093278625,-0.227902819448605,0.2,1,0,"explicit_euler_first_order_system","Explicit Euler is transparent but can distort oscillatory systems if the step size is too large."
"underdamped_unforced",5.32,0.109544602874948,0.306671036889653,-0.23221301763081,0.2,1,0,"explicit_euler_first_order_system","Explicit Euler is transparent but can distort oscillatory systems if the step size is too large."
"underdamped_unforced",5.34,0.115585138405689,0.302026776537036,-0.236395849020504,0.2,1,0,"explicit_euler_first_order_system","Explicit Euler is transparent but can distort oscillatory systems if the step size is too large."
"underdamped_unforced",5.36,0.121531115596822,0.297298859556626,-0.240450659419472,0.2,1,0,"explicit_euler_first_order_system","Explicit Euler is transparent but can distort oscillatory systems if the step size is too large."
"underdamped_unforced",5.38,0.127380912524186,0.292489846368237,-0.244376851071481,0.2,1,0,"explicit_euler_first_order_system","Explicit Euler is transparent but can distort oscillatory systems if the step size is too large."
"underdamped_unforced",5.4,0.133132958711123,0.287602309346807,-0.248173882449846,0.2,1,0,"explicit_euler_first_order_system","Explicit Euler is transparent but can distort oscillatory systems if the step size is too large."
"underdamped_unforced",5.42,0.138785735345079,0.28263883169781,-0.251841268024203,0.2,1,0,"explicit_euler_first_order_system","Explicit Euler is transparent but can distort oscillatory systems if the step size is too large."
"underdamped_unforced",5.44,0.144337775471825,0.277602006337326,-0.255378578006756,0.2,1,0,"explicit_euler_first_order_system","Explicit Euler is transparent but can distort oscillatory systems if the step size is too large."
"underdamped_unforced",5.46,0.149787664167369,0.272494434777191,-0.258785438078246,0.2,1,0,"explicit_euler_first_order_system","Explicit Euler is transparent but can distort oscillatory systems if the step size is too large."
"underdamped_unforced",5.48,0.155134038687682,0.267318726015626,-0.262061529093932,0.2,1,0,"explicit_euler_first_order_system","Explicit Euler is transparent but can distort oscillatory systems if the step size is too large."
"underdamped_unforced",5.5,0.160375588596357,0.262077495433748,-0.265206586769856,0.2,1,0,"explicit_euler_first_order_system","Explicit Euler is transparent but can distort oscillatory systems if the step size is too large."
"underdamped_unforced",5.52,0.165511055870324,0.256773363698351,-0.268220401349664,0.2,1,0,"explicit_euler_first_order_system","Explicit Euler is transparent but can distort oscillatory systems if the step size is too large."
"underdamped_unforced",5.54,0.170539234983751,0.251408955671357,-0.271102817252294,0.2,1,0,"explicit_euler_first_order_system","Explicit Euler is transparent but can distort oscillatory systems if the step size is too large."
"underdamped_unforced",5.56,0.175458972970277,0.245986899326311,-0.273853732700802,0.2,1,0,"explicit_euler_first_order_system","Explicit Euler is transparent but can distort oscillatory systems if the step size is too large."
"underdamped_unforced",5.58,0.180269169463723,0.240509824672295,-0.276473099332641,0.2,1,0,"explicit_euler_first_order_system","Explicit Euler is transparent but can distort oscillatory systems if the step size is too large."
"underdamped_unforced",5.6,0.184968776717436,0.234980362685643,-0.278960921791693,0.2,1,0,"explicit_euler_first_order_system","Explicit Euler is transparent but can distort oscillatory systems if the step size is too large."
"underdamped_unforced",5.62,0.189556799602432,0.229401144249809,-0.281317257302355,0.2,1,0,"explicit_euler_first_order_system","Explicit Euler is transparent but can distort oscillatory systems if the step size is too large."
"underdamped_unforced",5.64,0.194032295584507,0.223774799103762,-0.283542215226012,0.2,1,0,"explicit_euler_first_order_system","Explicit Euler is transparent but can distort oscillatory systems if the step size is too large."
"underdamped_unforced",5.66,0.198394374680492,0.218103954799241,-0.285635956600189,0.2,1,0,"explicit_euler_first_order_system","Explicit Euler is transparent but can distort oscillatory systems if the step size is too large."
"underdamped_unforced",5.68,0.202642199393837,0.212391235667238,-0.287598693660732,0.2,1,0,"explicit_euler_first_order_system","Explicit Euler is transparent but can distort oscillatory systems if the step size is too large."
"underdamped_unforced",5.7,0.206774984629717,0.206639261794023,-0.289430689347326,0.2,1,0,"explicit_euler_first_order_system","Explicit Euler is transparent but can distort oscillatory systems if the step size is too large."
"underdamped_unforced",5.72,0.210791997589859,0.200850648007076,-0.291132256792689,0.2,1,0,"explicit_euler_first_order_system","Explicit Euler is transparent but can distort oscillatory systems if the step size is too large."
"underdamped_unforced",5.74,0.214692557647283,0.195028002871223,-0.292703758795772,0.2,1,0,"explicit_euler_first_order_system","Explicit Euler is transparent but can distort oscillatory systems if the step size is too large."
"underdamped_unforced",5.76,0.218476036201189,0.189173927695307,-0.294145607279312,0.2,1,0,"explicit_euler_first_order_system","Explicit Euler is transparent but can distort oscillatory systems if the step size is too large."
"underdamped_unforced",5.78,0.222141856512184,0.183291015549721,-0.295458262732072,0.2,1,0,"explicit_euler_first_order_system","Explicit Euler is transparent but can distort oscillatory systems if the step size is too large."
"underdamped_unforced",5.8,0.225689493518085,0.177381850295079,-0.296642233636117,0.2,1,0,"explicit_euler_first_order_system","Explicit Euler is transparent but can distort oscillatory systems if the step size is too large."
"underdamped_unforced",5.82,0.229118473630533,0.171449005622357,-0.297698075879475,0.2,1,0,"explicit_euler_first_order_system","Explicit Euler is transparent but can distort oscillatory systems if the step size is too large."
"underdamped_unforced",5.84,0.232428374512628,0.165495044104768,-0.298626392154535,0.2,1,0,"explicit_euler_first_order_system","Explicit Euler is transparent but can distort oscillatory systems if the step size is too large."
"underdamped_unforced",5.86,0.235618824837861,0.159522516261677,-0.299427831342532,0.2,1,0,"explicit_euler_first_order_system","Explicit Euler is transparent but can distort oscillatory systems if the step size is too large."
"underdamped_unforced",5.88,0.238689504030558,0.153533959634826,-0.300103087884488,0.2,1,0,"explicit_euler_first_order_system","Explicit Euler is transparent but can distort oscillatory systems if the step size is too large."
"underdamped_unforced",5.9,0.241640141988101,0.147531897877136,-0.300652901138955,0.2,1,0,"explicit_euler_first_order_system","Explicit Euler is transparent but can distort oscillatory systems if the step size is too large."
"underdamped_unforced",5.92,0.244470518785188,0.141518839854357,-0.301078054726931,0.2,1,0,"explicit_euler_first_order_system","Explicit Euler is transparent but can distort oscillatory systems if the step size is too large."
"underdamped_unforced",5.94,0.247180464360384,0.135497278759819,-0.301379375864312,0.2,1,0,"explicit_euler_first_order_system","Explicit Euler is transparent but can distort oscillatory systems if the step size is too large."
"underdamped_unforced",5.96,0.249769858185235,0.129469691242533,-0.301557734682248,0.2,1,0,"explicit_euler_first_order_system","Explicit Euler is transparent but can distort oscillatory systems if the step size is too large."
"underdamped_unforced",5.98,0.252238628916213,0.123438536548888,-0.301614043535768,0.2,1,0,"explicit_euler_first_order_system","Explicit Euler is transparent but can distort oscillatory systems if the step size is too large."
"underdamped_unforced",6,0.254586754029776,0.117406255678172,-0.301549256301045,0.2,1,0,"explicit_euler_first_order_system","Explicit Euler is transparent but can distort oscillatory systems if the step size is too large."
"underdamped_unforced",6.02,0.256814259440819,0.111375270552151,-0.30136436766168,0.2,1,0,"explicit_euler_first_order_system","Explicit Euler is transparent but can distort oscillatory systems if the step size is too large."
"underdamped_unforced",6.04,0.258921219104797,0.105347983198918,-0.301060412384365,0.2,1,0,"explicit_euler_first_order_system","Explicit Euler is transparent but can distort oscillatory systems if the step size is too large."
"underdamped_unforced",6.06,0.260907754603822,0.0993267749512305,-0.300638464584314,0.2,1,0,"explicit_euler_first_order_system","Explicit Euler is transparent but can distort oscillatory systems if the step size is too large."
"underdamped_unforced",6.08,0.262774034717013,0.0933140056595442,-0.300099636980831,0.2,1,0,"explicit_euler_first_order_system","Explicit Euler is transparent but can distort oscillatory systems if the step size is too large."
"underdamped_unforced",6.1,0.264520274975411,0.0873120129199276,-0.299445080143383,0.2,1,0,"explicit_euler_first_order_system","Explicit Euler is transparent but can distort oscillatory systems if the step size is too large."
"underdamped_unforced",6.12,0.266146737201753,0.0813231113170599,-0.298675981728577,0.2,1,0,"explicit_euler_first_order_system","Explicit Euler is transparent but can distort oscillatory systems if the step size is too large."
"underdamped_unforced",6.14,0.267653729035402,0.0753495916824884,-0.297793565708398,0.2,1,0,"explicit_euler_first_order_system","Explicit Euler is transparent but can distort oscillatory systems if the step size is too large."
"underdamped_unforced",6.16,0.269041603442769,0.0693937203683204,-0.296799091590097,0.2,1,0,"explicit_euler_first_order_system","Explicit Euler is transparent but can distort oscillatory systems if the step size is too large."
"underdamped_unforced",6.18,0.270310758213499,0.0634577385365185,-0.295693853628107,0.2,1,0,"explicit_euler_first_order_system","Explicit Euler is transparent but can distort oscillatory systems if the step size is too large."
"underdamped_unforced",6.2,0.271461635442778,0.0575438614639563,-0.294479180028361,0.2,1,0,"explicit_euler_first_order_system","Explicit Euler is transparent but can distort oscillatory systems if the step size is too large."
"underdamped_unforced",6.22,0.272494721000046,0.0516542778633891,-0.293156432145402,0.2,1,0,"explicit_euler_first_order_system","Explicit Euler is transparent but can distort oscillatory systems if the step size is too large."
"underdamped_unforced",6.24,0.273410543984456,0.0457911492204811,-0.291727003672648,0.2,1,0,"explicit_euler_first_order_system","Explicit Euler is transparent but can distort oscillatory systems if the step size is too large."
"underdamped_unforced",6.26,0.274209676167396,0.0399566091470281,-0.290192319826208,0.2,1,0,"explicit_euler_first_order_system","Explicit Euler is transparent but can distort oscillatory systems if the step size is too large."
"underdamped_unforced",6.28,0.274892731422406,0.034152762750504,-0.288553836522608,0.2,1,0,"explicit_euler_first_order_system","Explicit Euler is transparent but can distort oscillatory systems if the step size is too large."
"underdamped_unforced",6.3,0.275460365142807,0.0283816860200518,-0.286813039550828,0.2,1,0,"explicit_euler_first_order_system","Explicit Euler is transparent but can distort oscillatory systems if the step size is too large."
"underdamped_unforced",6.32,0.275913273647388,0.0226454252290352,-0.284971443739002,0.2,1,0,"explicit_euler_first_order_system","Explicit Euler is transparent but can distort oscillatory systems if the step size is too large."
"underdamped_unforced",6.34,0.276252193574473,0.0169459963542552,-0.283030592116175,0.2,1,0,"explicit_euler_first_order_system","Explicit Euler is transparent but can distort oscillatory systems if the step size is too large."
"underdamped_unforced",6.36,0.276477901264712,0.0112853845119317,-0.280992055069485,0.2,1,0,"explicit_euler_first_order_system","Explicit Euler is transparent but can distort oscillatory systems if the step size is too large."
"underdamped_unforced",6.38,0.276591212132923,0.00566554341054201,-0.27885742949714,0.2,1,0,"explicit_euler_first_order_system","Explicit Euler is transparent but can distort oscillatory systems if the step size is too large."
"underdamped_unforced",6.4,0.276592980029335,8.83948205992182e-05,-0.276628337957574,0.2,1,0,"explicit_euler_first_order_system","Explicit Euler is transparent but can distort oscillatory systems if the step size is too large."
"underdamped_unforced",6.42,0.276484096590564,-0.00544417193855227,-0.274306427815143,0.2,1,0,"explicit_euler_first_order_system","Explicit Euler is transparent but can distort oscillatory systems if the step size is too large."
"underdamped_unforced",6.44,0.276265490580667,-0.0109303004948551,-0.271893370382725,0.2,1,0,"explicit_euler_first_order_system","Explicit Euler is transparent but can distort oscillatory systems if the step size is too large."
"underdamped_unforced",6.46,0.275938127222616,-0.0163681679025096,-0.269390860061613,0.2,1,0,"explicit_euler_first_order_system","Explicit Euler is transparent but can distort oscillatory systems if the step size is too large."
"underdamped_unforced",6.48,0.275503007520542,-0.0217559851037419,-0.266800613479045,0.2,1,0,"explicit_euler_first_order_system","Explicit Euler is transparent but can distort oscillatory systems if the step size is too large."
"underdamped_unforced",6.5,0.274961167573075,-0.0270919973733228,-0.264124368623746,0.2,1,0,"explicit_euler_first_order_system","Explicit Euler is transparent but can distort oscillatory systems if the step size is too large."
"underdamped_unforced",6.52,0.274313677878159,-0.0323744847457977,-0.26136388397984,0.2,1,0,"explicit_euler_first_order_system","Explicit Euler is transparent but can distort oscillatory systems if the step size is too large."
"underdamped_unforced",6.54,0.273561642629651,-0.0376017624253945,-0.258520937659493,0.2,1,0,"explicit_euler_first_order_system","Explicit Euler is transparent but can distort oscillatory systems if the step size is too large."
"underdamped_unforced",6.56,0.27270619900608,-0.0427721811785843,-0.255597326534646,0.2,1,0,"explicit_euler_first_order_system","Explicit Euler is transparent but can distort oscillatory systems if the step size is too large."
"underdamped_unforced",6.58,0.271748516451894,-0.0478841277092773,-0.252594865368183,0.2,1,0,"explicit_euler_first_order_system","Explicit Euler is transparent but can distort oscillatory systems if the step size is too large."
"underdamped_unforced",6.6,0.270689795951561,-0.0529360250166409,-0.249515385944905,0.2,1,0,"explicit_euler_first_order_system","Explicit Euler is transparent but can distort oscillatory systems if the step size is too large."
"underdamped_unforced",6.62,0.26953126929685,-0.057926332735539,-0.246360736202635,0.2,1,0,"explicit_euler_first_order_system","Explicit Euler is transparent but can distort oscillatory systems if the step size is too large."
"underdamped_unforced",6.64,0.268274198347659,-0.0628535474595917,-0.243132779363822,0.2,1,0,"explicit_euler_first_order_system","Explicit Euler is transparent but can distort oscillatory systems if the step size is too large."
"underdamped_unforced",6.66,0.266919874286721,-0.0677162030468682,-0.239833393067974,0.2,1,0,"explicit_euler_first_order_system","Explicit Euler is transparent but can distort oscillatory systems if the step size is too large."
"underdamped_unforced",6.68,0.265469616868557,-0.0725128709082276,-0.236464468505266,0.2,1,0,"explicit_euler_first_order_system","Explicit Euler is transparent but can distort oscillatory systems if the step size is too large."
"underdamped_unforced",6.7,0.26392477366299,-0.077242160278333,-0.233027909551657,0.2,1,0,"explicit_euler_first_order_system","Explicit Euler is transparent but can distort oscillatory systems if the step size is too large."
"underdamped_unforced",6.72,0.262286719293603,-0.0819027184693661,-0.229525631905856,0.2,1,0,"explicit_euler_first_order_system","Explicit Euler is transparent but can distort oscillatory systems if the step size is too large."
"underdamped_unforced",6.74,0.260556854671453,-0.0864932311074832,-0.22595956222846,0.2,1,0,"explicit_euler_first_order_system","Explicit Euler is transparent but can distort oscillatory systems if the step size is too large."
"underdamped_unforced",6.76,0.258736606224412,-0.0910124223520524,-0.222331637283591,0.2,1,0,"explicit_euler_first_order_system","Explicit Euler is transparent but can distort oscillatory systems if the step size is too large."
"underdamped_unforced",6.78,0.256827425122457,-0.0954590550977242,-0.218643803083368,0.2,1,0,"explicit_euler_first_order_system","Explicit Euler is transparent but can distort oscillatory systems if the step size is too large."
"underdamped_unforced",6.8,0.25483078649927,-0.0998319311593916,-0.214898014035513,0.2,1,0,"explicit_euler_first_order_system","Explicit Euler is transparent but can distort oscillatory systems if the step size is too large."
"underdamped_unforced",6.82,0.252748188670468,-0.104129891440102,-0.211096232094427,0.2,1,0,"explicit_euler_first_order_system","Explicit Euler is transparent but can distort oscillatory systems if the step size is too large."
"underdamped_unforced",6.84,0.250581152348828,-0.10835181608199,-0.207240425916032,0.2,1,0,"explicit_euler_first_order_system","Explicit Euler is transparent but can distort oscillatory systems if the step size is too large."
"underdamped_unforced",6.86,0.248331219856822,-0.112496624600311,-0.203332570016697,0.2,1,0,"explicit_euler_first_order_system","Explicit Euler is transparent but can distort oscillatory systems if the step size is too large."
"underdamped_unforced",6.88,0.245999954336809,-0.116563276000645,-0.199374643936551,0.2,1,0,"explicit_euler_first_order_system","Explicit Euler is transparent but can distort oscillatory systems if the step size is too large."
"underdamped_unforced",6.9,0.243588938959221,-0.120550768879376,-0.195368631407471,0.2,1,0,"explicit_euler_first_order_system","Explicit Euler is transparent but can distort oscillatory systems if the step size is too large."
"underdamped_unforced",6.92,0.241099776129071,-0.124458141507525,-0.19131651952606,0.2,1,0,"explicit_euler_first_order_system","Explicit Euler is transparent but can distort oscillatory systems if the step size is too large."
"underdamped_unforced",6.94,0.23853408669111,-0.128284471898047,-0.187220297931891,0.2,1,0,"explicit_euler_first_order_system","Explicit Euler is transparent but can distort oscillatory systems if the step size is too large."
"underdamped_unforced",6.96,0.235893509133976,-0.132028877856684,-0.183081957991302,0.2,1,0,"explicit_euler_first_order_system","Explicit Euler is transparent but can distort oscillatory systems if the step size is too large."
"underdamped_unforced",6.98,0.233179698793646,-0.13569051701651,-0.178903491987042,0.2,1,0,"explicit_euler_first_order_system","Explicit Euler is transparent but can distort oscillatory systems if the step size is too large."
"underdamped_unforced",7,0.230394327056521,-0.139268586856251,-0.17468689231402,0.2,1,0,"explicit_euler_first_order_system","Explicit Euler is transparent but can distort oscillatory systems if the step size is too large."
"underdamped_unforced",7.02,0.22753908056247,-0.142762324702532,-0.170434150681457,0.2,1,0,"explicit_euler_first_order_system","Explicit Euler is transparent but can distort oscillatory systems if the step size is too large."
"underdamped_unforced",7.04,0.224615660408147,-0.146171007716161,-0.166147257321683,0.2,1,0,"explicit_euler_first_order_system","Explicit Euler is transparent but can distort oscillatory systems if the step size is too large."
"underdamped_unforced",7.06,0.221625781350895,-0.149493952862594,-0.161828200205857,0.2,1,0,"explicit_euler_first_order_system","Explicit Euler is transparent but can distort oscillatory systems if the step size is too large."
"underdamped_unforced",7.08,0.218571171013561,-0.152730516866712,-0.157478964266876,0.2,1,0,"explicit_euler_first_order_system","Explicit Euler is transparent but can distort oscillatory systems if the step size is too large."
"underdamped_unforced",7.1,0.21545356909052,-0.155880096152049,-0.1531015306297,0.2,1,0,"explicit_euler_first_order_system","Explicit Euler is transparent but can distort oscillatory systems if the step size is too large."
"underdamped_unforced",7.12,0.212274726555227,-0.158942126764643,-0.14869787584937,0.2,1,0,"explicit_euler_first_order_system","Explicit Euler is transparent but can distort oscillatory systems if the step size is too large."
"underdamped_unforced",7.14,0.209036404869594,-0.161916084281631,-0.144269971156942,0.2,1,0,"explicit_euler_first_order_system","Explicit Euler is transparent but can distort oscillatory systems if the step size is too large."
"underdamped_unforced",7.16,0.205740375195499,-0.164801483704769,-0.139819781713591,0.2,1,0,"explicit_euler_first_order_system","Explicit Euler is transparent but can distort oscillatory systems if the step size is too large."
"underdamped_unforced",7.18,0.202388417608718,-0.167597879339041,-0.135349265873102,0.2,1,0,"explicit_euler_first_order_system","Explicit Euler is transparent but can distort oscillatory systems if the step size is too large."
"underdamped_unforced",7.2,0.198982320315588,-0.170304864656503,-0.130860374452987,0.2,1,0,"explicit_euler_first_order_system","Explicit Euler is transparent but can distort oscillatory systems if the step size is too large."
"underdamped_unforced",7.22,0.195523878872677,-0.172922072145563,-0.126355050014452,0.2,1,0,"explicit_euler_first_order_system","Explicit Euler is transparent but can distort oscillatory systems if the step size is too large."
"underdamped_unforced",7.24,0.19201489540976,-0.175449173145852,-0.121835226151419,0.2,1,0,"explicit_euler_first_order_system","Explicit Euler is transparent but can distort oscillatory systems if the step size is too large."
"underdamped_unforced",7.26,0.188457177856382,-0.17788587766888,-0.11730282678883,0.2,1,0,"explicit_euler_first_order_system","Explicit Euler is transparent but can distort oscillatory systems if the step size is too large."
"underdamped_unforced",7.28,0.184852539172289,-0.180231934204657,-0.112759765490426,0.2,1,0,"explicit_euler_first_order_system","Explicit Euler is transparent but can distort oscillatory systems if the step size is too large."
"underdamped_unforced",7.3,0.181202796582,-0.182487129514466,-0.108207944776214,0.2,1,0,"explicit_euler_first_order_system","Explicit Euler is transparent but can distort oscillatory systems if the step size is too large."
"underdamped_unforced",7.32,0.1775097708138,-0.18465128840999,-0.103649255449804,0.2,1,0,"explicit_euler_first_order_system","Explicit Euler is transparent but can distort oscillatory systems if the step size is too large."
"underdamped_unforced",7.34,0.17377528534342,-0.186724273518986,-0.0990855759358259,0.2,1,0,"explicit_euler_first_order_system","Explicit Euler is transparent but can distort oscillatory systems if the step size is too large."
"underdamped_unforced",7.36,0.170001165642666,-0.188705985037702,-0.0945187716275852,0.2,1,0,"explicit_euler_first_order_system","Explicit Euler is transparent but can distort oscillatory systems if the step size is too large."
"underdamped_unforced",7.38,0.166189238433261,-0.190596360470254,-0.0899506942451594,0.2,1,0,"explicit_euler_first_order_system","Explicit Euler is transparent but can distort oscillatory systems if the step size is too large."
"underdamped_unforced",7.4,0.162341330946158,-0.192395374355157,-0.085383181204095,0.2,1,0,"explicit_euler_first_order_system","Explicit Euler is transparent but can distort oscillatory systems if the step size is too large."
"underdamped_unforced",7.42,0.158459270186573,-0.194103037979239,-0.0808180549948775,0.2,1,0,"explicit_euler_first_order_system","Explicit Euler is transparent but can distort oscillatory systems if the step size is too large."
"underdamped_unforced",7.44,0.15454488220499,-0.195719399079137,-0.0762571225733357,0.2,1,0,"explicit_euler_first_order_system","Explicit Euler is transparent but can distort oscillatory systems if the step size is too large."
"underdamped_unforced",7.46,0.150599991374378,-0.197244541530603,-0.071702174762137,0.2,1,0,"explicit_euler_first_order_system","Explicit Euler is transparent but can distort oscillatory systems if the step size is too large."
"underdamped_unforced",7.48,0.146626419673861,-0.198678585025846,-0.067154985663523,0.2,1,0,"explicit_euler_first_order_system","Explicit Euler is transparent but can distort oscillatory systems if the step size is too large."
"underdamped_unforced",7.5,0.142625985979079,-0.200021684739117,-0.0626173120834324,0.2,1,0,"explicit_euler_first_order_system","Explicit Euler is transparent but can distort oscillatory systems if the step size is too large."
"underdamped_unforced",7.52,0.138600505359463,-0.201274030980785,-0.0580908929671493,0.2,1,0,"explicit_euler_first_order_system","Explicit Euler is transparent but can distort oscillatory systems if the step size is too large."
"underdamped_unforced",7.54,0.134551788382661,-0.202435848840128,-0.0535774488466095,0.2,1,0,"explicit_euler_first_order_system","Explicit Euler is transparent but can distort oscillatory systems if the step size is too large."
"underdamped_unforced",7.56,0.13048164042632,-0.20350739781706,-0.0490786812994954,0.2,1,0,"explicit_euler_first_order_system","Explicit Euler is transparent but can distort oscillatory systems if the step size is too large."
"underdamped_unforced",7.58,0.126391860997459,-0.20448897144305,-0.0445962724202385,0.2,1,0,"explicit_euler_first_order_system","Explicit Euler is transparent but can distort oscillatory systems if the step size is too large."
"underdamped_unforced",7.6,0.12228424305963,-0.205380896891455,-0.0401318843030475,0.2,1,0,"explicit_euler_first_order_system","Explicit Euler is transparent but can distort oscillatory systems if the step size is too large."
"underdamped_unforced",7.62,0.118160572368079,-0.206183534577516,-0.0356871585370727,0.2,1,0,"explicit_euler_first_order_system","Explicit Euler is transparent but can distort oscillatory systems if the step size is too large."
"underdamped_unforced",7.64,0.114022626813114,-0.206897277748258,-0.031263715713811,0.2,1,0,"explicit_euler_first_order_system","Explicit Euler is transparent but can distort oscillatory systems if the step size is too large."
"underdamped_unforced",7.66,0.109872175771863,-0.207522552062534,-0.0268631549468498,0.2,1,0,"explicit_euler_first_order_system","Explicit Euler is transparent but can distort oscillatory systems if the step size is too large."
"underdamped_unforced",7.68,0.105710979468634,-0.208059815161471,-0.0224870534040456,0.2,1,0,"explicit_euler_first_order_system","Explicit Euler is transparent but can distort oscillatory systems if the step size is too large."
"underdamped_unforced",7.7,0.101540788344043,-0.208509556229552,-0.0181369658522222,0.2,1,0,"explicit_euler_first_order_system","Explicit Euler is transparent but can distort oscillatory systems if the step size is too large."
"underdamped_unforced",7.72,0.097363342433111,-0.208872295546596,-0.0138144242144725,0.2,1,0,"explicit_euler_first_order_system","Explicit Euler is transparent but can distort oscillatory systems if the step size is too large."
"underdamped_unforced",7.74,0.0931803707524933,-0.209148584030886,-0.00952093714013903,0.2,1,0,"explicit_euler_first_order_system","Explicit Euler is transparent but can distort oscillatory systems if the step size is too large."
"underdamped_unforced",7.76,0.0889935906970195,-0.209339002773688,-0.00525798958754414,0.2,1,0,"explicit_euler_first_order_system","Explicit Euler is transparent but can distort oscillatory systems if the step size is too large."
"underdamped_unforced",7.78,0.0848047074457107,-0.209444162565439,-0.00102704241953501,0.2,1,0,"explicit_euler_first_order_system","Explicit Euler is transparent but can distort oscillatory systems if the step size is too large."
"underdamped_unforced",7.8,0.0806154133774341,-0.20946470341383,0.00317046798809788,0.2,1,0,"explicit_euler_first_order_system","Explicit Euler is transparent but can distort oscillatory systems if the step size is too large."
"underdamped_unforced",7.82,0.0764273874963528,-0.209401294054068,0.00733313012527445,0.2,1,0,"explicit_euler_first_order_system","Explicit Euler is transparent but can distort oscillatory systems if the step size is too large."
"underdamped_unforced",7.84,0.0722422948673215,-0.209254631451563,0.0114595577133035,0.2,1,0,"explicit_euler_first_order_system","Explicit Euler is transparent but can distort oscillatory systems if the step size is too large."
"underdamped_unforced",7.86,0.0680617860613756,-0.209025440297296,0.015548390057543,0.2,1,0,"explicit_euler_first_order_system","Explicit Euler is transparent but can distort oscillatory systems if the step size is too large."
"underdamped_unforced",7.88,0.0638874966114527,-0.208714472496146,0.0195982923870056,0.2,1,0,"explicit_euler_first_order_system","Explicit Euler is transparent but can distort oscillatory systems if the step size is too large."
"underdamped_unforced",7.9,0.0597210464784846,-0.208322506648405,0.0236079561808776,0.2,1,0,"explicit_euler_first_order_system","Explicit Euler is transparent but can distort oscillatory systems if the step size is too large."
"underdamped_unforced",7.92,0.0555640395279888,-0.207850347524788,0.0275760994819264,0.2,1,0,"explicit_euler_first_order_system","Explicit Euler is transparent but can distort oscillatory systems if the step size is too large."
"underdamped_unforced",7.94,0.0514180630172858,-0.207298825535149,0.031501467196774,0.2,1,0,"explicit_euler_first_order_system","Explicit Euler is transparent but can distort oscillatory systems if the step size is too large."
"underdamped_unforced",7.96,0.0472846870934615,-0.206668796191214,0.035382831383024,0.2,1,0,"explicit_euler_first_order_system","Explicit Euler is transparent but can distort oscillatory systems if the step size is too large."
"underdamped_unforced",7.98,0.0431654643021905,-0.205961139563553,0.0392189915232309,0.2,1,0,"explicit_euler_first_order_system","Explicit Euler is transparent but can distort oscillatory systems if the step size is too large."
"underdamped_unforced",8,0.0390619291075287,-0.205176759733089,0.0430087747857068,0.2,1,0,"explicit_euler_first_order_system","Explicit Euler is transparent but can distort oscillatory systems if the step size is too large."
"underdamped_unforced",8.02,0.0349755974227812,-0.204316584237375,0.0467510362721687,0.2,1,0,"explicit_euler_first_order_system","Explicit Euler is transparent but can distort oscillatory systems if the step size is too large."
"underdamped_unforced",8.04,0.0309079661525426,-0.203381563511931,0.05044465925223,0.2,1,0,"explicit_euler_first_order_system","Explicit Euler is transparent but can distort oscillatory systems if the step size is too large."
"underdamped_unforced",8.06,0.0268605127460048,-0.202372670326887,0.0540885553847499,0.2,1,0,"explicit_euler_first_order_system","Explicit Euler is transparent but can distort oscillatory systems if the step size is too large."
"underdamped_unforced",8.08,0.022834694761621,-0.201290899219192,0.0576816649260557,0.2,1,0,"explicit_euler_first_order_system","Explicit Euler is transparent but can distort oscillatory systems if the step size is too large."
"underdamped_unforced",8.1,0.0188319494432076,-0.200137265920671,0.0612229569250606,0.2,1,0,"explicit_euler_first_order_system","Explicit Euler is transparent but can distort oscillatory systems if the step size is too large."
"underdamped_unforced",8.12,0.0148536933075642,-0.198912806782169,0.0647114294053036,0.2,1,0,"explicit_euler_first_order_system","Explicit Euler is transparent but can distort oscillatory systems if the step size is too large."
"underdamped_unforced",8.14,0.0109013217436829,-0.197618578194063,0.0681461095339424,0.2,1,0,"explicit_euler_first_order_system","Explicit Euler is transparent but can distort oscillatory systems if the step size is too large."
"underdamped_unforced",8.16,0.00697620862361525,-0.196255656003384,0.0715260537777385,0.2,1,0,"explicit_euler_first_order_system","Explicit Euler is transparent but can distort oscillatory systems if the step size is too large."
"underdamped_unforced",8.18,0.00307970592505866,-0.19482513492783,0.0748503480460732,0.2,1,0,"explicit_euler_first_order_system","Explicit Euler is transparent but can distort oscillatory systems if the step size is too large."
"underdamped_unforced",8.2,-0.000786856634279509,-0.193328127966908,0.0781181078210428,0.2,1,0,"explicit_euler_first_order_system","Explicit Euler is transparent but can distort oscillatory systems if the step size is too large."
"underdamped_unforced",8.22,-0.00462217195048926,-0.191765765810487,0.0813284782746842,0.2,1,0,"explicit_euler_first_order_system","Explicit Euler is transparent but can distort oscillatory systems if the step size is too large."
"underdamped_unforced",8.24,-0.00842495587538913,-0.190139196244994,0.0844806343733866,0.2,1,0,"explicit_euler_first_order_system","Explicit Euler is transparent but can distort oscillatory systems if the step size is too large."
"underdamped_unforced",8.26,-0.0121939475465397,-0.188449583557526,0.08757378096955,0.2,1,0,"explicit_euler_first_order_system","Explicit Euler is transparent but can distort oscillatory systems if the step size is too large."
"underdamped_unforced",8.28,-0.0159279097053023,-0.186698107938135,0.0906071528805563,0.2,1,0,"explicit_euler_first_order_system","Explicit Euler is transparent but can distort oscillatory systems if the step size is too large."
"underdamped_unforced",8.3,-0.0196256290029128,-0.184885964880524,0.0935800149551224,0.2,1,0,"explicit_euler_first_order_system","Explicit Euler is transparent but can distort oscillatory systems if the step size is too large."
"underdamped_unforced",8.32,-0.0232859162945413,-0.183014364581421,0.0964916621271098,0.2,1,0,"explicit_euler_first_order_system","Explicit Euler is transparent but can distort oscillatory systems if the step size is too large."
"underdamped_unforced",8.34,-0.0269076069213188,-0.181084531338879,0.0993414194568705,0.2,1,0,"explicit_euler_first_order_system","Explicit Euler is transparent but can distort oscillatory systems if the step size is too large."
"underdamped_unforced",8.36,-0.0304895609803137,-0.179097702949742,0.10212864216021,0.2,1,0,"explicit_euler_first_order_system","Explicit Euler is transparent but can distort oscillatory systems if the step size is too large."
"underdamped_unforced",8.38,-0.0340306635824444,-0.177055130106538,0.104852715625059,0.2,1,0,"explicit_euler_first_order_system","Explicit Euler is transparent but can distort oscillatory systems if the step size is too large."
"underdamped_unforced",8.4,-0.0375298250983251,-0.174958075794036,0.10751305541594,0.2,1,0,"explicit_euler_first_order_system","Explicit Euler is transparent but can distort oscillatory systems if the step size is too large."
"underdamped_unforced",8.42,-0.0409859813920395,-0.172807814685718,0.110109107266327,0.2,1,0,"explicit_euler_first_order_system","Explicit Euler is transparent but can distort oscillatory systems if the step size is too large."
"underdamped_unforced",8.44,-0.0443980940428473,-0.170605632540391,0.112640347059004,0.2,1,0,"explicit_euler_first_order_system","Explicit Euler is transparent but can distort oscillatory systems if the step size is too large."
"underdamped_unforced",8.46,-0.0477651505548315,-0.168352825599211,0.115106280794516,0.2,1,0,"explicit_euler_first_order_system","Explicit Euler is transparent but can distort oscillatory systems if the step size is too large."
"underdamped_unforced",8.48,-0.051086164554498,-0.166050699983321,0.117506444547826,0.2,1,0,"explicit_euler_first_order_system","Explicit Euler is transparent but can distort oscillatory systems if the step size is too large."
"underdamped_unforced",8.5,-0.0543601759763452,-0.163700571092364,0.119840404413291,0.2,1,0,"explicit_euler_first_order_system","Explicit Euler is transparent but can distort oscillatory systems if the step size is too large."
"underdamped_unforced",8.52,-0.0575862512364272,-0.161303763004098,0.122107756438067,0.2,1,0,"explicit_euler_first_order_system","Explicit Euler is transparent but can distort oscillatory systems if the step size is too large."
"underdamped_unforced",8.54,-0.0607634833939339,-0.158861607875337,0.124308126544069,0.2,1,0,"explicit_euler_first_order_system","Explicit Euler is transparent but can distort oscillatory systems if the step size is too large."
"underdamped_unforced",8.56,-0.063890992300823,-0.156375445344456,0.126441170438605,0.2,1,0,"explicit_euler_first_order_system","Explicit Euler is transparent but can distort oscillatory systems if the step size is too large."
"underdamped_unforced",8.58,-0.0669679247395367,-0.153846621935683,0.12850657351381,0.2,1,0,"explicit_euler_first_order_system","Explicit Euler is transparent but can distort oscillatory systems if the step size is too large."
"underdamped_unforced",8.6,-0.0699934545488449,-0.151276490465407,0.130504050735008,0.2,1,0,"explicit_euler_first_order_system","Explicit Euler is transparent but can distort oscillatory systems if the step size is too large."
"underdamped_unforced",8.62,-0.072966782737859,-0.148666409450707,0.132433346518142,0.2,1,0,"explicit_euler_first_order_system","Explicit Euler is transparent but can distort oscillatory systems if the step size is too large."
"underdamped_unforced",8.64,-0.0758871375882659,-0.146017742520344,0.134294234596404,0.2,1,0,"explicit_euler_first_order_system","Explicit Euler is transparent but can distort oscillatory systems if the step size is too large."
"underdamped_unforced",8.66,-0.0787537747448342,-0.143331857828416,0.136086517876201,0.2,1,0,"explicit_euler_first_order_system","Explicit Euler is transparent but can distort oscillatory systems if the step size is too large."
"underdamped_unforced",8.68,-0.081565977294252,-0.140610127470892,0.137810028282609,0.2,1,0,"explicit_euler_first_order_system","Explicit Euler is transparent but can distort oscillatory systems if the step size is too large."
"underdamped_unforced",8.7,-0.0843230558323569,-0.13785392690524,0.139464626594453,0.2,1,0,"explicit_euler_first_order_system","Explicit Euler is transparent but can distort oscillatory systems if the step size is too large."
"underdamped_unforced",8.72,-0.0870243485198239,-0.135064634373351,0.141050202269164,0.2,1,0,"explicit_euler_first_order_system","Explicit Euler is transparent but can distort oscillatory systems if the step size is too large."
"underdamped_unforced",8.74,-0.0896692211263832,-0.132243630327968,0.14256667325757,0.2,1,0,"explicit_euler_first_order_system","Explicit Euler is transparent but can distort oscillatory systems if the step size is too large."
"underdamped_unforced",8.76,-0.0922570670636396,-0.129392296862816,0.144013985808766,0.2,1,0,"explicit_euler_first_order_system","Explicit Euler is transparent but can distort oscillatory systems if the step size is too large."
"underdamped_unforced",8.78,-0.0947873074065724,-0.126512017146641,0.145392114265229,0.2,1,0,"explicit_euler_first_order_system","Explicit Euler is transparent but can distort oscillatory systems if the step size is too large."
"underdamped_unforced",8.8,-0.0972593909037991,-0.123604174861336,0.146701060848334,0.2,1,0,"explicit_euler_first_order_system","Explicit Euler is transparent but can distort oscillatory systems if the step size is too large."
"underdamped_unforced",8.82,-0.0996727939766865,-0.12067015364437,0.147940855434434,0.2,1,0,"explicit_euler_first_order_system","Explicit Euler is transparent but can distort oscillatory systems if the step size is too large."
"underdamped_unforced",8.84,-0.1020270207074,-0.117711336535681,0.149111555321673,0.2,1,0,"explicit_euler_first_order_system","Explicit Euler is transparent but can distort oscillatory systems if the step size is too large."
"underdamped_unforced",8.86,-0.104321602815985,-0.114729105429248,0.150213244987684,0.2,1,0,"explicit_euler_first_order_system","Explicit Euler is transparent but can distort oscillatory systems if the step size is too large."
"underdamped_unforced",8.88,-0.106556099626575,-0.111724840529494,0.151246035838373,0.2,1,0,"explicit_euler_first_order_system","Explicit Euler is transparent but can distort oscillatory systems if the step size is too large."
"underdamped_unforced",8.9,-0.108730098022829,-0.108699919812726,0.15221006594792,0.2,1,0,"explicit_euler_first_order_system","Explicit Euler is transparent but can distort oscillatory systems if the step size is too large."
"underdamped_unforced",8.92,-0.110843212392705,-0.105655718493768,0.153105499790212,0.2,1,0,"explicit_euler_first_order_system","Explicit Euler is transparent but can distort oscillatory systems if the step size is too large."
"underdamped_unforced",8.94,-0.112895084562664,-0.102593608497964,0.15393252796185,0.2,1,0,"explicit_euler_first_order_system","Explicit Euler is transparent but can distort oscillatory systems if the step size is too large."
"underdamped_unforced",8.96,-0.114885383721439,-0.0995149579387268,0.154691366896929,0.2,1,0,"explicit_euler_first_order_system","Explicit Euler is transparent but can distort oscillatory systems if the step size is too large."
"underdamped_unforced",8.98,-0.116813806333454,-0.0964211306007882,0.15538225857377,0.2,1,0,"explicit_euler_first_order_system","Explicit Euler is transparent but can distort oscillatory systems if the step size is too large."
"underdamped_unforced",9,-0.118680076042041,-0.0933134854293128,0.156005470213766,0.2,1,0,"explicit_euler_first_order_system","Explicit Euler is transparent but can distort oscillatory systems if the step size is too large."
"underdamped_unforced",9.02,-0.120483943562541,-0.0901933760250375,0.156561293972556,0.2,1,0,"explicit_euler_first_order_system","Explicit Euler is transparent but can distort oscillatory systems if the step size is too large."
"underdamped_unforced",9.04,-0.122225186565453,-0.0870621501455864,0.157050046623688,0.2,1,0,"explicit_euler_first_order_system","Explicit Euler is transparent but can distort oscillatory systems if the step size is too large."
"underdamped_unforced",9.06,-0.123903609549715,-0.0839211492131126,0.15747206923496,0.2,1,0,"explicit_euler_first_order_system","Explicit Euler is transparent but can distort oscillatory systems if the step size is too large."
"underdamped_unforced",9.08,-0.125519043706284,-0.0807717078284134,0.157827726837649,0.2,1,0,"explicit_euler_first_order_system","Explicit Euler is transparent but can distort oscillatory systems if the step size is too large."
"underdamped_unforced",9.1,-0.127071346772117,-0.0776151532916604,0.158117408088781,0.2,1,0,"explicit_euler_first_order_system","Explicit Euler is transparent but can distort oscillatory systems if the step size is too large."
"underdamped_unforced",9.12,-0.128560402874715,-0.0744528051298848,0.158341524926669,0.2,1,0,"explicit_euler_first_order_system","Explicit Euler is transparent but can distort oscillatory systems if the step size is too large."
"underdamped_unforced",9.14,-0.129986122367342,-0.0712859746313514,0.158500512219882,0.2,1,0,"explicit_euler_first_order_system","Explicit Euler is transparent but can distort oscillatory systems if the step size is too large."
"underdamped_unforced",9.16,-0.131348441655081,-0.0681159643869538,0.158594827409862,0.2,1,0,"explicit_euler_first_order_system","Explicit Euler is transparent but can distort oscillatory systems if the step size is too large."
"underdamped_unforced",9.18,-0.132647323011856,-0.0649440678387566,0.158624950147359,0.2,1,0,"explicit_euler_first_order_system","Explicit Euler is transparent but can distort oscillatory systems if the step size is too large."
"underdamped_unforced",9.2,-0.133882754388572,-0.0617715688358094,0.158591381922896,0.2,1,0,"explicit_euler_first_order_system","Explicit Euler is transparent but can distort oscillatory systems if the step size is too large."
"underdamped_unforced",9.22,-0.135054749212519,-0.0585997411973515,0.15849464569146,0.2,1,0,"explicit_euler_first_order_system","Explicit Euler is transparent but can distort oscillatory systems if the step size is too large."
"underdamped_unforced",9.24,-0.13616334617819,-0.0554298482835223,0.158335285491598,0.2,1,0,"explicit_euler_first_order_system","Explicit Euler is transparent but can distort oscillatory systems if the step size is too large."
"underdamped_unforced",9.26,-0.137208609029663,-0.0522631425736903,0.158113866059139,0.2,1,0,"explicit_euler_first_order_system","Explicit Euler is transparent but can distort oscillatory systems if the step size is too large."
"underdamped_unforced",9.28,-0.138190626334713,-0.0491008652525075,0.157830972435717,0.2,1,0,"explicit_euler_first_order_system","Explicit Euler is transparent but can distort oscillatory systems if the step size is too large."
"underdamped_unforced",9.3,-0.139109511250789,-0.0459442458037932,0.157487209572307,0.2,1,0,"explicit_euler_first_order_system","Explicit Euler is transparent but can distort oscillatory systems if the step size is too large."
"underdamped_unforced",9.32,-0.139965401283036,-0.0427945016123471,0.157083201927975,0.2,1,0,"explicit_euler_first_order_system","Explicit Euler is transparent but can distort oscillatory systems if the step size is too large."
"underdamped_unforced",9.34,-0.140758458034512,-0.0396528375737876,0.156619593064027,0.2,1,0,"explicit_euler_first_order_system","Explicit Euler is transparent but can distort oscillatory systems if the step size is too large."
"underdamped_unforced",9.36,-0.141488866948762,-0.036520445712507,0.156097045233765,0.2,1,0,"explicit_euler_first_order_system","Explicit Euler is transparent but can distort oscillatory systems if the step size is too large."
"underdamped_unforced",9.38,-0.142156837044919,-0.0333985048078317,0.155516238968052,0.2,1,0,"explicit_euler_first_order_system","Explicit Euler is transparent but can distort oscillatory systems if the step size is too large."
"underdamped_unforced",9.4,-0.142762600645488,-0.0302881800284707,0.154877872656876,0.2,1,0,"explicit_euler_first_order_system","Explicit Euler is transparent but can distort oscillatory systems if the step size is too large."
"underdamped_unforced",9.42,-0.143306413096995,-0.0271906225753332,0.154182662127128,0.2,1,0,"explicit_euler_first_order_system","Explicit Euler is transparent but can distort oscillatory systems if the step size is too large."
"underdamped_unforced",9.44,-0.143788552483651,-0.0241069693327906,0.153431340216767,0.2,1,0,"explicit_euler_first_order_system","Explicit Euler is transparent but can distort oscillatory systems if the step size is too large."
"underdamped_unforced",9.46,-0.14420931933422,-0.0210383425284552,0.152624656345602,0.2,1,0,"explicit_euler_first_order_system","Explicit Euler is transparent but can distort oscillatory systems if the step size is too large."
"underdamped_unforced",9.48,-0.144569036322251,-0.0179858494015432,0.151763376082868,0.2,1,0,"explicit_euler_first_order_system","Explicit Euler is transparent but can distort oscillatory systems if the step size is too large."
"underdamped_unforced",9.5,-0.144868047959848,-0.0149505818798859,0.150848280711803,0.2,1,0,"explicit_euler_first_order_system","Explicit Euler is transparent but can distort oscillatory systems if the step size is too large."
"underdamped_unforced",9.52,-0.145106720285161,-0.0119336162656498,0.149880166791421,0.2,1,0,"explicit_euler_first_order_system","Explicit Euler is transparent but can distort oscillatory systems if the step size is too large."
"underdamped_unforced",9.54,-0.145285440543758,-0.00893601292982137,0.148859845715686,0.2,1,0,"explicit_euler_first_order_system","Explicit Euler is transparent but can distort oscillatory systems if the step size is too large."
"underdamped_unforced",9.56,-0.145404616864068,-0.00595881601550764,0.147788143270271,0.2,1,0,"explicit_euler_first_order_system","Explicit Euler is transparent but can distort oscillatory systems if the step size is too large."
"underdamped_unforced",9.58,-0.14546467792707,-0.00300305315010222,0.146665899187111,0.2,1,0,"explicit_euler_first_order_system","Explicit Euler is transparent but can distort oscillatory systems if the step size is too large."
"underdamped_unforced",9.6,-0.145466072630397,-6.97351663600057e-05,0.145493966696941,0.2,1,0,"explicit_euler_first_order_system","Explicit Euler is transparent but can distort oscillatory systems if the step size is too large."
"underdamped_unforced",9.62,-0.145409269747046,0.00284014416757882,0.144273212080014,0.2,1,0,"explicit_euler_first_order_system","Explicit Euler is transparent but can distort oscillatory systems if the step size is too large."
"underdamped_unforced",9.64,-0.145294757578862,0.0057256084091791,0.14300451421519,0.2,1,0,"explicit_euler_first_order_system","Explicit Euler is transparent but can distort oscillatory systems if the step size is too large."
"underdamped_unforced",9.66,-0.145123043604992,0.00858569869348291,0.141688764127599,0.2,1,0,"explicit_euler_first_order_system","Explicit Euler is transparent but can distort oscillatory systems if the step size is too large."
"underdamped_unforced",9.68,-0.144894654125472,0.0114194739760349,0.140326864535058,0.2,1,0,"explicit_euler_first_order_system","Explicit Euler is transparent but can distort oscillatory systems if the step size is too large."
"underdamped_unforced",9.7,-0.144610133900137,0.014226011266736,0.138919729393443,0.2,1,0,"explicit_euler_first_order_system","Explicit Euler is transparent but can distort oscillatory systems if the step size is too large."
"underdamped_unforced",9.72,-0.144270045783045,0.0170044058546049,0.137468283441203,0.2,1,0,"explicit_euler_first_order_system","Explicit Euler is transparent but can distort oscillatory systems if the step size is too large."
"underdamped_unforced",9.74,-0.143874970352576,0.019753771523429,0.135973461743205,0.2,1,0,"explicit_euler_first_order_system","Explicit Euler is transparent but can distort oscillatory systems if the step size is too large."
"underdamped_unforced",9.76,-0.14342550553741,0.0224732407582931,0.134436209234093,0.2,1,0,"explicit_euler_first_order_system","Explicit Euler is transparent but can distort oscillatory systems if the step size is too large."
"underdamped_unforced",9.78,-0.142922266238551,0.0251619649429749,0.132857480261361,0.2,1,0,"explicit_euler_first_order_system","Explicit Euler is transparent but can distort oscillatory systems if the step size is too large."
"underdamped_unforced",9.8,-0.142365883947587,0.0278191145482021,0.131238238128306,0.2,1,0,"explicit_euler_first_order_system","Explicit Euler is transparent but can distort oscillatory systems if the step size is too large."
"underdamped_unforced",9.82,-0.141757006361371,0.0304438793107683,0.129579454637064,0.2,1,0,"explicit_euler_first_order_system","Explicit Euler is transparent but can distort oscillatory systems if the step size is too large."
"underdamped_unforced",9.84,-0.141096296993301,0.0330354684035095,0.127882109631897,0.2,1,0,"explicit_euler_first_order_system","Explicit Euler is transparent but can distort oscillatory systems if the step size is too large."
"underdamped_unforced",9.86,-0.140384434781378,0.0355931105961475,0.126147190542919,0.2,1,0,"explicit_euler_first_order_system","Explicit Euler is transparent but can distort oscillatory systems if the step size is too large."
"underdamped_unforced",9.88,-0.139622113693238,0.0381160544070059,0.124375691930436,0.2,1,0,"explicit_euler_first_order_system","Explicit Euler is transparent but can distort oscillatory systems if the step size is too large."
"underdamped_unforced",9.9,-0.138810042328326,0.0406035682456146,0.12256861503008,0.2,1,0,"explicit_euler_first_order_system","Explicit Euler is transparent but can distort oscillatory systems if the step size is too large."
"underdamped_unforced",9.92,-0.137948943517402,0.0430549405462162,0.120726967298915,0.2,1,0,"explicit_euler_first_order_system","Explicit Euler is transparent but can distort oscillatory systems if the step size is too large."
"underdamped_unforced",9.94,-0.137039553919558,0.0454694798921945,0.11885176196268,0.2,1,0,"explicit_euler_first_order_system","Explicit Euler is transparent but can distort oscillatory systems if the step size is too large."
"underdamped_unforced",9.96,-0.136082623616929,0.0478465151314481,0.116944017564349,0.2,1,0,"explicit_euler_first_order_system","Explicit Euler is transparent but can distort oscillatory systems if the step size is too large."
"underdamped_unforced",9.98,-0.135078915707274,0.0501853954827351,0.11500475751418,0.2,1,0,"explicit_euler_first_order_system","Explicit Euler is transparent but can distort oscillatory systems if the step size is too large."
"underdamped_unforced",10,-0.134029205894614,0.0524854906330187,0.113035009641406,0.2,1,0,"explicit_euler_first_order_system","Explicit Euler is transparent but can distort oscillatory systems if the step size is too large."
"forced_near_resonance",0,1,0,-0.8,0.1,1,0.2,"explicit_euler_first_order_system","Explicit Euler is transparent but can distort oscillatory systems if the step size is too large."
"forced_near_resonance",0.02,0.99968,-0.016,-0.796519998666684,0.1,1,0.199960001333316,"explicit_euler_first_order_system","Explicit Euler is transparent but can distort oscillatory systems if the step size is too large."
"forced_near_resonance",0.04,0.999041392000533,-0.0319303999733337,-0.792815290673671,0.1,1,0.199840021332196,"explicit_euler_first_order_system","Explicit Euler is transparent but can distort oscillatory systems if the step size is too large."
"forced_near_resonance",0.06,0.998085657884797,-0.0477867057868071,-0.788888208740395,0.1,1,0.199640107987041,"explicit_euler_first_order_system","Explicit Euler is transparent but can distort oscillatory systems if the step size is too large."
"forced_near_resonance",0.08,0.996814368485565,-0.063564469961615,-0.784741133232718,0.1,1,0.199360341260524,"explicit_euler_first_order_system","Explicit Euler is transparent but can distort oscillatory systems if the step size is too large."
"forced_near_resonance",0.1,0.99522918263304,-0.0792592926262694,-0.78037649105218,0.1,1,0.199000833055605,"explicit_euler_first_order_system","Explicit Euler is transparent but can distort oscillatory systems if the step size is too large."
"forced_near_resonance",0.12,0.993331846184093,-0.094866822447313,-0.775796754523857,0.1,1,0.198561727170773,"explicit_euler_first_order_system","Explicit Euler is transparent but can distort oscillatory systems if the step size is too large."
"forced_near_resonance",0.14,0.991124191033337,-0.11038275753779,-0.771004440283252,0.1,1,0.198043199242527,"explicit_euler_first_order_system","Explicit Euler is transparent but can distort oscillatory systems if the step size is too large."
"forced_near_resonance",0.16,0.988608134106468,-0.125802846343455,-0.766002108162652,0.1,1,0.197445456675125,"explicit_euler_first_order_system","Explicit Euler is transparent but can distort oscillatory systems if the step size is too large."
"forced_near_resonance",0.18,0.985785676336334,-0.141122888506708,-0.760792360077368,0.1,1,0.196768738557624,"explicit_euler_first_order_system","Explicit Euler is transparent but can distort oscillatory systems if the step size is too large."
"forced_near_resonance",0.2,0.982658901622169,-0.156338735708256,-0.75537783891227,0.1,1,0.196013315568248,"explicit_euler_first_order_system","Explicit Euler is transparent but can distort oscillatory systems if the step size is too large."
"forced_near_resonance",0.22,0.979229975772439,-0.171446292486501,-0.749761227409018,0.1,1,0.195179489866121,"explicit_euler_first_order_system","Explicit Euler is transparent but can distort oscillatory systems if the step size is too large."
"forced_near_resonance",0.24,0.975501145431745,-0.186441517034681,-0.743945247054403,0.1,1,0.194267594970406,"explicit_euler_first_order_system","Explicit Euler is transparent but can distort oscillatory systems if the step size is too large."
"forced_near_resonance",0.26,0.97147473699223,-0.201320421975769,-0.737932656970174,0.1,1,0.193277995626903,"explicit_euler_first_order_system","Explicit Euler is transparent but can distort oscillatory systems if the step size is too large."
"forced_near_resonance",0.28,0.967153155489927,-0.216079075115173,-0.731726252804738,0.1,1,0.192211087662154,"explicit_euler_first_order_system","Explicit Euler is transparent but can distort oscillatory systems if the step size is too large."
"forced_near_resonance",0.3,0.962538883486501,-0.230713600171268,-0.725328865627127,0.1,1,0.191067297825121,"explicit_euler_first_order_system","Explicit Euler is transparent but can distort oscillatory systems if the step size is too large."
"forced_near_resonance",0.32,0.957634479936825,-0.24522017748381,-0.718743360823575,0.1,1,0.189847083616488,"explicit_euler_first_order_system","Explicit Euler is transparent but can distort oscillatory systems if the step size is too large."
"forced_near_resonance",0.34,0.952442579042819,-0.259595044700282,-0.711972636997094,0.1,1,0.188550933105669,"explicit_euler_first_order_system","Explicit Euler is transparent but can distort oscillatory systems if the step size is too large."
"forced_near_resonance",0.36,0.946965889094015,-0.273834497440224,-0.705019624870383,0.1,1,0.187179364735587,"explicit_euler_first_order_system","Explicit Euler is transparent but can distort oscillatory systems if the step size is too large."
"forced_near_resonance",0.38,0.941207191295262,-0.287934889937631,-0.697887286192434,0.1,1,0.185732927115302,"explicit_euler_first_order_system","Explicit Euler is transparent but can distort oscillatory systems if the step size is too large."
"forced_near_resonance",0.4,0.935169338582033,-0.30189263566148,-0.69057861264916,0.1,1,0.184212198800577,"explicit_euler_first_order_system","Explicit Euler is transparent but can distort oscillatory systems if the step size is too large."
"forced_near_resonance",0.42,0.928855254423743,-0.315704207914463,-0.683096624778389,0.1,1,0.182617788062462,"explicit_euler_first_order_system","Explicit Euler is transparent but can distort oscillatory systems if the step size is too large."
"forced_near_resonance",0.44,0.922267931615543,-0.329366140410031,-0.675444370889544,0.1,1,0.180950332643993,"explicit_euler_first_order_system","Explicit Euler is transparent but can distort oscillatory systems if the step size is too large."
"forced_near_resonance",0.46,0.915410431058986,-0.342875027827822,-0.667624925988317,0.1,1,0.179210499505105,"explicit_euler_first_order_system","Explicit Euler is transparent but can distort oscillatory systems if the step size is too large."
"forced_near_resonance",0.48,0.908285880532035,-0.356227526347588,-0.65964139070666,0.1,1,0.177398984555857,"explicit_euler_first_order_system","Explicit Euler is transparent but can distort oscillatory systems if the step size is too large."
"forced_near_resonance",0.5,0.9008974734488,-0.369420354161721,-0.651496890238381,0.1,1,0.175516512378075,"explicit_euler_first_order_system","Explicit Euler is transparent but can distort oscillatory systems if the step size is too large."
"forced_near_resonance",0.52,0.89324846760947,-0.382450291966489,-0.643194573280643,0.1,1,0.17356383593553,"explicit_euler_first_order_system","Explicit Euler is transparent but can distort oscillatory systems if the step size is too large."
"forced_near_resonance",0.54,0.885342183940828,-0.395314183432102,-0.634737610981643,0.1,1,0.171541736272765,"explicit_euler_first_order_system","Explicit Euler is transparent but can distort oscillatory systems if the step size is too large."
"forced_near_resonance",0.56,0.877182005227794,-0.408008935651735,-0.626129195894764,0.1,1,0.169451022202683,"explicit_euler_first_order_system","Explicit Euler is transparent but can distort oscillatory systems if the step size is too large."
"forced_near_resonance",0.58,0.868771374836401,-0.42053151956963,-0.617372540939438,0.1,1,0.167292529983037,"explicit_euler_first_order_system","Explicit Euler is transparent but can distort oscillatory systems if the step size is too large."
"forced_near_resonance",0.6,0.860113795428633,-0.432878970388419,-0.608470878369013,0.1,1,0.165067122981936,"explicit_euler_first_order_system","Explicit Euler is transparent but can distort oscillatory systems if the step size is too large."
"forced_near_resonance",0.62,0.851212827669517,-0.445048387955799,-0.59942745874585,0.1,1,0.162775691332507,"explicit_euler_first_order_system","Explicit Euler is transparent but can distort oscillatory systems if the step size is too large."
"forced_near_resonance",0.64,0.842072088926903,-0.457036937130716,-0.590245549923901,0.1,1,0.160419151576859,"explicit_euler_first_order_system","Explicit Euler is transparent but can distort oscillatory systems if the step size is too large."
"forced_near_resonance",0.66,0.832695251964319,-0.468841848129194,-0.580928436039007,0.1,1,0.157998446299473,"explicit_euler_first_order_system","Explicit Euler is transparent but can distort oscillatory systems if the step size is too large."
"forced_near_resonance",0.68,0.823086043627319,-0.480460416849974,-0.571479416507139,0.1,1,0.155514543750186,"explicit_euler_first_order_system","Explicit Euler is transparent but can distort oscillatory systems if the step size is too large."
"forced_near_resonance",0.7,0.813248243523717,-0.491890005180117,-0.561901805030796,0.1,1,0.152968437456898,"explicit_euler_first_order_system","Explicit Euler is transparent but can distort oscillatory systems if the step size is too large."
"forced_near_resonance",0.72,0.803185682698102,-0.503128041280733,-0.552198928613777,0.1,1,0.150361145828179,"explicit_euler_first_order_system","Explicit Euler is transparent but can distort oscillatory systems if the step size is too large."
"forced_near_resonance",0.74,0.792902242301042,-0.514172019853008,-0.542374126584523,0.1,1,0.147693711745918,"explicit_euler_first_order_system","Explicit Euler is transparent but can distort oscillatory systems if the step size is too large."
"forced_near_resonance",0.76,0.782401852253348,-0.525019502384699,-0.532430749628227,0.1,1,0.144967202148181,"explicit_euler_first_order_system","Explicit Euler is transparent but can distort oscillatory systems if the step size is too large."
"forced_near_resonance",0.78,0.771688489905803,-0.535668117377263,-0.522372158827895,0.1,1,0.142182707602455,"explicit_euler_first_order_system","Explicit Euler is transparent but can distort oscillatory systems if the step size is too large."
"forced_near_resonance",0.8,0.760766178694726,-0.546115560553821,-0.512201724714529,0.1,1,0.139341341869433,"explicit_euler_first_order_system","Explicit Euler is transparent but can distort oscillatory systems if the step size is too large."
"forced_near_resonance",0.82,0.749638986793764,-0.556359595048112,-0.501922826326619,0.1,1,0.136444241457523,"explicit_euler_first_order_system","Explicit Euler is transparent but can distort oscillatory systems if the step size is too large."
"forced_near_resonance",0.84,0.738311025762271,-0.566398051574644,-0.491538850279081,0.1,1,0.133492565168262,"explicit_euler_first_order_system","Explicit Euler is transparent but can distort oscillatory systems if the step size is too large."
"forced_near_resonance",0.86,0.726786449190667,-0.576228828580226,-0.481053189841811,0.1,1,0.13048749363281,"explicit_euler_first_order_system","Explicit Euler is transparent but can distort oscillatory systems if the step size is too large."
"forced_near_resonance",0.88,0.715069451343125,-0.585849892377062,-0.470469244027997,0.1,1,0.127430228839716,"explicit_euler_first_order_system","Explicit Euler is transparent but can distort oscillatory systems if the step size is too large."
"forced_near_resonance",0.9,0.703164265797973,-0.595259277257622,-0.459790416692316,0.1,1,0.124321993654133,"explicit_euler_first_order_system","Explicit Euler is transparent but can distort oscillatory systems if the step size is too large."
"forced_near_resonance",0.92,0.691075164086144,-0.604455085591468,-0.449020115639157,0.1,1,0.121164031328693,"explicit_euler_first_order_system","Explicit Euler is transparent but can distort oscillatory systems if the step size is too large."
"forced_near_resonance",0.94,0.678806454328059,-0.613435487904252,-0.438161751740989,0.1,1,0.11795760500622,"explicit_euler_first_order_system","Explicit Euler is transparent but can distort oscillatory systems if the step size is too large."
"forced_near_resonance",0.96,0.666362479869277,-0.622198722939071,-0.427218738066971,0.1,1,0.114703997214491,"explicit_euler_first_order_system","Explicit Euler is transparent but can distort oscillatory systems if the step size is too large."
"forced_near_resonance",0.98,0.653747617915269,-0.630743097700411,-0.416194489021943,0.1,1,0.111404509353243,"explicit_euler_first_order_system","Explicit Euler is transparent but can distort oscillatory systems if the step size is too large."
"forced_near_resonance",1,0.640966278165652,-0.63906698748085,-0.405092419495854,0.1,1,0.108060461173628,"explicit_euler_first_order_system","Explicit Euler is transparent but can distort oscillatory systems if the step size is too large."
"forced_near_resonance",1.02,0.628022901448237,-0.647168835870767,-0.393915944023753,0.1,1,0.10467319025033,"explicit_euler_first_order_system","Explicit Euler is transparent but can distort oscillatory systems if the step size is too large."
"forced_near_resonance",1.04,0.614921958353212,-0.655047154751242,-0.382668475956408,0.1,1,0.101244051446556,"explicit_euler_first_order_system","Explicit Euler is transparent but can distort oscillatory systems if the step size is too large."
"forced_near_resonance",1.06,0.601667947867804,-0.66270052427037,-0.371353426641625,0.1,1,0.0977744163721055,"explicit_euler_first_order_system","Explicit Euler is transparent but can distort oscillatory systems if the step size is too large."
"forced_near_resonance",1.08,0.58826539601174,-0.670127592803203,-0.359974204616352,0.1,1,0.094265672834748,"explicit_euler_first_order_system","Explicit Euler is transparent but can distort oscillatory systems if the step size is too large."
"forced_near_resonance",1.1,0.57471885447383,-0.67732707689553,-0.348534214809608,0.1,1,0.0907192242851155,"explicit_euler_first_order_system","Explicit Euler is transparent but can distort oscillatory systems if the step size is too large."
"forced_near_resonance",1.12,0.561032899249995,-0.684297761191722,-0.337036857756308,0.1,1,0.0871364892553424,"explicit_euler_first_order_system","Explicit Euler is transparent but can distort oscillatory systems if the step size is too large."
"forced_near_resonance",1.14,0.547212129283058,-0.691038498346848,-0.325485528822017,0.1,1,0.0835189007916716,"explicit_euler_first_order_system","Explicit Euler is transparent but can distort oscillatory systems if the step size is too large."
"forced_near_resonance",1.16,0.533261165104593,-0.697548208923288,-0.31388361743868,0.1,1,0.0798679058812546,"explicit_euler_first_order_system","Explicit Euler is transparent but can distort oscillatory systems if the step size is too large."
"forced_near_resonance",1.18,0.519184647479151,-0.703825881272062,-0.302234506351363,0.1,1,0.0761849648733764,"explicit_euler_first_order_system","Explicit Euler is transparent but can distort oscillatory systems if the step size is too large."
"forced_near_resonance",1.2,0.504987236051169,-0.709870571399089,-0.290541570876017,0.1,1,0.0724715508953347,"explicit_euler_first_order_system","Explicit Euler is transparent but can distort oscillatory systems if the step size is too large."
"forced_near_resonance",1.22,0.490673607994837,-0.71568140281661,-0.278808178168306,0.1,1,0.0687291492632094,"explicit_euler_first_order_system","Explicit Euler is transparent but can distort oscillatory systems if the step size is too large."
"forced_near_resonance",1.24,0.476248456667238,-0.721257566379976,-0.267037686503487,0.1,1,0.0649592568877553,"explicit_euler_first_order_system","Explicit Euler is transparent but can distort oscillatory systems if the step size is too large."
"forced_near_resonance",1.26,0.461716490265037,-0.726598320110045,-0.25523344456737,0.1,1,0.0611633816756579,"explicit_euler_first_order_system","Explicit Euler is transparent but can distort oscillatory systems if the step size is too large."
"forced_near_resonance",1.28,0.447082430485009,-0.731702989001393,-0.243398790758339,0.1,1,0.0573430419263911,"explicit_euler_first_order_system","Explicit Euler is transparent but can distort oscillatory systems if the step size is too large."
"forced_near_resonance",1.3,0.432351011188678,-0.73657096481656,-0.231537052500448,0.1,1,0.0534997657249175,"explicit_euler_first_order_system","Explicit Euler is transparent but can distort oscillatory systems if the step size is too large."
"forced_near_resonance",1.32,0.417526977071346,-0.741201705866568,-0.219651545567558,0.1,1,0.0496350903304746,"explicit_euler_first_order_system","Explicit Euler is transparent but can distort oscillatory systems if the step size is too large."
"forced_near_resonance",1.34,0.402615082335788,-0.74559473677792,-0.207745573418512,0.1,1,0.0457505615616919,"explicit_euler_first_order_system","Explicit Euler is transparent but can distort oscillatory systems if the step size is too large."
"forced_near_resonance",1.36,0.387620089370862,-0.74974964824629,-0.19582242654332,0.1,1,0.0418477331782839,"explicit_euler_first_order_system","Explicit Euler is transparent but can distort oscillatory systems if the step size is too large."
"forced_near_resonance",1.38,0.372546767435319,-0.753666096777156,-0.183885381820321,0.1,1,0.0379281662595669,"explicit_euler_first_order_system","Explicit Euler is transparent but can distort oscillatory systems if the step size is too large."
"forced_near_resonance",1.4,0.357399891347048,-0.757343804413563,-0.171937701884287,0.1,1,0.0339934285800482,"explicit_euler_first_order_system","Explicit Euler is transparent but can distort oscillatory systems if the step size is too large."
"forced_near_resonance",1.42,0.342184240178023,-0.760782558451248,-0.159982634505436,0.1,1,0.0300450939823372,"explicit_euler_first_order_system","Explicit Euler is transparent but can distort oscillatory systems if the step size is too large."
"forced_near_resonance",1.44,0.326904595955196,-0.763982211141357,-0.148023411979295,0.1,1,0.0260847417476291,"explicit_euler_first_order_system","Explicit Euler is transparent but can distort oscillatory systems if the step size is too large."
"forced_near_resonance",1.46,0.311565742367577,-0.766942679380943,-0.136063250527374,0.1,1,0.0221139559640139,"explicit_euler_first_order_system","Explicit Euler is transparent but can distort oscillatory systems if the step size is too large."
"forced_near_resonance",1.48,0.296172463479747,-0.76966394439149,-0.124105349708587,0.1,1,0.0181343248928619,"explicit_euler_first_order_system","Explicit Euler is transparent but can distort oscillatory systems if the step size is too large."
"forced_near_resonance",1.5,0.280729542452034,-0.772146051385662,-0.112152891841361,0.1,1,0.0141474403335406,"explicit_euler_first_order_system","Explicit Euler is transparent but can distort oscillatory systems if the step size is too large."
"forced_near_resonance",1.52,0.265241760267584,-0.774389109222489,-0.10020904143637,0.1,1,0.0101548969867158,"explicit_euler_first_order_system","Explicit Euler is transparent but can distort oscillatory systems if the step size is too large."
"forced_near_resonance",1.54,0.24971389446656,-0.776393290051217,-0.0882769446398232,0.1,1,0.00615829181649322,"explicit_euler_first_order_system","Explicit Euler is transparent but can distort oscillatory systems if the step size is too large."
"forced_near_resonance",1.56,0.23415071788768,-0.778158828944013,-0.0763597286872234,0.1,1,0.00215922341165348,"explicit_euler_first_order_system","Explicit Euler is transparent but can distort oscillatory systems if the step size is too large."
"forced_near_resonance",1.58,0.218556997417324,-0.779686023517758,-0.0644605013675345,0.1,1,-0.00184070865376167,"explicit_euler_first_order_system","Explicit Euler is transparent but can distort oscillatory systems if the step size is too large."
"forced_near_resonance",1.6,0.202937492746422,-0.780975233545109,-0.0525823504976582,0.1,1,-0.00583990446025776,"explicit_euler_first_order_system","Explicit Euler is transparent but can distort oscillatory systems if the step size is too large."
"forced_near_resonance",1.62,0.187296955135321,-0.782026880555062,-0.0407283434071427,0.1,1,-0.00983676438283411,"explicit_euler_first_order_system","Explicit Euler is transparent but can distort oscillatory systems if the step size is too large."
"forced_near_resonance",1.64,0.171640126186857,-0.782841447423205,-0.0289015264330284,0.1,1,-0.0138296897308124,"explicit_euler_first_order_system","Explicit Euler is transparent but can distort oscillatory systems if the step size is too large."
"forced_near_resonance",1.66,0.15597173662782,-0.783419477951865,-0.0171049244247384,0.1,1,-0.0178170833872918,"explicit_euler_first_order_system","Explicit Euler is transparent but can distort oscillatory systems if the step size is too large."
"forced_near_resonance",1.68,0.140296505099012,-0.78376157644036,-0.00534154025891462,0.1,1,-0.0217973504479742,"explicit_euler_first_order_system","Explicit Euler is transparent but can distort oscillatory systems if the step size is too large."
"forced_near_resonance",1.7,0.124619136954102,-0.783868407245538,0.00638564563590109,0.1,1,-0.0257688988591049,"explicit_euler_first_order_system","Explicit Euler is transparent but can distort oscillatory systems if the step size is too large."
"forced_near_resonance",1.72,0.108944323067445,-0.78374069433282,0.0180736757448461,0.1,1,-0.0297301400542727,"explicit_euler_first_order_system","Explicit Euler is transparent but can distort oscillatory systems if the step size is too large."
"forced_near_resonance",1.74,0.0932767386510867,-0.783379220817923,0.0297196159226825,0.1,1,-0.0336794895898154,"explicit_euler_first_order_system","Explicit Euler is transparent but can distort oscillatory systems if the step size is too large."
"forced_near_resonance",1.76,0.0776210420810974,-0.78278482849947,0.0413205558402206,0.1,1,-0.037615367778576,"explicit_euler_first_order_system","Explicit Euler is transparent but can distort oscillatory systems if the step size is too large."
"forced_near_resonance",1.78,0.061981873733444,-0.781958417382665,0.0528736094213323,0.1,1,-0.0415362003217568,"explicit_euler_first_order_system","Explicit Euler is transparent but can distort oscillatory systems if the step size is too large."
"forced_near_resonance",1.8,0.0463638548295593,-0.780900945194239,0.064375915270671,0.1,1,-0.0454404189386174,"explicit_euler_first_order_system","Explicit Euler is transparent but can distort oscillatory systems if the step size is too large."
"forced_near_resonance",1.82,0.0307715862917828,-0.779613426888825,0.0758246370922155,0.1,1,-0.0493264619937668,"explicit_euler_first_order_system","Explicit Euler is transparent but can distort oscillatory systems if the step size is too large."
"forced_near_resonance",1.84,0.0152096476088432,-0.778096934146981,0.087216964098757,0.1,1,-0.0531927751217961,"explicit_euler_first_order_system","Explicit Euler is transparent but can distort oscillatory systems if the step size is too large."
"forced_near_resonance",1.86,-0.000317404288456958,-0.776352594865006,0.0985501114124539,0.1,1,-0.0570378118490042,"explicit_euler_first_order_system","Explicit Euler is transparent but can distort oscillatory systems if the step size is too large."
"forced_near_resonance",1.88,-0.0158050361411921,-0.774381592636757,0.109821320456577,0.1,1,-0.0608600342119667,"explicit_euler_first_order_system","Explicit Euler is transparent but can distort oscillatory systems if the step size is too large."
"forced_near_resonance",1.9,-0.0312487394657446,-0.772185166227625,0.121027859338569,0.1,1,-0.0646579133727007,"explicit_euler_first_order_system","Explicit Euler is transparent but can distort oscillatory systems if the step size is too large."
"forced_near_resonance",1.92,-0.0466440316465617,-0.769764609040854,0.132167023224553,0.1,1,-0.0684299302301796,"explicit_euler_first_order_system","Explicit Euler is transparent but can distort oscillatory systems if the step size is too large."
"forced_near_resonance",1.94,-0.0619864570180889,-0.767121268576363,0.143236134705408,0.1,1,-0.0721745760279534,"explicit_euler_first_order_system","Explicit Euler is transparent but can distort oscillatory systems if the step size is too large."
"forced_near_resonance",1.96,-0.077271587935734,-0.764256545882254,0.154232544154554,0.1,1,-0.0758903529576309,"explicit_euler_first_order_system","Explicit Euler is transparent but can distort oscillatory systems if the step size is too large."
"forced_near_resonance",1.98,-0.0924950258357173,-0.761171894999163,0.165153630077567,0.1,1,-0.0795757747579832,"explicit_euler_first_order_system","Explicit Euler is transparent but can distort oscillatory systems if the step size is too large."
"forced_near_resonance",2,-0.10765240228367,-0.757868822397612,0.175996799453763,0.1,1,-0.0832293673094285,"explicit_euler_first_order_system","Explicit Euler is transparent but can distort oscillatory systems if the step size is too large."
"forced_near_resonance",2.02,-0.12273938001184,-0.754348886408537,0.186759488069888,0.1,1,-0.0868496692236601,"explicit_euler_first_order_system","Explicit Euler is transparent but can distort oscillatory systems if the step size is too large."
"forced_near_resonance",2.04,-0.137751653944783,-0.750613696647139,0.197439160846028,0.1,1,-0.0904352324281824,"explicit_euler_first_order_system","Explicit Euler is transparent but can distort oscillatory systems if the step size is too large."
"forced_near_resonance",2.06,-0.152684952213387,-0.746664913430218,0.208033312153911,0.1,1,-0.0939846227455204,"explicit_euler_first_order_system","Explicit Euler is transparent but can distort oscillatory systems if the step size is too large."
"forced_near_resonance",2.08,-0.16753503715713,-0.74250424718714,0.218539466127686,0.1,1,-0.0974964204668719,"explicit_euler_first_order_system","Explicit Euler is transparent but can distort oscillatory systems if the step size is too large."
"forced_near_resonance",2.1,-0.182297706314422,-0.738133457864586,0.228955176967368,0.1,1,-0.100969220919972,"explicit_euler_first_order_system","Explicit Euler is transparent but can distort oscillatory systems if the step size is too large."
"forced_near_resonance",2.12,-0.196968793400927,-0.733554354325239,0.239278029235033,0.1,1,-0.104401635030941,"explicit_euler_first_order_system","Explicit Euler is transparent but can distort oscillatory systems if the step size is too large."
"forced_near_resonance",2.14,-0.211544169275737,-0.728768793740538,0.249505638143943,0.1,1,-0.107792289879902,"explicit_euler_first_order_system","Explicit Euler is transparent but can distort oscillatory systems if the step size is too large."
"forced_near_resonance",2.16,-0.226019742895291,-0.72377868097766,0.2596356498407,0.1,1,-0.111139829250123,"explicit_euler_first_order_system","Explicit Euler is transparent but can distort oscillatory systems if the step size is too large."
"forced_near_resonance",2.18,-0.240391462254908,-0.718585967980846,0.269665741680589,0.1,1,-0.114442914170487,"explicit_euler_first_order_system","Explicit Euler is transparent but can distort oscillatory systems if the step size is too large."
"forced_near_resonance",2.2,-0.254655315317852,-0.713192653147234,0.27959362249623,0.1,1,-0.117700223451069,"explicit_euler_first_order_system","Explicit Euler is transparent but can distort oscillatory systems if the step size is too large."
"forced_near_resonance",2.22,-0.268807330931798,-0.707600780697309,0.289417032859674,0.1,1,-0.120910454211586,"explicit_euler_first_order_system","Explicit Euler is transparent but can distort oscillatory systems if the step size is too large."
"forced_near_resonance",2.24,-0.282843579732601,-0.701812440040116,0.299133745338088,0.1,1,-0.124072322402536,"explicit_euler_first_order_system","Explicit Euler is transparent but can distort oscillatory systems if the step size is too large."
"forced_near_resonance",2.26,-0.296760175035268,-0.695829765133354,0.308741564743138,0.1,1,-0.127184563318801,"explicit_euler_first_order_system","Explicit Euler is transparent but can distort oscillatory systems if the step size is too large."
"forced_near_resonance",2.28,-0.310553273712038,-0.689654933838491,0.318238328374227,0.1,1,-0.130245932105509,"explicit_euler_first_order_system","Explicit Euler is transparent but can distort oscillatory systems if the step size is too large."
"forced_near_resonance",2.3,-0.324219077057458,-0.683290167271007,0.327621906255694,0.1,1,-0.133255204255965,"explicit_euler_first_order_system","Explicit Euler is transparent but can distort oscillatory systems if the step size is too large."
"forced_near_resonance",2.32,-0.337753831640376,-0.676737729145893,0.336890201368124,0.1,1,-0.13621117610143,"explicit_euler_first_order_system","Explicit Euler is transparent but can distort oscillatory systems if the step size is too large."
"forced_near_resonance",2.34,-0.351153830142746,-0.66999992511853,0.346041149873872,0.1,1,-0.13911266529258,"explicit_euler_first_order_system","Explicit Euler is transparent but can distort oscillatory systems if the step size is too large."
"forced_near_resonance",2.36,-0.364415412185167,-0.663079102121053,0.355072721336954,0.1,1,-0.141958511272424,"explicit_euler_first_order_system","Explicit Euler is transparent but can distort oscillatory systems if the step size is too large."
"forced_near_resonance",2.38,-0.377534965139054,-0.655977647694314,0.363982918937403,0.1,1,-0.144747575740514,"explicit_euler_first_order_system","Explicit Euler is transparent but can distort oscillatory systems if the step size is too large."
"forced_near_resonance",2.4,-0.390508924925365,-0.648697989315566,0.372769779680229,0.1,1,-0.147478743108249,"explicit_euler_first_order_system","Explicit Euler is transparent but can distort oscillatory systems if the step size is too large."
"forced_near_resonance",2.42,-0.403333776799804,-0.641242593721961,0.381431374599098,0.1,1,-0.150150920945098,"explicit_euler_first_order_system","Explicit Euler is transparent but can distort oscillatory systems if the step size is too large."
"forced_near_resonance",2.44,-0.416006056124404,-0.633613966229979,0.389965808954845,0.1,1,-0.152763040415555,"explicit_euler_first_order_system","Explicit Euler is transparent but can distort oscillatory systems if the step size is too large."
"forced_near_resonance",2.46,-0.428522349125421,-0.625814650050882,0.398371222428939,0.1,1,-0.155314056706659,"explicit_euler_first_order_system","Explicit Euler is transparent but can distort oscillatory systems if the step size is too large."
"forced_near_resonance",2.48,-0.440879293637467,-0.617847225602304,0.406645789312022,0.1,1,-0.157802949445906,"explicit_euler_first_order_system","Explicit Euler is transparent but can distort oscillatory systems if the step size is too large."
"forced_near_resonance",2.5,-0.453073579833789,-0.609714309816063,0.414787718687615,0.1,1,-0.160228723109387,"explicit_euler_first_order_system","Explicit Euler is transparent but can distort oscillatory systems if the step size is too large."
"forced_near_resonance",2.52,-0.465101950942635,-0.601418555442311,0.422795254611119,0.1,1,-0.162590407419978,"explicit_euler_first_order_system","Explicit Euler is transparent but can distort oscillatory systems if the step size is too large."
"forced_near_resonance",2.54,-0.476961203949637,-0.592962650350088,0.43066667628421,0.1,1,-0.164887057735444,"explicit_euler_first_order_system","Explicit Euler is transparent but can distort oscillatory systems if the step size is too large."
"forced_near_resonance",2.56,-0.488648190286125,-0.584349316824404,0.438400298224724,0.1,1,-0.167117755426282,"explicit_euler_first_order_system","Explicit Euler is transparent but can distort oscillatory systems if the step size is too large."
"forced_near_resonance",2.58,-0.500159816503323,-0.57558131085991,0.44599447043215,0.1,1,-0.169281608243155,"explicit_euler_first_order_system","Explicit Euler is transparent but can distort oscillatory systems if the step size is too large."
"forced_near_resonance",2.6,-0.511493044932348,-0.566661421451267,0.453447578548812,0.1,1,-0.171377750673789,"explicit_euler_first_order_system","Explicit Euler is transparent but can distort oscillatory systems if the step size is too large."
"forced_near_resonance",2.62,-0.522644894329954,-0.557592469880291,0.460758044016852,0.1,1,-0.17340534428916,"explicit_euler_first_order_system","Explicit Euler is transparent but can distort oscillatory systems if the step size is too large."
"forced_near_resonance",2.64,-0.533612440509953,-0.548377308999954,0.467924324231087,0.1,1,-0.175363578078856,"explicit_euler_first_order_system","Explicit Euler is transparent but can distort oscillatory systems if the step size is too large."
"forced_near_resonance",2.66,-0.54439281696026,-0.539018822515332,0.474944912687856,0.1,1,-0.17725166877547,"explicit_euler_first_order_system","Explicit Euler is transparent but can distort oscillatory systems if the step size is too large."
"forced_near_resonance",2.68,-0.554983215445491,-0.529519924261575,0.481818339129908,0.1,1,-0.179068861167898,"explicit_euler_first_order_system","Explicit Euler is transparent but can distort oscillatory systems if the step size is too large."
"forced_near_resonance",2.7,-0.565380886595071,-0.519883557478977,0.488543169687454,0.1,1,-0.180814428403412,"explicit_euler_first_order_system","Explicit Euler is transparent but can distort oscillatory systems if the step size is too large."
"forced_near_resonance",2.72,-0.575583140476775,-0.510112694085227,0.495118007015429,0.1,1,-0.182487672278392,"explicit_euler_first_order_system","Explicit Euler is transparent but can distort oscillatory systems if the step size is too large."
"forced_near_resonance",2.74,-0.585587347155674,-0.500210333944919,0.501541490427061,0.1,1,-0.184087923517596,"explicit_euler_first_order_system","Explicit Euler is transparent but can distort oscillatory systems if the step size is too large."
"forced_near_resonance",2.76,-0.595390937238401,-0.490179504136378,0.50781229602381,0.1,1,-0.185614542041867,"explicit_euler_first_order_system","Explicit Euler is transparent but can distort oscillatory systems if the step size is too large."
"forced_near_resonance",2.78,-0.604991402402719,-0.480023258215901,0.513929136821752,0.1,1,-0.187066917224148,"explicit_euler_first_order_system","Explicit Euler is transparent but can distort oscillatory systems if the step size is too large."
"forced_near_resonance",2.8,-0.614386295912309,-0.469744675479466,0.51989076287447,0.1,1,-0.188444468133732,"explicit_euler_first_order_system","Explicit Euler is transparent but can distort oscillatory systems if the step size is too large."
"forced_near_resonance",2.82,-0.623573233116748,-0.459346860221977,0.525695961392522,0.1,1,-0.189746643768621,"explicit_euler_first_order_system","Explicit Euler is transparent but can distort oscillatory systems if the step size is too large."
"forced_near_resonance",2.84,-0.632549891936631,-0.448832940994127,0.531343556859531,0.1,1,-0.190972923275925,"explicit_euler_first_order_system","Explicit Euler is transparent but can distort oscillatory systems if the step size is too large."
"forced_near_resonance",2.86,-0.641314013333769,-0.438206069856936,0.536832411144966,0.1,1,-0.19212281616019,"explicit_euler_first_order_system","Explicit Euler is transparent but can distort oscillatory systems if the step size is too large."
"forced_near_resonance",2.88,-0.64986340176645,-0.427469421634037,0.542161423613662,0.1,1,-0.193195862479595,"explicit_euler_first_order_system","Explicit Euler is transparent but can distort oscillatory systems if the step size is too large."
"forced_near_resonance",2.9,-0.658195925629685,-0.416626193161763,0.54732953123212,0.1,1,-0.194191633029918,"explicit_euler_first_order_system","Explicit Euler is transparent but can distort oscillatory systems if the step size is too large."
"forced_near_resonance",2.92,-0.666309517680428,-0.405679602537121,0.552335708671635,0.1,1,-0.195109729516217,"explicit_euler_first_order_system","Explicit Euler is transparent but can distort oscillatory systems if the step size is too large."
"forced_near_resonance",2.94,-0.674202175447701,-0.394632888363688,0.557178968408302,0.1,1,-0.195949784712137,"explicit_euler_first_order_system","Explicit Euler is transparent but can distort oscillatory systems if the step size is too large."
"forced_near_resonance",2.96,-0.681871961627612,-0.383489308995522,0.561858360819915,0.1,1,-0.196711462606801,"explicit_euler_first_order_system","Explicit Euler is transparent but can distort oscillatory systems if the step size is too large."
"forced_near_resonance",2.98,-0.689317004463194,-0.372252141779124,0.566372974279812,0.1,1,-0.197394458539208,"explicit_euler_first_order_system","Explicit Euler is transparent but can distort oscillatory systems if the step size is too large."
"forced_near_resonance",3,-0.696535498109065,-0.360924682293528,0.570721935247681,0.1,1,-0.197998499320089,"explicit_euler_first_order_system","Explicit Euler is transparent but can distort oscillatory systems if the step size is too large."
"forced_near_resonance",3.02,-0.703525702980836,-0.349510243588574,0.574904408357364,0.1,1,-0.198523343341187,"explicit_euler_first_order_system","Explicit Euler is transparent but can distort oscillatory systems if the step size is too large."
"forced_near_resonance",3.04,-0.710285946089265,-0.338012155421427,0.578919596501658,0.1,1,-0.198968780671892,"explicit_euler_first_order_system","Explicit Euler is transparent but can distort oscillatory systems if the step size is too large."
"forced_near_resonance",3.06,-0.716814621359093,-0.326433763491394,0.582766740914162,0.1,1,-0.199334633143209,"explicit_euler_first_order_system","Explicit Euler is transparent but can distort oscillatory systems if the step size is too large."
"forced_near_resonance",3.08,-0.723110189932555,-0.31477842867311,0.586445121248148,0.1,1,-0.199620754419029,"explicit_euler_first_order_system","Explicit Euler is transparent but can distort oscillatory systems if the step size is too large."
"forced_near_resonance",3.1,-0.729171180457518,-0.303049526248147,0.589954055652492,0.1,1,-0.199827030054656,"explicit_euler_first_order_system","Explicit Euler is transparent but can distort oscillatory systems if the step size is too large."
"forced_near_resonance",3.12,-0.73499618936022,-0.291250445135098,0.593292900844654,0.1,1,-0.199953377542586,"explicit_euler_first_order_system","Explicit Euler is transparent but can distort oscillatory systems if the step size is too large."
"forced_near_resonance",3.14,-0.740583881102584,-0.279384587118205,0.596461052180717,0.1,1,-0.199999746345508,"explicit_euler_first_order_system","Explicit Euler is transparent but can distort oscillatory systems if the step size is too large."
"forced_near_resonance",3.16,-0.745932988424076,-0.26745536607459,0.599457943722474,0.1,1,-0.19996611791652,"explicit_euler_first_order_system","Explicit Euler is transparent but can distort oscillatory systems if the step size is too large."
"forced_near_resonance",3.18,-0.751042312568079,-0.255466207200141,0.602283048301563,0.1,1,-0.199852505706544,"explicit_euler_first_order_system","Explicit Euler is transparent but can distort oscillatory systems if the step size is too large."
"forced_near_resonance",3.2,-0.755910723492761,-0.24342054623411,0.604935877580632,0.1,1,-0.199658955158951,"explicit_euler_first_order_system","Explicit Euler is transparent but can distort oscillatory systems if the step size is too large."
"forced_near_resonance",3.22,-0.760537160066411,-0.231321828682497,0.607415982111533,0.1,1,-0.199385543691377,"explicit_euler_first_order_system","Explicit Euler is transparent but can distort oscillatory systems if the step size is too large."
"forced_near_resonance",3.24,-0.764920630247216,-0.219173509040266,0.609722951390503,0.1,1,-0.199032380664766,"explicit_euler_first_order_system","Explicit Euler is transparent but can distort oscillatory systems if the step size is too large."
"forced_near_resonance",3.26,-0.769060211247465,-0.206979050012456,0.611856413910338,0.1,1,-0.198599607339619,"explicit_euler_first_order_system","Explicit Euler is transparent but can distort oscillatory systems if the step size is too large."
"forced_near_resonance",3.28,-0.77295504968215,-0.194741921734249,0.613816037209505,0.1,1,-0.198087396819495,"explicit_euler_first_order_system","Explicit Euler is transparent but can distort oscillatory systems if the step size is too large."
"forced_near_resonance",3.3,-0.776604361701951,-0.182465600990059,0.61560152791819,0.1,1,-0.197495953981773,"explicit_euler_first_order_system","Explicit Euler is transparent but can distort oscillatory systems if the step size is too large."
"forced_near_resonance",3.32,-0.780007433110585,-0.170153570431695,0.617212631801221,0.1,1,-0.196825515395703,"explicit_euler_first_order_system","Explicit Euler is transparent but can distort oscillatory systems if the step size is too large."
"forced_near_resonance",3.34,-0.783163619466499,-0.157809317795671,0.618649133797853,0.1,1,-0.19607634922778,"explicit_euler_first_order_system","Explicit Euler is transparent but can distort oscillatory systems if the step size is too large."
"forced_near_resonance",3.36,-0.786072346168893,-0.145436335119714,0.619910858058354,0.1,1,-0.195248755134482,"explicit_euler_first_order_system","Explicit Euler is transparent but can distort oscillatory systems if the step size is too large."
"forced_near_resonance",3.38,-0.788733108528064,-0.133038117958547,0.620997667977361,0.1,1,-0.194343064142412,"explicit_euler_first_order_system","Explicit Euler is transparent but can distort oscillatory systems if the step size is too large."
"forced_near_resonance",3.4,-0.791145471820044,-0.120618164599,0.621909466223952,0.1,1,-0.193359638515892,"explicit_euler_first_order_system","Explicit Euler is transparent but can distort oscillatory systems if the step size is too large."
"forced_near_resonance",3.42,-0.793309071325534,-0.108179975274521,0.622646194768379,0.1,1,-0.19229887161206,"explicit_euler_first_order_system","Explicit Euler is transparent but can distort oscillatory systems if the step size is too large."
"forced_near_resonance",3.44,-0.795223612353117,-0.0957270513791531,0.623207834905415,0.1,1,-0.191161187723533,"explicit_euler_first_order_system","Explicit Euler is transparent but can distort oscillatory systems if the step size is too large."
"forced_near_resonance",3.46,-0.796888870246738,-0.0832628946810448,0.623594407274248,0.1,1,-0.189947041908699,"explicit_euler_first_order_system","Explicit Euler is transparent but can distort oscillatory systems if the step size is too large."
"forced_near_resonance",3.48,-0.79830469037745,-0.0707910065355599,0.623805971874866,0.1,1,-0.188656919809695,"explicit_euler_first_order_system","Explicit Euler is transparent but can distort oscillatory systems if the step size is too large."
"forced_near_resonance",3.5,-0.799470988119411,-0.0583148870980625,0.623842628080864,0.1,1,-0.187291337458159,"explicit_euler_first_order_system","Explicit Euler is transparent but can distort oscillatory systems if the step size is too large."
"forced_near_resonance",3.52,-0.80038774881014,-0.0458380345364452,0.623704514648604,0.1,1,-0.185850841068825,"explicit_euler_first_order_system","Explicit Euler is transparent but can distort oscillatory systems if the step size is too large."
"forced_near_resonance",3.54,-0.801055027695009,-0.0333639442434732,0.623391809722663,0.1,1,-0.184336006821041,"explicit_euler_first_order_system","Explicit Euler is transparent but can distort oscillatory systems if the step size is too large."
"forced_near_resonance",3.56,-0.801472949855989,-0.0208961080490199,0.622904730837484,0.1,1,-0.182747440628309,"explicit_euler_first_order_system","Explicit Euler is transparent but can distort oscillatory systems if the step size is too large."
"forced_near_resonance",3.58,-0.801641710124635,-0.00843801343227022,0.622243534915163,0.1,1,-0.181085777895926,"explicit_euler_first_order_system","Explicit Euler is transparent but can distort oscillatory systems if the step size is too large."
"forced_near_resonance",3.6,-0.801561572979314,0.00400685726603303,0.621408518259278,0.1,1,-0.179351683266829,"explicit_euler_first_order_system","Explicit Euler is transparent but can distort oscillatory systems if the step size is too large."
"forced_near_resonance",3.62,-0.80123287242669,0.0164350276312186,0.620400016544696,0.1,1,-0.17754585035575,"explicit_euler_first_order_system","Explicit Euler is transparent but can distort oscillatory systems if the step size is too large."
"forced_near_resonance",3.64,-0.800656011867448,0.0288430279621125,0.61921840480325,0.1,1,-0.175669001471775,"explicit_euler_first_order_system","Explicit Euler is transparent but can distort oscillatory systems if the step size is too large."
"forced_near_resonance",3.66,-0.799831463946284,0.0412273960581775,0.617864097405216,0.1,1,-0.173721887329433,"explicit_euler_first_order_system","Explicit Euler is transparent but can distort oscillatory systems if the step size is too large."
"forced_near_resonance",3.68,-0.798759770386158,0.0535846780062818,0.616337548036482,0.1,1,-0.17170528674842,"explicit_euler_first_order_system","Explicit Euler is transparent but can distort oscillatory systems if the step size is too large."
"forced_near_resonance",3.7,-0.797441541806818,0.0659114289670115,0.614639249671334,0.1,1,-0.169620006342082,"explicit_euler_first_order_system","Explicit Euler is transparent but can distort oscillatory systems if the step size is too large."
"forced_near_resonance",3.72,-0.795877457527609,0.0782042139604382,0.612769734540746,0.1,1,-0.167466880194776,"explicit_euler_first_order_system","Explicit Euler is transparent but can distort oscillatory systems if the step size is too large."
"forced_near_resonance",3.74,-0.794068265354584,0.0904596086512531,0.610729574096079,0.1,1,-0.165246769528254,"explicit_euler_first_order_system","Explicit Euler is transparent but can distort oscillatory systems if the step size is too large."
"forced_near_resonance",3.76,-0.792014781351921,0.102674200133175,0.608519378968103,0.1,1,-0.162960562357182,"explicit_euler_first_order_system","Explicit Euler is transparent but can distort oscillatory systems if the step size is too large."
"forced_near_resonance",3.78,-0.78971788959767,0.114844587712537,0.606139798921217,0.1,1,-0.160609173133946,"explicit_euler_first_order_system","Explicit Euler is transparent but can distort oscillatory systems if the step size is too large."
"forced_near_resonance",3.8,-0.787178541923851,0.126967383690961,0.603591522802775,0.1,1,-0.158193542382883,"explicit_euler_first_order_system","Explicit Euler is transparent but can distort oscillatory systems if the step size is too large."
"forced_near_resonance",3.82,-0.78439775764091,0.139039214147017,0.600875278487421,0.1,1,-0.155714636324086,"explicit_euler_first_order_system","Explicit Euler is transparent but can distort oscillatory systems if the step size is too large."
"forced_near_resonance",3.84,-0.781376623246575,0.151056719716765,0.597991832816295,0.1,1,-0.153173446486927,"explicit_euler_first_order_system","Explicit Euler is transparent but can distort oscillatory systems if the step size is too large."
"forced_near_resonance",3.86,-0.778116292119113,0.163016556373091,0.594941991531036,0.1,1,-0.150570989313459,"explicit_euler_first_order_system","Explicit Euler is transparent but can distort oscillatory systems if the step size is too large."
"forced_near_resonance",3.88,-0.774617984195039,0.174915396203712,0.591726599202445,0.1,1,-0.147908305751852,"explicit_euler_first_order_system","Explicit Euler is transparent but can distort oscillatory systems if the step size is too large."
"forced_near_resonance",3.9,-0.770882985631284,0.18674992818776,0.588346539153704,0.1,1,-0.145186460840028,"explicit_euler_first_order_system","Explicit Euler is transparent but can distort oscillatory systems if the step size is too large."
"forced_near_resonance",3.92,-0.766912648451867,0.198516858970835,0.584802733378038,0.1,1,-0.142406543279662,"explicit_euler_first_order_system","Explicit Euler is transparent but can distort oscillatory systems if the step size is too large."
"forced_near_resonance",3.94,-0.762708390179099,0.210212913638395,0.581096142450708,0.1,1,-0.139569665000713,"explicit_euler_first_order_system","Explicit Euler is transparent but can distort oscillatory systems if the step size is too large."
"forced_near_resonance",3.96,-0.758271693449351,0.22183483648741,0.577227765435202,0.1,1,-0.136676960716667,"explicit_euler_first_order_system","Explicit Euler is transparent but can distort oscillatory systems if the step size is too large."
"forced_near_resonance",3.98,-0.753604105613429,0.233379391796114,0.573198639783536,0.1,1,-0.13372958747067,"explicit_euler_first_order_system","Explicit Euler is transparent but can distort oscillatory systems if the step size is too large."
"forced_near_resonance",4,-0.748707238321593,0.244843364591784,0.569009841230514,0.1,1,-0.130728724172722,"explicit_euler_first_order_system","Explicit Euler is transparent but can distort oscillatory systems if the step size is too large."
"forced_near_resonance",4.02,-0.743582767093265,0.256223561416395,0.564662483681855,0.1,1,-0.127675571128132,"explicit_euler_first_order_system","Explicit Euler is transparent but can distort oscillatory systems if the step size is too large."
"forced_near_resonance",4.04,-0.738232430871465,0.267516811090032,0.56015771909605,0.1,1,-0.124571349557408,"explicit_euler_first_order_system","Explicit Euler is transparent but can distort oscillatory systems if the step size is too large."
"forced_near_resonance",4.06,-0.732658031562026,0.278719965471953,0.555496737359844,0.1,1,-0.121417301107791,"explicit_euler_first_order_system","Explicit Euler is transparent but can distort oscillatory systems if the step size is too large."
"forced_near_resonance",4.08,-0.726861433557643,0.28982990021915,0.550680766157206,0.1,1,-0.118214687356606,"explicit_euler_first_order_system","Explicit Euler is transparent but can distort oscillatory systems if the step size is too large."
"forced_near_resonance",4.1,-0.720844563246797,0.300843515542294,0.545711070831684,0.1,1,-0.114964789306654,"explicit_euler_first_order_system","Explicit Euler is transparent but can distort oscillatory systems if the step size is too large."
"forced_near_resonance",4.12,-0.714609408507618,0.311757736958927,0.540588954242011,0.1,1,-0.111668906873822,"explicit_euler_first_order_system","Explicit Euler is transparent but can distort oscillatory systems if the step size is too large."
"forced_near_resonance",4.14,-0.708158018186743,0.322569516043768,0.53531575661085,0.1,1,-0.10832835836714,"explicit_euler_first_order_system","Explicit Euler is transparent but can distort oscillatory systems if the step size is too large."
"forced_near_resonance",4.16,-0.701492501563223,0.333275831175985,0.529892855366557,0.1,1,-0.104944479961469,"explicit_euler_first_order_system","Explicit Euler is transparent but can distort oscillatory systems if the step size is too large."
"forced_near_resonance",4.18,-0.694615027797557,0.343873688283316,0.524321664977838,0.1,1,-0.101518625163055,"explicit_euler_first_order_system","Explicit Euler is transparent but can distort oscillatory systems if the step size is too large."
"forced_near_resonance",4.2,-0.687527825365899,0.354360121582873,0.518603636781185,0.1,1,-0.0980521642681399,"explicit_euler_first_order_system","Explicit Euler is transparent but can distort oscillatory systems if the step size is too large."
"forced_near_resonance",4.22,-0.680233181479529,0.364732194318496,0.512740258800968,0.1,1,-0.094546483814862,"explicit_euler_first_order_system","Explicit Euler is transparent but can distort oscillatory systems if the step size is too large."
"forced_near_resonance",4.24,-0.672733441489639,0.374986999494516,0.506733055562075,0.1,1,-0.091002986028661,"explicit_euler_first_order_system","Explicit Euler is transparent but can distort oscillatory systems if the step size is too large."
"forced_near_resonance",4.26,-0.665031008277524,0.385121660605757,0.500583587894967,0.1,1,-0.0874230882614056,"explicit_euler_first_order_system","Explicit Euler is transparent but can distort oscillatory systems if the step size is too large."
"forced_near_resonance",4.28,-0.657128341630251,0.395133332363656,0.494293452733048,0.1,1,-0.0838082224244711,"explicit_euler_first_order_system","Explicit Euler is transparent but can distort oscillatory systems if the step size is too large."
"forced_near_resonance",4.3,-0.649027957601884,0.405019201418317,0.487864282902226,0.1,1,-0.0801598344159951,"explicit_euler_first_order_system","Explicit Euler is transparent but can distort oscillatory systems if the step size is too large."
"forced_near_resonance",4.32,-0.640732427860357,0.414776487076362,0.481297746902549,0.1,1,-0.076479383542536,"explicit_euler_first_order_system","Explicit Euler is transparent but can distort oscillatory systems if the step size is too large."
"forced_near_resonance",4.34,-0.632244379020069,0.424402442014413,0.474595548681815,0.1,1,-0.0727683419353717,"explicit_euler_first_order_system","Explicit Euler is transparent but can distort oscillatory systems if the step size is too large."
"forced_near_resonance",4.36,-0.623566491960308,0.433894352988049,0.467759427401033,0.1,1,-0.0690281939616646,"explicit_euler_first_order_system","Explicit Euler is transparent but can distort oscillatory systems if the step size is too large."
"forced_near_resonance",4.38,-0.614701501129587,0.44324954153607,0.460791157191636,0.1,1,-0.0652604356307367,"explicit_euler_first_order_system","Explicit Euler is transparent but can distort oscillatory systems if the step size is too large."
"forced_near_resonance",4.4,-0.605652193835988,0.452465364679903,0.453692546904324,0.1,1,-0.0614665739956839,"explicit_euler_first_order_system","Explicit Euler is transparent but can distort oscillatory systems if the step size is too large."
"forced_near_resonance",4.42,-0.596421409523629,0.461539215617989,0.446465439849455,0.1,1,-0.0576481265505763,"explicit_euler_first_order_system","Explicit Euler is transparent but can distort oscillatory systems if the step size is too large."
"forced_near_resonance",4.44,-0.587012039035329,0.470468524414978,0.439111713528854,0.1,1,-0.0538066206234798,"explicit_euler_first_order_system","Explicit Euler is transparent but can distort oscillatory systems if the step size is too large."
"forced_near_resonance",4.46,-0.577427023861618,0.479250758685555,0.431633279358961,0.1,1,-0.0499435927655461,"explicit_euler_first_order_system","Explicit Euler is transparent but can distort oscillatory systems if the step size is too large."
"forced_near_resonance",4.48,-0.567669355376163,0.487883424272734,0.424032082385205,0.1,1,-0.0460605881364117,"explicit_euler_first_order_system","Explicit Euler is transparent but can distort oscillatory systems if the step size is too large."
"forced_near_resonance",4.5,-0.557742074057754,0.496364065920438,0.416310100987511,0.1,1,-0.0421591598861559,"explicit_euler_first_order_system","Explicit Euler is transparent but can distort oscillatory systems if the step size is too large."
"forced_near_resonance",4.52,-0.547648268698951,0.504690267940189,0.408469346576853,0.1,1,-0.0382408685340602,"explicit_euler_first_order_system","Explicit Euler is transparent but can distort oscillatory systems if the step size is too large."
"forced_near_resonance",4.54,-0.537391075601516,0.512859654871726,0.400511863282749,0.1,1,-0.0343072813444224,"explicit_euler_first_order_system","Explicit Euler is transparent but can distort oscillatory systems if the step size is too large."
"forced_near_resonance",4.56,-0.526973677758768,0.520869892137381,0.392439727631621,0.1,1,-0.0303599716996709,"explicit_euler_first_order_system","Explicit Euler is transparent but can distort oscillatory systems if the step size is too large."
"forced_near_resonance",4.58,-0.516399304024968,0.528718686690013,0.384255048215932,0.1,1,-0.0264005184710341,"explicit_euler_first_order_system","Explicit Euler is transparent but can distort oscillatory systems if the step size is too large."
"forced_near_resonance",4.6,-0.505671228271882,0.536403787654332,0.375959965354004,0.1,1,-0.0224305053870108,"explicit_euler_first_order_system","Explicit Euler is transparent but can distort oscillatory systems if the step size is too large."
"forced_near_resonance",4.62,-0.494792768532653,0.543922986961412,0.367556650740469,0.1,1,-0.0184515203999023,"explicit_euler_first_order_system","Explicit Euler is transparent but can distort oscillatory systems if the step size is too large."
"forced_near_resonance",4.64,-0.483767286133129,0.551274119976221,0.359047307087234,0.1,1,-0.0144651550506509,"explicit_euler_first_order_system","Explicit Euler is transparent but can distort oscillatory systems if the step size is too large."
"forced_near_resonance",4.66,-0.47259818481077,0.558455066117966,0.350434167754931,0.1,1,-0.0104730038322452,"explicit_euler_first_order_system","Explicit Euler is transparent but can distort oscillatory systems if the step size is too large."
"forced_near_resonance",4.68,-0.461288909821308,0.565463749473065,0.34171949637475,0.1,1,-0.00647666355194495,"explicit_euler_first_order_system","Explicit Euler is transparent but can distort oscillatory systems if the step size is too large."
"forced_near_resonance",4.7,-0.449842947033297,0.57229813940056,0.332905586460607,0.1,1,-0.00247773269257811,"explicit_euler_first_order_system","Explicit Euler is transparent but can distort oscillatory systems if the step size is too large."
"forced_near_resonance",4.72,-0.438263822010702,0.578956251129772,0.323994761011577,0.1,1,0.00152218922682958,"explicit_euler_first_order_system","Explicit Euler is transparent but can distort oscillatory systems if the step size is too large."
"forced_near_resonance",4.74,-0.426555099083702,0.585436146350003,0.314989372104543,0.1,1,0.0055215022908423,"explicit_euler_first_order_system","Explicit Euler is transparent but can distort oscillatory systems if the step size is too large."
"forced_near_resonance",4.76,-0.41472038040786,0.591735933792094,0.305891800476998,0.1,1,0.00951860682755756,"explicit_euler_first_order_system","Explicit Euler is transparent but can distort oscillatory systems if the step size is too large."
"forced_near_resonance",4.78,-0.402763305011827,0.597853769801634,0.296704455099955,0.1,1,0.013511904048455,"explicit_euler_first_order_system","Explicit Euler is transparent but can distort oscillatory systems if the step size is too large."
"forced_near_resonance",4.8,-0.390687547833754,0.603787858903633,0.287429772740917,0.1,1,0.0174997966878893,"explicit_euler_first_order_system","Explicit Euler is transparent but can distort oscillatory systems if the step size is too large."
"forced_near_resonance",4.82,-0.378496818746585,0.609536454358451,0.278070217516871,0.1,1,0.021480689641976,"explicit_euler_first_order_system","Explicit Euler is transparent but can distort oscillatory systems if the step size is too large."
"forced_near_resonance",4.84,-0.36619486157241,0.615097858708789,0.268628280437263,0.1,1,0.0254529906066112,"explicit_euler_first_order_system","Explicit Euler is transparent but can distort oscillatory systems if the step size is too large."
"forced_near_resonance",4.86,-0.353785453086059,0.620470424317534,0.259106478936925,0.1,1,0.0294151107143726,"explicit_euler_first_order_system","Explicit Euler is transparent but can distort oscillatory systems if the step size is too large."
"forced_near_resonance",4.88,-0.341272402008133,0.625652553896273,0.249507356398923,0.1,1,0.0333654651700443,"explicit_euler_first_order_system","Explicit Euler is transparent but can distort oscillatory systems if the step size is too large."
"forced_near_resonance",4.9,-0.328659547987648,0.630642701024251,0.239833481667313,0.1,1,0.0373024738845152,"explicit_euler_first_order_system","Explicit Euler is transparent but can distort oscillatory systems if the step size is too large."
"forced_near_resonance",4.92,-0.315950760574496,0.635439370657597,0.230087448549769,0.1,1,0.0412245621067917,"explicit_euler_first_order_system","Explicit Euler is transparent but can distort oscillatory systems if the step size is too large."
"forced_near_resonance",4.94,-0.303149938181925,0.640041119628593,0.220271875310085,0.1,1,0.0451301610538791,"explicit_euler_first_order_system","Explicit Euler is transparent but can distort oscillatory systems if the step size is too large."
"forced_near_resonance",4.96,-0.290261007039229,0.644446557134794,0.210389404150542,0.1,1,0.0490177085382724,"explicit_euler_first_order_system","Explicit Euler is transparent but can distort oscillatory systems if the step size is too large."
"forced_near_resonance",4.98,-0.277287920134873,0.648654345217805,0.200442700684123,0.1,1,0.0528856495928112,"explicit_euler_first_order_system","Explicit Euler is transparent but can distort oscillatory systems if the step size is too large."
"forced_near_resonance",5,-0.264234656150243,0.652663199231488,0.19043445339659,0.1,1,0.0567324370926452,"explicit_euler_first_order_system","Explicit Euler is transparent but can distort oscillatory systems if the step size is too large."
"forced_near_resonance",5.02,-0.251105218384254,0.65647188829942,0.180367373098435,0.1,1,0.0605565323740649,"explicit_euler_first_order_system","Explicit Euler is transparent but can distort oscillatory systems if the step size is too large."
"forced_near_resonance",5.04,-0.237903633669027,0.660079235761388,0.170244192366693,0.1,1,0.0643564058499444,"explicit_euler_first_order_system","Explicit Euler is transparent but can distort oscillatory systems if the step size is too large."
"forced_near_resonance",5.06,-0.224633951276852,0.663484119608722,0.160067664976666,0.1,1,0.068130537621558,"explicit_euler_first_order_system","Explicit Euler is transparent but can distort oscillatory systems if the step size is too large."
"forced_near_resonance",5.08,-0.211300241818687,0.666685472908255,0.149840565323554,0.1,1,0.071877418086518,"explicit_euler_first_order_system","Explicit Euler is transparent but can distort oscillatory systems if the step size is too large."
"forced_near_resonance",5.1,-0.197906596134393,0.669682284214727,0.139565687834043,0.1,1,0.0755955485425962,"explicit_euler_first_order_system","Explicit Euler is transparent but can distort oscillatory systems if the step size is too large."
"forced_near_resonance",5.12,-0.184457124174964,0.672473597971407,0.129245846367867,0.1,1,0.0792834417871845,"explicit_euler_first_order_system","Explicit Euler is transparent but can distort oscillatory systems if the step size is too large."
"forced_near_resonance",5.14,-0.170955953876989,0.675058514898765,0.118883873609393,0.1,1,0.0829396227121564,"explicit_euler_first_order_system","Explicit Euler is transparent but can distort oscillatory systems if the step size is too large."
"forced_near_resonance",5.16,-0.15740723002957,0.677436192370953,0.10848262044927,0.1,1,0.0865626288938904,"explicit_euler_first_order_system","Explicit Euler is transparent but can distort oscillatory systems if the step size is too large."
"forced_near_resonance",5.18,-0.143815113133971,0.679605844779938,0.0980449553562036,0.1,1,0.0901510111782198,"explicit_euler_first_order_system","Explicit Euler is transparent but can distort oscillatory systems if the step size is too large."
"forced_near_resonance",5.2,-0.13018377825623,0.681566743887062,0.0875737637388932,0.1,1,0.0937033342600754,"explicit_euler_first_order_system","Explicit Euler is transparent but can distort oscillatory systems if the step size is too large."
"forced_near_resonance",5.22,-0.116517413872993,0.68331821916184,0.0770719472982134,0.1,1,0.097218177257588,"explicit_euler_first_order_system","Explicit Euler is transparent but can distort oscillatory systems if the step size is too large."
"forced_near_resonance",5.24,-0.102820220710837,0.684859658107804,0.0665424233696993,0.1,1,0.100694134280423,"explicit_euler_first_order_system","Explicit Euler is transparent but can distort oscillatory systems if the step size is too large."
"forced_near_resonance",5.26,-0.0890964105793333,0.686190506575198,0.0559881242564096,0.1,1,0.104129814992116,"explicit_euler_first_order_system","Explicit Euler is transparent but can distort oscillatory systems if the step size is too large."
"forced_near_resonance",5.28,-0.0753502051981268,0.687310269060326,0.0454119965522528,0.1,1,0.107523845166191,"explicit_euler_first_order_system","Explicit Euler is transparent but can distort oscillatory systems if the step size is too large."
"forced_near_resonance",5.3,-0.0615858350182994,0.688218508991371,0.0348170004558573,0.1,1,0.110874867235832,"explicit_euler_first_order_system","Explicit Euler is transparent but can distort oscillatory systems if the step size is too large."
"forced_near_resonance",5.32,-0.0478075380382896,0.688914849000488,0.0242061090750826,0.1,1,0.114181540836891,"explicit_euler_first_order_system","Explicit Euler is transparent but can distort oscillatory systems if the step size is too large."
"forced_near_resonance",5.34,-0.0340195586146498,0.68939897118199,0.0135823077222664,0.1,1,0.117442543344015,"explicit_euler_first_order_system","Explicit Euler is transparent but can distort oscillatory systems if the step size is too large."
"forced_near_resonance",5.36,-0.0202261462679211,0.689670617336435,0.00294859320031482,0.1,1,0.120656570399681,"explicit_euler_first_order_system","Explicit Euler is transparent but can distort oscillatory systems if the step size is too large."
"forced_near_resonance",5.38,-0.00643155448391226,0.689729589200442,-0.00769202692025634,0.1,1,0.12382233643592,"explicit_euler_first_order_system","Explicit Euler is transparent but can distort oscillatory systems if the step size is too large."
"forced_near_resonance",5.4,0.00735996048932847,0.689575748662036,-0.0183365350332088,0.1,1,0.126938575188527,"explicit_euler_first_order_system","Explicit Euler is transparent but can distort oscillatory systems if the step size is too large."
"forced_near_resonance",5.42,0.0211441408485559,0.689209017961372,-0.02898190423728,0.1,1,0.13000404020355,"explicit_euler_first_order_system","Explicit Euler is transparent but can distort oscillatory systems if the step size is too large."
"forced_near_resonance",5.44,0.0349167284460885,0.688629379876627,-0.0396250990855572,0.1,1,0.133017505335857,"explicit_euler_first_order_system","Explicit Euler is transparent but can distort oscillatory systems if the step size is too large."
"forced_near_resonance",5.46,0.0486734660039868,0.687836877894916,-0.0502630763433984,0.1,1,0.135977765239571,"explicit_euler_first_order_system","Explicit Euler is transparent but can distort oscillatory systems if the step size is too large."
"forced_near_resonance",5.48,0.0624100983313477,0.686831616368048,-0.060892785754754,0.1,1,0.138883635850203,"explicit_euler_first_order_system","Explicit Euler is transparent but can distort oscillatory systems if the step size is too large."
"forced_near_resonance",5.5,0.0761223735444068,0.685613760652953,-0.0715111708167453,0.1,1,0.141733954858252,"explicit_euler_first_order_system","Explicit Euler is transparent but can distort oscillatory systems if the step size is too large."
"forced_near_resonance",5.52,0.0898060442891391,0.684183537236618,-0.0821151695623442,0.1,1,0.144527582174118,"explicit_euler_first_order_system","Explicit Euler is transparent but can distort oscillatory systems if the step size is too large."
"forced_near_resonance",5.54,0.103456868966047,0.682541233845371,-0.0927017153509968,0.1,1,0.147263400384124,"explicit_euler_first_order_system","Explicit Euler is transparent but can distort oscillatory systems if the step size is too large."
"forced_near_resonance",5.56,0.117070612956814,0.680687199538351,-0.103267737667022,0.1,1,0.149940315197462,"explicit_euler_first_order_system","Explicit Euler is transparent but can distort oscillatory systems if the step size is too large."
"forced_near_resonance",5.58,0.130643049852514,0.67862184478501,-0.113810162925618,0.1,1,0.152557255883898,"explicit_euler_first_order_system","Explicit Euler is transparent but can distort oscillatory systems if the step size is too large."
"forced_near_resonance",5.6,0.144169962683044,0.676345641526498,-0.124325915286293,0.1,1,0.15511317570205,"explicit_euler_first_order_system","Explicit Euler is transparent but can distort oscillatory systems if the step size is too large."
"forced_near_resonance",5.62,0.157647145147459,0.673859123220772,-0.134811917473544,0.1,1,0.15760705231807,"explicit_euler_first_order_system","Explicit Euler is transparent but can distort oscillatory systems if the step size is too large."
"forced_near_resonance",5.64,0.171070402844885,0.671162884871301,-0.145265091604584,0.1,1,0.160037888214561,"explicit_euler_first_order_system","Explicit Euler is transparent but can distort oscillatory systems if the step size is too large."
"forced_near_resonance",5.66,0.184435554505669,0.66825758303921,-0.155682360023934,0.1,1,0.162404711089577,"explicit_euler_first_order_system","Explicit Euler is transparent but can distort oscillatory systems if the step size is too large."
"forced_near_resonance",5.68,0.197738433222444,0.665143935838731,-0.166060646144666,0.1,1,0.164706574245524,"explicit_euler_first_order_system","Explicit Euler is transparent but can distort oscillatory systems if the step size is too large."
"forced_near_resonance",5.7,0.210974887680761,0.661822722915837,-0.176396875296096,0.1,1,0.166942556967832,"explicit_euler_first_order_system","Explicit Euler is transparent but can distort oscillatory systems if the step size is too large."
"forced_near_resonance",5.72,0.224140783388959,0.658294785409915,-0.186687975577719,0.1,1,0.169111764893223,"explicit_euler_first_order_system","Explicit Euler is transparent but can distort oscillatory systems if the step size is too large."
"forced_near_resonance",5.74,0.237232003906926,0.654561025898361,-0.196930878719147,0.1,1,0.171213330367451,"explicit_euler_first_order_system","Explicit Euler is transparent but can distort oscillatory systems if the step size is too large."
"forced_near_resonance",5.76,0.250244452073406,0.650622408323978,-0.207122520945856,0.1,1,0.173246412792346,"explicit_euler_first_order_system","Explicit Euler is transparent but can distort oscillatory systems if the step size is too large."
"forced_near_resonance",5.78,0.263174051231507,0.646479957905061,-0.217259843850475,0.1,1,0.175210198962045,"explicit_euler_first_order_system","Explicit Euler is transparent but can distort oscillatory systems if the step size is too large."
"forced_near_resonance",5.8,0.276016746452068,0.642134761028051,-0.227339795269415,0.1,1,0.177103903388264,"explicit_euler_first_order_system","Explicit Euler is transparent but can distort oscillatory systems if the step size is too large."
"forced_near_resonance",5.82,0.288768505754521,0.637587965122663,-0.237359330164572,0.1,1,0.178926768614482,"explicit_euler_first_order_system","Explicit Euler is transparent but can distort oscillatory systems if the step size is too large."
"forced_near_resonance",5.84,0.301425321324909,0.632840778519372,-0.247315411509871,0.1,1,0.180678065518912,"explicit_euler_first_order_system","Explicit Euler is transparent but can distort oscillatory systems if the step size is too large."
"forced_near_resonance",5.86,0.313983210730692,0.627894470289174,-0.257205011182384,0.1,1,0.182357093606143,"explicit_euler_first_order_system","Explicit Euler is transparent but can distort oscillatory systems if the step size is too large."
"forced_near_resonance",5.88,0.326438218132003,0.622750370065527,-0.26702511085778,0.1,1,0.183963181287328,"explicit_euler_first_order_system","Explicit Euler is transparent but can distort oscillatory systems if the step size is too large."
"forced_near_resonance",5.9,0.33878641548897,0.617409867848371,-0.276772702909837,0.1,1,0.185495686148807,"explicit_euler_first_order_system","Explicit Euler is transparent but can distort oscillatory systems if the step size is too large."
"forced_near_resonance",5.92,0.351023903764774,0.611874413790174,-0.286444791313739,0.1,1,0.18695399520907,"explicit_euler_first_order_system","Explicit Euler is transparent but can distort oscillatory systems if the step size is too large."
"forced_near_resonance",5.94,0.363146814124052,0.606145517963899,-0.296038392552896,0.1,1,0.188337525163936,"explicit_euler_first_order_system","Explicit Euler is transparent but can distort oscillatory systems if the step size is too large."
"forced_near_resonance",5.96,0.375151309126309,0.600224750112841,-0.305550536529008,0.1,1,0.189645722619869,"explicit_euler_first_order_system","Explicit Euler is transparent but can distort oscillatory systems if the step size is too large."
"forced_near_resonance",5.98,0.387033583913954,0.594113739382261,-0.314978267475075,0.1,1,0.190878064315331,"explicit_euler_first_order_system","Explicit Euler is transparent but can distort oscillatory systems if the step size is too large."
"forced_near_resonance",6,0.398789867394609,0.58781417403276,-0.324318644871088,0.1,1,0.192034057330073,"explicit_euler_first_order_system","Explicit Euler is transparent but can distort oscillatory systems if the step size is too large."
"forced_near_resonance",6.02,0.410416423417316,0.581327801135338,-0.33356874436208,0.1,1,0.193113239282304,"explicit_euler_first_order_system","Explicit Euler is transparent but can distort oscillatory systems if the step size is too large."
"forced_near_resonance",6.04,0.421909551942278,0.574656426248097,-0.342725658678267,0.1,1,0.19411517851363,"explicit_euler_first_order_system","Explicit Euler is transparent but can distort oscillatory systems if the step size is too large."
"forced_near_resonance",6.06,0.433265590203768,0.567801913074531,-0.351786498556956,0.1,1,0.195039474261719,"explicit_euler_first_order_system","Explicit Euler is transparent but can distort oscillatory systems if the step size is too large."
"forced_near_resonance",6.08,0.444480913865836,0.560766183103392,-0.36074839366592,0.1,1,0.195885756820594,"explicit_euler_first_order_system","Explicit Euler is transparent but can distort oscillatory systems if the step size is too large."
"forced_near_resonance",6.1,0.455551938170438,0.553551215230074,-0.369608493527935,0.1,1,0.196653687688517,"explicit_euler_first_order_system","Explicit Euler is transparent but can distort oscillatory systems if the step size is too large."
"forced_near_resonance",6.12,0.466475119077628,0.546159045359515,-0.378363968446152,0.1,1,0.197342959703378,"explicit_euler_first_order_system","Explicit Euler is transparent but can distort oscillatory systems if the step size is too large."
"forced_near_resonance",6.14,0.47724695439744,0.538591765990592,-0.387012010429995,0.1,1,0.197953297165563,"explicit_euler_first_order_system","Explicit Euler is transparent but can distort oscillatory systems if the step size is too large."
"forced_near_resonance",6.16,0.48786398491308,0.530851525781992,-0.395549834121255,0.1,1,0.198484455948223,"explicit_euler_first_order_system","Explicit Euler is transparent but can distort oscillatory systems if the step size is too large."
"forced_near_resonance",6.18,0.498322795495071,0.522940529099567,-0.403974677720056,0.1,1,0.198936223594929,"explicit_euler_first_order_system","Explicit Euler is transparent but can distort oscillatory systems if the step size is too large."
"forced_near_resonance",6.2,0.508620016205974,0.514861035545166,-0.412283803910364,0.1,1,0.199308419404643,"explicit_euler_first_order_system","Explicit Euler is transparent but can distort oscillatory systems if the step size is too large."
"forced_near_resonance",6.22,0.518752323395314,0.506615359466959,-0.420474500784699,0.1,1,0.199600894504007,"explicit_euler_first_order_system","Explicit Euler is transparent but can distort oscillatory systems if the step size is too large."
"forced_near_resonance",6.24,0.528716440784339,0.498205869451265,-0.428544082767714,0.1,1,0.199813531906878,"explicit_euler_first_order_system","Explicit Euler is transparent but can distort oscillatory systems if the step size is too large."
"forced_near_resonance",6.26,0.538509140540257,0.48963498779591,-0.436489891538308,0.1,1,0.199946246561132,"explicit_euler_first_order_system","Explicit Euler is transparent but can distort oscillatory systems if the step size is too large."
"forced_near_resonance",6.28,0.54812724433956,0.480905189965144,-0.444309296949914,0.1,1,0.199998985382675,"explicit_euler_first_order_system","Explicit Euler is transparent but can distort oscillatory systems if the step size is too large."
"forced_near_resonance",6.3,0.557567624420083,0.472019004026146,-0.451999697948629,0.1,1,0.199971727276683,"explicit_euler_first_order_system","Explicit Euler is transparent but can distort oscillatory systems if the step size is too large."
"forced_near_resonance",6.32,0.566827204621426,0.462979010067173,-0.459558523488826,0.1,1,0.199864483146034,"explicit_euler_first_order_system","Explicit Euler is transparent but can distort oscillatory systems if the step size is too large."
"forced_near_resonance",6.34,0.575902961413374,0.453787839597397,-0.466983233445902,0.1,1,0.199677295886952,"explicit_euler_first_order_system","Explicit Euler is transparent but can distort oscillatory systems if the step size is too large."
"forced_near_resonance",6.36,0.584791924911944,0.444448174928479,-0.474271319525797,0.1,1,0.199410240371843,"explicit_euler_first_order_system","Explicit Euler is transparent but can distort oscillatory systems if the step size is too large."
"forced_near_resonance",6.38,0.593491179882703,0.434962748537963,-0.481420306170943,0.1,1,0.199063423419353,"explicit_euler_first_order_system","Explicit Euler is transparent but can distort oscillatory systems if the step size is too large."
"forced_near_resonance",6.4,0.601997866730994,0.425334342414544,-0.488427751462264,0.1,1,0.198636983751639,"explicit_euler_first_order_system","Explicit Euler is transparent but can distort oscillatory systems if the step size is too large."
"forced_near_resonance",6.42,0.6103091824787,0.415565787385299,-0.495291248016878,0.1,1,0.198131091938882,"explicit_euler_first_order_system","Explicit Euler is transparent but can distort oscillatory systems if the step size is too large."
"forced_near_resonance",6.44,0.618422381727199,0.405659962424961,-0.50200842388113,0.1,1,0.197545950331062,"explicit_euler_first_order_system","Explicit Euler is transparent but can distort oscillatory systems if the step size is too large."
"forced_near_resonance",6.46,0.626334777606146,0.395619793947339,-0.508576943418593,0.1,1,0.19688179297702,"explicit_euler_first_order_system","Explicit Euler is transparent but can distort oscillatory systems if the step size is too large."
"forced_near_resonance",6.48,0.634043742707725,0.385448255078967,-0.514994508192675,0.1,1,0.196138885530843,"explicit_euler_first_order_system","Explicit Euler is transparent but can distort oscillatory systems if the step size is too large."
"forced_near_resonance",6.5,0.641546710006027,0.375148364915113,-0.521258857843445,0.1,1,0.195317525145605,"explicit_euler_first_order_system","Explicit Euler is transparent but can distort oscillatory systems if the step size is too large."
"forced_near_resonance",6.52,0.648841173761192,0.364723187758244,-0.527367770958335,0.1,1,0.194418040354507,"explicit_euler_first_order_system","Explicit Euler is transparent but can distort oscillatory systems if the step size is too large."
"forced_near_resonance",6.54,0.655924690407974,0.354175832339078,-0.533319065936317,0.1,1,0.193440790939473,"explicit_euler_first_order_system","Explicit Euler is transparent but can distort oscillatory systems if the step size is too large."
"forced_near_resonance",6.56,0.662794879428381,0.343509451020351,-0.539110601845212,0.1,1,0.192386167787239,"explicit_euler_first_order_system","Explicit Euler is transparent but can distort oscillatory systems if the step size is too large."
"forced_near_resonance",6.58,0.66944942420805,0.332727238983447,-0.544740279271734,0.1,1,0.191254592733006,"explicit_euler_first_order_system","Explicit Euler is transparent but can distort oscillatory systems if the step size is too large."
"forced_near_resonance",6.6,0.67588607287601,0.321832433398012,-0.550206041163907,0.1,1,0.190046518391706,"explicit_euler_first_order_system","Explicit Euler is transparent but can distort oscillatory systems if the step size is too large."
"forced_near_resonance",6.62,0.682102639127505,0.310828312574734,-0.555505873665482,0.1,1,0.188762427976969,"explicit_euler_first_order_system","Explicit Euler is transparent but can distort oscillatory systems if the step size is too large."
"forced_near_resonance",6.64,0.688097003029533,0.299718195101425,-0.560637806941977,0.1,1,0.187402835107841,"explicit_euler_first_order_system","Explicit Euler is transparent but can distort oscillatory systems if the step size is too large."
"forced_near_resonance",6.66,0.693867111808785,0.288505438962585,-0.565599915997962,0.1,1,0.18596828360334,"explicit_euler_first_order_system","Explicit Euler is transparent but can distort oscillatory systems if the step size is too large."
"forced_near_resonance",6.68,0.699410980621637,0.277193440642626,-0.57039032148522,0.1,1,0.184459347264943,"explicit_euler_first_order_system","Explicit Euler is transparent but can distort oscillatory systems if the step size is too large."
"forced_near_resonance",6.7,0.704726693305896,0.265785634212922,-0.575007190501416,0.1,1,0.182876629647064,"explicit_euler_first_order_system","Explicit Euler is transparent but can distort oscillatory systems if the step size is too large."
"forced_near_resonance",6.72,0.709812403113954,0.254285490402893,-0.579448737378883,0.1,1,0.181220763815649,"explicit_euler_first_order_system","Explicit Euler is transparent but can distort oscillatory systems if the step size is too large."
"forced_near_resonance",6.74,0.71466633342706,0.242696515655315,-0.583713224463171,0.1,1,0.179492412094952,"explicit_euler_first_order_system","Explicit Euler is transparent but can distort oscillatory systems if the step size is too large."
"forced_near_resonance",6.76,0.719286778450381,0.231022251166052,-0.587798962880973,0.1,1,0.177692265802618,"explicit_euler_first_order_system","Explicit Euler is transparent but can distort oscillatory systems if the step size is too large."
"forced_near_resonance",6.78,0.72367210388855,0.219266271908433,-0.591704313297075,0.1,1,0.175821044973162,"explicit_euler_first_order_system","Explicit Euler is transparent but can distort oscillatory systems if the step size is too large."
"forced_near_resonance",6.8,0.7278207476014,0.207432185642491,-0.595427686659933,0.1,1,0.173879498069965,"explicit_euler_first_order_system","Explicit Euler is transparent but can distort oscillatory systems if the step size is too large."
"forced_near_resonance",6.82,0.731731220239585,0.195523631909292,-0.598967544935541,0.1,1,0.171868401685903,"explicit_euler_first_order_system","Explicit Euler is transparent but can distort oscillatory systems if the step size is too large."
"forced_near_resonance",6.84,0.735402105859797,0.183544281010582,-0.602322401829199,0.1,1,0.169788560232714,"explicit_euler_first_order_system","Explicit Euler is transparent but can distort oscillatory systems if the step size is too large."
"forced_near_resonance",6.86,0.738832062519277,0.171497832973998,-0.605490823494826,0.1,1,0.16764080561925,"explicit_euler_first_order_system","Explicit Euler is transparent but can distort oscillatory systems if the step size is too large."
"forced_near_resonance",6.88,0.742019822849359,0.159388016504101,-0.60847142923146,0.1,1,0.165425996918719,"explicit_euler_first_order_system","Explicit Euler is transparent but can distort oscillatory systems if the step size is too large."
"forced_near_resonance",6.9,0.744964194607749,0.147218587919472,-0.611262892166572,0.1,1,0.163145020025071,"explicit_euler_first_order_system","Explicit Euler is transparent but can distort oscillatory systems if the step size is too large."
"forced_near_resonance",6.92,0.747664061209271,0.134993330076141,-0.613863939925848,0.1,1,0.160798787298651,"explicit_euler_first_order_system","Explicit Euler is transparent but can distort oscillatory systems if the step size is too large."
"forced_near_resonance",6.94,0.750118382234824,0.122716051277624,-0.616273355289081,0.1,1,0.158388237201267,"explicit_euler_first_order_system","Explicit Euler is transparent but can distort oscillatory systems if the step size is too large."
"forced_near_resonance",6.96,0.752326193918261,0.110390584171842,-0.618489976831812,0.1,1,0.155914333920818,"explicit_euler_first_order_system","Explicit Euler is transparent but can distort oscillatory systems if the step size is too large."
"forced_near_resonance",6.98,0.754286609610965,0.0980207846352057,-0.620512699552376,0.1,1,0.15337806698563,"explicit_euler_first_order_system","Explicit Euler is transparent but can distort oscillatory systems if the step size is too large."
"forced_near_resonance",7,0.755998820223848,0.0856105306441582,-0.622340475484019,0.1,1,0.150780450868661,"explicit_euler_first_order_system","Explicit Euler is transparent but can distort oscillatory systems if the step size is too large."
"forced_near_resonance",7.02,0.757462094646538,0.0731637211344778,-0.623972314291709,0.1,1,0.148122524581724,"explicit_euler_first_order_system","Explicit Euler is transparent but can distort oscillatory systems if the step size is too large."
"forced_near_resonance",7.04,0.75867578014351,0.0606842748486436,-0.625407283853344,0.1,1,0.145405351259895,"explicit_euler_first_order_system","Explicit Euler is transparent but can distort oscillatory systems if the step size is too large."
"forced_near_resonance",7.06,0.759639302726942,0.0481761291715767,-0.626644510824983,0.1,1,0.142630017736274,"explicit_euler_first_order_system","Explicit Euler is transparent but can distort oscillatory systems if the step size is too large."
"forced_near_resonance",7.08,0.760352167506044,0.0356432389550771,-0.627683181189791,0.1,1,0.139797634107268,"explicit_euler_first_order_system","Explicit Euler is transparent but can distort oscillatory systems if the step size is too large."
"forced_near_resonance",7.1,0.760813959012669,0.0230895753312813,-0.628522540790364,0.1,1,0.136909333288561,"explicit_euler_first_order_system","Explicit Euler is transparent but can distort oscillatory systems if the step size is too large."
"forced_near_resonance",7.12,0.761024341502979,0.010519124515474,-0.6291618958441,0.1,1,0.133966270561973,"explicit_euler_first_order_system","Explicit Euler is transparent but can distort oscillatory systems if the step size is too large."
"forced_near_resonance",7.14,0.760983059234951,-0.00206411340140805,-0.629600613441316,0.1,1,0.130969623113353,"explicit_euler_first_order_system","Explicit Euler is transparent but can distort oscillatory systems if the step size is too large."
"forced_near_resonance",7.16,0.760689936721546,-0.0146561256702344,-0.629838122025773,0.1,1,0.127920589561726,"explicit_euler_first_order_system","Explicit Euler is transparent but can distort oscillatory systems if the step size is too large."
"forced_near_resonance",7.18,0.760144878959331,-0.0272528881107498,-0.629873911857321,0.1,1,0.12482038947986,"explicit_euler_first_order_system","Explicit Euler is transparent but can distort oscillatory systems if the step size is too large."
"forced_near_resonance",7.2,0.759347871632373,-0.0398503663478962,-0.629707535456343,0.1,1,0.121670262906451,"explicit_euler_first_order_system","Explicit Euler is transparent but can distort oscillatory systems if the step size is too large."
"forced_near_resonance",7.22,0.758298981291232,-0.0524445170570231,-0.6293386080297,0.1,1,0.118471469850128,"explicit_euler_first_order_system","Explicit Euler is transparent but can distort oscillatory systems if the step size is too large."
"forced_near_resonance",7.24,0.75699835550688,-0.0650312892176171,-0.628766807877893,0.1,1,0.115225289785464,"explicit_euler_first_order_system","Explicit Euler is transparent but can distort oscillatory systems if the step size is too large."
"forced_near_resonance",7.26,0.755446222999377,-0.077606625375175,-0.62799187678314,0.1,1,0.111933021141202,"explicit_euler_first_order_system","Explicit Euler is transparent but can distort oscillatory systems if the step size is too large."
"forced_near_resonance",7.28,0.75364289374116,-0.0901664629108377,-0.627013620378088,0.1,1,0.108595980780904,"explicit_euler_first_order_system","Explicit Euler is transparent but can distort oscillatory systems if the step size is too large."
"forced_near_resonance",7.3,0.751588759034792,-0.1027067353184,-0.625831908494891,0.1,1,0.105215503476221,"explicit_euler_first_order_system","Explicit Euler is transparent but can distort oscillatory systems if the step size is too large."
"forced_near_resonance",7.32,0.749284291565026,-0.115223373488297,-0.624446675494364,0.1,1,0.101792941373002,"explicit_euler_first_order_system","Explicit Euler is transparent but can distort oscillatory systems if the step size is too large."
"forced_near_resonance",7.34,0.746730045425062,-0.127712306998185,-0.62285792057497,0.1,1,0.0983296634504551,"explicit_euler_first_order_system","Explicit Euler is transparent but can distort oscillatory systems if the step size is too large."
"forced_near_resonance",7.36,0.743926656116868,-0.140169465409684,-0.621065708061359,0.1,1,0.0948270549735725,"explicit_euler_first_order_system","Explicit Euler is transparent but can distort oscillatory systems if the step size is too large."
"forced_near_resonance",7.38,0.74087484052545,-0.152590779570911,-0.619070167672224,0.1,1,0.0912865169390445,"explicit_euler_first_order_system","Explicit Euler is transparent but can distort oscillatory systems if the step size is too large."
"forced_near_resonance",7.4,0.737575396866963,-0.164972182924356,-0.616871494767214,0.1,1,0.0877094655148781,"explicit_euler_first_order_system","Explicit Euler is transparent but can distort oscillatory systems if the step size is too large."
"forced_near_resonance",7.42,0.734029204610569,-0.1773096128197,-0.614469950572679,0.1,1,0.0840973314739498,"explicit_euler_first_order_system","Explicit Euler is transparent but can distort oscillatory systems if the step size is too large."
"forced_near_resonance",7.44,0.730237224373946,-0.189599011831154,-0.611865862386001,0.1,1,0.0804515596217146,"explicit_euler_first_order_system","Explicit Euler is transparent but can distort oscillatory systems if the step size is too large."
"forced_near_resonance",7.46,0.726200497792369,-0.201836329078874,-0.60905962375829,0.1,1,0.076773608218304,"explicit_euler_first_order_system","Explicit Euler is transparent but can distort oscillatory systems if the step size is too large."
"forced_near_resonance",7.48,0.721920147361288,-0.214017521554039,-0.60605169465524,0.1,1,0.0730649483952404,"explicit_euler_first_order_system","Explicit Euler is transparent but can distort oscillatory systems if the step size is too large."
"forced_near_resonance",7.5,0.717397376252345,-0.226138555447144,-0.602842601595911,0.1,1,0.0693270635670052,"explicit_euler_first_order_system","Explicit Euler is transparent but can distort oscillatory systems if the step size is too large."
"forced_near_resonance",7.52,0.712633468102764,-0.238195407479062,-0.59943293776926,0.1,1,0.0655614488376915,"explicit_euler_first_order_system","Explicit Euler is transparent but can distort oscillatory systems if the step size is too large."
"forced_near_resonance",7.54,0.707629786778075,-0.250184066234448,-0.595823363128201,0.1,1,0.0617696104029839,"explicit_euler_first_order_system","Explicit Euler is transparent but can distort oscillatory systems if the step size is too large."
"forced_near_resonance",7.56,0.702387776108135,-0.262100533497012,-0.592014604461033,0.1,1,0.0579530649476988,"explicit_euler_first_order_system","Explicit Euler is transparent but can distort oscillatory systems if the step size is too large."
"forced_near_resonance",7.58,0.69690895959641,-0.273940825586232,-0.588007455440031,0.1,1,0.054113339039132,"explicit_euler_first_order_system","Explicit Euler is transparent but can distort oscillatory systems if the step size is too large."
"forced_near_resonance",7.6,0.691194940102509,-0.285700974695033,-0.583802776647052,0.1,1,0.050251968516451,"explicit_euler_first_order_system","Explicit Euler is transparent but can distort oscillatory systems if the step size is too large."
"forced_near_resonance",7.62,0.68524739949795,-0.297377030227974,-0.579401495575974,0.1,1,0.0463704978763808,"explicit_euler_first_order_system","Explicit Euler is transparent but can distort oscillatory systems if the step size is too large."
"forced_near_resonance",7.64,0.67906809829516,-0.308965060139493,-0.574804606611836,0.1,1,0.042470479655425,"explicit_euler_first_order_system","Explicit Euler is transparent but can distort oscillatory systems if the step size is too large."
"forced_near_resonance",7.66,0.672658875249725,-0.32046115227173,-0.570013170986507,0.1,1,0.0385534738088727,"explicit_euler_first_order_system","Explicit Euler is transparent but can distort oscillatory systems if the step size is too large."
"forced_near_resonance",7.68,0.666021646935896,-0.33186141569146,-0.565028316710768,0.1,1,0.0346210470868364,"explicit_euler_first_order_system","Explicit Euler is transparent but can distort oscillatory systems if the step size is too large."
"forced_near_resonance",7.7,0.659158407295383,-0.343161982025676,-0.559851238482675,0.1,1,0.0306747724075729,"explicit_euler_first_order_system","Explicit Euler is transparent but can distort oscillatory systems if the step size is too large."
"forced_near_resonance",7.72,0.652071227159476,-0.354359006795329,-0.554483197572072,0.1,1,0.026716228228338,"explicit_euler_first_order_system","Explicit Euler is transparent but can distort oscillatory systems if the step size is too large."
"forced_near_resonance",7.74,0.64476225374454,-0.365448670746771,-0.548925521681163,0.1,1,0.0227469979140233,"explicit_euler_first_order_system","Explicit Euler is transparent but can distort oscillatory systems if the step size is too large."
"forced_near_resonance",7.76,0.637233710120933,-0.376427181180394,-0.543179604781021,0.1,1,0.0187686691038325,"explicit_euler_first_order_system","Explicit Euler is transparent but can distort oscillatory systems if the step size is too large."
"forced_near_resonance",7.78,0.629487894655412,-0.387290773276014,-0.537246906923964,0.1,1,0.0147828330762455,"explicit_euler_first_order_system","Explicit Euler is transparent but can distort oscillatory systems if the step size is too large."
"forced_near_resonance",7.8,0.621527180427122,-0.398035711414494,-0.531128954031694,0.1,1,0.01079108411253,"explicit_euler_first_order_system","Explicit Euler is transparent but can distort oscillatory systems if the step size is too large."
"forced_near_resonance",7.82,0.61335401461722,-0.408658290495127,-0.524827337659146,0.1,1,0.00679501885904845,"explicit_euler_first_order_system","Explicit Euler is transparent but can distort oscillatory systems if the step size is too large."
"forced_near_resonance",7.84,0.604970917872254,-0.41915483724831,-0.518343714733969,0.1,1,0.00279623568862256,"explicit_euler_first_order_system","Explicit Euler is transparent but can distort oscillatory systems if the step size is too large."
"forced_near_resonance",7.86,0.596380483641394,-0.42952171154299,-0.511679807271592,0.1,1,-0.00120366593879632,"explicit_euler_first_order_system","Explicit Euler is transparent but can distort oscillatory systems if the step size is too large."
"forced_near_resonance",7.88,0.587585377487625,-0.439755307688421,-0.504837402065829,0.1,1,-0.00520308611588817,"explicit_euler_first_order_system","Explicit Euler is transparent but can distort oscillatory systems if the step size is too large."
"forced_near_resonance",7.9,0.578588336373031,-0.449852055729738,-0.49781835035499,0.1,1,-0.00920042512790739,"explicit_euler_first_order_system","Explicit Euler is transparent but can distort oscillatory systems if the step size is too large."
"forced_near_resonance",7.92,0.569392167918294,-0.459808422736838,-0.490624567463472,0.1,1,-0.013194084092546,"explicit_euler_first_order_system","Explicit Euler is transparent but can distort oscillatory systems if the step size is too large."
"forced_near_resonance",7.94,0.559999749636572,-0.469620914086107,-0.483258032418817,0.1,1,-0.0171824655994665,"explicit_euler_first_order_system","Explicit Euler is transparent but can distort oscillatory systems if the step size is too large."
"forced_near_resonance",7.96,0.550414028141882,-0.479286074734484,-0.475720787544229,0.1,1,-0.0211639743492435,"explicit_euler_first_order_system","Explicit Euler is transparent but can distort oscillatory systems if the step size is too large."
"forced_near_resonance",7.98,0.540638018332175,-0.488800490485368,-0.468014938026565,0.1,1,-0.0251370177914636,"explicit_euler_first_order_system","Explicit Euler is transparent but can distort oscillatory systems if the step size is too large."
"forced_near_resonance",8,0.530674802547257,-0.4981607892459,-0.460142651459799,0.1,1,-0.0291000067617227,"explicit_euler_first_order_system","Explicit Euler is transparent but can distort oscillatory systems if the step size is too large."
"forced_near_resonance",8.02,0.520527529701755,-0.507363642275095,-0.452106157364008,0.1,1,-0.033051356117272,"explicit_euler_first_order_system","Explicit Euler is transparent but can distort oscillatory systems if the step size is too large."
"forced_near_resonance",8.04,0.510199414393307,-0.516405765422376,-0.443907746679886,0.1,1,-0.0369894853710537,"explicit_euler_first_order_system","Explicit Euler is transparent but can distort oscillatory systems if the step size is too large."
"forced_near_resonance",8.06,0.499693735986188,-0.525283920355973,-0.435549771238866,0.1,1,-0.0409128193238731,"explicit_euler_first_order_system","Explicit Euler is transparent but can distort oscillatory systems if the step size is too large."
"forced_near_resonance",8.08,0.489013837670573,-0.533994915780751,-0.427034643208883,0.1,1,-0.0448197886944599,"explicit_euler_first_order_system","Explicit Euler is transparent but can distort oscillatory systems if the step size is too large."
"forced_near_resonance",8.1,0.478163125497674,-0.542535608644928,-0.418364834515847,0.1,1,-0.0487088307471582,"explicit_euler_first_order_system","Explicit Euler is transparent but can distort oscillatory systems if the step size is too large."
"forced_near_resonance",8.12,0.467145067390969,-0.550902905335245,-0.409542876240921,0.1,1,-0.0525783899170004,"explicit_euler_first_order_system","Explicit Euler is transparent but can distort oscillatory systems if the step size is too large."
"forced_near_resonance",8.14,0.455963192133768,-0.559093762860064,-0.400571357993667,0.1,1,-0.0564269184319113,"explicit_euler_first_order_system","Explicit Euler is transparent but can distort oscillatory systems if the step size is too large."
"forced_near_resonance",8.16,0.444621088333369,-0.567105190019937,-0.39145292726118,0.1,1,-0.0602528769317983,"explicit_euler_first_order_system","Explicit Euler is transparent but can distort oscillatory systems if the step size is too large."
"forced_near_resonance",8.18,0.433122403362066,-0.574934248565161,-0.382190288733308,0.1,1,-0.0640547350842736,"explicit_euler_first_order_system","Explicit Euler is transparent but can distort oscillatory systems if the step size is too large."
"forced_near_resonance",8.2,0.42147084227527,-0.582578054339827,-0.372786203604071,0.1,1,-0.0678309721967669,"explicit_euler_first_order_system","Explicit Euler is transparent but can distort oscillatory systems if the step size is too large."
"forced_near_resonance",8.22,0.409670166707031,-0.590033778411908,-0.363243488849433,0.1,1,-0.0715800778247827,"explicit_euler_first_order_system","Explicit Euler is transparent but can distort oscillatory systems if the step size is too large."
"forced_near_resonance",8.24,0.397724193743254,-0.597298648188897,-0.353565016481531,0.1,1,-0.0753005523760567,"explicit_euler_first_order_system","Explicit Euler is transparent but can distort oscillatory systems if the step size is too large."
"forced_near_resonance",8.26,0.385636794772883,-0.604369948518528,-0.343753712779552,0.1,1,-0.0789909077103741,"explicit_euler_first_order_system","Explicit Euler is transparent but can distort oscillatory systems if the step size is too large."
"forced_near_resonance",8.28,0.373411894317401,-0.611245022774119,-0.333812557497382,0.1,1,-0.0826496677348055,"explicit_euler_first_order_system","Explicit Euler is transparent but can distort oscillatory systems if the step size is too large."
"forced_near_resonance",8.3,0.361053468838919,-0.617921273924066,-0.32374458304823,0.1,1,-0.0862753689941242,"explicit_euler_first_order_system","Explicit Euler is transparent but can distort oscillatory systems if the step size is too large."
"forced_near_resonance",8.32,0.348565545527219,-0.624396165585031,-0.31355287366638,0.1,1,-0.0898665612561678,"explicit_euler_first_order_system","Explicit Euler is transparent but can distort oscillatory systems if the step size is too large."
"forced_near_resonance",8.34,0.335952201066052,-0.630667223058358,-0.303240564546294,0.1,1,-0.0934218080919137,"explicit_euler_first_order_system","Explicit Euler is transparent but can distort oscillatory systems if the step size is too large."
"forced_near_resonance",8.36,0.323217560379066,-0.636732034349284,-0.292810840959239,0.1,1,-0.0969396874500305,"explicit_euler_first_order_system","Explicit Euler is transparent but can distort oscillatory systems if the step size is too large."
"forced_near_resonance",8.38,0.310365795355696,-0.642588251168469,-0.282266937347682,0.1,1,-0.100418792225679,"explicit_euler_first_order_system","Explicit Euler is transparent but can distort oscillatory systems if the step size is too large."
"forced_near_resonance",8.4,0.297401123557388,-0.648233589915423,-0.271612136397641,0.1,1,-0.103857730823337,"explicit_euler_first_order_system","Explicit Euler is transparent but can distort oscillatory systems if the step size is too large."
"forced_near_resonance",8.42,0.28432780690452,-0.653665832643376,-0.260849768089262,0.1,1,-0.107255127713417,"explicit_euler_first_order_system","Explicit Euler is transparent but can distort oscillatory systems if the step size is too large."
"forced_near_resonance",8.44,0.271150150344417,-0.658882828005161,-0.249983208725845,0.1,1,-0.11060962398246,"explicit_euler_first_order_system","Explicit Euler is transparent but can distort oscillatory systems if the step size is too large."
"forced_near_resonance",8.46,0.257872500500824,-0.663882492179678,-0.239015879941575,0.1,1,-0.113919877876687,"explicit_euler_first_order_system","Explicit Euler is transparent but can distort oscillatory systems if the step size is too large."
"forced_near_resonance",8.48,0.244499244305253,-0.668662809778509,-0.227951247688225,0.1,1,-0.117184565338673,"explicit_euler_first_order_system","Explicit Euler is transparent but can distort oscillatory systems if the step size is too large."
"forced_near_resonance",8.5,0.231034807610608,-0.673221834732274,-0.216792821201118,0.1,1,-0.120402380536965,"explicit_euler_first_order_system","Explicit Euler is transparent but can distort oscillatory systems if the step size is too large."
"forced_near_resonance",8.52,0.217483653787482,-0.677557691156296,-0.205544151944608,0.1,1,-0.123572036388385,"explicit_euler_first_order_system","Explicit Euler is transparent but can distort oscillatory systems if the step size is too large."
"forced_near_resonance",8.54,0.203850282303578,-0.681668574195188,-0.194208832537396,0.1,1,-0.126692265072855,"explicit_euler_first_order_system","Explicit Euler is transparent but can distort oscillatory systems if the step size is too large."
"forced_near_resonance",8.56,0.19013922728666,-0.685552750845936,-0.182790495657976,0.1,1,-0.129761818540504,"explicit_euler_first_order_system","Explicit Euler is transparent but can distort oscillatory systems if the step size is too large."
"forced_near_resonance",8.58,0.176355056071478,-0.689208560759096,-0.171292812930529,0.1,1,-0.132779469010871,"explicit_euler_first_order_system","Explicit Euler is transparent but can distort oscillatory systems if the step size is too large."
"forced_near_resonance",8.6,0.162502367731124,-0.692634417017706,-0.159719493791585,0.1,1,-0.135744009464003,"explicit_euler_first_order_system","Explicit Euler is transparent but can distort oscillatory systems if the step size is too large."
"forced_near_resonance",8.62,0.148585791593253,-0.695828806893538,-0.14807428433779,0.1,1,-0.138654254123245,"explicit_euler_first_order_system","Explicit Euler is transparent but can distort oscillatory systems if the step size is too large."
"forced_near_resonance",8.64,0.134609985741647,-0.698790292580294,-0.136360966155125,0.1,1,-0.141509038929537,"explicit_euler_first_order_system","Explicit Euler is transparent but can distort oscillatory systems if the step size is too large."
"forced_near_resonance",8.66,0.120579635503579,-0.701517511903396,-0.124583355129918,0.1,1,-0.144307222007019,"explicit_euler_first_order_system","Explicit Euler is transparent but can distort oscillatory systems if the step size is too large."
"forced_near_resonance",8.68,0.106499451923459,-0.704009179005994,-0.112745300242029,0.1,1,-0.147047684119768,"explicit_euler_first_order_system","Explicit Euler is transparent but can distort oscillatory systems if the step size is too large."
"forced_near_resonance",8.7,0.0923741702232424,-0.706264085010835,-0.100850682340555,0.1,1,-0.14972932911948,"explicit_euler_first_order_system","Explicit Euler is transparent but can distort oscillatory systems if the step size is too large."
"forced_near_resonance",8.72,0.0782085482500895,-0.708281098657646,-0.0889034129024684,0.1,1,-0.152351084383908,"explicit_euler_first_order_system","Explicit Euler is transparent but can distort oscillatory systems if the step size is too large."
"forced_near_resonance",8.74,0.0640073649117756,-0.710059166915695,-0.0769074327745398,0.1,1,-0.154911901245903,"explicit_euler_first_order_system","Explicit Euler is transparent but can distort oscillatory systems if the step size is too large."
"forced_near_resonance",8.76,0.0497754186003519,-0.711597315571186,-0.0648667108989793,0.1,1,-0.157410755412865,"explicit_euler_first_order_system","Explicit Euler is transparent but can distort oscillatory systems if the step size is too large."
"forced_near_resonance",8.78,0.0355175256045685,-0.712894649789166,-0.0527852430231784,0.1,1,-0.159846647376443,"explicit_euler_first_order_system","Explicit Euler is transparent but can distort oscillatory systems if the step size is too large."
"forced_near_resonance",8.8,0.021238518511576,-0.71395035464963,-0.0406670503939813,0.1,1,-0.162218602812331,"explicit_euler_first_order_system","Explicit Euler is transparent but can distort oscillatory systems if the step size is too large."
"forced_near_resonance",8.82,0.00694324459842578,-0.714763695657509,-0.028516178436904,0.1,1,-0.16452567296998,"explicit_euler_first_order_system","Explicit Euler is transparent but can distort oscillatory systems if the step size is too large."
"forced_near_resonance",8.84,-0.00736343578609917,-0.715334019226247,-0.0163366954207388,0.1,1,-0.166766935052087,"explicit_euler_first_order_system","Explicit Euler is transparent but can distort oscillatory systems if the step size is too large."
"forced_near_resonance",8.86,-0.0216766508487924,-0.715660753134662,-0.00413269110797852,0.1,1,-0.168941492583703,"explicit_euler_first_order_system","Explicit Euler is transparent but can distort oscillatory systems if the step size is too large."
"forced_near_resonance",8.88,-0.0359915189879288,-0.715743406956822,0.008091724608484,0.1,1,-0.171048475770809,"explicit_euler_first_order_system","Explicit Euler is transparent but can distort oscillatory systems if the step size is too large."
"forced_near_resonance",8.9,-0.0503031504372219,-0.715581572464652,0.0203324230819298,0.1,1,-0.173087041848222,"explicit_euler_first_order_system","Explicit Euler is transparent but can distort oscillatory systems if the step size is too large."
"forced_near_resonance",8.92,-0.0646066489172822,-0.715174924003013,0.0325852583011919,0.1,1,-0.175056375416693,"explicit_euler_first_order_system","Explicit Euler is transparent but can distort oscillatory systems if the step size is too large."
"forced_near_resonance",8.94,-0.078897113294022,-0.71452321883699,0.0448460682923693,0.1,1,-0.176955688769051,"explicit_euler_first_order_system","Explicit Euler is transparent but can distort oscillatory systems if the step size is too large."
"forced_near_resonance",8.96,-0.0931696392434448,-0.713626297471142,0.0571106765323947,0.1,1,-0.178784222205278,"explicit_euler_first_order_system","Explicit Euler is transparent but can distort oscillatory systems if the step size is too large."
"forced_near_resonance",8.98,-0.107419320922255,-0.712484083940494,0.0693748933739715,0.1,1,-0.180541244336382,"explicit_euler_first_order_system","Explicit Euler is transparent but can distort oscillatory systems if the step size is too large."
"forced_near_resonance",9,-0.121641252643715,-0.711096586073015,0.0816345174813825,0.1,1,-0.182226052376935,"explicit_euler_first_order_system","Explicit Euler is transparent but can distort oscillatory systems if the step size is too large."
"forced_near_resonance",9.02,-0.135830530558183,-0.709463895723387,0.0938853372766738,0.1,1,-0.183837972426186,"explicit_euler_first_order_system","Explicit Euler is transparent but can distort oscillatory systems if the step size is too large."
"forced_near_resonance",9.04,-0.14998225433774,-0.707586188977854,0.106123132395703,0.1,1,-0.185376359737607,"explicit_euler_first_order_system","Explicit Euler is transparent but can distort oscillatory systems if the step size is too large."
"forced_near_resonance",9.06,-0.164091528864339,-0.70546372632994,0.118343675153542,0.1,1,-0.186840598976785,"explicit_euler_first_order_system","Explicit Euler is transparent but can distort oscillatory systems if the step size is too large."
"forced_near_resonance",9.08,-0.178153465920876,-0.703096852826869,0.130542732018703,0.1,1,-0.188230104467547,"explicit_euler_first_order_system","Explicit Euler is transparent but can distort oscillatory systems if the step size is too large."
"forced_near_resonance",9.1,-0.192163185884606,-0.700485998186495,0.142716065095682,0.1,1,-0.189544320426222,"explicit_euler_first_order_system","Explicit Euler is transparent but can distort oscillatory systems if the step size is too large."
"forced_near_resonance",9.12,-0.206115819422298,-0.697631676884581,0.154859433615262,0.1,1,-0.190782721183952,"explicit_euler_first_order_system","Explicit Euler is transparent but can distort oscillatory systems if the step size is too large."
"forced_near_resonance",9.14,-0.220006509186543,-0.694534488212276,0.166968595432055,0.1,1,-0.191944811396943,"explicit_euler_first_order_system","Explicit Euler is transparent but can distort oscillatory systems if the step size is too large."
"forced_near_resonance",9.16,-0.233830411512616,-0.691195116303635,0.179039308528737,0.1,1,-0.193030126244606,"explicit_euler_first_order_system","Explicit Euler is transparent but can distort oscillatory systems if the step size is too large."
"forced_near_resonance",9.18,-0.247582698115277,-0.68761433013306,0.191067332526417,0.1,1,-0.194038231615471,"explicit_euler_first_order_system","Explicit Euler is transparent but can distort oscillatory systems if the step size is too large."
"forced_near_resonance",9.2,-0.261258557784928,-0.683792983482532,0.203048430200601,0.1,1,-0.194968724280833,"explicit_euler_first_order_system","Explicit Euler is transparent but can distort oscillatory systems if the step size is too large."
"forced_near_resonance",9.22,-0.274853198082498,-0.67973201487852,0.214978369002172,0.1,1,-0.19582123205603,"explicit_euler_first_order_system","Explicit Euler is transparent but can distort oscillatory systems if the step size is too large."
"forced_near_resonance",9.24,-0.288361847032467,-0.675432447498476,0.226852922582843,0.1,1,-0.19659541394932,"explicit_euler_first_order_system","Explicit Euler is transparent but can distort oscillatory systems if the step size is too large."
"forced_near_resonance",9.26,-0.301779754813404,-0.670895389046819,0.2386678723245,0.1,1,-0.197290960298267,"explicit_euler_first_order_system","Explicit Euler is transparent but can distort oscillatory systems if the step size is too large."
"forced_near_resonance",9.28,-0.31510219544541,-0.666122031600329,0.25041900887187,0.1,1,-0.197907592893606,"explicit_euler_first_order_system","Explicit Euler is transparent but can distort oscillatory systems if the step size is too large."
"forced_near_resonance",9.3,-0.328324468473868,-0.661113651422892,0.262102133667926,0.1,1,-0.198445065090521,"explicit_euler_first_order_system","Explicit Euler is transparent but can distort oscillatory systems if the step size is too large."
"forced_near_resonance",9.32,-0.341441900648859,-0.655871608749533,0.273713060491468,0.1,1,-0.198903161907298,"explicit_euler_first_order_system","Explicit Euler is transparent but can distort oscillatory systems if the step size is too large."
"forced_near_resonance",9.34,-0.354449847599653,-0.650397347539704,0.285247616996275,0.1,1,-0.199281700111319,"explicit_euler_first_order_system","Explicit Euler is transparent but can distort oscillatory systems if the step size is too large."
"forced_near_resonance",9.36,-0.367343695503649,-0.644692395199778,0.296701646251255,0.1,1,-0.199580528292349,"explicit_euler_first_order_system","Explicit Euler is transparent but can distort oscillatory systems if the step size is too large."
"forced_near_resonance",9.38,-0.380118862749144,-0.638758362274753,0.308071008280994,0.1,1,-0.199799526923101,"explicit_euler_first_order_system","Explicit Euler is transparent but can distort oscillatory systems if the step size is too large."
"forced_near_resonance",9.4,-0.392770801591326,-0.632596942109133,0.319351581606112,0.1,1,-0.199938608407041,"explicit_euler_first_order_system","Explicit Euler is transparent but can distort oscillatory systems if the step size is too large."
"forced_near_resonance",9.42,-0.405294999800867,-0.626209910477011,0.330539264782837,0.1,1,-0.199997717113432,"explicit_euler_first_order_system","Explicit Euler is transparent but can distort oscillatory systems if the step size is too large."
"forced_near_resonance",9.44,-0.417686982304494,-0.619599125181354,0.341629977941187,0.1,1,-0.199976829399577,"explicit_euler_first_order_system","Explicit Euler is transparent but can distort oscillatory systems if the step size is too large."
"forced_near_resonance",9.46,-0.429942312816944,-0.612766525622531,0.352619664321165,0.1,1,-0.199875953620285,"explicit_euler_first_order_system","Explicit Euler is transparent but can distort oscillatory systems if the step size is too large."
"forced_near_resonance",9.48,-0.442056595463666,-0.605714132336107,0.363504291806366,0.1,1,-0.199695130124522,"explicit_euler_first_order_system","Explicit Euler is transparent but can distort oscillatory systems if the step size is too large."
"forced_near_resonance",9.5,-0.454025476393666,-0.59844404649998,0.374279854454386,0.1,1,-0.199434431239276,"explicit_euler_first_order_system","Explicit Euler is transparent but can distort oscillatory systems if the step size is too large."
"forced_near_resonance",9.52,-0.465844645381884,-0.590958449410892,0.384942374023439,0.1,1,-0.199093961240624,"explicit_euler_first_order_system","Explicit Euler is transparent but can distort oscillatory systems if the step size is too large."
"forced_near_resonance",9.54,-0.477509837420492,-0.583259601930424,0.395487901494551,0.1,1,-0.198673856312026,"explicit_euler_first_order_system","Explicit Euler is transparent but can distort oscillatory systems if the step size is too large."
"forced_near_resonance",9.56,-0.489016834298503,-0.575349843900533,0.405912518588756,0.1,1,-0.198174284489853,"explicit_euler_first_order_system","Explicit Euler is transparent but can distort oscillatory systems if the step size is too large."
"forced_near_resonance",9.58,-0.500361466169078,-0.567231593528757,0.416212339278656,0.1,1,-0.197595445596173,"explicit_euler_first_order_system","Explicit Euler is transparent but can distort oscillatory systems if the step size is too large."
"forced_near_resonance",9.6,-0.511539613103942,-0.558907346743184,0.426383511293753,0.1,1,-0.196937571158825,"explicit_euler_first_order_system","Explicit Euler is transparent but can distort oscillatory systems if the step size is too large."
"forced_near_resonance",9.62,-0.522547206634288,-0.550379676517309,0.436422217618937,0.1,1,-0.196200924318813,"explicit_euler_first_order_system","Explicit Euler is transparent but can distort oscillatory systems if the step size is too large."
"forced_near_resonance",9.64,-0.533380231277587,-0.54165123216493,0.446324677985522,0.1,1,-0.195385799725051,"explicit_euler_first_order_system","Explicit Euler is transparent but can distort oscillatory systems if the step size is too large."
"forced_near_resonance",9.66,-0.544034726049691,-0.53272473860522,0.456087150354227,0.1,1,-0.194492523416508,"explicit_euler_first_order_system","Explicit Euler is transparent but can distort oscillatory systems if the step size is too large."
"forced_near_resonance",9.68,-0.554506785961654,-0.523602995598136,0.465705932389483,0.1,1,-0.193521452691798,"explicit_euler_first_order_system","Explicit Euler is transparent but can distort oscillatory systems if the step size is too large."
"forced_near_resonance",9.7,-0.564792563500661,-0.514288876950346,0.475177362924468,0.1,1,-0.192472975966262,"explicit_euler_first_order_system","Explicit Euler is transparent but can distort oscillatory systems if the step size is too large."
"forced_near_resonance",9.72,-0.574888270094498,-0.504785329691857,0.484497823416257,0.1,1,-0.191347512616612,"explicit_euler_first_order_system","Explicit Euler is transparent but can distort oscillatory systems if the step size is too large."
"forced_near_resonance",9.74,-0.584790177558969,-0.495095373223531,0.493663739390493,0.1,1,-0.190145512813182,"explicit_euler_first_order_system","Explicit Euler is transparent but can distort oscillatory systems if the step size is too large."
"forced_near_resonance",9.76,-0.594494619527683,-0.485222098435722,0.502671581874962,0.1,1,-0.188867457339866,"explicit_euler_first_order_system","Explicit Euler is transparent but can distort oscillatory systems if the step size is too large."
"forced_near_resonance",9.78,-0.603997992863647,-0.475168666798222,0.511517868821479,0.1,1,-0.187513857401813,"explicit_euler_first_order_system","Explicit Euler is transparent but can distort oscillatory systems if the step size is too large."
"forced_near_resonance",9.8,-0.613296759052083,-0.464938309421793,0.520199166515491,0.1,1,-0.186085254420951,"explicit_euler_first_order_system","Explicit Euler is transparent but can distort oscillatory systems if the step size is too large."
"forced_near_resonance",9.82,-0.622387445573913,-0.454534326091483,0.528712090972786,0.1,1,-0.184582219819424,"explicit_euler_first_order_system","Explicit Euler is transparent but can distort oscillatory systems if the step size is too large."
"forced_near_resonance",9.84,-0.631266647259353,-0.443960084272027,0.537053309322726,0.1,1,-0.183005354791033,"explicit_euler_first_order_system","Explicit Euler is transparent but can distort oscillatory systems if the step size is too large."
"forced_near_resonance",9.86,-0.639931027621065,-0.433219018085573,0.545219541177415,0.1,1,-0.181355290060764,"explicit_euler_first_order_system","Explicit Euler is transparent but can distort oscillatory systems if the step size is too large."
"forced_near_resonance",9.88,-0.648377320166305,-0.422314627262024,0.553207559986201,0.1,1,-0.179632685632509,"explicit_euler_first_order_system","Explicit Euler is transparent but can distort oscillatory systems if the step size is too large."
"forced_near_resonance",9.9,-0.656602329687552,-0.4112504760623,0.561014194374939,0.1,1,-0.177838230525072,"explicit_euler_first_order_system","Explicit Euler is transparent but can distort oscillatory systems if the step size is too large."
"forced_near_resonance",9.92,-0.664602933531047,-0.400030192174801,0.568636329469438,0.1,1,-0.17597264249657,"explicit_euler_first_order_system","Explicit Euler is transparent but can distort oscillatory systems if the step size is too large."
"forced_near_resonance",9.94,-0.672376082842756,-0.388657465585413,0.576070908202499,0.1,1,-0.174036667757339,"explicit_euler_first_order_system","Explicit Euler is transparent but can distort oscillatory systems if the step size is too large."
"forced_near_resonance",9.96,-0.679918803791183,-0.377136047421363,0.583314932603992,0.1,1,-0.172031080671464,"explicit_euler_first_order_system","Explicit Euler is transparent but can distort oscillatory systems if the step size is too large."
"forced_near_resonance",9.98,-0.687228198766569,-0.365469748769283,0.590365465073388,0.1,1,-0.169956683447037,"explicit_euler_first_order_system","Explicit Euler is transparent but can distort oscillatory systems if the step size is too large."
"forced_near_resonance",10,-0.694301447555925,-0.353662439467815,0.597219629634197,0.1,1,-0.16781430581529,"explicit_euler_first_order_system","Explicit Euler is transparent but can distort oscillatory systems if the step size is too large."
