scenario,time,position,velocity,acceleration,damping_ratio,natural_frequency,forcing,method,warning
underdamped_unforced,0.0,1.0,0.0,-1.0,0.2,1.0,0.0,explicit_euler_first_order_system,Explicit Euler is transparent but can distort oscillatory systems if the step size is too large.
underdamped_unforced,0.02,0.9996,-0.02,-0.9916,0.2,1.0,0.0,explicit_euler_first_order_system,Explicit Euler is transparent but can distort oscillatory systems if the step size is too large.
underdamped_unforced,0.04,0.99880336,-0.039832000000000006,-0.9828705600000001,0.2,1.0,0.0,explicit_euler_first_order_system,Explicit Euler is transparent but can distort oscillatory systems if the step size is too large.
underdamped_unforced,0.06,0.9976135717760001,-0.05948941120000001,-0.9738178072960001,0.2,1.0,0.0,explicit_euler_first_order_system,Explicit Euler is transparent but can distort oscillatory systems if the step size is too large.
underdamped_unforced,0.08,0.9960342564290817,-0.07896576734592001,-0.9644479494907137,0.2,1.0,0.0,explicit_euler_first_order_system,Explicit Euler is transparent but can distort oscillatory systems if the step size is too large.
underdamped_unforced,0.1,0.994069161902367,-0.09825472633573429,-0.9547672713680734,0.2,1.0,0.0,explicit_euler_first_order_system,Explicit Euler is transparent but can distort oscillatory systems if the step size is too large.
underdamped_unforced,0.12,0.9917221604671052,-0.11735007176309575,-0.9447821317618669,0.2,1.0,0.0,explicit_euler_first_order_system,Explicit Euler is transparent but can distort oscillatory systems if the step size is too large.
underdamped_unforced,0.14,0.9889972461791385,-0.1362457143983331,-0.9344989604198053,0.2,1.0,0.0,explicit_euler_first_order_system,Explicit Euler is transparent but can distort oscillatory systems if the step size is too large.
underdamped_unforced,0.16,0.985898532307004,-0.1549356936067292,-0.9239242548643123,0.2,1.0,0.0,explicit_euler_first_order_system,Explicit Euler is transparent but can distort oscillatory systems if the step size is too large.
underdamped_unforced,0.18,0.9824302487329236,-0.17341417870401546,-0.9130645772513174,0.2,1.0,0.0,explicit_euler_first_order_system,Explicit Euler is transparent but can distort oscillatory systems if the step size is too large.
underdamped_unforced,0.2,0.9785967393279428,-0.1916754702490418,-0.9019265512283261,0.2,1.0,0.0,explicit_euler_first_order_system,Explicit Euler is transparent but can distort oscillatory systems if the step size is too large.
underdamped_unforced,0.22,0.9744024593024706,-0.2097140012736083,-0.8905168587930272,0.2,1.0,0.0,explicit_euler_first_order_system,Explicit Euler is transparent but can distort oscillatory systems if the step size is too large.
underdamped_unforced,0.24,0.9698519725334812,-0.22752433844946884,-0.8788422371536937,0.2,1.0,0.0,explicit_euler_first_order_system,Explicit Euler is transparent but can distort oscillatory systems if the step size is too large.
underdamped_unforced,0.26,0.9649499488696304,-0.2451011831925427,-0.8669094755926132,0.2,1.0,0.0,explicit_euler_first_order_system,Explicit Euler is transparent but can distort oscillatory systems if the step size is too large.
underdamped_unforced,0.28,0.9597011614155425,-0.262439372704395,-0.8547254123337845,0.2,1.0,0.0,explicit_euler_first_order_system,Explicit Euler is transparent but can distort oscillatory systems if the step size is too large.
underdamped_unforced,0.3,0.9541104837965211,-0.2795338809510707,-0.8422969314160929,0.2,1.0,0.0,explicit_euler_first_order_system,Explicit Euler is transparent but can distort oscillatory systems if the step size is too large.
underdamped_unforced,0.32,0.9481828874049333,-0.2963798195793925,-0.8296309595731762,0.2,1.0,0.0,explicit_euler_first_order_system,Explicit Euler is transparent but can distort oscillatory systems if the step size is too large.
underdamped_unforced,0.34,0.9419234386295161,-0.31297243877085607,-0.8167344631211737,0.2,1.0,0.0,explicit_euler_first_order_system,Explicit Euler is transparent but can distort oscillatory systems if the step size is too large.
underdamped_unforced,0.36,0.9353372960688505,-0.32930712803327955,-0.8036144448555387,0.2,1.0,0.0,explicit_euler_first_order_system,Explicit Euler is transparent but can distort oscillatory systems if the step size is too large.
underdamped_unforced,0.38,0.9284297077302427,-0.3453794169303903,-0.7902779409580866,0.2,1.0,0.0,explicit_euler_first_order_system,Explicit Euler is transparent but can distort oscillatory systems if the step size is too large.
underdamped_unforced,0.4,0.9212060082152517,-0.36118497574955205,-0.7767320179154309,0.2,1.0,0.0,explicit_euler_first_order_system,Explicit Euler is transparent but can distort oscillatory systems if the step size is too large.
underdamped_unforced,0.42,0.9136716158930944,-0.37671961610786064,-0.7629837694499502,0.2,1.0,0.0,explicit_euler_first_order_system,Explicit Euler is transparent but can distort oscillatory systems if the step size is too large.
underdamped_unforced,0.44,0.9058320300631573,-0.39197929149685967,-0.7490403134644134,0.2,1.0,0.0,explicit_euler_first_order_system,Explicit Euler is transparent but can distort oscillatory systems if the step size is too large.
underdamped_unforced,0.46,0.8976928281078344,-0.40696009776614794,-0.7349087890013751,0.2,1.0,0.0,explicit_euler_first_order_system,Explicit Euler is transparent but can distort oscillatory systems if the step size is too large.
underdamped_unforced,0.48,0.8892596626369108,-0.42165827354617547,-0.7205963532184406,0.2,1.0,0.0,explicit_euler_first_order_system,Explicit Euler is transparent but can distort oscillatory systems if the step size is too large.
underdamped_unforced,0.5,0.8805382586246999,-0.4360702006105443,-0.7061101783804822,0.2,1.0,0.0,explicit_euler_first_order_system,Explicit Euler is transparent but can distort oscillatory systems if the step size is too large.
underdamped_unforced,0.52,0.8715344105411369,-0.4501924041781539,-0.6914574488698753,0.2,1.0,0.0,explicit_euler_first_order_system,Explicit Euler is transparent but can distort oscillatory systems if the step size is too large.
underdamped_unforced,0.54,0.8622539794780258,-0.46402155315555144,-0.6766453582158053,0.2,1.0,0.0,explicit_euler_first_order_system,Explicit Euler is transparent but can distort oscillatory systems if the step size is too large.
underdamped_unforced,0.56,0.8527028902716285,-0.47755446031986754,-0.6616811061436815,0.2,1.0,0.0,explicit_euler_first_order_system,Explicit Euler is transparent but can distort oscillatory systems if the step size is too large.
underdamped_unforced,0.58,0.8428871286227737,-0.4907880824427412,-0.6465718956456772,0.2,1.0,0.0,explicit_euler_first_order_system,Explicit Euler is transparent but can distort oscillatory systems if the step size is too large.
underdamped_unforced,0.6,0.8328127382156606,-0.5037195203556547,-0.6313249300733987,0.2,1.0,0.0,explicit_euler_first_order_system,Explicit Euler is transparent but can distort oscillatory systems if the step size is too large.
underdamped_unforced,0.62,0.8224858178365182,-0.5163460189571227,-0.6159474102536691,0.2,1.0,0.0,explicit_euler_first_order_system,Explicit Euler is transparent but can distort oscillatory systems if the step size is too large.
underdamped_unforced,0.64,0.8119125184932743,-0.5286649671621961,-0.6004465316283958,0.2,1.0,0.0,explicit_euler_first_order_system,Explicit Euler is transparent but can distort oscillatory systems if the step size is too large.
underdamped_unforced,0.66,0.801099040537379,-0.540673897794764,-0.5848294814194734,0.2,1.0,0.0,explicit_euler_first_order_system,Explicit Euler is transparent but can distort oscillatory systems if the step size is too large.
underdamped_unforced,0.68,0.7900516307889159,-0.5523704874231535,-0.5691034358196545,0.2,1.0,0.0,explicit_euler_first_order_system,Explicit Euler is transparent but can distort oscillatory systems if the step size is too large.
underdamped_unforced,0.7000000000000001,0.778776579666125,-0.5637525561395467,-0.5532755572103063,0.2,1.0,0.0,explicit_euler_first_order_system,Explicit Euler is transparent but can distort oscillatory systems if the step size is too large.
underdamped_unforced,0.72,0.7672802183204499,-0.5748180672837528,-0.5373529914069488,0.2,1.0,0.0,explicit_euler_first_order_system,Explicit Euler is transparent but can distort oscillatory systems if the step size is too large.
underdamped_unforced,0.74,0.7555689157782121,-0.5855651271118918,-0.5213428649334553,0.2,1.0,0.0,explicit_euler_first_order_system,Explicit Euler is transparent but can distort oscillatory systems if the step size is too large.
underdamped_unforced,0.76,0.7436490760900009,-0.5959919844105609,-0.5052522823257765,0.2,1.0,0.0,explicit_euler_first_order_system,Explicit Euler is transparent but can distort oscillatory systems if the step size is too large.
underdamped_unforced,0.78,0.7315271354888593,-0.6060970300570764,-0.4890883234660287,0.2,1.0,0.0,explicit_euler_first_order_system,Explicit Euler is transparent but can distort oscillatory systems if the step size is too large.
underdamped_unforced,0.8,0.7192095595583313,-0.615878796526397,-0.4728580409477725,0.2,1.0,0.0,explicit_euler_first_order_system,Explicit Euler is transparent but can distort oscillatory systems if the step size is too large.
underdamped_unforced,0.8200000000000001,0.7067028404114243,-0.6253359573453524,-0.4565684574732833,0.2,1.0,0.0,explicit_euler_first_order_system,Explicit Euler is transparent but can distort oscillatory systems if the step size is too large.
underdamped_unforced,0.84,0.6940134938815279,-0.6344673264948181,-0.44022656328360066,0.2,1.0,0.0,explicit_euler_first_order_system,Explicit Euler is transparent but can distort oscillatory systems if the step size is too large.
underdamped_unforced,0.86,0.6811480567263181,-0.6432718577604901,-0.423839313622122,0.2,1.0,0.0,explicit_euler_first_order_system,Explicit Euler is transparent but can distort oscillatory systems if the step size is too large.
underdamped_unforced,0.88,0.6681130838456594,-0.6517486440329325,-0.40741362623248634,0.2,1.0,0.0,explicit_euler_first_order_system,Explicit Euler is transparent but can distort oscillatory systems if the step size is too large.
underdamped_unforced,0.9,0.6549151455145077,-0.6598969165575823,-0.3909563788914748,0.2,1.0,0.0,explicit_euler_first_order_system,Explicit Euler is transparent but can distort oscillatory systems if the step size is too large.
underdamped_unforced,0.92,0.6415608246317994,-0.6677160441354119,-0.3744744069776347,0.2,1.0,0.0,explicit_euler_first_order_system,Explicit Euler is transparent but can distort oscillatory systems if the step size is too large.
underdamped_unforced,0.9400000000000001,0.6280567139863001,-0.6752055322749646,-0.3579745010763143,0.2,1.0,0.0,explicit_euler_first_order_system,Explicit Euler is transparent but can distort oscillatory systems if the step size is too large.
underdamped_unforced,0.96,0.6144094135403704,-0.6823650222964909,-0.341463404621774,0.2,1.0,0.0,explicit_euler_first_order_system,Explicit Euler is transparent but can distort oscillatory systems if the step size is too large.
underdamped_unforced,0.98,0.6006255277325918,-0.6891942903889263,-0.3249478115770213,0.2,1.0,0.0,explicit_euler_first_order_system,Explicit Euler is transparent but can distort oscillatory systems if the step size is too large.
underdamped_unforced,1.0,0.5867116628001825,-0.6956932466204667,-0.3084343641519958,0.2,1.0,0.0,explicit_euler_first_order_system,Explicit Euler is transparent but can distort oscillatory systems if the step size is too large.
underdamped_unforced,1.02,0.5726744241221123,-0.7018619339035066,-0.2919296505607097,0.2,1.0,0.0,explicit_euler_first_order_system,Explicit Euler is transparent but can distort oscillatory systems if the step size is too large.
underdamped_unforced,1.04,0.5585204135838179,-0.7077005269147207,-0.2754402028179296,0.2,1.0,0.0,explicit_euler_first_order_system,Explicit Euler is transparent but can distort oscillatory systems if the step size is too large.
underdamped_unforced,1.06,0.5442562269643962,-0.7132093309710793,-0.2589724945759645,0.2,1.0,0.0,explicit_euler_first_order_system,Explicit Euler is transparent but can distort oscillatory systems if the step size is too large.
underdamped_unforced,1.08,0.5298884513471442,-0.7183887808625986,-0.24253293900210476,0.2,1.0,0.0,explicit_euler_first_order_system,Explicit Euler is transparent but can distort oscillatory systems if the step size is too large.
underdamped_unforced,1.1,0.5154236625542914,-0.7232394396426407,-0.2261278866972351,0.2,1.0,0.0,explicit_euler_first_order_system,Explicit Euler is transparent but can distort oscillatory systems if the step size is too large.
underdamped_unforced,1.12,0.5008684226067597,-0.7277619973765854,-0.2097636236561255,0.2,1.0,0.0,explicit_euler_first_order_system,Explicit Euler is transparent but can distort oscillatory systems if the step size is too large.
underdamped_unforced,1.1400000000000001,0.4862292772097655,-0.7319572698497079,-0.19344636926988235,0.2,1.0,0.0,explicit_euler_first_order_system,Explicit Euler is transparent but can distort oscillatory systems if the step size is too large.
underdamped_unforced,1.16,0.47151275326506337,-0.7358261972351056,-0.17718227437102113,0.2,1.0,0.0,explicit_euler_first_order_system,Explicit Euler is transparent but can distort oscillatory systems if the step size is too large.
underdamped_unforced,1.18,0.45672535641061285,-0.739369842722526,-0.16097741932160242,0.2,1.0,0.0,explicit_euler_first_order_system,Explicit Euler is transparent but can distort oscillatory systems if the step size is too large.
underdamped_unforced,1.2,0.4418735685884337,-0.742589391108958,-0.14483781214485048,0.2,1.0,0.0,explicit_euler_first_order_system,Explicit Euler is transparent but can distort oscillatory systems if the step size is too large.
underdamped_unforced,1.22,0.42696384564139656,-0.745486147351855,-0.12876938670065452,0.2,1.0,0.0,explicit_euler_first_order_system,Explicit Euler is transparent but can distort oscillatory systems if the step size is too large.
underdamped_unforced,1.24,0.4120026149396792,-0.7480615350858681,-0.11277800090533197,0.2,1.0,0.0,explicit_euler_first_order_system,Explicit Euler is transparent but can distort oscillatory systems if the step size is too large.
underdamped_unforced,1.26,0.3969962730375997,-0.7503170951039748,-0.09686943499600975,0.2,1.0,0.0,explicit_euler_first_order_system,Explicit Euler is transparent but can distort oscillatory systems if the step size is too large.
underdamped_unforced,1.28,0.3819511833615218,-0.752254483803895,-0.08104938983996374,0.2,1.0,0.0,explicit_euler_first_order_system,Explicit Euler is transparent but can distort oscillatory systems if the step size is too large.
underdamped_unforced,1.3,0.36687367392950787,-0.7538754716006943,-0.0653234852892301,0.2,1.0,0.0,explicit_euler_first_order_system,Explicit Euler is transparent but can distort oscillatory systems if the step size is too large.
underdamped_unforced,1.32,0.3517700351033783,-0.755181941306479,-0.04969725858078666,0.2,1.0,0.0,explicit_euler_first_order_system,Explicit Euler is transparent but can distort oscillatory systems if the step size is too large.
underdamped_unforced,1.34,0.3366465173738164,-0.7561758864780947,-0.034176162782578456,0.2,1.0,0.0,explicit_euler_first_order_system,Explicit Euler is transparent but can distort oscillatory systems if the step size is too large.
underdamped_unforced,1.36,0.3215093291791415,-0.7568594097337463,-0.018765565285642938,0.2,1.0,0.0,explicit_euler_first_order_system,Explicit Euler is transparent but can distort oscillatory systems if the step size is too large.
underdamped_unforced,1.3800000000000001,0.3063646347583523,-0.7572347210394592,-0.003470746342568609,0.2,1.0,0.0,explicit_euler_first_order_system,Explicit Euler is transparent but can distort oscillatory systems if the step size is too large.
underdamped_unforced,1.4000000000000001,0.2912185520390261,-0.7573041359663106,0.011703102347498218,0.2,1.0,0.0,explicit_euler_first_order_system,Explicit Euler is transparent but can distort oscillatory systems if the step size is too large.
underdamped_unforced,1.42,0.27607715056063886,-0.7570700739193607,0.026750879007105433,0.2,1.0,0.0,explicit_euler_first_order_system,Explicit Euler is transparent but can distort oscillatory systems if the step size is too large.
underdamped_unforced,1.44,0.2609464494338545,-0.7565350563392186,0.041667573101833,0.2,1.0,0.0,explicit_euler_first_order_system,Explicit Euler is transparent but can distort oscillatory systems if the step size is too large.
underdamped_unforced,1.46,0.24583241533631084,-0.7557017048771819,0.056448266614561926,0.2,1.0,0.0,explicit_euler_first_order_system,Explicit Euler is transparent but can distort oscillatory systems if the step size is too large.
underdamped_unforced,1.48,0.23074096054541302,-0.7545727395448907,0.07108813527254329,0.2,1.0,0.0,explicit_euler_first_order_system,Explicit Euler is transparent but can distort oscillatory systems if the step size is too large.
underdamped_unforced,1.5,0.21567794100862422,-0.7531509768394398,0.0855824497271517,0.2,1.0,0.0,explicit_euler_first_order_system,Explicit Euler is transparent but can distort oscillatory systems if the step size is too large.
underdamped_unforced,1.52,0.2006491544517263,-0.7514393278448968,0.09992657668623242,0.2,1.0,0.0,explicit_euler_first_order_system,Explicit Euler is transparent but can distort oscillatory systems if the step size is too large.
underdamped_unforced,1.54,0.18566033852550284,-0.7494407963111721,0.114115979998966,0.2,1.0,0.0,explicit_euler_first_order_system,Explicit Euler is transparent but can distort oscillatory systems if the step size is too large.
underdamped_unforced,1.56,0.17071716899127898,-0.7471584767111928,0.12814622169319817,0.2,1.0,0.0,explicit_euler_first_order_system,Explicit Euler is transparent but can distort oscillatory systems if the step size is too large.
underdamped_unforced,1.58,0.1558252579457324,-0.7445955522773289,0.14201296296519914,0.2,1.0,-0.0,explicit_euler_first_order_system,Explicit Euler is transparent but can distort oscillatory systems if the step size is too large.
underdamped_unforced,1.6,0.1409901520853719,-0.7417552930180249,0.15571196512183805,0.2,1.0,-0.0,explicit_euler_first_order_system,Explicit Euler is transparent but can distort oscillatory systems if the step size is too large.
underdamped_unforced,1.62,0.12621733101106014,-0.7386410537155881,0.1692390904751751,0.2,1.0,-0.0,explicit_euler_first_order_system,Explicit Euler is transparent but can distort oscillatory systems if the step size is too large.
underdamped_unforced,1.6400000000000001,0.11151220557293845,-0.7352562719060846,0.18259030318949537,0.2,1.0,-0.0,explicit_euler_first_order_system,Explicit Euler is transparent but can distort oscillatory systems if the step size is too large.
underdamped_unforced,1.6600000000000001,0.09688011625609255,-0.7316044658422947,0.19576167008082535,0.2,1.0,-0.0,explicit_euler_first_order_system,Explicit Euler is transparent but can distort oscillatory systems if the step size is too large.
underdamped_unforced,1.68,0.082326331607279,-0.7276892324406782,0.2087493613689923,0.2,1.0,-0.0,explicit_euler_first_order_system,Explicit Euler is transparent but can distort oscillatory systems if the step size is too large.
underdamped_unforced,1.7,0.06785604670301303,-0.7235142452132983,0.2215496513823063,0.2,1.0,-0.0,explicit_euler_first_order_system,Explicit Euler is transparent but can distort oscillatory systems if the step size is too large.
underdamped_unforced,1.72,0.053474381659299984,-0.7190832521856522,0.23415891921496088,0.2,1.0,-0.0,explicit_euler_first_order_system,Explicit Euler is transparent but can distort oscillatory systems if the step size is too large.
underdamped_unforced,1.74,0.039186380183272924,-0.714400073801353,0.24657364933726827,0.2,1.0,-0.0,explicit_euler_first_order_system,Explicit Euler is transparent but can distort oscillatory systems if the step size is too large.
underdamped_unforced,1.76,0.02499700816698077,-0.7094686008146076,0.2587904321588623,0.2,1.0,-0.0,explicit_euler_first_order_system,Explicit Euler is transparent but can distort oscillatory systems if the step size is too large.
underdamped_unforced,1.78,0.010911152323552163,-0.7042927921714304,0.27080596454502,0.2,1.0,-0.0,explicit_euler_first_order_system,Explicit Euler is transparent but can distort oscillatory systems if the step size is too large.
underdamped_unforced,1.8,-0.003066381134058438,-0.69887667288053,0.28261705028627043,0.2,1.0,-0.0,explicit_euler_first_order_system,Explicit Euler is transparent but can distort oscillatory systems if the step size is too large.
underdamped_unforced,1.82,-0.01693086777155453,-0.6932243318748046,0.29422060052147636,0.2,1.0,-0.0,explicit_euler_first_order_system,Explicit Euler is transparent but can distort oscillatory systems if the step size is too large.
underdamped_unforced,1.84,-0.03067766616884203,-0.687339919864375,0.3056136341145921,0.2,1.0,-0.0,explicit_euler_first_order_system,Explicit Euler is transparent but can distort oscillatory systems if the step size is too large.
underdamped_unforced,1.86,-0.04430221911248369,-0.6812276471820832,0.316793277985317,0.2,1.0,-0.0,explicit_euler_first_order_system,Explicit Euler is transparent but can distort oscillatory systems if the step size is too large.
underdamped_unforced,1.8800000000000001,-0.05780005474493123,-0.6748917816223768,0.327756767393882,0.2,1.0,-0.0,explicit_euler_first_order_system,Explicit Euler is transparent but can distort oscillatory systems if the step size is too large.
underdamped_unforced,1.9000000000000001,-0.07116678767042121,-0.6683366462744992,0.33850144618022093,0.2,1.0,-0.0,explicit_euler_first_order_system,Explicit Euler is transparent but can distort oscillatory systems if the step size is too large.
underdamped_unforced,1.92,-0.08439812001743911,-0.6615666173508947,0.34902476695779705,0.2,1.0,-0.0,explicit_euler_first_order_system,Explicit Euler is transparent but can distort oscillatory systems if the step size is too large.
underdamped_unforced,1.94,-0.09748984245767389,-0.6545861220117388,0.3593242912623694,0.2,1.0,-0.0,explicit_euler_first_order_system,Explicit Euler is transparent but can distort oscillatory systems if the step size is too large.
underdamped_unforced,1.96,-0.11043783518140372,-0.6473996361864914,0.3693976896560003,0.2,1.0,-0.0,explicit_euler_first_order_system,Explicit Euler is transparent but can distort oscillatory systems if the step size is too large.
underdamped_unforced,1.98,-0.12323806882927116,-0.6400116823933715,0.37924274178661976,0.2,1.0,-0.0,explicit_euler_first_order_system,Explicit Euler is transparent but can distort oscillatory systems if the step size is too large.
underdamped_unforced,2.0,-0.13588660538042394,-0.6324268275576391,0.38885733640347964,0.2,1.0,-0.0,explicit_euler_first_order_system,Explicit Euler is transparent but can distort oscillatory systems if the step size is too large.
underdamped_unforced,2.02,-0.14837959899701533,-0.6246496808295695,0.3982394713288432,0.2,1.0,-0.0,explicit_euler_first_order_system,Explicit Euler is transparent but can distort oscillatory systems if the step size is too large.
underdamped_unforced,2.04,-0.16071329682507518,-0.6166848914029927,0.40738725338627224,0.2,1.0,-0.0,explicit_euler_first_order_system,Explicit Euler is transparent but can distort oscillatory systems if the step size is too large.
underdamped_unforced,2.06,-0.17288403975178052,-0.6085371463352672,0.4162988982858874,0.2,1.0,-0.0,explicit_euler_first_order_system,Explicit Euler is transparent but can distort oscillatory systems if the step size is too large.
underdamped_unforced,2.08,-0.1848882631191715,-0.6002111683695495,0.4249727304669913,0.2,1.0,-0.0,explicit_euler_first_order_system,Explicit Euler is transparent but can distort oscillatory systems if the step size is too large.
underdamped_unforced,2.1,-0.1967224973943757,-0.5917117137602096,0.43340718289845953,0.2,1.0,-0.0,explicit_euler_first_order_system,Explicit Euler is transparent but can distort oscillatory systems if the step size is too large.
underdamped_unforced,2.12,-0.2083833687964205,-0.5830435701022404,0.4416007968373167,0.2,1.0,-0.0,explicit_euler_first_order_system,Explicit Euler is transparent but can distort oscillatory systems if the step size is too large.
underdamped_unforced,2.14,-0.21986759987973037,-0.5742115541654941,0.449552221545928,0.2,1.0,-0.0,explicit_euler_first_order_system,Explicit Euler is transparent but can distort oscillatory systems if the step size is too large.
underdamped_unforced,2.16,-0.23117201007442187,-0.5652205097345755,0.4572602139682521,0.2,1.0,-0.0,explicit_euler_first_order_system,Explicit Euler is transparent but can distort oscillatory systems if the step size is too large.
underdamped_unforced,2.18,-0.24229351618352607,-0.5560753054552104,0.46472363836561026,0.2,1.0,-0.0,explicit_euler_first_order_system,Explicit Euler is transparent but can distort oscillatory systems if the step size is too large.
underdamped_unforced,2.2,-0.25322913283728404,-0.5467808326878982,0.47194146591244335,0.2,1.0,-0.0,explicit_euler_first_order_system,Explicit Euler is transparent but can distort oscillatory systems if the step size is too large.
underdamped_unforced,2.22,-0.263975972904677,-0.5373420033696493,0.47891277425253675,0.2,1.0,-0.0,explicit_euler_first_order_system,Explicit Euler is transparent but can distort oscillatory systems if the step size is too large.
underdamped_unforced,2.24,-0.274531247862369,-0.5277637478845986,0.4856367470162084,0.2,1.0,-0.0,explicit_euler_first_order_system,Explicit Euler is transparent but can distort oscillatory systems if the step size is too large.
underdamped_unforced,2.2600000000000002,-0.28489226812125445,-0.5180510129442744,0.49211267329896424,0.2,1.0,-0.0,explicit_euler_first_order_system,Explicit Euler is transparent but can distort oscillatory systems if the step size is too large.
underdamped_unforced,2.2800000000000002,-0.29505644331082037,-0.508208759478295,0.49833994710213836,0.2,1.0,-0.0,explicit_euler_first_order_system,Explicit Euler is transparent but can distort oscillatory systems if the step size is too large.
underdamped_unforced,2.3000000000000003,-0.3050212825215454,-0.49824196053625225,0.5043180667360463,0.2,1.0,-0.0,explicit_euler_first_order_system,Explicit Euler is transparent but can distort oscillatory systems if the step size is too large.
underdamped_unforced,2.32,-0.31478439450557605,-0.48815559920153134,0.5100466341861886,0.2,1.0,-0.0,explicit_euler_first_order_system,Explicit Euler is transparent but can distort oscillatory systems if the step size is too large.
underdamped_unforced,2.34,-0.3243434878359322,-0.47795466651780755,0.5155253544430553,0.2,1.0,-0.0,explicit_euler_first_order_system,Explicit Euler is transparent but can distort oscillatory systems if the step size is too large.
underdamped_unforced,2.36,-0.3336963710245111,-0.46764415942894644,0.5207540347960897,0.2,1.0,-0.0,explicit_euler_first_order_system,Explicit Euler is transparent but can distort oscillatory systems if the step size is too large.
underdamped_unforced,2.38,-0.3428409525991716,-0.45722907873302465,0.5257325840923814,0.2,1.0,-0.0,explicit_euler_first_order_system,Explicit Euler is transparent but can distort oscillatory systems if the step size is too large.
underdamped_unforced,2.4,-0.3517752411401951,-0.44671442705117703,0.5304610119606659,0.2,1.0,-0.0,explicit_euler_first_order_system,Explicit Euler is transparent but can distort oscillatory systems if the step size is too large.
underdamped_unforced,2.42,-0.36049734527643434,-0.43610520681196374,0.5349394280012199,0.2,1.0,-0.0,explicit_euler_first_order_system,Explicit Euler is transparent but can distort oscillatory systems if the step size is too large.
underdamped_unforced,2.44,-0.3690054736414731,-0.42540641825193937,0.5391680409422489,0.2,1.0,-0.0,explicit_euler_first_order_system,Explicit Euler is transparent but can distort oscillatory systems if the step size is too large.
underdamped_unforced,2.46,-0.377297934790135,-0.4146230574330944,0.5431471577633729,0.2,1.0,-0.0,explicit_euler_first_order_system,Explicit Euler is transparent but can distort oscillatory systems if the step size is too large.
underdamped_unforced,2.48,-0.38537313707569154,-0.40376011427782693,0.5468771827868223,0.2,1.0,-0.0,explicit_euler_first_order_system,Explicit Euler is transparent but can distort oscillatory systems if the step size is too large.
underdamped_unforced,2.5,-0.39322958848813333,-0.3928225706220905,0.5503586167369695,0.2,1.0,-0.0,explicit_euler_first_order_system,Explicit Euler is transparent but can distort oscillatory systems if the step size is too large.
underdamped_unforced,2.52,-0.4008658964538804,-0.38181539828735106,0.5535920557688208,0.2,1.0,-0.0,explicit_euler_first_order_system,Explicit Euler is transparent but can distort oscillatory systems if the step size is too large.
underdamped_unforced,2.54,-0.40828076759731985,-0.37074355717197466,0.5565781904661097,0.2,1.0,-0.0,explicit_euler_first_order_system,Explicit Euler is transparent but can distort oscillatory systems if the step size is too large.
underdamped_unforced,2.56,-0.4154730074645729,-0.3596119933626525,0.5593178048096339,0.2,1.0,-0.0,explicit_euler_first_order_system,Explicit Euler is transparent but can distort oscillatory systems if the step size is too large.
underdamped_unforced,2.58,-0.42244152020990205,-0.3484256372664598,0.561811775116486,0.2,1.0,-0.0,explicit_euler_first_order_system,Explicit Euler is transparent but can distort oscillatory systems if the step size is too large.
underdamped_unforced,2.6,-0.42918530824518464,-0.3371894017641301,0.5640610689508367,0.2,1.0,-0.0,explicit_euler_first_order_system,Explicit Euler is transparent but can distort oscillatory systems if the step size is too large.
underdamped_unforced,2.62,-0.4357034718528869,-0.3259081803851134,0.5660667440069322,0.2,1.0,-0.0,explicit_euler_first_order_system,Explicit Euler is transparent but can distort oscillatory systems if the step size is too large.
underdamped_unforced,2.64,-0.44199520876298637,-0.31458684550497473,0.5678299469649762,0.2,1.0,-0.0,explicit_euler_first_order_system,Explicit Euler is transparent but can distort oscillatory systems if the step size is too large.
underdamped_unforced,2.66,-0.44805981369429987,-0.3032302465656752,0.5693519123205699,0.2,1.0,-0.0,explicit_euler_first_order_system,Explicit Euler is transparent but can distort oscillatory systems if the step size is too large.
underdamped_unforced,2.68,-0.45389667786068516,-0.2918432083192638,0.5706339611883907,0.2,1.0,-0.0,explicit_euler_first_order_system,Explicit Euler is transparent but can distort oscillatory systems if the step size is too large.
underdamped_unforced,2.7,-0.4595052884425951,-0.280430529095496,0.5716775000807934,0.2,1.0,-0.0,explicit_euler_first_order_system,Explicit Euler is transparent but can distort oscillatory systems if the step size is too large.
underdamped_unforced,2.72,-0.4648852280244727,-0.2689969790938801,0.5724840196620247,0.2,1.0,-0.0,explicit_euler_first_order_system,Explicit Euler is transparent but can distort oscillatory systems if the step size is too large.
underdamped_unforced,2.74,-0.47003617399848546,-0.2575472987006396,0.5730550934787413,0.2,1.0,-0.0,explicit_euler_first_order_system,Explicit Euler is transparent but can distort oscillatory systems if the step size is too large.
underdamped_unforced,2.7600000000000002,-0.47495789793510673,-0.24608619683106475,0.5733923766675326,0.2,1.0,-0.0,explicit_euler_first_order_system,Explicit Euler is transparent but can distort oscillatory systems if the step size is too large.
underdamped_unforced,2.7800000000000002,-0.479650264921061,-0.2346183492977141,0.5734976046401467,0.2,1.0,-0.0,explicit_euler_first_order_system,Explicit Euler is transparent but can distort oscillatory systems if the step size is too large.
underdamped_unforced,2.8000000000000003,-0.4841132328651592,-0.22314839720491117,0.5733725917471237,0.2,1.0,-0.0,explicit_euler_first_order_system,Explicit Euler is transparent but can distort oscillatory systems if the step size is too large.
underdamped_unforced,2.82,-0.4883468517725586,-0.2116809453699687,0.5730192299205461,0.2,1.0,-0.0,explicit_euler_first_order_system,Explicit Euler is transparent but can distort oscillatory systems if the step size is too large.
underdamped_unforced,2.84,-0.49235126298798976,-0.20022056077155778,0.5724394872966129,0.2,1.0,-0.0,explicit_euler_first_order_system,Explicit Euler is transparent but can distort oscillatory systems if the step size is too large.
underdamped_unforced,2.86,-0.49612669840850226,-0.18877177102562553,0.5716354068187525,0.2,1.0,-0.0,explicit_euler_first_order_system,Explicit Euler is transparent but can distort oscillatory systems if the step size is too large.
underdamped_unforced,2.88,-0.4996734796662873,-0.1773390628892505,0.5706091048219875,0.2,1.0,-0.0,explicit_euler_first_order_system,Explicit Euler is transparent but can distort oscillatory systems if the step size is too large.
underdamped_unforced,2.9,-0.5029920172821435,-0.16592688079281076,0.5693627695992678,0.2,1.0,-0.0,explicit_euler_first_order_system,Explicit Euler is transparent but can distort oscillatory systems if the step size is too large.
underdamped_unforced,2.92,-0.50608280979016,-0.15453962540082541,0.5678986599504902,0.2,1.0,-0.0,explicit_euler_first_order_system,Explicit Euler is transparent but can distort oscillatory systems if the step size is too large.
underdamped_unforced,2.94,-0.5089464428341963,-0.1431816522018156,0.5662191037149226,0.2,1.0,-0.0,explicit_euler_first_order_system,Explicit Euler is transparent but can distort oscillatory systems if the step size is too large.
underdamped_unforced,2.96,-0.5115835882367467,-0.13185727012751716,0.5643264962877536,0.2,1.0,-0.0,explicit_euler_first_order_system,Explicit Euler is transparent but can distort oscillatory systems if the step size is too large.
underdamped_unforced,2.98,-0.5139950030407819,-0.12057074020176209,0.5622232991214868,0.2,1.0,-0.0,explicit_euler_first_order_system,Explicit Euler is transparent but can distort oscillatory systems if the step size is too large.
underdamped_unforced,3.0,-0.5161815285251686,-0.10932627421933236,0.5599120382129016,0.2,1.0,-0.0,explicit_euler_first_order_system,Explicit Euler is transparent but can distort oscillatory systems if the step size is too large.
underdamped_unforced,3.02,-0.5181440891942701,-0.09812803345507433,0.5573953025762999,0.2,1.0,-0.0,explicit_euler_first_order_system,Explicit Euler is transparent but can distort oscillatory systems if the step size is too large.
underdamped_unforced,3.04,-0.5198836917423411,-0.08698012740354832,0.5546757427037604,0.2,1.0,-0.0,explicit_euler_first_order_system,Explicit Euler is transparent but can distort oscillatory systems if the step size is too large.
underdamped_unforced,3.06,-0.5214014239933306,-0.07588661254947311,0.5517560690131198,0.2,1.0,-0.0,explicit_euler_first_order_system,Explicit Euler is transparent but can distort oscillatory systems if the step size is too large.
underdamped_unforced,3.08,-0.5226984538167148,-0.06485149116921071,0.5486390502843991,0.2,1.0,-0.0,explicit_euler_first_order_system,Explicit Euler is transparent but can distort oscillatory systems if the step size is too large.
underdamped_unforced,3.1,-0.5237760280199852,-0.05387871016352273,0.5453275120853943,0.2,1.0,-0.0,explicit_euler_first_order_system,Explicit Euler is transparent but can distort oscillatory systems if the step size is too large.
underdamped_unforced,3.12,-0.5246354712184216,-0.04297215992181484,0.5418243351871476,0.2,1.0,-0.0,explicit_euler_first_order_system,Explicit Euler is transparent but can distort oscillatory systems if the step size is too large.
underdamped_unforced,3.14,-0.525278184682783,-0.03213567321807189,0.5381324539700117,0.2,1.0,-0.0,explicit_euler_first_order_system,Explicit Euler is transparent but can distort oscillatory systems if the step size is too large.
underdamped_unforced,3.16,-0.5257056451655564,-0.021373024138671655,0.5342548548210251,0.2,1.0,-0.0,explicit_euler_first_order_system,Explicit Euler is transparent but can distort oscillatory systems if the step size is too large.
underdamped_unforced,3.18,-0.5259194037064014,-0.010687927042251154,0.5301945745233019,0.2,1.0,-0.0,explicit_euler_first_order_system,Explicit Euler is transparent but can distort oscillatory systems if the step size is too large.
underdamped_unforced,3.2,-0.5259210844174371,-8.403555178511553e-05,0.5259546986381511,0.2,1.0,-0.0,explicit_euler_first_order_system,Explicit Euler is transparent but can distort oscillatory systems if the step size is too large.
underdamped_unforced,3.22,-0.5257123832490176,0.010435058420977908,0.5215383598806265,0.2,1.0,-0.0,explicit_euler_first_order_system,Explicit Euler is transparent but can distort oscillatory systems if the step size is too large.
underdamped_unforced,3.24,-0.5252950667366458,0.020865825618590437,0.5169487364892097,0.2,1.0,-0.0,explicit_euler_first_order_system,Explicit Euler is transparent but can distort oscillatory systems if the step size is too large.
underdamped_unforced,3.2600000000000002,-0.5246709707296784,0.031204800348374633,0.5121890505903285,0.2,1.0,-0.0,explicit_euler_first_order_system,Explicit Euler is transparent but can distort oscillatory systems if the step size is too large.
underdamped_unforced,3.2800000000000002,-0.5238419991024748,0.0414485813601812,0.5072625665584023,0.2,1.0,-0.0,explicit_euler_first_order_system,Explicit Euler is transparent but can distort oscillatory systems if the step size is too large.
underdamped_unforced,3.3000000000000003,-0.5228101224486478,0.05159383269134925,0.5021725893721081,0.2,1.0,-0.0,explicit_euler_first_order_system,Explicit Euler is transparent but can distort oscillatory systems if the step size is too large.
underdamped_unforced,3.3200000000000003,-0.5215773767590719,0.06163728447879141,0.4969224629675553,0.2,1.0,-0.0,explicit_euler_first_order_system,Explicit Euler is transparent but can distort oscillatory systems if the step size is too large.
underdamped_unforced,3.34,-0.520145862084309,0.07157573373814252,0.491515568589052,0.2,1.0,-0.0,explicit_euler_first_order_system,Explicit Euler is transparent but can distort oscillatory systems if the step size is too large.
underdamped_unforced,3.36,-0.5185177411821106,0.08140604510992357,0.48595532313814116,0.2,1.0,-0.0,explicit_euler_first_order_system,Explicit Euler is transparent but can distort oscillatory systems if the step size is too large.
underdamped_unforced,3.38,-0.5166952381506569,0.09112515157268639,0.4802451775215823,0.2,1.0,-0.0,explicit_euler_first_order_system,Explicit Euler is transparent but can distort oscillatory systems if the step size is too large.
underdamped_unforced,3.4,-0.5146806370481946,0.10073005512311803,0.47438861499894736,0.2,1.0,-0.0,explicit_euler_first_order_system,Explicit Euler is transparent but can distort oscillatory systems if the step size is too large.
underdamped_unforced,3.42,-0.5124762804997326,0.11021782742309698,0.4683891495304938,0.2,1.0,-0.0,explicit_euler_first_order_system,Explicit Euler is transparent but can distort oscillatory systems if the step size is too large.
underdamped_unforced,3.44,-0.5100845682914584,0.11958561041370686,0.46225032412597566,0.2,1.0,-0.0,explicit_euler_first_order_system,Explicit Euler is transparent but can distort oscillatory systems if the step size is too large.
underdamped_unforced,3.46,-0.5075079559535339,0.12883061689622638,0.4559757091950434,0.2,1.0,-0.0,explicit_euler_first_order_system,Explicit Euler is transparent but can distort oscillatory systems if the step size is too large.
underdamped_unforced,3.48,-0.5047489533319314,0.13795013108012724,0.44956890089988044,0.2,1.0,-0.0,explicit_euler_first_order_system,Explicit Euler is transparent but can distort oscillatory systems if the step size is too large.
underdamped_unforced,3.5,-0.5018101231499689,0.14694150909812484,0.4430335195107189,0.2,1.0,-0.0,explicit_euler_first_order_system,Explicit Euler is transparent but can distort oscillatory systems if the step size is too large.
underdamped_unforced,3.52,-0.49869407956020206,0.15580217948833922,0.4363732077648664,0.2,1.0,-0.0,explicit_euler_first_order_system,Explicit Euler is transparent but can distort oscillatory systems if the step size is too large.
underdamped_unforced,3.54,-0.4954034866873293,0.16452964364363654,0.4295916292298747,0.2,1.0,-0.0,explicit_euler_first_order_system,Explicit Euler is transparent but can distort oscillatory systems if the step size is too large.
underdamped_unforced,3.56,-0.49194105716276465,0.17312147622823404,0.42269246667147103,0.2,1.0,-0.0,explicit_euler_first_order_system,Explicit Euler is transparent but can distort oscillatory systems if the step size is too large.
underdamped_unforced,3.58,-0.48830955065153137,0.18157532556166345,0.415679420426866,0.2,1.0,-0.0,explicit_euler_first_order_system,Explicit Euler is transparent but can distort oscillatory systems if the step size is too large.
underdamped_unforced,3.6,-0.48451177237212734,0.18988891397020077,0.408556206784047,0.2,1.0,-0.0,explicit_euler_first_order_system,Explicit Euler is transparent but can distort oscillatory systems if the step size is too large.
underdamped_unforced,3.62,-0.4805505716100097,0.1980600381058817,0.401326556367657,0.2,1.0,-0.0,explicit_euler_first_order_system,Explicit Euler is transparent but can distort oscillatory systems if the step size is too large.
underdamped_unforced,3.64,-0.476428840225345,0.20608656923323485,0.393994212532051,0.2,1.0,-0.0,explicit_euler_first_order_system,Explicit Euler is transparent but can distort oscillatory systems if the step size is too large.
underdamped_unforced,3.66,-0.47214951115566745,0.21396645348387586,0.3865629297621171,0.2,1.0,-0.0,explicit_euler_first_order_system,Explicit Euler is transparent but can distort oscillatory systems if the step size is too large.
underdamped_unforced,3.68,-0.46771555691408506,0.2216977120791182,0.3790364720824378,0.2,1.0,-0.0,explicit_euler_first_order_system,Explicit Euler is transparent but can distort oscillatory systems if the step size is too large.
underdamped_unforced,3.7,-0.46312998808366973,0.22927844152076696,0.3714186114753629,0.2,1.0,-0.0,explicit_euler_first_order_system,Explicit Euler is transparent but can distort oscillatory systems if the step size is too large.
underdamped_unforced,3.72,-0.45839585180866427,0.23670681375027422,0.36371312630855457,0.2,1.0,-0.0,explicit_euler_first_order_system,Explicit Euler is transparent but can distort oscillatory systems if the step size is too large.
underdamped_unforced,3.74,-0.45351623028313537,0.2439810762764453,0.3559237997725572,0.2,1.0,-0.0,explicit_euler_first_order_system,Explicit Euler is transparent but can distort oscillatory systems if the step size is too large.
underdamped_unforced,3.7600000000000002,-0.44849423923769743,0.25109955227189645,0.34805441832893885,0.2,1.0,-0.0,explicit_euler_first_order_system,Explicit Euler is transparent but can distort oscillatory systems if the step size is too large.
underdamped_unforced,3.7800000000000002,-0.44333302642492795,0.2580606406384752,0.34010877016953783,0.2,1.0,-0.0,explicit_euler_first_order_system,Explicit Euler is transparent but can distort oscillatory systems if the step size is too large.
underdamped_unforced,3.8000000000000003,-0.4380357701040906,0.26486281604186596,0.3320906436873442,0.2,1.0,-0.0,explicit_euler_first_order_system,Explicit Euler is transparent but can distort oscillatory systems if the step size is too large.
underdamped_unforced,3.8200000000000003,-0.4326056775257784,0.27150462891561283,0.32400382595953325,0.2,1.0,-0.0,explicit_euler_first_order_system,Explicit Euler is transparent but can distort oscillatory systems if the step size is too large.
underdamped_unforced,3.84,-0.42704598341708233,0.2779847054348035,0.31585210124316093,0.2,1.0,-0.0,explicit_euler_first_order_system,Explicit Euler is transparent but can distort oscillatory systems if the step size is too large.
underdamped_unforced,3.86,-0.421359948467889,0.28430174745966674,0.30763924948402227,0.2,1.0,-0.0,explicit_euler_first_order_system,Explicit Euler is transparent but can distort oscillatory systems if the step size is too large.
underdamped_unforced,3.88,-0.41555085781890205,0.2904545324493472,0.29936904483916316,0.2,1.0,-0.0,explicit_euler_first_order_system,Explicit Euler is transparent but can distort oscillatory systems if the step size is too large.
underdamped_unforced,3.9,-0.40962201955197947,0.29644191334613046,0.2910452542135273,0.2,1.0,-0.0,explicit_euler_first_order_system,Explicit Euler is transparent but can distort oscillatory systems if the step size is too large.
underdamped_unforced,3.92,-0.40357676318337143,0.302262818430401,0.282671635811211,0.2,1.0,-0.0,explicit_euler_first_order_system,Explicit Euler is transparent but can distort oscillatory systems if the step size is too large.
underdamped_unforced,3.94,-0.3974184381604389,0.3079162511466252,0.27425193770178885,0.2,1.0,-0.0,explicit_euler_first_order_system,Explicit Euler is transparent but can distort oscillatory systems if the step size is too large.
underdamped_unforced,3.96,-0.3911504123624257,0.31340128990066096,0.26578989640216133,0.2,1.0,-0.0,explicit_euler_first_order_system,Explicit Euler is transparent but can distort oscillatory systems if the step size is too large.
underdamped_unforced,3.98,-0.3847760706058516,0.31871708782870417,0.25728923547436994,0.2,1.0,-0.0,explicit_euler_first_order_system,Explicit Euler is transparent but can distort oscillatory systems if the step size is too large.
underdamped_unforced,4.0,-0.3782988131550878,0.32386287253819157,0.24875366413981115,0.2,1.0,-0.0,explicit_euler_first_order_system,Explicit Euler is transparent but can distort oscillatory systems if the step size is too large.
underdamped_unforced,4.0200000000000005,-0.37172205423866805,0.3288379458209878,0.24018687591027293,0.2,1.0,-0.0,explicit_euler_first_order_system,Explicit Euler is transparent but can distort oscillatory systems if the step size is too large.
underdamped_unforced,4.04,-0.3650492205718842,0.33364168333919325,0.2315925472362069,0.2,1.0,-0.0,explicit_euler_first_order_system,Explicit Euler is transparent but can distort oscillatory systems if the step size is too large.
underdamped_unforced,4.0600000000000005,-0.35828374988620587,0.3382735342839174,0.22297433617263893,0.2,1.0,-0.0,explicit_euler_first_order_system,Explicit Euler is transparent but can distort oscillatory systems if the step size is too large.
underdamped_unforced,4.08,-0.35142908946605844,0.34273302100737013,0.21433588106311038,0.2,1.0,-0.0,explicit_euler_first_order_system,Explicit Euler is transparent but can distort oscillatory systems if the step size is too large.
underdamped_unforced,4.1,-0.3444886946934858,0.34701973862863233,0.20568079924203286,0.2,1.0,-0.0,explicit_euler_first_order_system,Explicit Euler is transparent but can distort oscillatory systems if the step size is too large.
underdamped_unforced,4.12,-0.33746602760121636,0.351133354613473,0.19701268575582714,0.2,1.0,-0.0,explicit_euler_first_order_system,Explicit Euler is transparent but can distort oscillatory systems if the step size is too large.
underdamped_unforced,4.14,-0.33036455543464455,0.35507360832858953,0.18833511210320872,0.2,1.0,-0.0,explicit_euler_first_order_system,Explicit Euler is transparent but can distort oscillatory systems if the step size is too large.
underdamped_unforced,4.16,-0.32318774922323146,0.3588403105706537,0.17965162499496998,0.2,1.0,-0.0,explicit_euler_first_order_system,Explicit Euler is transparent but can distort oscillatory systems if the step size is too large.
underdamped_unforced,4.18,-0.3159390823618204,0.3624333430705531,0.17096574513359916,0.2,1.0,-0.0,explicit_euler_first_order_system,Explicit Euler is transparent but can distort oscillatory systems if the step size is too large.
underdamped_unforced,4.2,-0.3086220292023559,0.3658526579732251,0.16228096601306582,0.2,1.0,-0.0,explicit_euler_first_order_system,Explicit Euler is transparent but can distort oscillatory systems if the step size is too large.
underdamped_unforced,4.22,-0.30124006365648615,0.3690982772934864,0.1536007527390916,0.2,1.0,-0.0,explicit_euler_first_order_system,Explicit Euler is transparent but can distort oscillatory systems if the step size is too large.
underdamped_unforced,4.24,-0.2937966578095208,0.3721702923482682,0.1449285408702135,0.2,1.0,-0.0,explicit_euler_first_order_system,Explicit Euler is transparent but can distort oscillatory systems if the step size is too large.
underdamped_unforced,4.26,-0.28629528054620734,0.37506886316567245,0.13626773527993835,0.2,1.0,-0.0,explicit_euler_first_order_system,Explicit Euler is transparent but can distort oscillatory systems if the step size is too large.
underdamped_unforced,4.28,-0.2787393961887819,0.3777942178712712,0.12762170904027342,0.2,1.0,-0.0,explicit_euler_first_order_system,Explicit Euler is transparent but can distort oscillatory systems if the step size is too large.
underdamped_unforced,4.3,-0.27113246314774037,0.3803466520520767,0.11899380232690968,0.2,1.0,-0.0,explicit_euler_first_order_system,Explicit Euler is transparent but can distort oscillatory systems if the step size is too large.
underdamped_unforced,4.32,-0.26347793258576807,0.3827265280986149,0.11038732134632209,0.2,1.0,-0.0,explicit_euler_first_order_system,Explicit Euler is transparent but can distort oscillatory systems if the step size is too large.
underdamped_unforced,4.34,-0.25577924709525723,0.38493427452554135,0.10180553728504069,0.2,1.0,-0.0,explicit_euler_first_order_system,Explicit Euler is transparent but can distort oscillatory systems if the step size is too large.
underdamped_unforced,4.36,-0.2480398393898324,0.38697038527124217,0.09325168528133551,0.2,1.0,-0.0,explicit_euler_first_order_system,Explicit Euler is transparent but can distort oscillatory systems if the step size is too large.
underdamped_unforced,4.38,-0.24026313101029503,0.38883541897686885,0.08472896341954747,0.2,1.0,-0.0,explicit_euler_first_order_system,Explicit Euler is transparent but can distort oscillatory systems if the step size is too large.
underdamped_unforced,4.4,-0.23245253104538985,0.3905299982452598,0.07624053174728593,0.2,1.0,-0.0,explicit_euler_first_order_system,Explicit Euler is transparent but can distort oscillatory systems if the step size is too large.
underdamped_unforced,4.42,-0.22461143486778573,0.3920548088802055,0.06778951131570352,0.2,1.0,-0.0,explicit_euler_first_order_system,Explicit Euler is transparent but can distort oscillatory systems if the step size is too large.
underdamped_unforced,4.44,-0.21674322288565534,0.39341059910651954,0.05937898324304752,0.2,1.0,-0.0,explicit_euler_first_order_system,Explicit Euler is transparent but can distort oscillatory systems if the step size is too large.
underdamped_unforced,4.46,-0.20885125931022774,0.3945981787713805,0.05101198780167554,0.2,1.0,-0.0,explicit_euler_first_order_system,Explicit Euler is transparent but can distort oscillatory systems if the step size is too large.
underdamped_unforced,4.48,-0.20093889093967945,0.395618418527414,0.04269152352871386,0.2,1.0,-0.0,explicit_euler_first_order_system,Explicit Euler is transparent but can distort oscillatory systems if the step size is too large.
underdamped_unforced,4.5,-0.1930094459597197,0.3964722489979883,0.034420546360524384,0.2,1.0,-0.0,explicit_euler_first_order_system,Explicit Euler is transparent but can distort oscillatory systems if the step size is too large.
underdamped_unforced,4.5200000000000005,-0.18506623276121573,0.3971606599251988,0.026201968791136204,0.2,1.0,-0.0,explicit_euler_first_order_system,Explicit Euler is transparent but can distort oscillatory systems if the step size is too large.
underdamped_unforced,4.54,-0.17711253877519528,0.3976846993010215,0.01803865905478666,0.2,1.0,-0.0,explicit_euler_first_order_system,Explicit Euler is transparent but can distort oscillatory systems if the step size is too large.
underdamped_unforced,4.5600000000000005,-0.16915162932555294,0.39804547248211725,0.009933440332706045,0.2,1.0,-0.0,explicit_euler_first_order_system,Explicit Euler is transparent but can distort oscillatory systems if the step size is too large.
underdamped_unforced,4.58,-0.16118674649977752,0.3982441412887714,0.0018890899842689546,0.2,1.0,-0.0,explicit_euler_first_order_system,Explicit Euler is transparent but can distort oscillatory systems if the step size is too large.
underdamped_unforced,4.6000000000000005,-0.15322110803800837,0.3982819230884568,-0.006091661197374365,0.2,1.0,-0.0,explicit_euler_first_order_system,Explicit Euler is transparent but can distort oscillatory systems if the step size is too large.
underdamped_unforced,4.62,-0.1452579062407182,0.3981600898645093,-0.014006129705085552,0.2,1.0,-0.0,explicit_euler_first_order_system,Explicit Euler is transparent but can distort oscillatory systems if the step size is too large.
underdamped_unforced,4.64,-0.13730030689531003,0.3978799672704076,-0.02185168001285301,0.2,1.0,-0.0,explicit_euler_first_order_system,Explicit Euler is transparent but can distort oscillatory systems if the step size is too large.
underdamped_unforced,4.66,-0.12935144822190703,0.39744293367015054,-0.0296257252461532,0.2,1.0,-0.0,explicit_euler_first_order_system,Explicit Euler is transparent but can distort oscillatory systems if the step size is too large.
underdamped_unforced,4.68,-0.12141443983860248,0.39685041916522745,-0.037325727827488525,0.2,1.0,-0.0,explicit_euler_first_order_system,Explicit Euler is transparent but can distort oscillatory systems if the step size is too large.
underdamped_unforced,4.7,-0.11349236174642892,0.39610390460867767,-0.04494920009704216,0.2,1.0,-0.0,explicit_euler_first_order_system,Explicit Euler is transparent but can distort oscillatory systems if the step size is too large.
underdamped_unforced,4.72,-0.10558826333429418,0.39520492060673684,-0.052493704908400565,0.2,1.0,0.0,explicit_euler_first_order_system,Explicit Euler is transparent but can distort oscillatory systems if the step size is too large.
underdamped_unforced,4.74,-0.0977051624041228,0.3941550465085688,-0.05995685619930474,0.2,1.0,0.0,explicit_euler_first_order_system,Explicit Euler is transparent but can distort oscillatory systems if the step size is too large.
underdamped_unforced,4.76,-0.08984604421643115,0.3929559093845827,-0.06733631953740195,0.2,1.0,0.0,explicit_euler_first_order_system,Explicit Euler is transparent but can distort oscillatory systems if the step size is too large.
underdamped_unforced,4.78,-0.08201386055655446,0.3916091829938346,-0.0746298126409794,0.2,1.0,0.0,explicit_euler_first_order_system,Explicit Euler is transparent but can distort oscillatory systems if the step size is too large.
underdamped_unforced,4.8,-0.07421152882173417,0.390116586741015,-0.08183510587467184,0.2,1.0,0.0,explicit_euler_first_order_system,Explicit Euler is transparent but can distort oscillatory systems if the step size is too large.
underdamped_unforced,4.82,-0.06644193112926373,0.38847988462352157,-0.08895002272014489,0.2,1.0,0.0,explicit_euler_first_order_system,Explicit Euler is transparent but can distort oscillatory systems if the step size is too large.
underdamped_unforced,4.84,-0.05870791344588136,0.3867008841691187,-0.09597244022176613,0.2,1.0,0.0,explicit_euler_first_order_system,Explicit Euler is transparent but can distort oscillatory systems if the step size is too large.
underdamped_unforced,4.86,-0.051012284738587696,0.38478143536468334,-0.10290028940728564,0.2,1.0,0.0,explicit_euler_first_order_system,Explicit Euler is transparent but can distort oscillatory systems if the step size is too large.
underdamped_unforced,4.88,-0.04335781614705694,0.38272342957653765,-0.10973155568355814,0.2,1.0,0.0,explicit_euler_first_order_system,Explicit Euler is transparent but can distort oscillatory systems if the step size is too large.
underdamped_unforced,4.9,-0.035747240177799615,0.38052879846286647,-0.11646427920734698,0.2,1.0,0.0,explicit_euler_first_order_system,Explicit Euler is transparent but can distort oscillatory systems if the step size is too large.
underdamped_unforced,4.92,-0.028183249920225223,0.37819951287871956,-0.12309655523126262,0.2,1.0,0.0,explicit_euler_first_order_system,Explicit Euler is transparent but can distort oscillatory systems if the step size is too large.
underdamped_unforced,4.94,-0.020668498284743337,0.37573758177409433,-0.12962653442489439,0.2,1.0,0.0,explicit_euler_first_order_system,Explicit Euler is transparent but can distort oscillatory systems if the step size is too large.
underdamped_unforced,4.96,-0.013205597263031409,0.3731450510855964,-0.13605242317120717,0.2,1.0,0.0,explicit_euler_first_order_system,Explicit Euler is transparent but can distort oscillatory systems if the step size is too large.
underdamped_unforced,4.98,-0.005797117210587963,0.3704240026221723,-0.14237248383828097,0.2,1.0,0.0,explicit_euler_first_order_system,Explicit Euler is transparent but can distort oscillatory systems if the step size is too large.
underdamped_unforced,5.0,0.0015544138483201703,0.36757655294540664,-0.14858503502648282,0.2,1.0,0.0,explicit_euler_first_order_system,Explicit Euler is transparent but can distort oscillatory systems if the step size is too large.
underdamped_unforced,5.0200000000000005,0.00884651089321771,0.364604852244877,-0.15468845179116852,0.2,1.0,0.0,explicit_euler_first_order_system,Explicit Euler is transparent but can distort oscillatory systems if the step size is too large.
underdamped_unforced,5.04,0.016076732557398783,0.3615110832090536,-0.16068116584102024,0.2,1.0,0.0,explicit_euler_first_order_system,Explicit Euler is transparent but can distort oscillatory systems if the step size is too large.
underdamped_unforced,5.0600000000000005,0.02324268175524345,0.3582974598922332,-0.16656166571213674,0.2,1.0,0.0,explicit_euler_first_order_system,Explicit Euler is transparent but can distort oscillatory systems if the step size is too large.
underdamped_unforced,5.08,0.03034200628680326,0.3549662265779905,-0.17232849691799945,0.2,1.0,0.0,explicit_euler_first_order_system,Explicit Euler is transparent but can distort oscillatory systems if the step size is too large.
underdamped_unforced,5.1000000000000005,0.03737239941959587,0.3515196566396305,-0.1779802620754481,0.2,1.0,0.0,explicit_euler_first_order_system,Explicit Euler is transparent but can distort oscillatory systems if the step size is too large.
underdamped_unforced,5.12,0.0443316004475583,0.34796005139812153,-0.1835156210068069,0.2,1.0,0.0,explicit_euler_first_order_system,Explicit Euler is transparent but can distort oscillatory systems if the step size is too large.
underdamped_unforced,5.14,0.05121739522711801,0.34428973897798537,-0.18893329081831217,0.2,1.0,0.0,explicit_euler_first_order_system,Explicit Euler is transparent but can distort oscillatory systems if the step size is too large.
underdamped_unforced,5.16,0.05802761669035039,0.3405110731616191,-0.19423204595499804,0.2,1.0,0.0,explicit_euler_first_order_system,Explicit Euler is transparent but can distort oscillatory systems if the step size is too large.
underdamped_unforced,5.18,0.06476014533520077,0.33662643224251915,-0.19941071823220843,0.2,1.0,0.0,explicit_euler_first_order_system,Explicit Euler is transparent but can distort oscillatory systems if the step size is too large.
underdamped_unforced,5.2,0.07141290969275828,0.33263821787787495,-0.20446819684390827,0.2,1.0,0.0,explicit_euler_first_order_system,Explicit Euler is transparent but can distort oscillatory systems if the step size is too large.
underdamped_unforced,5.22,0.07798388677157822,0.3285488539409968,-0.20940342834797696,0.2,1.0,0.0,explicit_euler_first_order_system,Explicit Euler is transparent but can distort oscillatory systems if the step size is too large.
underdamped_unforced,5.24,0.08447110247905897,0.3243607853740373,-0.21421541662867388,0.2,1.0,0.0,explicit_euler_first_order_system,Explicit Euler is transparent but can distort oscillatory systems if the step size is too large.
underdamped_unforced,5.26,0.09087263201988824,0.3200764770414638,-0.21890322283647376,0.2,1.0,0.0,explicit_euler_first_order_system,Explicit Euler is transparent but can distort oscillatory systems if the step size is too large.
underdamped_unforced,5.28,0.09718660027158292,0.3156984125847343,-0.22346596530547663,0.2,1.0,0.0,explicit_euler_first_order_system,Explicit Euler is transparent but can distort oscillatory systems if the step size is too large.
underdamped_unforced,5.3,0.10341118213715542,0.31122909327862475,-0.22790281944860533,0.2,1.0,0.0,explicit_euler_first_order_system,Explicit Euler is transparent but can distort oscillatory systems if the step size is too large.
underdamped_unforced,5.32,0.10954460287494847,0.30667103688965264,-0.23221301763080954,0.2,1.0,0.0,explicit_euler_first_order_system,Explicit Euler is transparent but can distort oscillatory systems if the step size is too large.
underdamped_unforced,5.34,0.1155851384056892,0.30202677653703647,-0.23639584902050378,0.2,1.0,0.0,explicit_euler_first_order_system,Explicit Euler is transparent but can distort oscillatory systems if the step size is too large.
underdamped_unforced,5.36,0.12153111559682173,0.2972988595566264,-0.2404506594194723,0.2,1.0,0.0,explicit_euler_first_order_system,Explicit Euler is transparent but can distort oscillatory systems if the step size is too large.
underdamped_unforced,5.38,0.12738091252418646,0.29248984636823694,-0.24437685107148124,0.2,1.0,0.0,explicit_euler_first_order_system,Explicit Euler is transparent but can distort oscillatory systems if the step size is too large.
underdamped_unforced,5.4,0.1331329587111226,0.2876023093468073,-0.24817388244984553,0.2,1.0,0.0,explicit_euler_first_order_system,Explicit Euler is transparent but can distort oscillatory systems if the step size is too large.
underdamped_unforced,5.42,0.13878573534507882,0.2826388316978104,-0.251841268024203,0.2,1.0,0.0,explicit_euler_first_order_system,Explicit Euler is transparent but can distort oscillatory systems if the step size is too large.
underdamped_unforced,5.44,0.14433777547182536,0.27760200633732635,-0.2553785780067559,0.2,1.0,0.0,explicit_euler_first_order_system,Explicit Euler is transparent but can distort oscillatory systems if the step size is too large.
underdamped_unforced,5.46,0.1497876641673692,0.2724944347771912,-0.25878543807824567,0.2,1.0,0.0,explicit_euler_first_order_system,Explicit Euler is transparent but can distort oscillatory systems if the step size is too large.
underdamped_unforced,5.48,0.15513403868768172,0.2673187260156263,-0.2620615290939322,0.2,1.0,0.0,explicit_euler_first_order_system,Explicit Euler is transparent but can distort oscillatory systems if the step size is too large.
underdamped_unforced,5.5,0.16037558859635667,0.26207749543374764,-0.26520658676985576,0.2,1.0,0.0,explicit_euler_first_order_system,Explicit Euler is transparent but can distort oscillatory systems if the step size is too large.
underdamped_unforced,5.5200000000000005,0.1655110558703237,0.2567733636983505,-0.2682204013496639,0.2,1.0,0.0,explicit_euler_first_order_system,Explicit Euler is transparent but can distort oscillatory systems if the step size is too large.
underdamped_unforced,5.54,0.17053923498375084,0.25140895567135724,-0.27110281725229374,0.2,1.0,0.0,explicit_euler_first_order_system,Explicit Euler is transparent but can distort oscillatory systems if the step size is too large.
underdamped_unforced,5.5600000000000005,0.17545897297027707,0.24598689932631138,-0.2738537327008016,0.2,1.0,0.0,explicit_euler_first_order_system,Explicit Euler is transparent but can distort oscillatory systems if the step size is too large.
underdamped_unforced,5.58,0.18026916946372298,0.24050982467229534,-0.27647309933264114,0.2,1.0,0.0,explicit_euler_first_order_system,Explicit Euler is transparent but can distort oscillatory systems if the step size is too large.
underdamped_unforced,5.6000000000000005,0.18496877671743583,0.2349803626856425,-0.27896092179169285,0.2,1.0,0.0,explicit_euler_first_order_system,Explicit Euler is transparent but can distort oscillatory systems if the step size is too large.
underdamped_unforced,5.62,0.18955679960243202,0.22940114424980865,-0.28131725730235546,0.2,1.0,0.0,explicit_euler_first_order_system,Explicit Euler is transparent but can distort oscillatory systems if the step size is too large.
underdamped_unforced,5.64,0.19403229558450724,0.22377479910376155,-0.28354221522601186,0.2,1.0,0.0,explicit_euler_first_order_system,Explicit Euler is transparent but can distort oscillatory systems if the step size is too large.
underdamped_unforced,5.66,0.19839437468049206,0.2181039547992413,-0.2856359566001886,0.2,1.0,0.0,explicit_euler_first_order_system,Explicit Euler is transparent but can distort oscillatory systems if the step size is too large.
underdamped_unforced,5.68,0.20264219939383682,0.21239123566723753,-0.2875986936607318,0.2,1.0,0.0,explicit_euler_first_order_system,Explicit Euler is transparent but can distort oscillatory systems if the step size is too large.
underdamped_unforced,5.7,0.20677498462971727,0.2066392617940229,-0.2894306893473264,0.2,1.0,0.0,explicit_euler_first_order_system,Explicit Euler is transparent but can distort oscillatory systems if the step size is too large.
underdamped_unforced,5.72,0.2107919975898588,0.20085064800707636,-0.2911322567926894,0.2,1.0,0.0,explicit_euler_first_order_system,Explicit Euler is transparent but can distort oscillatory systems if the step size is too large.
underdamped_unforced,5.74,0.21469255764728326,0.19502800287122257,-0.29270375879577226,0.2,1.0,0.0,explicit_euler_first_order_system,Explicit Euler is transparent but can distort oscillatory systems if the step size is too large.
underdamped_unforced,5.76,0.2184760362011894,0.18917392769530714,-0.29414560727931227,0.2,1.0,0.0,explicit_euler_first_order_system,Explicit Euler is transparent but can distort oscillatory systems if the step size is too large.
underdamped_unforced,5.78,0.22214185651218382,0.18329101554972088,-0.2954582627320722,0.2,1.0,0.0,explicit_euler_first_order_system,Explicit Euler is transparent but can distort oscillatory systems if the step size is too large.
underdamped_unforced,5.8,0.2256894935180854,0.17738185029507944,-0.2966422336361172,0.2,1.0,0.0,explicit_euler_first_order_system,Explicit Euler is transparent but can distort oscillatory systems if the step size is too large.
underdamped_unforced,5.82,0.22911847363053253,0.1714490056223571,-0.2976980758794754,0.2,1.0,0.0,explicit_euler_first_order_system,Explicit Euler is transparent but can distort oscillatory systems if the step size is too large.
underdamped_unforced,5.84,0.23242837451262788,0.1654950441047676,-0.2986263921545349,0.2,1.0,0.0,explicit_euler_first_order_system,Explicit Euler is transparent but can distort oscillatory systems if the step size is too large.
underdamped_unforced,5.86,0.23561882483786142,0.1595225162616769,-0.2994278313425322,0.2,1.0,0.0,explicit_euler_first_order_system,Explicit Euler is transparent but can distort oscillatory systems if the step size is too large.
underdamped_unforced,5.88,0.23868950403055794,0.15353395963482627,-0.3001030878844885,0.2,1.0,0.0,explicit_euler_first_order_system,Explicit Euler is transparent but can distort oscillatory systems if the step size is too large.
underdamped_unforced,5.9,0.24164014198810066,0.1475318978771365,-0.30065290113895526,0.2,1.0,0.0,explicit_euler_first_order_system,Explicit Euler is transparent but can distort oscillatory systems if the step size is too large.
underdamped_unforced,5.92,0.2444705187851878,0.1415188398543574,-0.3010780547269308,0.2,1.0,0.0,explicit_euler_first_order_system,Explicit Euler is transparent but can distort oscillatory systems if the step size is too large.
underdamped_unforced,5.94,0.24718046436038418,0.1354972787598188,-0.3013793758643117,0.2,1.0,0.0,explicit_euler_first_order_system,Explicit Euler is transparent but can distort oscillatory systems if the step size is too large.
underdamped_unforced,5.96,0.24976985818523484,0.12946969124253255,-0.3015577346822479,0.2,1.0,0.0,explicit_euler_first_order_system,Explicit Euler is transparent but can distort oscillatory systems if the step size is too large.
underdamped_unforced,5.98,0.25223862891621257,0.12343853654888759,-0.3016140435357676,0.2,1.0,0.0,explicit_euler_first_order_system,Explicit Euler is transparent but can distort oscillatory systems if the step size is too large.
underdamped_unforced,6.0,0.25458675402977604,0.11740625567817224,-0.30154925630104495,0.2,1.0,0.0,explicit_euler_first_order_system,Explicit Euler is transparent but can distort oscillatory systems if the step size is too large.
underdamped_unforced,6.0200000000000005,0.2568142594408191,0.11137527055215134,-0.3013643676616796,0.2,1.0,0.0,explicit_euler_first_order_system,Explicit Euler is transparent but can distort oscillatory systems if the step size is too large.
underdamped_unforced,6.04,0.25892121910479743,0.10534798319891775,-0.30106041238436454,0.2,1.0,0.0,explicit_euler_first_order_system,Explicit Euler is transparent but can distort oscillatory systems if the step size is too large.
underdamped_unforced,6.0600000000000005,0.26090775460382204,0.09932677495123046,-0.3006384645843142,0.2,1.0,0.0,explicit_euler_first_order_system,Explicit Euler is transparent but can distort oscillatory systems if the step size is too large.
underdamped_unforced,6.08,0.26277403471701294,0.09331400565954417,-0.3000996369808306,0.2,1.0,0.0,explicit_euler_first_order_system,Explicit Euler is transparent but can distort oscillatory systems if the step size is too large.
underdamped_unforced,6.1000000000000005,0.2645202749754115,0.08731201291992756,-0.2994450801433825,0.2,1.0,0.0,explicit_euler_first_order_system,Explicit Euler is transparent but can distort oscillatory systems if the step size is too large.
underdamped_unforced,6.12,0.2661467372017527,0.08132311131705991,-0.2986759817285767,0.2,1.0,0.0,explicit_euler_first_order_system,Explicit Euler is transparent but can distort oscillatory systems if the step size is too large.
underdamped_unforced,6.140000000000001,0.26765372903540247,0.07534959168248838,-0.2977935657083978,0.2,1.0,0.0,explicit_euler_first_order_system,Explicit Euler is transparent but can distort oscillatory systems if the step size is too large.
underdamped_unforced,6.16,0.2690416034427689,0.06939372036832042,-0.29679909159009704,0.2,1.0,0.0,explicit_euler_first_order_system,Explicit Euler is transparent but can distort oscillatory systems if the step size is too large.
underdamped_unforced,6.18,0.27031075821349926,0.06345773853651848,-0.29569385362810663,0.2,1.0,0.0,explicit_euler_first_order_system,Explicit Euler is transparent but can distort oscillatory systems if the step size is too large.
underdamped_unforced,6.2,0.2714616354427784,0.05754386146395635,-0.29447918002836093,0.2,1.0,0.0,explicit_euler_first_order_system,Explicit Euler is transparent but can distort oscillatory systems if the step size is too large.
underdamped_unforced,6.22,0.2724947210000462,0.05165427786338913,-0.2931564321454018,0.2,1.0,0.0,explicit_euler_first_order_system,Explicit Euler is transparent but can distort oscillatory systems if the step size is too large.
underdamped_unforced,6.24,0.2734105439844558,0.045791149220481095,-0.29172700367264826,0.2,1.0,0.0,explicit_euler_first_order_system,Explicit Euler is transparent but can distort oscillatory systems if the step size is too large.
underdamped_unforced,6.26,0.2742096761673964,0.03995660914702813,-0.29019231982620763,0.2,1.0,0.0,explicit_euler_first_order_system,Explicit Euler is transparent but can distort oscillatory systems if the step size is too large.
underdamped_unforced,6.28,0.27489273142240644,0.034152762750503975,-0.288553836522608,0.2,1.0,0.0,explicit_euler_first_order_system,Explicit Euler is transparent but can distort oscillatory systems if the step size is too large.
underdamped_unforced,6.3,0.2754603651428075,0.028381686020051814,-0.2868130395508282,0.2,1.0,0.0,explicit_euler_first_order_system,Explicit Euler is transparent but can distort oscillatory systems if the step size is too large.
underdamped_unforced,6.32,0.27591327364738816,0.02264542522903525,-0.28497144373900224,0.2,1.0,0.0,explicit_euler_first_order_system,Explicit Euler is transparent but can distort oscillatory systems if the step size is too large.
underdamped_unforced,6.34,0.2762521935744733,0.016945996354255206,-0.2830305921161754,0.2,1.0,0.0,explicit_euler_first_order_system,Explicit Euler is transparent but can distort oscillatory systems if the step size is too large.
underdamped_unforced,6.36,0.2764779012647119,0.0112853845119317,-0.28099205506948455,0.2,1.0,0.0,explicit_euler_first_order_system,Explicit Euler is transparent but can distort oscillatory systems if the step size is too large.
underdamped_unforced,6.38,0.2765912121329227,0.005665543410542008,-0.2788574294971395,0.2,1.0,0.0,explicit_euler_first_order_system,Explicit Euler is transparent but can distort oscillatory systems if the step size is too large.
underdamped_unforced,6.4,0.2765929800293347,8.839482059921824e-05,-0.27662833795757436,0.2,1.0,0.0,explicit_euler_first_order_system,Explicit Euler is transparent but can distort oscillatory systems if the step size is too large.
underdamped_unforced,6.42,0.27648409659056367,-0.005444171938552269,-0.27430642781514275,0.2,1.0,0.0,explicit_euler_first_order_system,Explicit Euler is transparent but can distort oscillatory systems if the step size is too large.
underdamped_unforced,6.44,0.2762654905806666,-0.010930300494855124,-0.27189337038272454,0.2,1.0,0.0,explicit_euler_first_order_system,Explicit Euler is transparent but can distort oscillatory systems if the step size is too large.
underdamped_unforced,6.46,0.2759381272226164,-0.016368167902509615,-0.26939086006161256,0.2,1.0,0.0,explicit_euler_first_order_system,Explicit Euler is transparent but can distort oscillatory systems if the step size is too large.
underdamped_unforced,6.48,0.2755030075205416,-0.021755985103741868,-0.2668006134790448,0.2,1.0,0.0,explicit_euler_first_order_system,Explicit Euler is transparent but can distort oscillatory systems if the step size is too large.
underdamped_unforced,6.5,0.2749611675730751,-0.027091997373322765,-0.264124368623746,0.2,1.0,0.0,explicit_euler_first_order_system,Explicit Euler is transparent but can distort oscillatory systems if the step size is too large.
underdamped_unforced,6.5200000000000005,0.27431367787815913,-0.03237448474579768,-0.26136388397984006,0.2,1.0,0.0,explicit_euler_first_order_system,Explicit Euler is transparent but can distort oscillatory systems if the step size is too large.
underdamped_unforced,6.54,0.27356164262965127,-0.03760176242539448,-0.25852093765949347,0.2,1.0,0.0,explicit_euler_first_order_system,Explicit Euler is transparent but can distort oscillatory systems if the step size is too large.
underdamped_unforced,6.5600000000000005,0.27270619900607956,-0.04277218117858435,-0.25559732653464584,0.2,1.0,0.0,explicit_euler_first_order_system,Explicit Euler is transparent but can distort oscillatory systems if the step size is too large.
underdamped_unforced,6.58,0.271748516451894,-0.04788412770927727,-0.2525948653681831,0.2,1.0,0.0,explicit_euler_first_order_system,Explicit Euler is transparent but can distort oscillatory systems if the step size is too large.
underdamped_unforced,6.6000000000000005,0.2706897959515612,-0.05293602501664093,-0.2495153859449048,0.2,1.0,0.0,explicit_euler_first_order_system,Explicit Euler is transparent but can distort oscillatory systems if the step size is too large.
underdamped_unforced,6.62,0.2695312692968504,-0.05792633273553902,-0.2463607362026348,0.2,1.0,0.0,explicit_euler_first_order_system,Explicit Euler is transparent but can distort oscillatory systems if the step size is too large.
underdamped_unforced,6.640000000000001,0.2682741983476586,-0.06285354745959172,-0.24313277936382188,0.2,1.0,0.0,explicit_euler_first_order_system,Explicit Euler is transparent but can distort oscillatory systems if the step size is too large.
underdamped_unforced,6.66,0.2669198742867212,-0.06771620304686816,-0.23983339306797394,0.2,1.0,0.0,explicit_euler_first_order_system,Explicit Euler is transparent but can distort oscillatory systems if the step size is too large.
underdamped_unforced,6.68,0.26546961686855663,-0.07251287090822764,-0.2364644685052656,0.2,1.0,0.0,explicit_euler_first_order_system,Explicit Euler is transparent but can distort oscillatory systems if the step size is too large.
underdamped_unforced,6.7,0.26392477366299,-0.07724216027833294,-0.2330279095516568,0.2,1.0,0.0,explicit_euler_first_order_system,Explicit Euler is transparent but can distort oscillatory systems if the step size is too large.
underdamped_unforced,6.72,0.2622867192936027,-0.08190271846936609,-0.22952563190585626,0.2,1.0,0.0,explicit_euler_first_order_system,Explicit Euler is transparent but can distort oscillatory systems if the step size is too large.
underdamped_unforced,6.74,0.260556854671453,-0.0864932311074832,-0.22595956222845973,0.2,1.0,0.0,explicit_euler_first_order_system,Explicit Euler is transparent but can distort oscillatory systems if the step size is too large.
underdamped_unforced,6.76,0.25873660622441197,-0.0910124223520524,-0.222331637283591,0.2,1.0,0.0,explicit_euler_first_order_system,Explicit Euler is transparent but can distort oscillatory systems if the step size is too large.
underdamped_unforced,6.78,0.2568274251224575,-0.09545905509772422,-0.21864380308336778,0.2,1.0,0.0,explicit_euler_first_order_system,Explicit Euler is transparent but can distort oscillatory systems if the step size is too large.
underdamped_unforced,6.8,0.25483078649926966,-0.09983193115939157,-0.21489801403551304,0.2,1.0,0.0,explicit_euler_first_order_system,Explicit Euler is transparent but can distort oscillatory systems if the step size is too large.
underdamped_unforced,6.82,0.2527481886704676,-0.10412989144010183,-0.21109623209442688,0.2,1.0,0.0,explicit_euler_first_order_system,Explicit Euler is transparent but can distort oscillatory systems if the step size is too large.
underdamped_unforced,6.84,0.25058115234882783,-0.10835181608199038,-0.20724042591603167,0.2,1.0,0.0,explicit_euler_first_order_system,Explicit Euler is transparent but can distort oscillatory systems if the step size is too large.
underdamped_unforced,6.86,0.2483312198568216,-0.11249662460031101,-0.2033325700166972,0.2,1.0,0.0,explicit_euler_first_order_system,Explicit Euler is transparent but can distort oscillatory systems if the step size is too large.
underdamped_unforced,6.88,0.2459999543368087,-0.11656327600064495,-0.19937464393655074,0.2,1.0,0.0,explicit_euler_first_order_system,Explicit Euler is transparent but can distort oscillatory systems if the step size is too large.
underdamped_unforced,6.9,0.24358893895922118,-0.12055076887937596,-0.1953686314074708,0.2,1.0,0.0,explicit_euler_first_order_system,Explicit Euler is transparent but can distort oscillatory systems if the step size is too large.
underdamped_unforced,6.92,0.24109977612907066,-0.12445814150752538,-0.1913165195260605,0.2,1.0,0.0,explicit_euler_first_order_system,Explicit Euler is transparent but can distort oscillatory systems if the step size is too large.
underdamped_unforced,6.94,0.23853408669110973,-0.1282844718980466,-0.1872202979318911,0.2,1.0,0.0,explicit_euler_first_order_system,Explicit Euler is transparent but can distort oscillatory systems if the step size is too large.
underdamped_unforced,6.96,0.23589350913397605,-0.1320288778566844,-0.18308195799130228,0.2,1.0,0.0,explicit_euler_first_order_system,Explicit Euler is transparent but can distort oscillatory systems if the step size is too large.
underdamped_unforced,6.98,0.23317969879364583,-0.13569051701651044,-0.17890349198704164,0.2,1.0,0.0,explicit_euler_first_order_system,Explicit Euler is transparent but can distort oscillatory systems if the step size is too large.
underdamped_unforced,7.0,0.2303943270565208,-0.13926858685625126,-0.1746868923140203,0.2,1.0,0.0,explicit_euler_first_order_system,Explicit Euler is transparent but can distort oscillatory systems if the step size is too large.
underdamped_unforced,7.0200000000000005,0.22753908056247016,-0.14276232470253167,-0.17043415068145748,0.2,1.0,0.0,explicit_euler_first_order_system,Explicit Euler is transparent but can distort oscillatory systems if the step size is too large.
underdamped_unforced,7.04,0.22461566040814696,-0.14617100771616082,-0.16614725732168262,0.2,1.0,0.0,explicit_euler_first_order_system,Explicit Euler is transparent but can distort oscillatory systems if the step size is too large.
underdamped_unforced,7.0600000000000005,0.22162578135089506,-0.14949395286259448,-0.16182820020585725,0.2,1.0,0.0,explicit_euler_first_order_system,Explicit Euler is transparent but can distort oscillatory systems if the step size is too large.
underdamped_unforced,7.08,0.21857117101356083,-0.15273051686671163,-0.1574789642668762,0.2,1.0,0.0,explicit_euler_first_order_system,Explicit Euler is transparent but can distort oscillatory systems if the step size is too large.
underdamped_unforced,7.1000000000000005,0.21545356909051985,-0.15588009615204915,-0.1531015306297002,0.2,1.0,0.0,explicit_euler_first_order_system,Explicit Euler is transparent but can distort oscillatory systems if the step size is too large.
underdamped_unforced,7.12,0.212274726555227,-0.15894212676464314,-0.14869787584936972,0.2,1.0,0.0,explicit_euler_first_order_system,Explicit Euler is transparent but can distort oscillatory systems if the step size is too large.
underdamped_unforced,7.140000000000001,0.20903640486959438,-0.16191608428163054,-0.14426997115694218,0.2,1.0,0.0,explicit_euler_first_order_system,Explicit Euler is transparent but can distort oscillatory systems if the step size is too large.
underdamped_unforced,7.16,0.20574037519549898,-0.16480148370476938,-0.13981978171359122,0.2,1.0,0.0,explicit_euler_first_order_system,Explicit Euler is transparent but can distort oscillatory systems if the step size is too large.
underdamped_unforced,7.18,0.20238841760871815,-0.16759787933904122,-0.13534926587310164,0.2,1.0,0.0,explicit_euler_first_order_system,Explicit Euler is transparent but can distort oscillatory systems if the step size is too large.
underdamped_unforced,7.2,0.19898232031558807,-0.17030486465650324,-0.13086037445298676,0.2,1.0,0.0,explicit_euler_first_order_system,Explicit Euler is transparent but can distort oscillatory systems if the step size is too large.
underdamped_unforced,7.22,0.1955238788726768,-0.172922072145563,-0.1263550500144516,0.2,1.0,0.0,explicit_euler_first_order_system,Explicit Euler is transparent but can distort oscillatory systems if the step size is too large.
underdamped_unforced,7.24,0.19201489540975977,-0.175449173145852,-0.12183522615141897,0.2,1.0,0.0,explicit_euler_first_order_system,Explicit Euler is transparent but can distort oscillatory systems if the step size is too large.
underdamped_unforced,7.26,0.18845717785638216,-0.1778858776688804,-0.11730282678883,0.2,1.0,0.0,explicit_euler_first_order_system,Explicit Euler is transparent but can distort oscillatory systems if the step size is too large.
underdamped_unforced,7.28,0.18485253917228903,-0.180231934204657,-0.11275976549042623,0.2,1.0,0.0,explicit_euler_first_order_system,Explicit Euler is transparent but can distort oscillatory systems if the step size is too large.
underdamped_unforced,7.3,0.18120279658199973,-0.18248712951446552,-0.10820794477621351,0.2,1.0,0.0,explicit_euler_first_order_system,Explicit Euler is transparent but can distort oscillatory systems if the step size is too large.
underdamped_unforced,7.32,0.17750977081379993,-0.1846512884099898,-0.10364925544980401,0.2,1.0,0.0,explicit_euler_first_order_system,Explicit Euler is transparent but can distort oscillatory systems if the step size is too large.
underdamped_unforced,7.34,0.1737752853434202,-0.18672427351898588,-0.09908557593582586,0.2,1.0,0.0,explicit_euler_first_order_system,Explicit Euler is transparent but can distort oscillatory systems if the step size is too large.
underdamped_unforced,7.36,0.17000116564266615,-0.1887059850377024,-0.0945187716275852,0.2,1.0,0.0,explicit_euler_first_order_system,Explicit Euler is transparent but can distort oscillatory systems if the step size is too large.
underdamped_unforced,7.38,0.16618923843326108,-0.1905963604702541,-0.08995069424515943,0.2,1.0,0.0,explicit_euler_first_order_system,Explicit Euler is transparent but can distort oscillatory systems if the step size is too large.
underdamped_unforced,7.4,0.16234133094615794,-0.1923953743551573,-0.08538318120409501,0.2,1.0,0.0,explicit_euler_first_order_system,Explicit Euler is transparent but can distort oscillatory systems if the step size is too large.
underdamped_unforced,7.42,0.15845927018657316,-0.1941030379792392,-0.08081805499487747,0.2,1.0,0.0,explicit_euler_first_order_system,Explicit Euler is transparent but can distort oscillatory systems if the step size is too large.
underdamped_unforced,7.44,0.15454488220499044,-0.19571939907913674,-0.07625712257333574,0.2,1.0,0.0,explicit_euler_first_order_system,Explicit Euler is transparent but can distort oscillatory systems if the step size is too large.
underdamped_unforced,7.46,0.15059999137437838,-0.19724454153060345,-0.071702174762137,0.2,1.0,0.0,explicit_euler_first_order_system,Explicit Euler is transparent but can distort oscillatory systems if the step size is too large.
underdamped_unforced,7.48,0.14662641967386145,-0.19867858502584618,-0.06715498566352297,0.2,1.0,0.0,explicit_euler_first_order_system,Explicit Euler is transparent but can distort oscillatory systems if the step size is too large.
underdamped_unforced,7.5,0.1426259859790791,-0.20002168473911663,-0.06261731208343245,0.2,1.0,0.0,explicit_euler_first_order_system,Explicit Euler is transparent but can distort oscillatory systems if the step size is too large.
underdamped_unforced,7.5200000000000005,0.1386005053594634,-0.20127403098078528,-0.05809089296714927,0.2,1.0,0.0,explicit_euler_first_order_system,Explicit Euler is transparent but can distort oscillatory systems if the step size is too large.
underdamped_unforced,7.54,0.13455178838266083,-0.20243584884012827,-0.053577448846609504,0.2,1.0,0.0,explicit_euler_first_order_system,Explicit Euler is transparent but can distort oscillatory systems if the step size is too large.
underdamped_unforced,7.5600000000000005,0.13048164042631963,-0.20350739781706045,-0.04907868129949544,0.2,1.0,0.0,explicit_euler_first_order_system,Explicit Euler is transparent but can distort oscillatory systems if the step size is too large.
underdamped_unforced,7.58,0.1263918609974586,-0.20448897144305037,-0.04459627242023846,0.2,1.0,0.0,explicit_euler_first_order_system,Explicit Euler is transparent but can distort oscillatory systems if the step size is too large.
underdamped_unforced,7.6000000000000005,0.12228424305962951,-0.20538089689145514,-0.040131884303047455,0.2,1.0,0.0,explicit_euler_first_order_system,Explicit Euler is transparent but can distort oscillatory systems if the step size is too large.
underdamped_unforced,7.62,0.11816057236807918,-0.2061835345775161,-0.035687158537072744,0.2,1.0,0.0,explicit_euler_first_order_system,Explicit Euler is transparent but can distort oscillatory systems if the step size is too large.
underdamped_unforced,7.640000000000001,0.11402262681311404,-0.20689727774825756,-0.03126371571381101,0.2,1.0,0.0,explicit_euler_first_order_system,Explicit Euler is transparent but can distort oscillatory systems if the step size is too large.
underdamped_unforced,7.66,0.10987217577186337,-0.20752255206253378,-0.02686315494684985,0.2,1.0,0.0,explicit_euler_first_order_system,Explicit Euler is transparent but can distort oscillatory systems if the step size is too large.
underdamped_unforced,7.68,0.10571097946863395,-0.2080598151614708,-0.022487053404045623,0.2,1.0,0.0,explicit_euler_first_order_system,Explicit Euler is transparent but can distort oscillatory systems if the step size is too large.
underdamped_unforced,7.7,0.10154078834404291,-0.2085095562295517,-0.018136965852222228,0.2,1.0,0.0,explicit_euler_first_order_system,Explicit Euler is transparent but can distort oscillatory systems if the step size is too large.
underdamped_unforced,7.72,0.09736334243311098,-0.20887229554659614,-0.013814424214472515,0.2,1.0,0.0,explicit_euler_first_order_system,Explicit Euler is transparent but can distort oscillatory systems if the step size is too large.
underdamped_unforced,7.74,0.09318037075249327,-0.2091485840308856,-0.009520937140139032,0.2,1.0,0.0,explicit_euler_first_order_system,Explicit Euler is transparent but can distort oscillatory systems if the step size is too large.
underdamped_unforced,7.76,0.08899359069701951,-0.2093390027736884,-0.005257989587544143,0.2,1.0,0.0,explicit_euler_first_order_system,Explicit Euler is transparent but can distort oscillatory systems if the step size is too large.
underdamped_unforced,7.78,0.08480470744571073,-0.20944416256543927,-0.0010270424195350097,0.2,1.0,0.0,explicit_euler_first_order_system,Explicit Euler is transparent but can distort oscillatory systems if the step size is too large.
underdamped_unforced,7.8,0.08061541337743412,-0.20946470341382997,0.0031704679880978776,0.2,1.0,0.0,explicit_euler_first_order_system,Explicit Euler is transparent but can distort oscillatory systems if the step size is too large.
underdamped_unforced,7.82,0.07642738749635276,-0.20940129405406802,0.007333130125274451,0.2,1.0,0.0,explicit_euler_first_order_system,Explicit Euler is transparent but can distort oscillatory systems if the step size is too large.
underdamped_unforced,7.84,0.07224229486732152,-0.20925463145156253,0.011459557713303495,0.2,1.0,0.0,explicit_euler_first_order_system,Explicit Euler is transparent but can distort oscillatory systems if the step size is too large.
underdamped_unforced,7.86,0.06806178606137558,-0.20902544029729647,0.015548390057543007,0.2,1.0,-0.0,explicit_euler_first_order_system,Explicit Euler is transparent but can distort oscillatory systems if the step size is too large.
underdamped_unforced,7.88,0.06388749661145267,-0.2087144724961456,0.019598292387005584,0.2,1.0,-0.0,explicit_euler_first_order_system,Explicit Euler is transparent but can distort oscillatory systems if the step size is too large.
underdamped_unforced,7.9,0.05972104647848456,-0.2083225066484055,0.023607956180877646,0.2,1.0,-0.0,explicit_euler_first_order_system,Explicit Euler is transparent but can distort oscillatory systems if the step size is too large.
underdamped_unforced,7.92,0.0555640395279888,-0.20785034752478793,0.02757609948192638,0.2,1.0,-0.0,explicit_euler_first_order_system,Explicit Euler is transparent but can distort oscillatory systems if the step size is too large.
underdamped_unforced,7.94,0.05141806301728581,-0.2072988255351494,0.03150146719677395,0.2,1.0,-0.0,explicit_euler_first_order_system,Explicit Euler is transparent but can distort oscillatory systems if the step size is too large.
underdamped_unforced,7.96,0.047284687093461536,-0.20666879619121392,0.03538283138302403,0.2,1.0,-0.0,explicit_euler_first_order_system,Explicit Euler is transparent but can distort oscillatory systems if the step size is too large.
underdamped_unforced,7.98,0.04316546430219047,-0.20596113956355344,0.03921899152323091,0.2,1.0,-0.0,explicit_euler_first_order_system,Explicit Euler is transparent but can distort oscillatory systems if the step size is too large.
underdamped_unforced,8.0,0.03906192910752869,-0.20517675973308883,0.043008774785706846,0.2,1.0,-0.0,explicit_euler_first_order_system,Explicit Euler is transparent but can distort oscillatory systems if the step size is too large.
underdamped_unforced,8.02,0.034975597422781196,-0.2043165842373747,0.046751036272168686,0.2,1.0,-0.0,explicit_euler_first_order_system,Explicit Euler is transparent but can distort oscillatory systems if the step size is too large.
underdamped_unforced,8.040000000000001,0.03090796615254257,-0.20338156351193132,0.05044465925222996,0.2,1.0,-0.0,explicit_euler_first_order_system,Explicit Euler is transparent but can distort oscillatory systems if the step size is too large.
underdamped_unforced,8.06,0.026860512746004837,-0.20237267032688672,0.05408855538474986,0.2,1.0,-0.0,explicit_euler_first_order_system,Explicit Euler is transparent but can distort oscillatory systems if the step size is too large.
underdamped_unforced,8.08,0.022834694761621005,-0.20129089921919172,0.057681664926055684,0.2,1.0,-0.0,explicit_euler_first_order_system,Explicit Euler is transparent but can distort oscillatory systems if the step size is too large.
underdamped_unforced,8.1,0.018831949443207593,-0.2001372659206706,0.06122295692506065,0.2,1.0,-0.0,explicit_euler_first_order_system,Explicit Euler is transparent but can distort oscillatory systems if the step size is too large.
underdamped_unforced,8.120000000000001,0.014853693307564204,-0.19891280678216938,0.06471142940530356,0.2,1.0,-0.0,explicit_euler_first_order_system,Explicit Euler is transparent but can distort oscillatory systems if the step size is too large.
underdamped_unforced,8.14,0.010901321743682938,-0.1976185781940633,0.06814610953394239,0.2,1.0,-0.0,explicit_euler_first_order_system,Explicit Euler is transparent but can distort oscillatory systems if the step size is too large.
underdamped_unforced,8.16,0.006976208623615249,-0.19625565600338446,0.07152605377773853,0.2,1.0,-0.0,explicit_euler_first_order_system,Explicit Euler is transparent but can distort oscillatory systems if the step size is too large.
underdamped_unforced,8.18,0.0030797059250586554,-0.19482513492782969,0.07485034804607323,0.2,1.0,-0.0,explicit_euler_first_order_system,Explicit Euler is transparent but can distort oscillatory systems if the step size is too large.
underdamped_unforced,8.2,-0.000786856634279509,-0.1933281279669082,0.0781181078210428,0.2,1.0,-0.0,explicit_euler_first_order_system,Explicit Euler is transparent but can distort oscillatory systems if the step size is too large.
underdamped_unforced,8.22,-0.004622171950489256,-0.19176576581048735,0.0813284782746842,0.2,1.0,-0.0,explicit_euler_first_order_system,Explicit Euler is transparent but can distort oscillatory systems if the step size is too large.
underdamped_unforced,8.24,-0.00842495587538913,-0.19013919624499367,0.08448063437338661,0.2,1.0,-0.0,explicit_euler_first_order_system,Explicit Euler is transparent but can distort oscillatory systems if the step size is too large.
underdamped_unforced,8.26,-0.01219394754653965,-0.18844958355752595,0.08757378096955004,0.2,1.0,-0.0,explicit_euler_first_order_system,Explicit Euler is transparent but can distort oscillatory systems if the step size is too large.
underdamped_unforced,8.28,-0.01592790970530235,-0.18669810793813493,0.09060715288055632,0.2,1.0,-0.0,explicit_euler_first_order_system,Explicit Euler is transparent but can distort oscillatory systems if the step size is too large.
underdamped_unforced,8.3,-0.019625629002912825,-0.1848859648805238,0.09358001495512236,0.2,1.0,-0.0,explicit_euler_first_order_system,Explicit Euler is transparent but can distort oscillatory systems if the step size is too large.
underdamped_unforced,8.32,-0.023285916294541253,-0.18301436458142137,0.0964916621271098,0.2,1.0,-0.0,explicit_euler_first_order_system,Explicit Euler is transparent but can distort oscillatory systems if the step size is too large.
underdamped_unforced,8.34,-0.026907606921318834,-0.18108453133887917,0.0993414194568705,0.2,1.0,-0.0,explicit_euler_first_order_system,Explicit Euler is transparent but can distort oscillatory systems if the step size is too large.
underdamped_unforced,8.36,-0.03048956098031367,-0.17909770294974175,0.10212864216021036,0.2,1.0,-0.0,explicit_euler_first_order_system,Explicit Euler is transparent but can distort oscillatory systems if the step size is too large.
underdamped_unforced,8.38,-0.03403066358244442,-0.17705513010653756,0.10485271562505946,0.2,1.0,-0.0,explicit_euler_first_order_system,Explicit Euler is transparent but can distort oscillatory systems if the step size is too large.
underdamped_unforced,8.4,-0.03752982509832515,-0.17495807579403638,0.1075130554159397,0.2,1.0,-0.0,explicit_euler_first_order_system,Explicit Euler is transparent but can distort oscillatory systems if the step size is too large.
underdamped_unforced,8.42,-0.0409859813920395,-0.1728078146857176,0.11010910726632654,0.2,1.0,-0.0,explicit_euler_first_order_system,Explicit Euler is transparent but can distort oscillatory systems if the step size is too large.
underdamped_unforced,8.44,-0.04439809404284732,-0.17060563254039107,0.11264034705900375,0.2,1.0,-0.0,explicit_euler_first_order_system,Explicit Euler is transparent but can distort oscillatory systems if the step size is too large.
underdamped_unforced,8.46,-0.04776515055483154,-0.168352825599211,0.11510628079451593,0.2,1.0,-0.0,explicit_euler_first_order_system,Explicit Euler is transparent but can distort oscillatory systems if the step size is too large.
underdamped_unforced,8.48,-0.05108616455449795,-0.16605069998332067,0.11750644454782622,0.2,1.0,-0.0,explicit_euler_first_order_system,Explicit Euler is transparent but can distort oscillatory systems if the step size is too large.
underdamped_unforced,8.5,-0.05436017597634523,-0.16370057109236413,0.11984040441329089,0.2,1.0,-0.0,explicit_euler_first_order_system,Explicit Euler is transparent but can distort oscillatory systems if the step size is too large.
underdamped_unforced,8.52,-0.057586251236427195,-0.16130376300409832,0.12210775643806654,0.2,1.0,-0.0,explicit_euler_first_order_system,Explicit Euler is transparent but can distort oscillatory systems if the step size is too large.
underdamped_unforced,8.540000000000001,-0.060763483393933934,-0.15886160787533699,0.12430812654406873,0.2,1.0,-0.0,explicit_euler_first_order_system,Explicit Euler is transparent but can distort oscillatory systems if the step size is too large.
underdamped_unforced,8.56,-0.06389099230082304,-0.1563754453444556,0.12644117043860528,0.2,1.0,-0.0,explicit_euler_first_order_system,Explicit Euler is transparent but can distort oscillatory systems if the step size is too large.
underdamped_unforced,8.58,-0.06696792473953671,-0.1538466219356835,0.12850657351381012,0.2,1.0,-0.0,explicit_euler_first_order_system,Explicit Euler is transparent but can distort oscillatory systems if the step size is too large.
underdamped_unforced,8.6,-0.06999345454884486,-0.15127649046540728,0.13050405073500776,0.2,1.0,-0.0,explicit_euler_first_order_system,Explicit Euler is transparent but can distort oscillatory systems if the step size is too large.
underdamped_unforced,8.620000000000001,-0.072966782737859,-0.14866640945070714,0.13243334651814187,0.2,1.0,-0.0,explicit_euler_first_order_system,Explicit Euler is transparent but can distort oscillatory systems if the step size is too large.
underdamped_unforced,8.64,-0.07588713758826589,-0.1460177425203443,0.1342942345964036,0.2,1.0,-0.0,explicit_euler_first_order_system,Explicit Euler is transparent but can distort oscillatory systems if the step size is too large.
underdamped_unforced,8.66,-0.0787537747448342,-0.14333185782841623,0.13608651787620069,0.2,1.0,-0.0,explicit_euler_first_order_system,Explicit Euler is transparent but can distort oscillatory systems if the step size is too large.
underdamped_unforced,8.68,-0.08156597729425205,-0.14061012747089222,0.13781002828260894,0.2,1.0,-0.0,explicit_euler_first_order_system,Explicit Euler is transparent but can distort oscillatory systems if the step size is too large.
underdamped_unforced,8.700000000000001,-0.08432305583235686,-0.13785392690524004,0.13946462659445288,0.2,1.0,-0.0,explicit_euler_first_order_system,Explicit Euler is transparent but can distort oscillatory systems if the step size is too large.
underdamped_unforced,8.72,-0.08702434851982388,-0.13506463437335098,0.14105020226916426,0.2,1.0,-0.0,explicit_euler_first_order_system,Explicit Euler is transparent but can distort oscillatory systems if the step size is too large.
underdamped_unforced,8.74,-0.08966922112638323,-0.13224363032796768,0.1425666732575703,0.2,1.0,-0.0,explicit_euler_first_order_system,Explicit Euler is transparent but can distort oscillatory systems if the step size is too large.
underdamped_unforced,8.76,-0.09225706706363955,-0.12939229686281628,0.14401398580876607,0.2,1.0,-0.0,explicit_euler_first_order_system,Explicit Euler is transparent but can distort oscillatory systems if the step size is too large.
underdamped_unforced,8.78,-0.09478730740657237,-0.12651201714664095,0.14539211426522874,0.2,1.0,-0.0,explicit_euler_first_order_system,Explicit Euler is transparent but can distort oscillatory systems if the step size is too large.
underdamped_unforced,8.8,-0.0972593909037991,-0.12360417486133637,0.14670106084833368,0.2,1.0,-0.0,explicit_euler_first_order_system,Explicit Euler is transparent but can distort oscillatory systems if the step size is too large.
underdamped_unforced,8.82,-0.0996727939766865,-0.1206701536443697,0.1479408554344344,0.2,1.0,-0.0,explicit_euler_first_order_system,Explicit Euler is transparent but can distort oscillatory systems if the step size is too large.
underdamped_unforced,8.84,-0.10202702070740012,-0.11771133653568101,0.14911155532167253,0.2,1.0,-0.0,explicit_euler_first_order_system,Explicit Euler is transparent but can distort oscillatory systems if the step size is too large.
underdamped_unforced,8.86,-0.10432160281598507,-0.11472910542924757,0.1502132449876841,0.2,1.0,-0.0,explicit_euler_first_order_system,Explicit Euler is transparent but can distort oscillatory systems if the step size is too large.
underdamped_unforced,8.88,-0.10655609962657495,-0.11172484052949389,0.1512460358383725,0.2,1.0,-0.0,explicit_euler_first_order_system,Explicit Euler is transparent but can distort oscillatory systems if the step size is too large.
underdamped_unforced,8.9,-0.10873009802282947,-0.10869991981272643,0.15221006594792005,0.2,1.0,-0.0,explicit_euler_first_order_system,Explicit Euler is transparent but can distort oscillatory systems if the step size is too large.
underdamped_unforced,8.92,-0.11084321239270484,-0.10565571849376804,0.15310549979021204,0.2,1.0,-0.0,explicit_euler_first_order_system,Explicit Euler is transparent but can distort oscillatory systems if the step size is too large.
underdamped_unforced,8.94,-0.11289508456266412,-0.1025936084979638,0.15393252796184964,0.2,1.0,-0.0,explicit_euler_first_order_system,Explicit Euler is transparent but can distort oscillatory systems if the step size is too large.
underdamped_unforced,8.96,-0.11488538372143865,-0.0995149579387268,0.15469136689692936,0.2,1.0,-0.0,explicit_euler_first_order_system,Explicit Euler is transparent but can distort oscillatory systems if the step size is too large.
underdamped_unforced,8.98,-0.11681380633345442,-0.09642113060078822,0.15538225857376972,0.2,1.0,-0.0,explicit_euler_first_order_system,Explicit Euler is transparent but can distort oscillatory systems if the step size is too large.
underdamped_unforced,9.0,-0.11868007604204069,-0.09331348542931282,0.15600547021376582,0.2,1.0,-0.0,explicit_euler_first_order_system,Explicit Euler is transparent but can distort oscillatory systems if the step size is too large.
underdamped_unforced,9.02,-0.12048394356254144,-0.0901933760250375,0.15656129397255644,0.2,1.0,-0.0,explicit_euler_first_order_system,Explicit Euler is transparent but can distort oscillatory systems if the step size is too large.
underdamped_unforced,9.040000000000001,-0.12222518656545317,-0.08706215014558638,0.1570500466236877,0.2,1.0,-0.0,explicit_euler_first_order_system,Explicit Euler is transparent but can distort oscillatory systems if the step size is too large.
underdamped_unforced,9.06,-0.12390360954971542,-0.08392114921311263,0.1574720692349605,0.2,1.0,-0.0,explicit_euler_first_order_system,Explicit Euler is transparent but can distort oscillatory systems if the step size is too large.
underdamped_unforced,9.08,-0.1255190437062837,-0.08077170782841342,0.15782772683764906,0.2,1.0,-0.0,explicit_euler_first_order_system,Explicit Euler is transparent but can distort oscillatory systems if the step size is too large.
underdamped_unforced,9.1,-0.1270713467721169,-0.07761515329166044,0.15811740808878108,0.2,1.0,-0.0,explicit_euler_first_order_system,Explicit Euler is transparent but can distort oscillatory systems if the step size is too large.
underdamped_unforced,9.120000000000001,-0.1285604028747146,-0.07445280512988482,0.15834152492666853,0.2,1.0,-0.0,explicit_euler_first_order_system,Explicit Euler is transparent but can distort oscillatory systems if the step size is too large.
underdamped_unforced,9.14,-0.12998612236734164,-0.07128597463135145,0.1585005122198822,0.2,1.0,-0.0,explicit_euler_first_order_system,Explicit Euler is transparent but can distort oscillatory systems if the step size is too large.
underdamped_unforced,9.16,-0.13134844165508072,-0.0681159643869538,0.15859482740986225,0.2,1.0,-0.0,explicit_euler_first_order_system,Explicit Euler is transparent but can distort oscillatory systems if the step size is too large.
underdamped_unforced,9.18,-0.13264732301185586,-0.06494406783875656,0.1586249501473585,0.2,1.0,-0.0,explicit_euler_first_order_system,Explicit Euler is transparent but can distort oscillatory systems if the step size is too large.
underdamped_unforced,9.200000000000001,-0.13388275438857206,-0.061771568835809386,0.15859138192289582,0.2,1.0,-0.0,explicit_euler_first_order_system,Explicit Euler is transparent but can distort oscillatory systems if the step size is too large.
underdamped_unforced,9.22,-0.1350547492125191,-0.05859974119735147,0.15849464569145968,0.2,1.0,-0.0,explicit_euler_first_order_system,Explicit Euler is transparent but can distort oscillatory systems if the step size is too large.
underdamped_unforced,9.24,-0.13616334617818954,-0.05542984828352228,0.15833528549159845,0.2,1.0,-0.0,explicit_euler_first_order_system,Explicit Euler is transparent but can distort oscillatory systems if the step size is too large.
underdamped_unforced,9.26,-0.13720860902966334,-0.05226314257369031,0.15811386605913946,0.2,1.0,-0.0,explicit_euler_first_order_system,Explicit Euler is transparent but can distort oscillatory systems if the step size is too large.
underdamped_unforced,9.28,-0.1381906263347135,-0.04910086525250752,0.1578309724357165,0.2,1.0,-0.0,explicit_euler_first_order_system,Explicit Euler is transparent but can distort oscillatory systems if the step size is too large.
underdamped_unforced,9.3,-0.13910951125078935,-0.04594424580379319,0.15748720957230664,0.2,1.0,-0.0,explicit_euler_first_order_system,Explicit Euler is transparent but can distort oscillatory systems if the step size is too large.
underdamped_unforced,9.32,-0.1399654012830363,-0.04279450161234706,0.15708320192797512,0.2,1.0,-0.0,explicit_euler_first_order_system,Explicit Euler is transparent but can distort oscillatory systems if the step size is too large.
underdamped_unforced,9.34,-0.14075845803451206,-0.039652837573787555,0.1566195930640271,0.2,1.0,-0.0,explicit_euler_first_order_system,Explicit Euler is transparent but can distort oscillatory systems if the step size is too large.
underdamped_unforced,9.36,-0.1414888669487622,-0.03652044571250701,0.156097045233765,0.2,1.0,-0.0,explicit_euler_first_order_system,Explicit Euler is transparent but can distort oscillatory systems if the step size is too large.
underdamped_unforced,9.38,-0.14215683704491883,-0.033398504807831714,0.1555162389680515,0.2,1.0,-0.0,explicit_euler_first_order_system,Explicit Euler is transparent but can distort oscillatory systems if the step size is too large.
underdamped_unforced,9.4,-0.14276260064548824,-0.030288180028470682,0.1548778726568765,0.2,1.0,-0.0,explicit_euler_first_order_system,Explicit Euler is transparent but can distort oscillatory systems if the step size is too large.
underdamped_unforced,9.42,-0.1433064130969949,-0.027190622575333154,0.15418266212712817,0.2,1.0,-0.0,explicit_euler_first_order_system,Explicit Euler is transparent but can distort oscillatory systems if the step size is too large.
underdamped_unforced,9.44,-0.14378855248365072,-0.02410696933279059,0.15343134021676696,0.2,1.0,-0.0,explicit_euler_first_order_system,Explicit Euler is transparent but can distort oscillatory systems if the step size is too large.
underdamped_unforced,9.46,-0.14420931933421982,-0.02103834252845525,0.15262465634560193,0.2,1.0,-0.0,explicit_euler_first_order_system,Explicit Euler is transparent but can distort oscillatory systems if the step size is too large.
underdamped_unforced,9.48,-0.14456903632225068,-0.01798584940154321,0.15176337608286797,0.2,1.0,-0.0,explicit_euler_first_order_system,Explicit Euler is transparent but can distort oscillatory systems if the step size is too large.
underdamped_unforced,9.5,-0.1448680479598484,-0.014950581879885851,0.15084828071180273,0.2,1.0,-0.0,explicit_euler_first_order_system,Explicit Euler is transparent but can distort oscillatory systems if the step size is too large.
underdamped_unforced,9.52,-0.1451067202851614,-0.011933616265649797,0.1498801667914213,0.2,1.0,-0.0,explicit_euler_first_order_system,Explicit Euler is transparent but can distort oscillatory systems if the step size is too large.
underdamped_unforced,9.540000000000001,-0.1452854405437578,-0.008936012929821371,0.14885984571568636,0.2,1.0,-0.0,explicit_euler_first_order_system,Explicit Euler is transparent but can distort oscillatory systems if the step size is too large.
underdamped_unforced,9.56,-0.14540461686406797,-0.005958816015507644,0.14778814327027104,0.2,1.0,-0.0,explicit_euler_first_order_system,Explicit Euler is transparent but can distort oscillatory systems if the step size is too large.
underdamped_unforced,9.58,-0.14546467792707002,-0.0030030531501022235,0.1466658991871109,0.2,1.0,-0.0,explicit_euler_first_order_system,Explicit Euler is transparent but can distort oscillatory systems if the step size is too large.
underdamped_unforced,9.6,-0.1454660726303972,-6.973516636000565e-05,0.1454939666969412,0.2,1.0,-0.0,explicit_euler_first_order_system,Explicit Euler is transparent but can distort oscillatory systems if the step size is too large.
underdamped_unforced,9.620000000000001,-0.14540926974704563,0.0028401441675788186,0.1442732120800141,0.2,1.0,-0.0,explicit_euler_first_order_system,Explicit Euler is transparent but can distort oscillatory systems if the step size is too large.
underdamped_unforced,9.64,-0.14529475757886204,0.0057256084091791,0.1430045142151904,0.2,1.0,-0.0,explicit_euler_first_order_system,Explicit Euler is transparent but can distort oscillatory systems if the step size is too large.
underdamped_unforced,9.66,-0.14512304360499237,0.00858569869348291,0.1416887641275992,0.2,1.0,-0.0,explicit_euler_first_order_system,Explicit Euler is transparent but can distort oscillatory systems if the step size is too large.
underdamped_unforced,9.68,-0.14489465412547167,0.011419473976034893,0.14032686453505772,0.2,1.0,-0.0,explicit_euler_first_order_system,Explicit Euler is transparent but can distort oscillatory systems if the step size is too large.
underdamped_unforced,9.700000000000001,-0.14461013390013694,0.014226011266736047,0.13891972939344252,0.2,1.0,-0.0,explicit_euler_first_order_system,Explicit Euler is transparent but can distort oscillatory systems if the step size is too large.
underdamped_unforced,9.72,-0.14427004578304484,0.017004405854604897,0.13746828344120288,0.2,1.0,-0.0,explicit_euler_first_order_system,Explicit Euler is transparent but can distort oscillatory systems if the step size is too large.
underdamped_unforced,9.74,-0.14387497035257626,0.019753771523428956,0.13597346174320468,0.2,1.0,-0.0,explicit_euler_first_order_system,Explicit Euler is transparent but can distort oscillatory systems if the step size is too large.
underdamped_unforced,9.76,-0.1434255055374104,0.022473240758293052,0.1344362092340932,0.2,1.0,-0.0,explicit_euler_first_order_system,Explicit Euler is transparent but can distort oscillatory systems if the step size is too large.
underdamped_unforced,9.78,-0.1429222662385509,0.025161964942974915,0.13285748026136093,0.2,1.0,-0.0,explicit_euler_first_order_system,Explicit Euler is transparent but can distort oscillatory systems if the step size is too large.
underdamped_unforced,9.8,-0.14236588394758684,0.027819114548202135,0.13123823812830598,0.2,1.0,-0.0,explicit_euler_first_order_system,Explicit Euler is transparent but can distort oscillatory systems if the step size is too large.
underdamped_unforced,9.82,-0.14175700636137148,0.030443879310768255,0.12957945463706416,0.2,1.0,-0.0,explicit_euler_first_order_system,Explicit Euler is transparent but can distort oscillatory systems if the step size is too large.
underdamped_unforced,9.84,-0.14109629699330128,0.03303546840350954,0.12788210963189747,0.2,1.0,-0.0,explicit_euler_first_order_system,Explicit Euler is transparent but can distort oscillatory systems if the step size is too large.
underdamped_unforced,9.86,-0.14038443478137833,0.03559311059614749,0.12614719054291934,0.2,1.0,-0.0,explicit_euler_first_order_system,Explicit Euler is transparent but can distort oscillatory systems if the step size is too large.
underdamped_unforced,9.88,-0.1396221136932382,0.03811605440700588,0.12437569193043585,0.2,1.0,-0.0,explicit_euler_first_order_system,Explicit Euler is transparent but can distort oscillatory systems if the step size is too large.
underdamped_unforced,9.9,-0.13881004232832592,0.04060356824561459,0.12256861503008008,0.2,1.0,-0.0,explicit_euler_first_order_system,Explicit Euler is transparent but can distort oscillatory systems if the step size is too large.
underdamped_unforced,9.92,-0.13794894351740158,0.04305494054621619,0.1207269672989151,0.2,1.0,-0.0,explicit_euler_first_order_system,Explicit Euler is transparent but can distort oscillatory systems if the step size is too large.
underdamped_unforced,9.94,-0.1370395539195577,0.04546947989219449,0.1188517619626799,0.2,1.0,-0.0,explicit_euler_first_order_system,Explicit Euler is transparent but can distort oscillatory systems if the step size is too large.
underdamped_unforced,9.96,-0.13608262361692872,0.04784651513144809,0.11694401756434948,0.2,1.0,-0.0,explicit_euler_first_order_system,Explicit Euler is transparent but can distort oscillatory systems if the step size is too large.
underdamped_unforced,9.98,-0.135078915707274,0.050185395482735075,0.11500475751417998,0.2,1.0,-0.0,explicit_euler_first_order_system,Explicit Euler is transparent but can distort oscillatory systems if the step size is too large.
underdamped_unforced,10.0,-0.13402920589461365,0.052485490633018675,0.11303500964140617,0.2,1.0,-0.0,explicit_euler_first_order_system,Explicit Euler is transparent but can distort oscillatory systems if the step size is too large.
forced_near_resonance,0.0,1.0,0.0,-0.8,0.1,1.0,0.2,explicit_euler_first_order_system,Explicit Euler is transparent but can distort oscillatory systems if the step size is too large.
forced_near_resonance,0.02,0.99968,-0.016,-0.7965199986666844,0.1,1.0,0.19996000133331557,explicit_euler_first_order_system,Explicit Euler is transparent but can distort oscillatory systems if the step size is too large.
forced_near_resonance,0.04,0.9990413920005333,-0.03193039997333369,-0.792815290673671,0.1,1.0,0.19984002133219558,explicit_euler_first_order_system,Explicit Euler is transparent but can distort oscillatory systems if the step size is too large.
forced_near_resonance,0.06,0.9980856578847972,-0.047786705786807104,-0.7888882087403949,0.1,1.0,0.19964010798704085,explicit_euler_first_order_system,Explicit Euler is transparent but can distort oscillatory systems if the step size is too large.
forced_near_resonance,0.08,0.9968143684855649,-0.063564469961615,-0.784741133232718,0.1,1.0,0.1993603412605239,explicit_euler_first_order_system,Explicit Euler is transparent but can distort oscillatory systems if the step size is too large.
forced_near_resonance,0.1,0.9952291826330395,-0.07925929262626935,-0.7803764910521804,0.1,1.0,0.19900083305560518,explicit_euler_first_order_system,Explicit Euler is transparent but can distort oscillatory systems if the step size is too large.
forced_near_resonance,0.12,0.9933318461840932,-0.09486682244731295,-0.7757967545238573,0.1,1.0,0.19856172717077325,explicit_euler_first_order_system,Explicit Euler is transparent but can distort oscillatory systems if the step size is too large.
forced_near_resonance,0.14,0.9911241910333374,-0.1103827575377901,-0.7710044402832519,0.1,1.0,0.19804319924252745,explicit_euler_first_order_system,Explicit Euler is transparent but can distort oscillatory systems if the step size is too large.
forced_near_resonance,0.16,0.9886081341064683,-0.12580284634345515,-0.7660021081626519,0.1,1.0,0.1974454566751254,explicit_euler_first_order_system,Explicit Euler is transparent but can distort oscillatory systems if the step size is too large.
forced_near_resonance,0.18,0.9857856763363342,-0.14112288850670818,-0.7607923600773683,0.1,1.0,0.1967687385576243,explicit_euler_first_order_system,Explicit Euler is transparent but can distort oscillatory systems if the step size is too large.
forced_near_resonance,0.2,0.9826589016221691,-0.15633873570825554,-0.7553778389122696,0.1,1.0,0.19601331556824833,explicit_euler_first_order_system,Explicit Euler is transparent but can distort oscillatory systems if the step size is too large.
forced_near_resonance,0.22,0.9792299757724391,-0.17144629248650095,-0.7497612274090177,0.1,1.0,0.1951794898661211,explicit_euler_first_order_system,Explicit Euler is transparent but can distort oscillatory systems if the step size is too large.
forced_near_resonance,0.24,0.9755011454317455,-0.18644151703468131,-0.7439452470544033,0.1,1.0,0.1942675949704059,explicit_euler_first_order_system,Explicit Euler is transparent but can distort oscillatory systems if the step size is too large.
forced_near_resonance,0.26,0.9714747369922301,-0.20132042197576938,-0.7379326569701735,0.1,1.0,0.19327799562690265,explicit_euler_first_order_system,Explicit Euler is transparent but can distort oscillatory systems if the step size is too large.
forced_near_resonance,0.28,0.9671531554899266,-0.21607907511517285,-0.7317262528047379,0.1,1.0,0.1922110876621542,explicit_euler_first_order_system,Explicit Euler is transparent but can distort oscillatory systems if the step size is too large.
forced_near_resonance,0.3,0.9625388834865013,-0.2307136001712676,-0.7253288656271266,0.1,1.0,0.19106729782512122,explicit_euler_first_order_system,Explicit Euler is transparent but can distort oscillatory systems if the step size is too large.
forced_near_resonance,0.32,0.957634479936825,-0.24522017748381014,-0.7187433608235748,0.1,1.0,0.18984708361648817,explicit_euler_first_order_system,Explicit Euler is transparent but can distort oscillatory systems if the step size is too large.
forced_near_resonance,0.34,0.9524425790428194,-0.25959504470028166,-0.7119726369970938,0.1,1.0,0.18855093310566926,explicit_euler_first_order_system,Explicit Euler is transparent but can distort oscillatory systems if the step size is too large.
forced_near_resonance,0.36,0.9469658890940149,-0.27383449744022353,-0.7050196248703833,0.1,1.0,0.18717936473558697,explicit_euler_first_order_system,Explicit Euler is transparent but can distort oscillatory systems if the step size is too large.
forced_near_resonance,0.38,0.9412071912952623,-0.2879348899376312,-0.697887286192434,0.1,1.0,0.18573292711530207,explicit_euler_first_order_system,Explicit Euler is transparent but can distort oscillatory systems if the step size is too large.
forced_near_resonance,0.4,0.9351693385820327,-0.3018926356614799,-0.6905786126491597,0.1,1.0,0.18421219880057704,explicit_euler_first_order_system,Explicit Euler is transparent but can distort oscillatory systems if the step size is too large.
forced_near_resonance,0.42,0.9288552544237434,-0.3157042079144631,-0.6830966247783892,0.1,1.0,0.18261778806246165,explicit_euler_first_order_system,Explicit Euler is transparent but can distort oscillatory systems if the step size is too large.
forced_near_resonance,0.44,0.9222679316155428,-0.32936614041003087,-0.6754443708895439,0.1,1.0,0.18095033264399268,explicit_euler_first_order_system,Explicit Euler is transparent but can distort oscillatory systems if the step size is too large.
forced_near_resonance,0.46,0.9154104310589863,-0.34287502782782175,-0.6676249259883169,0.1,1.0,0.17921049950510504,explicit_euler_first_order_system,Explicit Euler is transparent but can distort oscillatory systems if the step size is too large.
forced_near_resonance,0.48,0.9082858805320346,-0.3562275263475881,-0.6596413907066602,0.1,1.0,0.17739898455585684,explicit_euler_first_order_system,Explicit Euler is transparent but can distort oscillatory systems if the step size is too large.
forced_near_resonance,0.5,0.9008974734488002,-0.3694203541617213,-0.6514968902383814,0.1,1.0,0.17551651237807456,explicit_euler_first_order_system,Explicit Euler is transparent but can distort oscillatory systems if the step size is too large.
forced_near_resonance,0.52,0.8932484676094704,-0.38245029196648894,-0.6431945732806426,0.1,1.0,0.17356383593553,explicit_euler_first_order_system,Explicit Euler is transparent but can distort oscillatory systems if the step size is too large.
forced_near_resonance,0.54,0.8853421839408284,-0.3953141834321018,-0.6347376109816432,0.1,1.0,0.17154173627276484,explicit_euler_first_order_system,Explicit Euler is transparent but can distort oscillatory systems if the step size is too large.
forced_near_resonance,0.56,0.8771820052277938,-0.4080089356517346,-0.6261291958947636,0.1,1.0,0.16945102220268324,explicit_euler_first_order_system,Explicit Euler is transparent but can distort oscillatory systems if the step size is too large.
forced_near_resonance,0.58,0.8687713748364012,-0.4205315195696299,-0.6173725409394378,0.1,1.0,0.1672925299830374,explicit_euler_first_order_system,Explicit Euler is transparent but can distort oscillatory systems if the step size is too large.
forced_near_resonance,0.6,0.8601137954286329,-0.43287897038841866,-0.6084708783690135,0.1,1.0,0.16506712298193568,explicit_euler_first_order_system,Explicit Euler is transparent but can distort oscillatory systems if the step size is too large.
forced_near_resonance,0.62,0.8512128276695169,-0.44504838795579893,-0.5994274587458504,0.1,1.0,0.1627756913325068,explicit_euler_first_order_system,Explicit Euler is transparent but can distort oscillatory systems if the step size is too large.
forced_near_resonance,0.64,0.8420720889269026,-0.4570369371307159,-0.5902455499239009,0.1,1.0,0.16041915157685852,explicit_euler_first_order_system,Explicit Euler is transparent but can distort oscillatory systems if the step size is too large.
forced_near_resonance,0.66,0.8326952519643187,-0.46884184812919394,-0.5809284360390069,0.1,1.0,0.15799844629947302,explicit_euler_first_order_system,Explicit Euler is transparent but can distort oscillatory systems if the step size is too large.
forced_near_resonance,0.68,0.8230860436273192,-0.4804604168499741,-0.5714794165071388,0.1,1.0,0.15551454375018559,explicit_euler_first_order_system,Explicit Euler is transparent but can distort oscillatory systems if the step size is too large.
forced_near_resonance,0.7000000000000001,0.8132482435237168,-0.4918900051801169,-0.5619018050307958,0.1,1.0,0.1529684374568977,explicit_euler_first_order_system,Explicit Euler is transparent but can distort oscillatory systems if the step size is too large.
forced_near_resonance,0.72,0.8031856826981022,-0.5031280412807329,-0.5521989286137766,0.1,1.0,0.15036114582817903,explicit_euler_first_order_system,Explicit Euler is transparent but can distort oscillatory systems if the step size is too large.
forced_near_resonance,0.74,0.792902242301042,-0.5141720198530084,-0.5423741265845228,0.1,1.0,0.14769371174591758,explicit_euler_first_order_system,Explicit Euler is transparent but can distort oscillatory systems if the step size is too large.
forced_near_resonance,0.76,0.782401852253348,-0.5250195023846989,-0.5324307496282272,0.1,1.0,0.14496720214818104,explicit_euler_first_order_system,Explicit Euler is transparent but can distort oscillatory systems if the step size is too large.
forced_near_resonance,0.78,0.7716884899058027,-0.5356681173772634,-0.5223721588278946,0.1,1.0,0.14218270760245547,explicit_euler_first_order_system,Explicit Euler is transparent but can distort oscillatory systems if the step size is too large.
forced_near_resonance,0.8,0.7607661786947263,-0.5461155605538213,-0.512201724714529,0.1,1.0,0.1393413418694331,explicit_euler_first_order_system,Explicit Euler is transparent but can distort oscillatory systems if the step size is too large.
forced_near_resonance,0.8200000000000001,0.7496389867937641,-0.5563595950481118,-0.501922826326619,0.1,1.0,0.1364442414575227,explicit_euler_first_order_system,Explicit Euler is transparent but can distort oscillatory systems if the step size is too large.
forced_near_resonance,0.84,0.7383110257622711,-0.5663980515746442,-0.4915388502790807,0.1,1.0,0.13349256516826163,explicit_euler_first_order_system,Explicit Euler is transparent but can distort oscillatory systems if the step size is too large.
forced_near_resonance,0.86,0.7267864491906666,-0.5762288285802258,-0.481053189841811,0.1,1.0,0.1304874936328104,explicit_euler_first_order_system,Explicit Euler is transparent but can distort oscillatory systems if the step size is too large.
forced_near_resonance,0.88,0.7150694513431254,-0.5858498923770621,-0.4704692440279969,0.1,1.0,0.12743022883971605,explicit_euler_first_order_system,Explicit Euler is transparent but can distort oscillatory systems if the step size is too large.
forced_near_resonance,0.9,0.703164265797973,-0.5952592772576221,-0.4597904166923157,0.1,1.0,0.12432199365413288,explicit_euler_first_order_system,Explicit Euler is transparent but can distort oscillatory systems if the step size is too large.
forced_near_resonance,0.92,0.6910751640861436,-0.6044550855914684,-0.4490201156391573,0.1,1.0,0.12116403132869256,explicit_euler_first_order_system,Explicit Euler is transparent but can distort oscillatory systems if the step size is too large.
forced_near_resonance,0.9400000000000001,0.6788064543280585,-0.6134354879042516,-0.43816175174098854,0.1,1.0,0.11795760500621964,explicit_euler_first_order_system,Explicit Euler is transparent but can distort oscillatory systems if the step size is too large.
forced_near_resonance,0.96,0.6663624798692771,-0.6221987229390714,-0.42721873806697147,0.1,1.0,0.11470399721449134,explicit_euler_first_order_system,Explicit Euler is transparent but can distort oscillatory systems if the step size is too large.
forced_near_resonance,0.98,0.6537476179152689,-0.6307430977004108,-0.4161944890219433,0.1,1.0,0.11140450935324347,explicit_euler_first_order_system,Explicit Euler is transparent but can distort oscillatory systems if the step size is too large.
forced_near_resonance,1.0,0.6409662781656519,-0.6390669874808497,-0.405092419495854,0.1,1.0,0.10806046117362796,explicit_euler_first_order_system,Explicit Euler is transparent but can distort oscillatory systems if the step size is too large.
forced_near_resonance,1.02,0.6280229014482366,-0.6471688358707668,-0.3939159440237533,0.1,1.0,0.10467319025032991,explicit_euler_first_order_system,Explicit Euler is transparent but can distort oscillatory systems if the step size is too large.
forced_near_resonance,1.04,0.6149219583532117,-0.6550471547512419,-0.3826684759564076,0.1,1.0,0.10124405144655568,explicit_euler_first_order_system,Explicit Euler is transparent but can distort oscillatory systems if the step size is too large.
forced_near_resonance,1.06,0.6016679478678043,-0.6627005242703701,-0.3713534266416248,0.1,1.0,0.0977744163721055,explicit_euler_first_order_system,Explicit Euler is transparent but can distort oscillatory systems if the step size is too large.
forced_near_resonance,1.08,0.5882653960117402,-0.6701275928032026,-0.3599742046163517,0.1,1.0,0.094265672834748,explicit_euler_first_order_system,Explicit Euler is transparent but can distort oscillatory systems if the step size is too large.
forced_near_resonance,1.1,0.5747188544738296,-0.6773270768955296,-0.3485342148096082,0.1,1.0,0.09071922428511547,explicit_euler_first_order_system,Explicit Euler is transparent but can distort oscillatory systems if the step size is too large.
forced_near_resonance,1.12,0.5610328992499952,-0.6842977611917218,-0.33703685775630843,0.1,1.0,0.08713648925534243,explicit_euler_first_order_system,Explicit Euler is transparent but can distort oscillatory systems if the step size is too large.
forced_near_resonance,1.1400000000000001,0.5472121292830583,-0.6910384983468479,-0.3254855288220171,0.1,1.0,0.0835189007916716,explicit_euler_first_order_system,Explicit Euler is transparent but can distort oscillatory systems if the step size is too large.
forced_near_resonance,1.16,0.5332611651045925,-0.6975482089232883,-0.3138836174386802,0.1,1.0,0.07986790588125464,explicit_euler_first_order_system,Explicit Euler is transparent but can distort oscillatory systems if the step size is too large.
forced_near_resonance,1.18,0.5191846474791513,-0.7038258812720619,-0.3022345063513625,0.1,1.0,0.07618496487337638,explicit_euler_first_order_system,Explicit Euler is transparent but can distort oscillatory systems if the step size is too large.
forced_near_resonance,1.2,0.5049872360511695,-0.7098705713990892,-0.2905415708760169,0.1,1.0,0.07247155089533473,explicit_euler_first_order_system,Explicit Euler is transparent but can distort oscillatory systems if the step size is too large.
forced_near_resonance,1.22,0.4906736079948373,-0.7156814028166095,-0.27880817816830594,0.1,1.0,0.06872914926320942,explicit_euler_first_order_system,Explicit Euler is transparent but can distort oscillatory systems if the step size is too large.
forced_near_resonance,1.24,0.47624845666723775,-0.7212575663799756,-0.26703768650348736,0.1,1.0,0.06495925688775525,explicit_euler_first_order_system,Explicit Euler is transparent but can distort oscillatory systems if the step size is too large.
forced_near_resonance,1.26,0.46171649026503686,-0.7265983201100453,-0.2552334445673699,0.1,1.0,0.06116338167565787,explicit_euler_first_order_system,Explicit Euler is transparent but can distort oscillatory systems if the step size is too large.
forced_near_resonance,1.28,0.447082430485009,-0.7317029890013927,-0.24339879075833934,0.1,1.0,0.05734304192639111,explicit_euler_first_order_system,Explicit Euler is transparent but can distort oscillatory systems if the step size is too large.
forced_near_resonance,1.3,0.4323510111886778,-0.7365709648165595,-0.23153705250044843,0.1,1.0,0.05349976572491747,explicit_euler_first_order_system,Explicit Euler is transparent but can distort oscillatory systems if the step size is too large.
forced_near_resonance,1.32,0.41752697707134645,-0.7412017058665684,-0.21965154556755817,0.1,1.0,0.049635090330474585,explicit_euler_first_order_system,Explicit Euler is transparent but can distort oscillatory systems if the step size is too large.
forced_near_resonance,1.34,0.4026150823357881,-0.7455947367779195,-0.20774557341851227,0.1,1.0,0.04575056156169188,explicit_euler_first_order_system,Explicit Euler is transparent but can distort oscillatory systems if the step size is too large.
forced_near_resonance,1.36,0.3876200893708623,-0.7497496482462898,-0.19582242654332047,0.1,1.0,0.04184773317828386,explicit_euler_first_order_system,Explicit Euler is transparent but can distort oscillatory systems if the step size is too large.
forced_near_resonance,1.3800000000000001,0.37254676743531917,-0.7536660967771561,-0.18388538182032108,0.1,1.0,0.03792816625956685,explicit_euler_first_order_system,Explicit Euler is transparent but can distort oscillatory systems if the step size is too large.
forced_near_resonance,1.4000000000000001,0.3573998913470479,-0.7573438044135625,-0.17193770188428723,0.1,1.0,0.03399342858004816,explicit_euler_first_order_system,Explicit Euler is transparent but can distort oscillatory systems if the step size is too large.
forced_near_resonance,1.42,0.34218424017802296,-0.7607825584512483,-0.1599826345054361,0.1,1.0,0.03004509398233717,explicit_euler_first_order_system,Explicit Euler is transparent but can distort oscillatory systems if the step size is too large.
forced_near_resonance,1.44,0.32690459595519583,-0.763982211141357,-0.1480234119792953,0.1,1.0,0.02608474174762911,explicit_euler_first_order_system,Explicit Euler is transparent but can distort oscillatory systems if the step size is too large.
forced_near_resonance,1.46,0.31156574236757695,-0.766942679380943,-0.13606325052737442,0.1,1.0,0.02211395596401392,explicit_euler_first_order_system,Explicit Euler is transparent but can distort oscillatory systems if the step size is too large.
forced_near_resonance,1.48,0.29617246347974713,-0.7696639443914904,-0.12410534970858711,0.1,1.0,0.018134324892861937,explicit_euler_first_order_system,Explicit Euler is transparent but can distort oscillatory systems if the step size is too large.
forced_near_resonance,1.5,0.2807295424520339,-0.7721460513856622,-0.1121528918413609,0.1,1.0,0.014147440333540581,explicit_euler_first_order_system,Explicit Euler is transparent but can distort oscillatory systems if the step size is too large.
forced_near_resonance,1.52,0.2652417602675841,-0.7743891092224894,-0.10020904143637038,0.1,1.0,0.010154896986715838,explicit_euler_first_order_system,Explicit Euler is transparent but can distort oscillatory systems if the step size is too large.
forced_near_resonance,1.54,0.24971389446655978,-0.7763932900512168,-0.08827694463982319,0.1,1.0,0.006158291816493224,explicit_euler_first_order_system,Explicit Euler is transparent but can distort oscillatory systems if the step size is too large.
forced_near_resonance,1.56,0.23415071788767952,-0.7781588289440133,-0.07635972868722338,0.1,1.0,0.0021592234116534783,explicit_euler_first_order_system,Explicit Euler is transparent but can distort oscillatory systems if the step size is too large.
forced_near_resonance,1.58,0.21855699741732437,-0.7796860235177578,-0.06446050136753448,0.1,1.0,-0.0018407086537616673,explicit_euler_first_order_system,Explicit Euler is transparent but can distort oscillatory systems if the step size is too large.
forced_near_resonance,1.6,0.2029374927464222,-0.7809752335451086,-0.05258235049765822,0.1,1.0,-0.005839904460257763,explicit_euler_first_order_system,Explicit Euler is transparent but can distort oscillatory systems if the step size is too large.
forced_near_resonance,1.62,0.18729695513532096,-0.7820268805550618,-0.040728343407142736,0.1,1.0,-0.009836764382834111,explicit_euler_first_order_system,Explicit Euler is transparent but can distort oscillatory systems if the step size is too large.
forced_near_resonance,1.6400000000000001,0.17164012618685687,-0.7828414474232046,-0.028901526433028374,0.1,1.0,-0.013829689730812434,explicit_euler_first_order_system,Explicit Euler is transparent but can distort oscillatory systems if the step size is too large.
forced_near_resonance,1.6600000000000001,0.15597173662781957,-0.7834194779518652,-0.017104924424738377,0.1,1.0,-0.01781708338729184,explicit_euler_first_order_system,Explicit Euler is transparent but can distort oscillatory systems if the step size is too large.
forced_near_resonance,1.68,0.14029650509901237,-0.7837615764403599,-0.005341540258914618,0.1,1.0,-0.021797350447974224,explicit_euler_first_order_system,Explicit Euler is transparent but can distort oscillatory systems if the step size is too large.
forced_near_resonance,1.7,0.12461913695410161,-0.7838684072455382,0.006385645635901091,0.1,1.0,-0.025768898859104928,explicit_euler_first_order_system,Explicit Euler is transparent but can distort oscillatory systems if the step size is too large.
forced_near_resonance,1.72,0.1089443230674452,-0.7837406943328201,0.018073675744846085,0.1,1.0,-0.02973014005427273,explicit_euler_first_order_system,Explicit Euler is transparent but can distort oscillatory systems if the step size is too large.
forced_near_resonance,1.74,0.09327673865108674,-0.7833792208179232,0.02971961592268252,0.1,1.0,-0.033679489589815405,explicit_euler_first_order_system,Explicit Euler is transparent but can distort oscillatory systems if the step size is too large.
forced_near_resonance,1.76,0.07762104208109735,-0.7827848284994696,0.04132055584022057,0.1,1.0,-0.03761536777857602,explicit_euler_first_order_system,Explicit Euler is transparent but can distort oscillatory systems if the step size is too large.
forced_near_resonance,1.78,0.06198187373344405,-0.7819584173826652,0.05287360942133226,0.1,1.0,-0.04153620032175676,explicit_euler_first_order_system,Explicit Euler is transparent but can distort oscillatory systems if the step size is too large.
forced_near_resonance,1.8,0.04636385482955928,-0.7809009451942386,0.06437591527067103,0.1,1.0,-0.04544041893861742,explicit_euler_first_order_system,Explicit Euler is transparent but can distort oscillatory systems if the step size is too large.
forced_near_resonance,1.82,0.030771586291782775,-0.7796134268888252,0.07582463709221546,0.1,1.0,-0.04932646199376681,explicit_euler_first_order_system,Explicit Euler is transparent but can distort oscillatory systems if the step size is too large.
forced_near_resonance,1.84,0.015209647608843156,-0.7780969341469809,0.08721696409875695,0.1,1.0,-0.05319277512179608,explicit_euler_first_order_system,Explicit Euler is transparent but can distort oscillatory systems if the step size is too large.
forced_near_resonance,1.86,-0.00031740428845695827,-0.7763525948650057,0.09855011141245394,0.1,1.0,-0.05703781184900417,explicit_euler_first_order_system,Explicit Euler is transparent but can distort oscillatory systems if the step size is too large.
forced_near_resonance,1.8800000000000001,-0.015805036141192094,-0.7743815926367567,0.10982132045657675,0.1,1.0,-0.06086003421196669,explicit_euler_first_order_system,Explicit Euler is transparent but can distort oscillatory systems if the step size is too large.
forced_near_resonance,1.9000000000000001,-0.031248739465744597,-0.7721851662276251,0.12102785933856894,0.1,1.0,-0.0646579133727007,explicit_euler_first_order_system,Explicit Euler is transparent but can distort oscillatory systems if the step size is too large.
forced_near_resonance,1.92,-0.046644031646561675,-0.7697646090408538,0.13216702322455282,0.1,1.0,-0.06842993023017964,explicit_euler_first_order_system,Explicit Euler is transparent but can distort oscillatory systems if the step size is too large.
forced_near_resonance,1.94,-0.06198645701808893,-0.7671212685763626,0.14323613470540802,0.1,1.0,-0.07217457602795344,explicit_euler_first_order_system,Explicit Euler is transparent but can distort oscillatory systems if the step size is too large.
forced_near_resonance,1.96,-0.07727158793573402,-0.7642565458822544,0.154232544154554,0.1,1.0,-0.07589035295763091,explicit_euler_first_order_system,Explicit Euler is transparent but can distort oscillatory systems if the step size is too large.
forced_near_resonance,1.98,-0.09249502583571728,-0.7611718949991634,0.16515363007756678,0.1,1.0,-0.0795757747579832,explicit_euler_first_order_system,Explicit Euler is transparent but can distort oscillatory systems if the step size is too large.
forced_near_resonance,2.0,-0.10765240228366953,-0.757868822397612,0.17599679945376345,0.1,1.0,-0.08322936730942848,explicit_euler_first_order_system,Explicit Euler is transparent but can distort oscillatory systems if the step size is too large.
forced_near_resonance,2.02,-0.12273938001184026,-0.7543488864085367,0.1867594880698875,0.1,1.0,-0.08684966922366011,explicit_euler_first_order_system,Explicit Euler is transparent but can distort oscillatory systems if the step size is too large.
forced_near_resonance,2.04,-0.13775165394478303,-0.750613696647139,0.19743916084602842,0.1,1.0,-0.0904352324281824,explicit_euler_first_order_system,Explicit Euler is transparent but can distort oscillatory systems if the step size is too large.
forced_near_resonance,2.06,-0.1526849522133874,-0.7466649134302183,0.20803331215391063,0.1,1.0,-0.09398462274552044,explicit_euler_first_order_system,Explicit Euler is transparent but can distort oscillatory systems if the step size is too large.
forced_near_resonance,2.08,-0.1675350371571302,-0.7425042471871401,0.21853946612768632,0.1,1.0,-0.09749642046687189,explicit_euler_first_order_system,Explicit Euler is transparent but can distort oscillatory systems if the step size is too large.
forced_near_resonance,2.1,-0.18229770631442194,-0.7381334578645864,0.2289551769673677,0.1,1.0,-0.10096922091997151,explicit_euler_first_order_system,Explicit Euler is transparent but can distort oscillatory systems if the step size is too large.
forced_near_resonance,2.12,-0.1969687934009267,-0.7335543543252391,0.23927802923503305,0.1,1.0,-0.10440163503094149,explicit_euler_first_order_system,Explicit Euler is transparent but can distort oscillatory systems if the step size is too large.
forced_near_resonance,2.14,-0.2115441692757375,-0.7287687937405384,0.24950563814394286,0.1,1.0,-0.1077922898799023,explicit_euler_first_order_system,Explicit Euler is transparent but can distort oscillatory systems if the step size is too large.
forced_near_resonance,2.16,-0.22601974289529067,-0.7237786809776595,0.25963564984070003,0.1,1.0,-0.11113982925012256,explicit_euler_first_order_system,Explicit Euler is transparent but can distort oscillatory systems if the step size is too large.
forced_near_resonance,2.18,-0.2403914622549076,-0.7185859679808455,0.2696657416805893,0.1,1.0,-0.11444291417048738,explicit_euler_first_order_system,Explicit Euler is transparent but can distort oscillatory systems if the step size is too large.
forced_near_resonance,2.2,-0.2546553153178523,-0.7131926531472337,0.2795936224962299,0.1,1.0,-0.11770022345106917,explicit_euler_first_order_system,Explicit Euler is transparent but can distort oscillatory systems if the step size is too large.
forced_near_resonance,2.22,-0.2688073309317985,-0.707600780697309,0.28941703285967435,0.1,1.0,-0.12091045421158593,explicit_euler_first_order_system,Explicit Euler is transparent but can distort oscillatory systems if the step size is too large.
forced_near_resonance,2.24,-0.28284357973260077,-0.7018124400401156,0.2991337453380879,0.1,1.0,-0.12407232240253596,explicit_euler_first_order_system,Explicit Euler is transparent but can distort oscillatory systems if the step size is too large.
forced_near_resonance,2.2600000000000002,-0.29676017503526786,-0.6958297651333538,0.3087415647431381,0.1,1.0,-0.12718456331880054,explicit_euler_first_order_system,Explicit Euler is transparent but can distort oscillatory systems if the step size is too large.
forced_near_resonance,2.2800000000000002,-0.31055327371203767,-0.6896549338384911,0.3182383283742267,0.1,1.0,-0.1302459321055092,explicit_euler_first_order_system,Explicit Euler is transparent but can distort oscillatory systems if the step size is too large.
forced_near_resonance,2.3000000000000003,-0.3242190770574578,-0.6832901672710066,0.3276219062556942,0.1,1.0,-0.1332552042559649,explicit_euler_first_order_system,Explicit Euler is transparent but can distort oscillatory systems if the step size is too large.
forced_near_resonance,2.32,-0.33775383164037565,-0.6767377291458927,0.3368902013681237,0.1,1.0,-0.1362111761014305,explicit_euler_first_order_system,Explicit Euler is transparent but can distort oscillatory systems if the step size is too large.
forced_near_resonance,2.34,-0.35115383014274626,-0.6699999251185302,0.3460411498738719,0.1,1.0,-0.13911266529258043,explicit_euler_first_order_system,Explicit Euler is transparent but can distort oscillatory systems if the step size is too large.
forced_near_resonance,2.36,-0.3644154121851673,-0.6630791021210528,0.3550727213369538,0.1,1.0,-0.1419585112724241,explicit_euler_first_order_system,Explicit Euler is transparent but can distort oscillatory systems if the step size is too large.
forced_near_resonance,2.38,-0.3775349651390536,-0.6559776476943138,0.36398291893740264,0.1,1.0,-0.14474757574051372,explicit_euler_first_order_system,Explicit Euler is transparent but can distort oscillatory systems if the step size is too large.
forced_near_resonance,2.4,-0.39050892492536493,-0.6486979893155658,0.37276977968022895,0.1,1.0,-0.1474787431082491,explicit_euler_first_order_system,Explicit Euler is transparent but can distort oscillatory systems if the step size is too large.
forced_near_resonance,2.42,-0.40333377679980414,-0.6412425937219612,0.3814313745990982,0.1,1.0,-0.1501509209450982,explicit_euler_first_order_system,Explicit Euler is transparent but can distort oscillatory systems if the step size is too large.
forced_near_resonance,2.44,-0.4160060561244037,-0.6336139662299792,0.3899658089548448,0.1,1.0,-0.15276304041555483,explicit_euler_first_order_system,Explicit Euler is transparent but can distort oscillatory systems if the step size is too large.
forced_near_resonance,2.46,-0.42852234912542136,-0.6258146500508823,0.3983712224289392,0.1,1.0,-0.15531405670665863,explicit_euler_first_order_system,Explicit Euler is transparent but can distort oscillatory systems if the step size is too large.
forced_near_resonance,2.48,-0.4408792936374674,-0.6178472256023035,0.4066457893120219,0.1,1.0,-0.15780294944590623,explicit_euler_first_order_system,Explicit Euler is transparent but can distort oscillatory systems if the step size is too large.
forced_near_resonance,2.5,-0.4530735798337887,-0.6097143098160631,0.4147877186876146,0.1,1.0,-0.16022872310938674,explicit_euler_first_order_system,Explicit Euler is transparent but can distort oscillatory systems if the step size is too large.
forced_near_resonance,2.52,-0.4651019509426349,-0.6014185554423108,0.4227952546111191,0.1,1.0,-0.162590407419978,explicit_euler_first_order_system,Explicit Euler is transparent but can distort oscillatory systems if the step size is too large.
forced_near_resonance,2.54,-0.47696120394963665,-0.5929626503500884,0.43066667628420985,0.1,1.0,-0.16488705773544446,explicit_euler_first_order_system,Explicit Euler is transparent but can distort oscillatory systems if the step size is too large.
forced_near_resonance,2.56,-0.4886481902861247,-0.5843493168244043,0.43840029822472404,0.1,1.0,-0.16711775542628154,explicit_euler_first_order_system,Explicit Euler is transparent but can distort oscillatory systems if the step size is too large.
forced_near_resonance,2.58,-0.5001598165033229,-0.5755813108599098,0.4459944704321497,0.1,1.0,-0.16928160824315513,explicit_euler_first_order_system,Explicit Euler is transparent but can distort oscillatory systems if the step size is too large.
forced_near_resonance,2.6,-0.5114930449323482,-0.5666614214512669,0.45344757854881207,0.1,1.0,-0.17137775067378946,explicit_euler_first_order_system,Explicit Euler is transparent but can distort oscillatory systems if the step size is too large.
forced_near_resonance,2.62,-0.522644894329954,-0.5575924698802907,0.4607580440168516,0.1,1.0,-0.1734053442891605,explicit_euler_first_order_system,Explicit Euler is transparent but can distort oscillatory systems if the step size is too large.
forced_near_resonance,2.64,-0.533612440509953,-0.5483773089999536,0.4679243242310875,0.1,1.0,-0.1753635780788563,explicit_euler_first_order_system,Explicit Euler is transparent but can distort oscillatory systems if the step size is too large.
forced_near_resonance,2.66,-0.5443928169602597,-0.5390188225153318,0.4749449126878556,0.1,1.0,-0.1772516687754704,explicit_euler_first_order_system,Explicit Euler is transparent but can distort oscillatory systems if the step size is too large.
forced_near_resonance,2.68,-0.5549832154454911,-0.5295199242615747,0.4818183391299076,0.1,1.0,-0.17906886116789844,explicit_euler_first_order_system,Explicit Euler is transparent but can distort oscillatory systems if the step size is too large.
forced_near_resonance,2.7,-0.5653808865950707,-0.5198835574789765,0.48854316968745376,0.1,1.0,-0.18081442840341225,explicit_euler_first_order_system,Explicit Euler is transparent but can distort oscillatory systems if the step size is too large.
forced_near_resonance,2.72,-0.5755831404767753,-0.5101126940852274,0.4951180070154292,0.1,1.0,-0.1824876722783916,explicit_euler_first_order_system,Explicit Euler is transparent but can distort oscillatory systems if the step size is too large.
forced_near_resonance,2.74,-0.5855873471556736,-0.5002103339449189,0.5015414904270612,0.1,1.0,-0.18408792351759615,explicit_euler_first_order_system,Explicit Euler is transparent but can distort oscillatory systems if the step size is too large.
forced_near_resonance,2.7600000000000002,-0.5953909372384012,-0.4901795041363777,0.5078122960238102,0.1,1.0,-0.18561454204186656,explicit_euler_first_order_system,Explicit Euler is transparent but can distort oscillatory systems if the step size is too large.
forced_near_resonance,2.7800000000000002,-0.6049914024027192,-0.48002325821590147,0.5139291368217517,0.1,1.0,-0.18706691722414778,explicit_euler_first_order_system,Explicit Euler is transparent but can distort oscillatory systems if the step size is too large.
forced_near_resonance,2.8000000000000003,-0.6143862959123085,-0.4697446754794664,0.5198907628744701,0.1,1.0,-0.18844446813373167,explicit_euler_first_order_system,Explicit Euler is transparent but can distort oscillatory systems if the step size is too large.
forced_near_resonance,2.82,-0.6235732331167481,-0.459346860221977,0.5256959613925221,0.1,1.0,-0.1897466437686214,explicit_euler_first_order_system,Explicit Euler is transparent but can distort oscillatory systems if the step size is too large.
forced_near_resonance,2.84,-0.6325498919366306,-0.4488329409941266,0.5313435568595306,0.1,1.0,-0.1909729232759253,explicit_euler_first_order_system,Explicit Euler is transparent but can distort oscillatory systems if the step size is too large.
forced_near_resonance,2.86,-0.6413140133337693,-0.43820606985693594,0.536832411144966,0.1,1.0,-0.19212281616019045,explicit_euler_first_order_system,Explicit Euler is transparent but can distort oscillatory systems if the step size is too large.
forced_near_resonance,2.88,-0.64986340176645,-0.4274694216340366,0.5421614236136623,0.1,1.0,-0.19319586247959497,explicit_euler_first_order_system,Explicit Euler is transparent but can distort oscillatory systems if the step size is too large.
forced_near_resonance,2.9,-0.6581959256296852,-0.41662619316176336,0.5473295312321198,0.1,1.0,-0.19419163302991813,explicit_euler_first_order_system,Explicit Euler is transparent but can distort oscillatory systems if the step size is too large.
forced_near_resonance,2.92,-0.6663095176804277,-0.405679602537121,0.5523357086716354,0.1,1.0,-0.19510972951621652,explicit_euler_first_order_system,Explicit Euler is transparent but can distort oscillatory systems if the step size is too large.
forced_near_resonance,2.94,-0.6742021754477014,-0.39463288836368826,0.5571789684083023,0.1,1.0,-0.19594978471213687,explicit_euler_first_order_system,Explicit Euler is transparent but can distort oscillatory systems if the step size is too large.
forced_near_resonance,2.96,-0.6818719616276119,-0.3834893089955222,0.561858360819915,0.1,1.0,-0.19671146260680128,explicit_euler_first_order_system,Explicit Euler is transparent but can distort oscillatory systems if the step size is too large.
forced_near_resonance,2.98,-0.6893170044631943,-0.3722521417791239,0.5663729742798116,0.1,1.0,-0.19739445853920753,explicit_euler_first_order_system,Explicit Euler is transparent but can distort oscillatory systems if the step size is too large.
forced_near_resonance,3.0,-0.6965354981090649,-0.3609246822935277,0.5707219352476813,0.1,1.0,-0.1979984993200891,explicit_euler_first_order_system,Explicit Euler is transparent but can distort oscillatory systems if the step size is too large.
forced_near_resonance,3.02,-0.7035257029808364,-0.3495102435885741,0.5749044083573638,0.1,1.0,-0.19852334334118743,explicit_euler_first_order_system,Explicit Euler is transparent but can distort oscillatory systems if the step size is too large.
forced_near_resonance,3.04,-0.7102859460892649,-0.3380121554214268,0.5789195965016583,0.1,1.0,-0.19896878067189191,explicit_euler_first_order_system,Explicit Euler is transparent but can distort oscillatory systems if the step size is too large.
forced_near_resonance,3.06,-0.7168146213590928,-0.32643376349139364,0.5827667409141621,0.1,1.0,-0.19933463314320932,explicit_euler_first_order_system,Explicit Euler is transparent but can distort oscillatory systems if the step size is too large.
forced_near_resonance,3.08,-0.723110189932555,-0.3147784286731104,0.586445121248148,0.1,1.0,-0.19962075441902916,explicit_euler_first_order_system,Explicit Euler is transparent but can distort oscillatory systems if the step size is too large.
forced_near_resonance,3.1,-0.7291711804575179,-0.30304952624814746,0.5899540556524916,0.1,1.0,-0.1998270300546559,explicit_euler_first_order_system,Explicit Euler is transparent but can distort oscillatory systems if the step size is too large.
forced_near_resonance,3.12,-0.7349961893602199,-0.2912504451350976,0.5932929008446538,0.1,1.0,-0.1999533775425857,explicit_euler_first_order_system,Explicit Euler is transparent but can distort oscillatory systems if the step size is too large.
forced_near_resonance,3.14,-0.740583881102584,-0.2793845871182046,0.596461052180717,0.1,1.0,-0.1999997463455079,explicit_euler_first_order_system,Explicit Euler is transparent but can distort oscillatory systems if the step size is too large.
forced_near_resonance,3.16,-0.7459329884240758,-0.26745536607459025,0.5994579437224743,0.1,1.0,-0.19996611791651966,explicit_euler_first_order_system,Explicit Euler is transparent but can distort oscillatory systems if the step size is too large.
forced_near_resonance,3.18,-0.7510423125680786,-0.25546620720014074,0.6022830483015627,0.1,1.0,-0.1998525057065442,explicit_euler_first_order_system,Explicit Euler is transparent but can distort oscillatory systems if the step size is too large.
forced_near_resonance,3.2,-0.7559107234927608,-0.2434205462341095,0.604935877580632,0.1,1.0,-0.19965895515895063,explicit_euler_first_order_system,Explicit Euler is transparent but can distort oscillatory systems if the step size is too large.
forced_near_resonance,3.22,-0.7605371600664107,-0.23132182868249684,0.6074159821115327,0.1,1.0,-0.1993855436913774,explicit_euler_first_order_system,Explicit Euler is transparent but can distort oscillatory systems if the step size is too large.
forced_near_resonance,3.24,-0.764920630247216,-0.2191735090402662,0.6097229513905031,0.1,1.0,-0.19903238066476608,explicit_euler_first_order_system,Explicit Euler is transparent but can distort oscillatory systems if the step size is too large.
forced_near_resonance,3.2600000000000002,-0.7690602112474652,-0.20697905001245614,0.6118564139103378,0.1,1.0,-0.19859960733961854,explicit_euler_first_order_system,Explicit Euler is transparent but can distort oscillatory systems if the step size is too large.
forced_near_resonance,3.2800000000000002,-0.7729550496821501,-0.1947419217342494,0.6138160372095054,0.1,1.0,-0.1980873968194946,explicit_euler_first_order_system,Explicit Euler is transparent but can distort oscillatory systems if the step size is too large.
forced_near_resonance,3.3000000000000003,-0.7766043617019514,-0.1824656009900593,0.6156015279181902,0.1,1.0,-0.197495953981773,explicit_euler_first_order_system,Explicit Euler is transparent but can distort oscillatory systems if the step size is too large.
forced_near_resonance,3.3200000000000003,-0.7800074331105853,-0.1701535704316955,0.6172126318012214,0.1,1.0,-0.19682551539570292,explicit_euler_first_order_system,Explicit Euler is transparent but can distort oscillatory systems if the step size is too large.
forced_near_resonance,3.34,-0.7831636194664987,-0.15780931779567106,0.6186491337978531,0.1,1.0,-0.19607634922777978,explicit_euler_first_order_system,Explicit Euler is transparent but can distort oscillatory systems if the step size is too large.
forced_near_resonance,3.36,-0.786072346168893,-0.145436335119714,0.6199108580583538,0.1,1.0,-0.195248755134482,explicit_euler_first_order_system,Explicit Euler is transparent but can distort oscillatory systems if the step size is too large.
forced_near_resonance,3.38,-0.7887331085280639,-0.13303811795854692,0.6209976679773608,0.1,1.0,-0.19434306414241242,explicit_euler_first_order_system,Explicit Euler is transparent but can distort oscillatory systems if the step size is too large.
forced_near_resonance,3.4,-0.7911454718200439,-0.12061816459899971,0.6219094662239516,0.1,1.0,-0.19335963851589222,explicit_euler_first_order_system,Explicit Euler is transparent but can distort oscillatory systems if the step size is too large.
forced_near_resonance,3.42,-0.7933090713255343,-0.10817997527452068,0.6226461947683787,0.1,1.0,-0.19229887161205977,explicit_euler_first_order_system,Explicit Euler is transparent but can distort oscillatory systems if the step size is too large.
forced_near_resonance,3.44,-0.7952236123531173,-0.0957270513791531,0.6232078349054146,0.1,1.0,-0.1911611877235333,explicit_euler_first_order_system,Explicit Euler is transparent but can distort oscillatory systems if the step size is too large.
forced_near_resonance,3.46,-0.7968888702467383,-0.08326289468104481,0.623594407274248,0.1,1.0,-0.18994704190869927,explicit_euler_first_order_system,Explicit Euler is transparent but can distort oscillatory systems if the step size is too large.
forced_near_resonance,3.48,-0.7983046903774494,-0.07079100653555985,0.6238059718748663,0.1,1.0,-0.18865691980969518,explicit_euler_first_order_system,Explicit Euler is transparent but can distort oscillatory systems if the step size is too large.
forced_near_resonance,3.5,-0.7994709881194106,-0.058314887098062526,0.6238426280808639,0.1,1.0,-0.1872913374581593,explicit_euler_first_order_system,Explicit Euler is transparent but can distort oscillatory systems if the step size is too large.
forced_near_resonance,3.52,-0.8003877488101395,-0.04583803453644525,0.6237045146486039,0.1,1.0,-0.18585084106882466,explicit_euler_first_order_system,Explicit Euler is transparent but can distort oscillatory systems if the step size is too large.
forced_near_resonance,3.54,-0.801055027695009,-0.03336394424347317,0.623391809722663,0.1,1.0,-0.18433600682104068,explicit_euler_first_order_system,Explicit Euler is transparent but can distort oscillatory systems if the step size is too large.
forced_near_resonance,3.56,-0.8014729498559894,-0.020896108049019913,0.6229047308374844,0.1,1.0,-0.18274744062830894,explicit_euler_first_order_system,Explicit Euler is transparent but can distort oscillatory systems if the step size is too large.
forced_near_resonance,3.58,-0.8016417101246348,-0.008438013432270224,0.6222435349151629,0.1,1.0,-0.18108577789592595,explicit_euler_first_order_system,Explicit Euler is transparent but can distort oscillatory systems if the step size is too large.
forced_near_resonance,3.6,-0.8015615729793142,0.004006857266033035,0.6214085182592781,0.1,1.0,-0.1793516832668294,explicit_euler_first_order_system,Explicit Euler is transparent but can distort oscillatory systems if the step size is too large.
forced_near_resonance,3.62,-0.8012328724266898,0.016435027631218596,0.6204000165446961,0.1,1.0,-0.17754585035575002,explicit_euler_first_order_system,Explicit Euler is transparent but can distort oscillatory systems if the step size is too large.
forced_near_resonance,3.64,-0.8006560118674476,0.02884302796211252,0.6192184048032503,0.1,1.0,-0.1756690014717748,explicit_euler_first_order_system,Explicit Euler is transparent but can distort oscillatory systems if the step size is too large.
forced_near_resonance,3.66,-0.799831463946284,0.041227396058177525,0.6178640974052155,0.1,1.0,-0.17372188732943297,explicit_euler_first_order_system,Explicit Euler is transparent but can distort oscillatory systems if the step size is too large.
forced_near_resonance,3.68,-0.7987597703861584,0.05358467800628183,0.6163375480364817,0.1,1.0,-0.17170528674842034,explicit_euler_first_order_system,Explicit Euler is transparent but can distort oscillatory systems if the step size is too large.
forced_near_resonance,3.7,-0.7974415418068181,0.06591142896701147,0.6146392496713342,0.1,1.0,-0.16962000634208163,explicit_euler_first_order_system,Explicit Euler is transparent but can distort oscillatory systems if the step size is too large.
forced_near_resonance,3.72,-0.7958774575276094,0.07820421396043815,0.6127697345407458,0.1,1.0,-0.167466880194776,explicit_euler_first_order_system,Explicit Euler is transparent but can distort oscillatory systems if the step size is too large.
forced_near_resonance,3.74,-0.7940682653545843,0.09045960865125308,0.6107295740960792,0.1,1.0,-0.16524676952825446,explicit_euler_first_order_system,Explicit Euler is transparent but can distort oscillatory systems if the step size is too large.
forced_near_resonance,3.7600000000000002,-0.7920147813519208,0.10267420013317466,0.6085193789681034,0.1,1.0,-0.16296056235718248,explicit_euler_first_order_system,Explicit Euler is transparent but can distort oscillatory systems if the step size is too large.
forced_near_resonance,3.7800000000000002,-0.7897178895976701,0.11484458771253672,0.6061397989212166,0.1,1.0,-0.16060917313394613,explicit_euler_first_order_system,Explicit Euler is transparent but can distort oscillatory systems if the step size is too large.
forced_near_resonance,3.8000000000000003,-0.7871785419238508,0.12696738369096106,0.6035915228027753,0.1,1.0,-0.1581935423828833,explicit_euler_first_order_system,Explicit Euler is transparent but can distort oscillatory systems if the step size is too large.
forced_near_resonance,3.8200000000000003,-0.7843977576409105,0.13903921414701656,0.6008752784874207,0.1,1.0,-0.15571463632408644,explicit_euler_first_order_system,Explicit Euler is transparent but can distort oscillatory systems if the step size is too large.
forced_near_resonance,3.84,-0.7813766232465752,0.151056719716765,0.5979918328162948,0.1,1.0,-0.1531734464869275,explicit_euler_first_order_system,Explicit Euler is transparent but can distort oscillatory systems if the step size is too large.
forced_near_resonance,3.86,-0.7781162921191134,0.16301655637309087,0.5949419915310361,0.1,1.0,-0.15057098931345908,explicit_euler_first_order_system,Explicit Euler is transparent but can distort oscillatory systems if the step size is too large.
forced_near_resonance,3.88,-0.7746179841950391,0.1749153962037116,0.5917265992024451,0.1,1.0,-0.1479083057518517,explicit_euler_first_order_system,Explicit Euler is transparent but can distort oscillatory systems if the step size is too large.
forced_near_resonance,3.9,-0.7708829856312839,0.1867499281877605,0.5883465391537037,0.1,1.0,-0.14518646084002804,explicit_euler_first_order_system,Explicit Euler is transparent but can distort oscillatory systems if the step size is too large.
forced_near_resonance,3.92,-0.7669126484518672,0.1985168589708346,0.5848027333780383,0.1,1.0,-0.14240654327966204,explicit_euler_first_order_system,Explicit Euler is transparent but can distort oscillatory systems if the step size is too large.
forced_near_resonance,3.94,-0.7627083901790993,0.21021291363839537,0.5810961424507075,0.1,1.0,-0.13956966500071274,explicit_euler_first_order_system,Explicit Euler is transparent but can distort oscillatory systems if the step size is too large.
forced_near_resonance,3.96,-0.7582716934493511,0.2218348364874095,0.5772277654352019,0.1,1.0,-0.13667696071666727,explicit_euler_first_order_system,Explicit Euler is transparent but can distort oscillatory systems if the step size is too large.
forced_near_resonance,3.98,-0.7536041056134288,0.23337939179611356,0.5731986397835358,0.1,1.0,-0.13372958747067026,explicit_euler_first_order_system,Explicit Euler is transparent but can distort oscillatory systems if the step size is too large.
forced_near_resonance,4.0,-0.7487072383215931,0.24484336459178427,0.5690098412305139,0.1,1.0,-0.13072872417272238,explicit_euler_first_order_system,Explicit Euler is transparent but can distort oscillatory systems if the step size is too large.
forced_near_resonance,4.0200000000000005,-0.7435827670932652,0.2562235614163946,0.5646624836818546,0.1,1.0,-0.12767557112813177,explicit_euler_first_order_system,Explicit Euler is transparent but can distort oscillatory systems if the step size is too large.
forced_near_resonance,4.04,-0.7382324308714646,0.26751681109003167,0.56015771909605,0.1,1.0,-0.1245713495574083,explicit_euler_first_order_system,Explicit Euler is transparent but can distort oscillatory systems if the step size is too large.
forced_near_resonance,4.0600000000000005,-0.7326580315620256,0.27871996547195266,0.5554967373598442,0.1,1.0,-0.1214173011077909,explicit_euler_first_order_system,Explicit Euler is transparent but can distort oscillatory systems if the step size is too large.
forced_near_resonance,4.08,-0.7268614335576425,0.28982990021914956,0.5506807661572064,0.1,1.0,-0.11821468735660629,explicit_euler_first_order_system,Explicit Euler is transparent but can distort oscillatory systems if the step size is too large.
forced_near_resonance,4.1,-0.7208445632467967,0.3008435155422937,0.5457110708316841,0.1,1.0,-0.11496478930665384,explicit_euler_first_order_system,Explicit Euler is transparent but can distort oscillatory systems if the step size is too large.
forced_near_resonance,4.12,-0.7146094085076181,0.3117577369589274,0.5405889542420106,0.1,1.0,-0.11166890687382201,explicit_euler_first_order_system,Explicit Euler is transparent but can distort oscillatory systems if the step size is too large.
forced_near_resonance,4.14,-0.7081580181867427,0.3225695160437676,0.5353157566108495,0.1,1.0,-0.10832835836713972,explicit_euler_first_order_system,Explicit Euler is transparent but can distort oscillatory systems if the step size is too large.
forced_near_resonance,4.16,-0.7014925015632231,0.3332758311759846,0.529892855366557,0.1,1.0,-0.10494447996146927,explicit_euler_first_order_system,Explicit Euler is transparent but can distort oscillatory systems if the step size is too large.
forced_near_resonance,4.18,-0.6946150277975568,0.3438736882833157,0.5243216649778382,0.1,1.0,-0.10151862516305546,explicit_euler_first_order_system,Explicit Euler is transparent but can distort oscillatory systems if the step size is too large.
forced_near_resonance,4.2,-0.6875278253658993,0.3543601215828725,0.5186036367811848,0.1,1.0,-0.0980521642681399,explicit_euler_first_order_system,Explicit Euler is transparent but can distort oscillatory systems if the step size is too large.
forced_near_resonance,4.22,-0.6802331814795294,0.3647321943184962,0.5127402588009682,0.1,1.0,-0.09454648381486198,explicit_euler_first_order_system,Explicit Euler is transparent but can distort oscillatory systems if the step size is too large.
forced_near_resonance,4.24,-0.6727334414896391,0.3749869994945155,0.506733055562075,0.1,1.0,-0.09100298602866096,explicit_euler_first_order_system,Explicit Euler is transparent but can distort oscillatory systems if the step size is too large.
forced_near_resonance,4.26,-0.6650310082775239,0.38512166060575703,0.5005835878949669,0.1,1.0,-0.08742308826140557,explicit_euler_first_order_system,Explicit Euler is transparent but can distort oscillatory systems if the step size is too large.
forced_near_resonance,4.28,-0.6571283416302508,0.3951333323636564,0.4942934527330484,0.1,1.0,-0.08380822242447111,explicit_euler_first_order_system,Explicit Euler is transparent but can distort oscillatory systems if the step size is too large.
forced_near_resonance,4.3,-0.6490279576018845,0.4050192014183174,0.4878642829022259,0.1,1.0,-0.0801598344159951,explicit_euler_first_order_system,Explicit Euler is transparent but can distort oscillatory systems if the step size is too large.
forced_near_resonance,4.32,-0.6407324278603572,0.4147764870763619,0.4812977469025488,0.1,1.0,-0.07647938354253606,explicit_euler_first_order_system,Explicit Euler is transparent but can distort oscillatory systems if the step size is too large.
forced_near_resonance,4.34,-0.6322443790200689,0.42440244201441285,0.47459554868181464,0.1,1.0,-0.07276834193537168,explicit_euler_first_order_system,Explicit Euler is transparent but can distort oscillatory systems if the step size is too large.
forced_near_resonance,4.36,-0.6235664919603079,0.4338943529880491,0.46775942740103343,0.1,1.0,-0.06902819396166462,explicit_euler_first_order_system,Explicit Euler is transparent but can distort oscillatory systems if the step size is too large.
forced_near_resonance,4.38,-0.6147015011295865,0.44324954153606977,0.4607911571916359,0.1,1.0,-0.0652604356307367,explicit_euler_first_order_system,Explicit Euler is transparent but can distort oscillatory systems if the step size is too large.
forced_near_resonance,4.4,-0.6056521938359885,0.4524653646799025,0.45369254690432403,0.1,1.0,-0.06146657399568387,explicit_euler_first_order_system,Explicit Euler is transparent but can distort oscillatory systems if the step size is too large.
forced_near_resonance,4.42,-0.5964214095236287,0.461539215617989,0.4464654398494545,0.1,1.0,-0.05764812655057632,explicit_euler_first_order_system,Explicit Euler is transparent but can distort oscillatory systems if the step size is too large.
forced_near_resonance,4.44,-0.5870120390353291,0.4704685244149781,0.43911171352885364,0.1,1.0,-0.05380662062347981,explicit_euler_first_order_system,Explicit Euler is transparent but can distort oscillatory systems if the step size is too large.
forced_near_resonance,4.46,-0.5774270238616179,0.47925075868555517,0.4316332793589608,0.1,1.0,-0.04994359276554613,explicit_euler_first_order_system,Explicit Euler is transparent but can distort oscillatory systems if the step size is too large.
forced_near_resonance,4.48,-0.5676693553761633,0.4878834242727344,0.4240320823852046,0.1,1.0,-0.046060588136411736,explicit_euler_first_order_system,Explicit Euler is transparent but can distort oscillatory systems if the step size is too large.
forced_near_resonance,4.5,-0.5577420740577544,0.49636406592043847,0.4163101009875108,0.1,1.0,-0.04215915988615594,explicit_euler_first_order_system,Explicit Euler is transparent but can distort oscillatory systems if the step size is too large.
forced_near_resonance,4.5200000000000005,-0.5476482686989507,0.5046902679401887,0.40846934657685274,0.1,1.0,-0.038240868534060155,explicit_euler_first_order_system,Explicit Euler is transparent but can distort oscillatory systems if the step size is too large.
forced_near_resonance,4.54,-0.5373910756015161,0.5128596548717257,0.4005118632827486,0.1,1.0,-0.03430728134442236,explicit_euler_first_order_system,Explicit Euler is transparent but can distort oscillatory systems if the step size is too large.
forced_near_resonance,4.5600000000000005,-0.5269736777587685,0.5208698921373807,0.3924397276316214,0.1,1.0,-0.030359971699670942,explicit_euler_first_order_system,Explicit Euler is transparent but can distort oscillatory systems if the step size is too large.
forced_near_resonance,4.58,-0.5163993040249683,0.5287186866900131,0.3842550482159316,0.1,1.0,-0.026400518471034053,explicit_euler_first_order_system,Explicit Euler is transparent but can distort oscillatory systems if the step size is too large.
forced_near_resonance,4.6000000000000005,-0.5056712282718816,0.5364037876543317,0.37595996535400444,0.1,1.0,-0.022430505387010802,explicit_euler_first_order_system,Explicit Euler is transparent but can distort oscillatory systems if the step size is too large.
forced_near_resonance,4.62,-0.49479276853265336,0.5439229869614118,0.36755665074046867,0.1,1.0,-0.018451520399902333,explicit_euler_first_order_system,Explicit Euler is transparent but can distort oscillatory systems if the step size is too large.
forced_near_resonance,4.64,-0.4837672861331289,0.5512741199762212,0.35904730708723376,0.1,1.0,-0.014465155050650897,explicit_euler_first_order_system,Explicit Euler is transparent but can distort oscillatory systems if the step size is too large.
forced_near_resonance,4.66,-0.4725981848107696,0.5584550661179659,0.3504341677549312,0.1,1.0,-0.010473003832245188,explicit_euler_first_order_system,Explicit Euler is transparent but can distort oscillatory systems if the step size is too large.
forced_near_resonance,4.68,-0.4612889098213083,0.5654637494730645,0.34171949637475046,0.1,1.0,-0.006476663551944946,explicit_euler_first_order_system,Explicit Euler is transparent but can distort oscillatory systems if the step size is too large.
forced_near_resonance,4.7,-0.44984294703329714,0.5722981394005595,0.3329055864606071,0.1,1.0,-0.0024777326925781123,explicit_euler_first_order_system,Explicit Euler is transparent but can distort oscillatory systems if the step size is too large.
forced_near_resonance,4.72,-0.4382638220107017,0.5789562511297717,0.3239947610115769,0.1,1.0,0.0015221892268295805,explicit_euler_first_order_system,Explicit Euler is transparent but can distort oscillatory systems if the step size is too large.
forced_near_resonance,4.74,-0.4265550990837016,0.5854361463500032,0.31498937210454325,0.1,1.0,0.005521502290842304,explicit_euler_first_order_system,Explicit Euler is transparent but can distort oscillatory systems if the step size is too large.
forced_near_resonance,4.76,-0.4147203804078597,0.591735933792094,0.30589180047699843,0.1,1.0,0.009518606827557563,explicit_euler_first_order_system,Explicit Euler is transparent but can distort oscillatory systems if the step size is too large.
forced_near_resonance,4.78,-0.402763305011827,0.597853769801634,0.29670445509995524,0.1,1.0,0.01351190404845504,explicit_euler_first_order_system,Explicit Euler is transparent but can distort oscillatory systems if the step size is too large.
forced_near_resonance,4.8,-0.3906875478337543,0.6037878589036331,0.28742977274091697,0.1,1.0,0.017499796687889282,explicit_euler_first_order_system,Explicit Euler is transparent but can distort oscillatory systems if the step size is too large.
forced_near_resonance,4.82,-0.3784968187465853,0.6095364543584514,0.2780702175168711,0.1,1.0,0.02148068964197605,explicit_euler_first_order_system,Explicit Euler is transparent but can distort oscillatory systems if the step size is too large.
forced_near_resonance,4.84,-0.36619486157240955,0.6150978587087889,0.268628280437263,0.1,1.0,0.02545299060661123,explicit_euler_first_order_system,Explicit Euler is transparent but can distort oscillatory systems if the step size is too large.
forced_near_resonance,4.86,-0.35378545308605885,0.6204704243175341,0.2591064789369247,0.1,1.0,0.029415110714372625,explicit_euler_first_order_system,Explicit Euler is transparent but can distort oscillatory systems if the step size is too large.
forced_near_resonance,4.88,-0.3412724020081334,0.6256525538962726,0.24950735639892324,0.1,1.0,0.033365465170044344,explicit_euler_first_order_system,Explicit Euler is transparent but can distort oscillatory systems if the step size is too large.
forced_near_resonance,4.9,-0.3286595479876484,0.6306427010242511,0.23983348166731333,0.1,1.0,0.03730247388451515,explicit_euler_first_order_system,Explicit Euler is transparent but can distort oscillatory systems if the step size is too large.
forced_near_resonance,4.92,-0.31595076057449645,0.6354393706575974,0.23008744854976865,0.1,1.0,0.04122456210679167,explicit_euler_first_order_system,Explicit Euler is transparent but can distort oscillatory systems if the step size is too large.
forced_near_resonance,4.94,-0.3031499381819246,0.6400411196285928,0.22027187531008519,0.1,1.0,0.045130161053879146,explicit_euler_first_order_system,Explicit Euler is transparent but can distort oscillatory systems if the step size is too large.
forced_near_resonance,4.96,-0.2902610070392287,0.6444465571347945,0.21038940415054214,0.1,1.0,0.04901770853827235,explicit_euler_first_order_system,Explicit Euler is transparent but can distort oscillatory systems if the step size is too large.
forced_near_resonance,4.98,-0.2772879201348726,0.6486543452178053,0.20044270068412268,0.1,1.0,0.05288564959281116,explicit_euler_first_order_system,Explicit Euler is transparent but can distort oscillatory systems if the step size is too large.
forced_near_resonance,5.0,-0.26423465615024283,0.6526631992314877,0.19043445339659051,0.1,1.0,0.05673243709264525,explicit_euler_first_order_system,Explicit Euler is transparent but can distort oscillatory systems if the step size is too large.
forced_near_resonance,5.0200000000000005,-0.2511052183842544,0.6564718882994196,0.1803673730984354,0.1,1.0,0.06055653237406488,explicit_euler_first_order_system,Explicit Euler is transparent but can distort oscillatory systems if the step size is too large.
forced_near_resonance,5.04,-0.23790363366902667,0.6600792357613883,0.1702441923666934,0.1,1.0,0.06435640584994437,explicit_euler_first_order_system,Explicit Euler is transparent but can distort oscillatory systems if the step size is too large.
forced_near_resonance,5.0600000000000005,-0.22463395127685223,0.6634841196087221,0.16006766497666583,0.1,1.0,0.06813053762155802,explicit_euler_first_order_system,Explicit Euler is transparent but can distort oscillatory systems if the step size is too large.
forced_near_resonance,5.08,-0.21130024181868712,0.6666854729082554,0.149840565323554,0.1,1.0,0.07187741808651794,explicit_euler_first_order_system,Explicit Euler is transparent but can distort oscillatory systems if the step size is too large.
forced_near_resonance,5.1000000000000005,-0.1979065961343926,0.6696822842147265,0.1395656878340435,0.1,1.0,0.07559554854259622,explicit_euler_first_order_system,Explicit Euler is transparent but can distort oscillatory systems if the step size is too large.
forced_near_resonance,5.12,-0.18445712417496446,0.6724735979714074,0.12924584636786748,0.1,1.0,0.0792834417871845,explicit_euler_first_order_system,Explicit Euler is transparent but can distort oscillatory systems if the step size is too large.
forced_near_resonance,5.14,-0.17095595387698917,0.6750585148987647,0.1188838736093926,0.1,1.0,0.08293962271215637,explicit_euler_first_order_system,Explicit Euler is transparent but can distort oscillatory systems if the step size is too large.
forced_near_resonance,5.16,-0.15740723002957013,0.6774361923709525,0.10848262044927005,0.1,1.0,0.08656262889389042,explicit_euler_first_order_system,Explicit Euler is transparent but can distort oscillatory systems if the step size is too large.
forced_near_resonance,5.18,-0.14381511313397138,0.6796058447799379,0.09804495535620357,0.1,1.0,0.09015101117821976,explicit_euler_first_order_system,Explicit Euler is transparent but can distort oscillatory systems if the step size is too large.
forced_near_resonance,5.2,-0.13018377825623015,0.681566743887062,0.0875737637388932,0.1,1.0,0.09370333426007543,explicit_euler_first_order_system,Explicit Euler is transparent but can distort oscillatory systems if the step size is too large.
forced_near_resonance,5.22,-0.11651741387299336,0.6833182191618398,0.07707194729821344,0.1,1.0,0.09721817725758804,explicit_euler_first_order_system,Explicit Euler is transparent but can distort oscillatory systems if the step size is too large.
forced_near_resonance,5.24,-0.10282022071083728,0.684859658107804,0.0665424233696993,0.1,1.0,0.10069413428042284,explicit_euler_first_order_system,Explicit Euler is transparent but can distort oscillatory systems if the step size is too large.
forced_near_resonance,5.26,-0.08909641057933332,0.686190506575198,0.0559881242564096,0.1,1.0,0.10412981499211589,explicit_euler_first_order_system,Explicit Euler is transparent but can distort oscillatory systems if the step size is too large.
forced_near_resonance,5.28,-0.0753502051981268,0.6873102690603262,0.04541199655225282,0.1,1.0,0.10752384516619128,explicit_euler_first_order_system,Explicit Euler is transparent but can distort oscillatory systems if the step size is too large.
forced_near_resonance,5.3,-0.06158583501829937,0.6882185089913713,0.03481700045585727,0.1,1.0,0.11087486723583216,explicit_euler_first_order_system,Explicit Euler is transparent but can distort oscillatory systems if the step size is too large.
forced_near_resonance,5.32,-0.0478075380382896,0.6889148490004884,0.02420610907508263,0.1,1.0,0.11418154083689072,explicit_euler_first_order_system,Explicit Euler is transparent but can distort oscillatory systems if the step size is too large.
forced_near_resonance,5.34,-0.034019558614649795,0.68939897118199,0.013582307722266415,0.1,1.0,0.11744254334401463,explicit_euler_first_order_system,Explicit Euler is transparent but can distort oscillatory systems if the step size is too large.
forced_near_resonance,5.36,-0.02022614626792109,0.6896706173364353,0.0029485932003148196,0.1,1.0,0.1206565703996808,explicit_euler_first_order_system,Explicit Euler is transparent but can distort oscillatory systems if the step size is too large.
forced_near_resonance,5.38,-0.0064315544839122565,0.6897295892004416,-0.007692026920256341,0.1,1.0,0.12382233643591974,explicit_euler_first_order_system,Explicit Euler is transparent but can distort oscillatory systems if the step size is too large.
forced_near_resonance,5.4,0.007359960489328472,0.6895757486620364,-0.01833653503320882,0.1,1.0,0.12693857518852694,explicit_euler_first_order_system,Explicit Euler is transparent but can distort oscillatory systems if the step size is too large.
forced_near_resonance,5.42,0.02114414084855592,0.6892090179613722,-0.028981904237280025,0.1,1.0,0.13000404020355036,explicit_euler_first_order_system,Explicit Euler is transparent but can distort oscillatory systems if the step size is too large.
forced_near_resonance,5.44,0.03491672844608845,0.6886293798766266,-0.039625099085557225,0.1,1.0,0.13301750533585657,explicit_euler_first_order_system,Explicit Euler is transparent but can distort oscillatory systems if the step size is too large.
forced_near_resonance,5.46,0.04867346600398676,0.6878368778949155,-0.050263076343398445,0.1,1.0,0.13597776523957142,explicit_euler_first_order_system,Explicit Euler is transparent but can distort oscillatory systems if the step size is too large.
forced_near_resonance,5.48,0.06241009833134771,0.6868316163680476,-0.06089278575475397,0.1,1.0,0.13888363585020325,explicit_euler_first_order_system,Explicit Euler is transparent but can distort oscillatory systems if the step size is too large.
forced_near_resonance,5.5,0.07612237354440676,0.6856137606529525,-0.0715111708167453,0.1,1.0,0.141733954858252,explicit_euler_first_order_system,Explicit Euler is transparent but can distort oscillatory systems if the step size is too large.
forced_near_resonance,5.5200000000000005,0.08980604428913912,0.6841835372366176,-0.08211516956234423,0.1,1.0,0.14452758217411843,explicit_euler_first_order_system,Explicit Euler is transparent but can distort oscillatory systems if the step size is too large.
forced_near_resonance,5.54,0.10345686896604653,0.6825412338453707,-0.0927017153509968,0.1,1.0,0.14726340038412386,explicit_euler_first_order_system,Explicit Euler is transparent but can distort oscillatory systems if the step size is too large.
forced_near_resonance,5.5600000000000005,0.11707061295681355,0.6806871995383508,-0.10326773766702214,0.1,1.0,0.14994031519746157,explicit_euler_first_order_system,Explicit Euler is transparent but can distort oscillatory systems if the step size is too large.
forced_near_resonance,5.58,0.13064304985251377,0.6786218447850103,-0.11381016292561813,0.1,1.0,0.1525572558838977,explicit_euler_first_order_system,Explicit Euler is transparent but can distort oscillatory systems if the step size is too large.
forced_near_resonance,5.6000000000000005,0.14416996268304372,0.6763456415264979,-0.12432591528629325,0.1,1.0,0.15511317570205005,explicit_euler_first_order_system,Explicit Euler is transparent but can distort oscillatory systems if the step size is too large.
forced_near_resonance,5.62,0.15764714514745914,0.673859123220772,-0.134811917473544,0.1,1.0,0.15760705231806954,explicit_euler_first_order_system,Explicit Euler is transparent but can distort oscillatory systems if the step size is too large.
forced_near_resonance,5.64,0.17107040284488517,0.6711628848713012,-0.14526509160458428,0.1,1.0,0.16003788821456114,explicit_euler_first_order_system,Explicit Euler is transparent but can distort oscillatory systems if the step size is too large.
forced_near_resonance,5.66,0.18443555450566937,0.6682575830392095,-0.15568236002393415,0.1,1.0,0.1624047110895771,explicit_euler_first_order_system,Explicit Euler is transparent but can distort oscillatory systems if the step size is too large.
forced_near_resonance,5.68,0.197738433222444,0.6651439358387308,-0.16606064614466576,0.1,1.0,0.1647065742455244,explicit_euler_first_order_system,Explicit Euler is transparent but can distort oscillatory systems if the step size is too large.
forced_near_resonance,5.7,0.21097488768076075,0.6618227229158374,-0.17639687529609627,0.1,1.0,0.16694255696783197,explicit_euler_first_order_system,Explicit Euler is transparent but can distort oscillatory systems if the step size is too large.
forced_near_resonance,5.72,0.22414078338895907,0.6582947854099155,-0.1866879755777188,0.1,1.0,0.16911176489322338,explicit_euler_first_order_system,Explicit Euler is transparent but can distort oscillatory systems if the step size is too large.
forced_near_resonance,5.74,0.23723200390692628,0.6545610258983611,-0.19693087871914744,0.1,1.0,0.17121333036745107,explicit_euler_first_order_system,Explicit Euler is transparent but can distort oscillatory systems if the step size is too large.
forced_near_resonance,5.76,0.25024445207340584,0.6506224083239781,-0.20712252094585581,0.1,1.0,0.17324641279234565,explicit_euler_first_order_system,Explicit Euler is transparent but can distort oscillatory systems if the step size is too large.
forced_near_resonance,5.78,0.26317405123150706,0.646479957905061,-0.2172598438504745,0.1,1.0,0.17521019896204476,explicit_euler_first_order_system,Explicit Euler is transparent but can distort oscillatory systems if the step size is too large.
forced_near_resonance,5.8,0.2760167464520681,0.6421347610280514,-0.22733979526941459,0.1,1.0,0.1771039033882638,explicit_euler_first_order_system,Explicit Euler is transparent but can distort oscillatory systems if the step size is too large.
forced_near_resonance,5.82,0.28876850575452134,0.6375879651226631,-0.23735933016457247,0.1,1.0,0.1789267686144815,explicit_euler_first_order_system,Explicit Euler is transparent but can distort oscillatory systems if the step size is too large.
forced_near_resonance,5.84,0.3014253213249088,0.6328407785193717,-0.24731541150987135,0.1,1.0,0.18067806551891177,explicit_euler_first_order_system,Explicit Euler is transparent but can distort oscillatory systems if the step size is too large.
forced_near_resonance,5.86,0.3139832107306923,0.6278944702891742,-0.2572050111823838,0.1,1.0,0.18235709360614333,explicit_euler_first_order_system,Explicit Euler is transparent but can distort oscillatory systems if the step size is too large.
forced_near_resonance,5.88,0.32643821813200286,0.6227503700655266,-0.26702511085778036,0.1,1.0,0.18396318128732783,explicit_euler_first_order_system,Explicit Euler is transparent but can distort oscillatory systems if the step size is too large.
forced_near_resonance,5.9,0.33878641548897026,0.6174098678483709,-0.27677270290983724,0.1,1.0,0.18549568614880718,explicit_euler_first_order_system,Explicit Euler is transparent but can distort oscillatory systems if the step size is too large.
forced_near_resonance,5.92,0.35102390376477377,0.6118744137901742,-0.2864447913137388,0.1,1.0,0.1869539952090698,explicit_euler_first_order_system,Explicit Euler is transparent but can distort oscillatory systems if the step size is too large.
forced_near_resonance,5.94,0.36314681412405175,0.6061455179638994,-0.2960383925528961,0.1,1.0,0.18833752516393554,explicit_euler_first_order_system,Explicit Euler is transparent but can distort oscillatory systems if the step size is too large.
forced_near_resonance,5.96,0.37515130912630856,0.6002247501128415,-0.3055505365290077,0.1,1.0,0.18964572261986917,explicit_euler_first_order_system,Explicit Euler is transparent but can distort oscillatory systems if the step size is too large.
forced_near_resonance,5.98,0.3870335839139538,0.5941137393822613,-0.31497826747507524,0.1,1.0,0.19087806431533083,explicit_euler_first_order_system,Explicit Euler is transparent but can distort oscillatory systems if the step size is too large.
forced_near_resonance,6.0,0.39878986739460903,0.5878141740327598,-0.3243186448710878,0.1,1.0,0.1920340573300732,explicit_euler_first_order_system,Explicit Euler is transparent but can distort oscillatory systems if the step size is too large.
forced_near_resonance,6.0200000000000005,0.41041642341731577,0.5813278011353381,-0.33356874436207984,0.1,1.0,0.1931132392823036,explicit_euler_first_order_system,Explicit Euler is transparent but can distort oscillatory systems if the step size is too large.
forced_near_resonance,6.04,0.4219095519422777,0.5746564262480965,-0.34272565867826715,0.1,1.0,0.19411517851362986,explicit_euler_first_order_system,Explicit Euler is transparent but can distort oscillatory systems if the step size is too large.
forced_near_resonance,6.0600000000000005,0.4332655902037683,0.5678019130745312,-0.351786498556956,0.1,1.0,0.19503947426171858,explicit_euler_first_order_system,Explicit Euler is transparent but can distort oscillatory systems if the step size is too large.
forced_near_resonance,6.08,0.44448091386583616,0.5607661831033921,-0.3607483936659204,0.1,1.0,0.19588575682059423,explicit_euler_first_order_system,Explicit Euler is transparent but can distort oscillatory systems if the step size is too large.
forced_near_resonance,6.1000000000000005,0.45555193817043765,0.5535512152300737,-0.36960849352793546,0.1,1.0,0.19665368768851696,explicit_euler_first_order_system,Explicit Euler is transparent but can distort oscillatory systems if the step size is too large.
forced_near_resonance,6.12,0.46647511907762795,0.546159045359515,-0.3783639684461525,0.1,1.0,0.19734295970337845,explicit_euler_first_order_system,Explicit Euler is transparent but can distort oscillatory systems if the step size is too large.
forced_near_resonance,6.140000000000001,0.4772469543974398,0.5385917659905919,-0.3870120104299952,0.1,1.0,0.19795329716556298,explicit_euler_first_order_system,Explicit Euler is transparent but can distort oscillatory systems if the step size is too large.
forced_near_resonance,6.16,0.48786398491307964,0.530851525781992,-0.39554983412125466,0.1,1.0,0.1984844559482234,explicit_euler_first_order_system,Explicit Euler is transparent but can distort oscillatory systems if the step size is too large.
forced_near_resonance,6.18,0.49832279549507097,0.5229405290995669,-0.40397467772005574,0.1,1.0,0.1989362235949286,explicit_euler_first_order_system,Explicit Euler is transparent but can distort oscillatory systems if the step size is too large.
forced_near_resonance,6.2,0.5086200162059743,0.5148610355451658,-0.41228380391036396,0.1,1.0,0.1993084194046435,explicit_euler_first_order_system,Explicit Euler is transparent but can distort oscillatory systems if the step size is too large.
forced_near_resonance,6.22,0.5187523233953135,0.5066153594669586,-0.42047450078469856,0.1,1.0,0.1996008945040067,explicit_euler_first_order_system,Explicit Euler is transparent but can distort oscillatory systems if the step size is too large.
forced_near_resonance,6.24,0.5287164407843388,0.4982058694512646,-0.4285440827677136,0.1,1.0,0.19981353190687806,explicit_euler_first_order_system,Explicit Euler is transparent but can distort oscillatory systems if the step size is too large.
forced_near_resonance,6.26,0.538509140540257,0.48963498779591036,-0.43648989153830753,0.1,1.0,0.19994624656113158,explicit_euler_first_order_system,Explicit Euler is transparent but can distort oscillatory systems if the step size is too large.
forced_near_resonance,6.28,0.5481272443395598,0.4809051899651442,-0.4443092969499136,0.1,1.0,0.19999898538267505,explicit_euler_first_order_system,Explicit Euler is transparent but can distort oscillatory systems if the step size is too large.
forced_near_resonance,6.3,0.5575676244200828,0.47201900402614594,-0.45199969794862893,0.1,1.0,0.19997172727668303,explicit_euler_first_order_system,Explicit Euler is transparent but can distort oscillatory systems if the step size is too large.
forced_near_resonance,6.32,0.5668272046214262,0.46297901006717335,-0.4595585234888264,0.1,1.0,0.1998644831460345,explicit_euler_first_order_system,Explicit Euler is transparent but can distort oscillatory systems if the step size is too large.
forced_near_resonance,6.34,0.5759029614133742,0.4537878395973968,-0.46698323344590176,0.1,1.0,0.1996772958869518,explicit_euler_first_order_system,Explicit Euler is transparent but can distort oscillatory systems if the step size is too large.
forced_near_resonance,6.36,0.5847919249119438,0.44444817492847877,-0.47427131952579676,0.1,1.0,0.19941024037184274,explicit_euler_first_order_system,Explicit Euler is transparent but can distort oscillatory systems if the step size is too large.
forced_near_resonance,6.38,0.5934911798827031,0.43496274853796285,-0.4814203061709429,0.1,1.0,0.1990634234193527,explicit_euler_first_order_system,Explicit Euler is transparent but can distort oscillatory systems if the step size is too large.
forced_near_resonance,6.4,0.601997866730994,0.425334342414544,-0.48842775146226425,0.1,1.0,0.19863698375163852,explicit_euler_first_order_system,Explicit Euler is transparent but can distort oscillatory systems if the step size is too large.
forced_near_resonance,6.42,0.6103091824786999,0.4155657873852987,-0.4952912480168782,0.1,1.0,0.1981310919388815,explicit_euler_first_order_system,Explicit Euler is transparent but can distort oscillatory systems if the step size is too large.
forced_near_resonance,6.44,0.6184223817271991,0.40565996242496116,-0.5020084238811298,0.1,1.0,0.1975459503310616,explicit_euler_first_order_system,Explicit Euler is transparent but can distort oscillatory systems if the step size is too large.
forced_near_resonance,6.46,0.6263347776061459,0.3956197939473386,-0.5085769434185935,0.1,1.0,0.19688179297702013,explicit_euler_first_order_system,Explicit Euler is transparent but can distort oscillatory systems if the step size is too large.
forced_near_resonance,6.48,0.6340437427077252,0.38544825507896674,-0.5149945081926751,0.1,1.0,0.19613888553084347,explicit_euler_first_order_system,Explicit Euler is transparent but can distort oscillatory systems if the step size is too large.
forced_near_resonance,6.5,0.6415467100060275,0.3751483649151132,-0.5212588578434454,0.1,1.0,0.19531752514560471,explicit_euler_first_order_system,Explicit Euler is transparent but can distort oscillatory systems if the step size is too large.
forced_near_resonance,6.5200000000000005,0.6488411737611923,0.3647231877582443,-0.5273677709583345,0.1,1.0,0.19441804035450663,explicit_euler_first_order_system,Explicit Euler is transparent but can distort oscillatory systems if the step size is too large.
forced_near_resonance,6.54,0.6559246904079739,0.3541758323390776,-0.5333190659363166,0.1,1.0,0.19344079093947278,explicit_euler_first_order_system,Explicit Euler is transparent but can distort oscillatory systems if the step size is too large.
forced_near_resonance,6.5600000000000005,0.6627948794283809,0.3435094510203513,-0.5391106018452119,0.1,1.0,0.19238616778723927,explicit_euler_first_order_system,Explicit Euler is transparent but can distort oscillatory systems if the step size is too large.
forced_near_resonance,6.58,0.6694494242080499,0.3327272389834471,-0.5447402792717337,0.1,1.0,0.19125459273300557,explicit_euler_first_order_system,Explicit Euler is transparent but can distort oscillatory systems if the step size is too large.
forced_near_resonance,6.6000000000000005,0.6758860728760101,0.32183243339801243,-0.5502060411639067,0.1,1.0,0.19004651839170586,explicit_euler_first_order_system,Explicit Euler is transparent but can distort oscillatory systems if the step size is too large.
forced_near_resonance,6.62,0.6821026391275048,0.3108283125747343,-0.5555058736654823,0.1,1.0,0.18876242797696935,explicit_euler_first_order_system,Explicit Euler is transparent but can distort oscillatory systems if the step size is too large.
forced_near_resonance,6.640000000000001,0.6880970030295332,0.29971819510142467,-0.5606378069419774,0.1,1.0,0.18740283510784078,explicit_euler_first_order_system,Explicit Euler is transparent but can distort oscillatory systems if the step size is too large.
forced_near_resonance,6.66,0.6938671118087849,0.2885054389625851,-0.5655999159979617,0.1,1.0,0.18596828360334028,explicit_euler_first_order_system,Explicit Euler is transparent but can distort oscillatory systems if the step size is too large.
forced_near_resonance,6.68,0.6994109806216374,0.2771934406426259,-0.5703903214852201,0.1,1.0,0.1844593472649425,explicit_euler_first_order_system,Explicit Euler is transparent but can distort oscillatory systems if the step size is too large.
forced_near_resonance,6.7,0.7047266933058959,0.2657856342129215,-0.5750071905014162,0.1,1.0,0.1828766296470639,explicit_euler_first_order_system,Explicit Euler is transparent but can distort oscillatory systems if the step size is too large.
forced_near_resonance,6.72,0.7098124031139538,0.25428549040289317,-0.5794487373788834,0.1,1.0,0.18122076381564903,explicit_euler_first_order_system,Explicit Euler is transparent but can distort oscillatory systems if the step size is too large.
forced_near_resonance,6.74,0.7146663334270601,0.2426965156553155,-0.5837132244631708,0.1,1.0,0.17949241209495248,explicit_euler_first_order_system,Explicit Euler is transparent but can distort oscillatory systems if the step size is too large.
forced_near_resonance,6.76,0.7192867784503811,0.23102225116605207,-0.5877989628809732,0.1,1.0,0.17769226580261832,explicit_euler_first_order_system,Explicit Euler is transparent but can distort oscillatory systems if the step size is too large.
forced_near_resonance,6.78,0.7236721038885497,0.21926627190843262,-0.5917043132970746,0.1,1.0,0.17582104497316162,explicit_euler_first_order_system,Explicit Euler is transparent but can distort oscillatory systems if the step size is too large.
forced_near_resonance,6.8,0.7278207476013996,0.20743218564249113,-0.5954276866599327,0.1,1.0,0.17387949806996505,explicit_euler_first_order_system,Explicit Euler is transparent but can distort oscillatory systems if the step size is too large.
forced_near_resonance,6.82,0.7317312202395855,0.19552363190929248,-0.5989675449355412,0.1,1.0,0.17186840168590284,explicit_euler_first_order_system,Explicit Euler is transparent but can distort oscillatory systems if the step size is too large.
forced_near_resonance,6.84,0.7354021058597972,0.18354428101058165,-0.602322401829199,0.1,1.0,0.1697885602327145,explicit_euler_first_order_system,Explicit Euler is transparent but can distort oscillatory systems if the step size is too large.
forced_near_resonance,6.86,0.7388320625192771,0.17149783297399768,-0.6054908234948264,0.1,1.0,0.16764080561925024,explicit_euler_first_order_system,Explicit Euler is transparent but can distort oscillatory systems if the step size is too large.
forced_near_resonance,6.88,0.7420198228493592,0.15938801650410114,-0.6084714292314601,0.1,1.0,0.16542599691871934,explicit_euler_first_order_system,Explicit Euler is transparent but can distort oscillatory systems if the step size is too large.
forced_near_resonance,6.9,0.7449641946077487,0.14721858791947195,-0.6112628921665717,0.1,1.0,0.1631450200250714,explicit_euler_first_order_system,Explicit Euler is transparent but can distort oscillatory systems if the step size is too large.
forced_near_resonance,6.92,0.7476640612092714,0.13499333007614053,-0.6138639399258481,0.1,1.0,0.16079878729865144,explicit_euler_first_order_system,Explicit Euler is transparent but can distort oscillatory systems if the step size is too large.
forced_near_resonance,6.94,0.7501183822348239,0.12271605127762357,-0.6162733552890814,0.1,1.0,0.15838823720126716,explicit_euler_first_order_system,Explicit Euler is transparent but can distort oscillatory systems if the step size is too large.
forced_near_resonance,6.96,0.7523261939182607,0.11039058417184194,-0.6184899768318116,0.1,1.0,0.15591433392081752,explicit_euler_first_order_system,Explicit Euler is transparent but can distort oscillatory systems if the step size is too large.
forced_near_resonance,6.98,0.7542866096109648,0.09802078463520571,-0.6205126995523764,0.1,1.0,0.1533780669856295,explicit_euler_first_order_system,Explicit Euler is transparent but can distort oscillatory systems if the step size is too large.
forced_near_resonance,7.0,0.755998820223848,0.08561053064415818,-0.6223404754840187,0.1,1.0,0.15078045086866093,explicit_euler_first_order_system,Explicit Euler is transparent but can distort oscillatory systems if the step size is too large.
forced_near_resonance,7.0200000000000005,0.7574620946465376,0.0731637211344778,-0.6239723142917091,0.1,1.0,0.148122524581724,explicit_euler_first_order_system,Explicit Euler is transparent but can distort oscillatory systems if the step size is too large.
forced_near_resonance,7.04,0.7586757801435104,0.060684274848643624,-0.625407283853344,0.1,1.0,0.14540535125989518,explicit_euler_first_order_system,Explicit Euler is transparent but can distort oscillatory systems if the step size is too large.
forced_near_resonance,7.0600000000000005,0.759639302726942,0.048176129171576744,-0.626644510824983,0.1,1.0,0.14263001773627446,explicit_euler_first_order_system,Explicit Euler is transparent but can distort oscillatory systems if the step size is too large.
forced_near_resonance,7.08,0.7603521675060436,0.03564323895507708,-0.6276831811897915,0.1,1.0,0.13979763410726753,explicit_euler_first_order_system,Explicit Euler is transparent but can distort oscillatory systems if the step size is too large.
forced_near_resonance,7.1000000000000005,0.7608139590126692,0.02308957533128125,-0.6285225407903643,0.1,1.0,0.1369093332885612,explicit_euler_first_order_system,Explicit Euler is transparent but can distort oscillatory systems if the step size is too large.
forced_near_resonance,7.12,0.7610243415029787,0.010519124515473963,-0.6291618958441005,0.1,1.0,0.133966270561973,explicit_euler_first_order_system,Explicit Euler is transparent but can distort oscillatory systems if the step size is too large.
forced_near_resonance,7.140000000000001,0.7609830592349506,-0.0020641134014080485,-0.6296006134413159,0.1,1.0,0.130969623113353,explicit_euler_first_order_system,Explicit Euler is transparent but can distort oscillatory systems if the step size is too large.
forced_near_resonance,7.16,0.7606899367215458,-0.014656125670234367,-0.6298381220257728,0.1,1.0,0.12792058956172614,explicit_euler_first_order_system,Explicit Euler is transparent but can distort oscillatory systems if the step size is too large.
forced_near_resonance,7.18,0.7601448789593308,-0.027252888110749822,-0.6298739118573211,0.1,1.0,0.12482038947985974,explicit_euler_first_order_system,Explicit Euler is transparent but can distort oscillatory systems if the step size is too large.
forced_near_resonance,7.2,0.7593478716323728,-0.039850366347896245,-0.6297075354563426,0.1,1.0,0.12167026290645092,explicit_euler_first_order_system,Explicit Euler is transparent but can distort oscillatory systems if the step size is too large.
forced_near_resonance,7.22,0.7582989812912324,-0.0524445170570231,-0.6293386080296997,0.1,1.0,0.11847146985012819,explicit_euler_first_order_system,Explicit Euler is transparent but can distort oscillatory systems if the step size is too large.
forced_near_resonance,7.24,0.7569983555068801,-0.06503128921761708,-0.6287668078778929,0.1,1.0,0.11522528978546381,explicit_euler_first_order_system,Explicit Euler is transparent but can distort oscillatory systems if the step size is too large.
forced_near_resonance,7.26,0.7554462229993766,-0.07760662537517495,-0.6279918767831395,0.1,1.0,0.1119330211412021,explicit_euler_first_order_system,Explicit Euler is transparent but can distort oscillatory systems if the step size is too large.
forced_near_resonance,7.28,0.7536428937411598,-0.09016646291083774,-0.627013620378088,0.1,1.0,0.10859598078090414,explicit_euler_first_order_system,Explicit Euler is transparent but can distort oscillatory systems if the step size is too large.
forced_near_resonance,7.3,0.7515887590347918,-0.10270673531839951,-0.6258319084948909,0.1,1.0,0.10521550347622106,explicit_euler_first_order_system,Explicit Euler is transparent but can distort oscillatory systems if the step size is too large.
forced_near_resonance,7.32,0.7492842915650259,-0.11522337348829732,-0.6244466754943643,0.1,1.0,0.10179294137300204,explicit_euler_first_order_system,Explicit Euler is transparent but can distort oscillatory systems if the step size is too large.
forced_near_resonance,7.34,0.7467300454250622,-0.12771230699818462,-0.6228579205749701,0.1,1.0,0.09832966345045509,explicit_euler_first_order_system,Explicit Euler is transparent but can distort oscillatory systems if the step size is too large.
forced_near_resonance,7.36,0.7439266561168685,-0.14016946540968403,-0.6210657080613592,0.1,1.0,0.0948270549735725,explicit_euler_first_order_system,Explicit Euler is transparent but can distort oscillatory systems if the step size is too large.
forced_near_resonance,7.38,0.7408748405254503,-0.15259077957091122,-0.6190701676722236,0.1,1.0,0.0912865169390445,explicit_euler_first_order_system,Explicit Euler is transparent but can distort oscillatory systems if the step size is too large.
forced_near_resonance,7.4,0.7375753968669632,-0.1649721829243557,-0.6168714947672139,0.1,1.0,0.08770946551487807,explicit_euler_first_order_system,Explicit Euler is transparent but can distort oscillatory systems if the step size is too large.
forced_near_resonance,7.42,0.7340292046105692,-0.17730961281969998,-0.6144699505726794,0.1,1.0,0.0840973314739498,explicit_euler_first_order_system,Explicit Euler is transparent but can distort oscillatory systems if the step size is too large.
forced_near_resonance,7.44,0.7302372243739461,-0.18959901183115357,-0.6118658623860008,0.1,1.0,0.08045155962171457,explicit_euler_first_order_system,Explicit Euler is transparent but can distort oscillatory systems if the step size is too large.
forced_near_resonance,7.46,0.7262004977923686,-0.20183632907887358,-0.6090596237582899,0.1,1.0,0.07677360821830398,explicit_euler_first_order_system,Explicit Euler is transparent but can distort oscillatory systems if the step size is too large.
forced_near_resonance,7.48,0.7219201473612878,-0.21401752155403939,-0.6060516946552396,0.1,1.0,0.07306494839524039,explicit_euler_first_order_system,Explicit Euler is transparent but can distort oscillatory systems if the step size is too large.
forced_near_resonance,7.5,0.717397376252345,-0.22613855544714417,-0.602842601595911,0.1,1.0,0.06932706356700517,explicit_euler_first_order_system,Explicit Euler is transparent but can distort oscillatory systems if the step size is too large.
forced_near_resonance,7.5200000000000005,0.7126334681027637,-0.2381954074790624,-0.5994329377692598,0.1,1.0,0.06556144883769151,explicit_euler_first_order_system,Explicit Euler is transparent but can distort oscillatory systems if the step size is too large.
forced_near_resonance,7.54,0.7076297867780748,-0.2501840662344476,-0.5958233631282013,0.1,1.0,0.06176961040298393,explicit_euler_first_order_system,Explicit Euler is transparent but can distort oscillatory systems if the step size is too large.
forced_near_resonance,7.5600000000000005,0.7023877761081345,-0.2621005334970116,-0.5920146044610334,0.1,1.0,0.05795306494769882,explicit_euler_first_order_system,Explicit Euler is transparent but can distort oscillatory systems if the step size is too large.
forced_near_resonance,7.58,0.6969089595964099,-0.2739408255862323,-0.5880074554400314,0.1,1.0,0.05411333903913203,explicit_euler_first_order_system,Explicit Euler is transparent but can distort oscillatory systems if the step size is too large.
forced_near_resonance,7.6000000000000005,0.6911949401025091,-0.2857009746950329,-0.5838027766470516,0.1,1.0,0.05025196851645097,explicit_euler_first_order_system,Explicit Euler is transparent but can distort oscillatory systems if the step size is too large.
forced_near_resonance,7.62,0.6852473994979497,-0.29737703022797396,-0.5794014955759741,0.1,1.0,0.04637049787638083,explicit_euler_first_order_system,Explicit Euler is transparent but can distort oscillatory systems if the step size is too large.
forced_near_resonance,7.640000000000001,0.6790680982951598,-0.30896506013949343,-0.5748046066118361,0.1,1.0,0.042470479655425025,explicit_euler_first_order_system,Explicit Euler is transparent but can distort oscillatory systems if the step size is too large.
forced_near_resonance,7.66,0.6726588752497252,-0.32046115227173017,-0.5700131709865065,0.1,1.0,0.03855347380887273,explicit_euler_first_order_system,Explicit Euler is transparent but can distort oscillatory systems if the step size is too large.
forced_near_resonance,7.68,0.666021646935896,-0.33186141569146027,-0.5650283167107677,0.1,1.0,0.03462104708683635,explicit_euler_first_order_system,Explicit Euler is transparent but can distort oscillatory systems if the step size is too large.
forced_near_resonance,7.7,0.6591584072953826,-0.3431619820256756,-0.5598512384826746,0.1,1.0,0.03067477240757287,explicit_euler_first_order_system,Explicit Euler is transparent but can distort oscillatory systems if the step size is too large.
forced_near_resonance,7.72,0.652071227159476,-0.3543590067953291,-0.5544831975720721,0.1,1.0,0.026716228228338048,explicit_euler_first_order_system,Explicit Euler is transparent but can distort oscillatory systems if the step size is too large.
forced_near_resonance,7.74,0.6447622537445405,-0.36544867074677057,-0.548925521681163,0.1,1.0,0.022746997914023345,explicit_euler_first_order_system,Explicit Euler is transparent but can distort oscillatory systems if the step size is too large.
forced_near_resonance,7.76,0.6372337101209327,-0.3764271811803938,-0.5431796047810215,0.1,1.0,0.018768669103832465,explicit_euler_first_order_system,Explicit Euler is transparent but can distort oscillatory systems if the step size is too large.
forced_near_resonance,7.78,0.6294878946554123,-0.38729077327601424,-0.537246906923964,0.1,1.0,0.014782833076245462,explicit_euler_first_order_system,Explicit Euler is transparent but can distort oscillatory systems if the step size is too large.
forced_near_resonance,7.8,0.6215271804271224,-0.3980357114144935,-0.5311289540316937,0.1,1.0,0.01079108411252995,explicit_euler_first_order_system,Explicit Euler is transparent but can distort oscillatory systems if the step size is too large.
forced_near_resonance,7.82,0.6133540146172198,-0.40865829049512736,-0.5248273376591459,0.1,1.0,0.006795018859048454,explicit_euler_first_order_system,Explicit Euler is transparent but can distort oscillatory systems if the step size is too large.
forced_near_resonance,7.84,0.6049709178722537,-0.41915483724831026,-0.518343714733969,0.1,1.0,0.0027962356886225576,explicit_euler_first_order_system,Explicit Euler is transparent but can distort oscillatory systems if the step size is too large.
forced_near_resonance,7.86,0.5963804836413938,-0.4295217115429896,-0.5116798072715922,0.1,1.0,-0.0012036659387963196,explicit_euler_first_order_system,Explicit Euler is transparent but can distort oscillatory systems if the step size is too large.
forced_near_resonance,7.88,0.5875853774876254,-0.43975530768842147,-0.5048374020658293,0.1,1.0,-0.005203086115888166,explicit_euler_first_order_system,Explicit Euler is transparent but can distort oscillatory systems if the step size is too large.
forced_near_resonance,7.9,0.5785883363730306,-0.4498520557297381,-0.49781835035499045,0.1,1.0,-0.00920042512790739,explicit_euler_first_order_system,Explicit Euler is transparent but can distort oscillatory systems if the step size is too large.
forced_near_resonance,7.92,0.5693921679182938,-0.45980842273683786,-0.4906245674634722,0.1,1.0,-0.013194084092545974,explicit_euler_first_order_system,Explicit Euler is transparent but can distort oscillatory systems if the step size is too large.
forced_near_resonance,7.94,0.5599997496365717,-0.4696209140861073,-0.48325803241881676,0.1,1.0,-0.017182465599466495,explicit_euler_first_order_system,Explicit Euler is transparent but can distort oscillatory systems if the step size is too large.
forced_near_resonance,7.96,0.550414028141882,-0.47928607473448365,-0.4757207875442288,0.1,1.0,-0.021163974349243535,explicit_euler_first_order_system,Explicit Euler is transparent but can distort oscillatory systems if the step size is too large.
forced_near_resonance,7.98,0.5406380183321746,-0.4888004904853682,-0.4680149380265646,0.1,1.0,-0.025137017791463618,explicit_euler_first_order_system,Explicit Euler is transparent but can distort oscillatory systems if the step size is too large.
forced_near_resonance,8.0,0.5306748025472566,-0.4981607892458995,-0.46014265145979943,0.1,1.0,-0.02910000676172271,explicit_euler_first_order_system,Explicit Euler is transparent but can distort oscillatory systems if the step size is too large.
forced_near_resonance,8.02,0.5205275297017548,-0.5073636422750954,-0.4521061573640077,0.1,1.0,-0.03305135611727202,explicit_euler_first_order_system,Explicit Euler is transparent but can distort oscillatory systems if the step size is too large.
forced_near_resonance,8.040000000000001,0.5101994143933073,-0.5164057654223756,-0.44390774667988586,0.1,1.0,-0.036989485371053656,explicit_euler_first_order_system,Explicit Euler is transparent but can distort oscillatory systems if the step size is too large.
forced_near_resonance,8.06,0.4996937359861878,-0.5252839203559733,-0.43554977123886623,0.1,1.0,-0.040912819323873084,explicit_euler_first_order_system,Explicit Euler is transparent but can distort oscillatory systems if the step size is too large.
forced_near_resonance,8.08,0.4890138376705728,-0.5339949157807506,-0.4270346432088826,0.1,1.0,-0.04481978869445993,explicit_euler_first_order_system,Explicit Euler is transparent but can distort oscillatory systems if the step size is too large.
forced_near_resonance,8.1,0.47816312549767426,-0.5425356086449283,-0.41836483451584683,0.1,1.0,-0.048708830747158226,explicit_euler_first_order_system,Explicit Euler is transparent but can distort oscillatory systems if the step size is too large.
forced_near_resonance,8.120000000000001,0.46714506739096934,-0.5509029053352452,-0.40954287624092073,0.1,1.0,-0.052578389917000416,explicit_euler_first_order_system,Explicit Euler is transparent but can distort oscillatory systems if the step size is too large.
forced_near_resonance,8.14,0.45596319213376807,-0.5590937628600636,-0.40057135799366667,0.1,1.0,-0.05642691843191131,explicit_euler_first_order_system,Explicit Euler is transparent but can distort oscillatory systems if the step size is too large.
forced_near_resonance,8.16,0.44462108833336933,-0.567105190019937,-0.39145292726118025,0.1,1.0,-0.060252876931798316,explicit_euler_first_order_system,Explicit Euler is transparent but can distort oscillatory systems if the step size is too large.
forced_near_resonance,8.18,0.43312240336206614,-0.5749342485651606,-0.3821902887333076,0.1,1.0,-0.0640547350842736,explicit_euler_first_order_system,Explicit Euler is transparent but can distort oscillatory systems if the step size is too large.
forced_near_resonance,8.2,0.4214708422752696,-0.5825780543398268,-0.37278620360407116,0.1,1.0,-0.06783097219676691,explicit_euler_first_order_system,Explicit Euler is transparent but can distort oscillatory systems if the step size is too large.
forced_near_resonance,8.22,0.40967016670703144,-0.5900337784119082,-0.3632434888494325,0.1,1.0,-0.07158007782478275,explicit_euler_first_order_system,Explicit Euler is transparent but can distort oscillatory systems if the step size is too large.
forced_near_resonance,8.24,0.3977241937432535,-0.5972986481888969,-0.3535650164815308,0.1,1.0,-0.07530055237605666,explicit_euler_first_order_system,Explicit Euler is transparent but can distort oscillatory systems if the step size is too large.
forced_near_resonance,8.26,0.385636794772883,-0.6043699485185275,-0.3437537127795516,0.1,1.0,-0.07899090771037413,explicit_euler_first_order_system,Explicit Euler is transparent but can distort oscillatory systems if the step size is too large.
forced_near_resonance,8.28,0.37341189431740063,-0.6112450227741186,-0.3338125574973824,0.1,1.0,-0.08264966773480552,explicit_euler_first_order_system,Explicit Euler is transparent but can distort oscillatory systems if the step size is too large.
forced_near_resonance,8.3,0.3610534688389193,-0.6179212739240663,-0.32374458304823023,0.1,1.0,-0.08627536899412418,explicit_euler_first_order_system,Explicit Euler is transparent but can distort oscillatory systems if the step size is too large.
forced_near_resonance,8.32,0.3485655455272187,-0.6243961655850309,-0.3135528736663803,0.1,1.0,-0.08986656125616777,explicit_euler_first_order_system,Explicit Euler is transparent but can distort oscillatory systems if the step size is too large.
forced_near_resonance,8.34,0.3359522010660515,-0.6306672230583584,-0.30324056454629356,0.1,1.0,-0.09342180809191375,explicit_euler_first_order_system,Explicit Euler is transparent but can distort oscillatory systems if the step size is too large.
forced_near_resonance,8.36,0.3232175603790658,-0.6367320343492843,-0.29281084095923937,0.1,1.0,-0.09693968745003045,explicit_euler_first_order_system,Explicit Euler is transparent but can distort oscillatory systems if the step size is too large.
forced_near_resonance,8.38,0.3103657953556964,-0.6425882511684691,-0.282266937347682,0.1,1.0,-0.10041879222567938,explicit_euler_first_order_system,Explicit Euler is transparent but can distort oscillatory systems if the step size is too large.
forced_near_resonance,8.4,0.29740112355738796,-0.6482335899154227,-0.27161213639764054,0.1,1.0,-0.10385773082333712,explicit_euler_first_order_system,Explicit Euler is transparent but can distort oscillatory systems if the step size is too large.
forced_near_resonance,8.42,0.2843278069045204,-0.6536658326433755,-0.26084976808926214,0.1,1.0,-0.10725512771341682,explicit_euler_first_order_system,Explicit Euler is transparent but can distort oscillatory systems if the step size is too large.
forced_near_resonance,8.44,0.2711501503444172,-0.6588828280051607,-0.24998320872584545,0.1,1.0,-0.11060962398246042,explicit_euler_first_order_system,Explicit Euler is transparent but can distort oscillatory systems if the step size is too large.
forced_near_resonance,8.46,0.25787250050082366,-0.6638824921796777,-0.2390158799415748,0.1,1.0,-0.11391987787668667,explicit_euler_first_order_system,Explicit Euler is transparent but can distort oscillatory systems if the step size is too large.
forced_near_resonance,8.48,0.2444992443052535,-0.6686628097785091,-0.22795124768822508,0.1,1.0,-0.11718456533867341,explicit_euler_first_order_system,Explicit Euler is transparent but can distort oscillatory systems if the step size is too large.
forced_near_resonance,8.5,0.23103480761060802,-0.6732218347322736,-0.216792821201118,0.1,1.0,-0.12040238053696473,explicit_euler_first_order_system,Explicit Euler is transparent but can distort oscillatory systems if the step size is too large.
forced_near_resonance,8.52,0.2174836537874821,-0.6775576911562959,-0.20554415194460784,0.1,1.0,-0.12357203638838493,explicit_euler_first_order_system,Explicit Euler is transparent but can distort oscillatory systems if the step size is too large.
forced_near_resonance,8.540000000000001,0.20385028230357835,-0.6816685741951881,-0.19420883253739593,0.1,1.0,-0.12669226507285522,explicit_euler_first_order_system,Explicit Euler is transparent but can distort oscillatory systems if the step size is too large.
forced_near_resonance,8.56,0.19013922728665963,-0.685552750845936,-0.1827904956579762,0.1,1.0,-0.12976181854050378,explicit_euler_first_order_system,Explicit Euler is transparent but can distort oscillatory systems if the step size is too large.
forced_near_resonance,8.58,0.17635505607147772,-0.6892085607590955,-0.17129281293052925,0.1,1.0,-0.13277946901087065,explicit_euler_first_order_system,Explicit Euler is transparent but can distort oscillatory systems if the step size is too large.
forced_near_resonance,8.6,0.1625023677311236,-0.6926344170177061,-0.15971949379158487,0.1,1.0,-0.1357440094640025,explicit_euler_first_order_system,Explicit Euler is transparent but can distort oscillatory systems if the step size is too large.
forced_near_resonance,8.620000000000001,0.14858579159325283,-0.6958288068935378,-0.14807428433779027,0.1,1.0,-0.138654254123245,explicit_euler_first_order_system,Explicit Euler is transparent but can distort oscillatory systems if the step size is too large.
forced_near_resonance,8.64,0.13460998574164695,-0.6987902925802936,-0.1363609661551249,0.1,1.0,-0.14150903892953667,explicit_euler_first_order_system,Explicit Euler is transparent but can distort oscillatory systems if the step size is too large.
forced_near_resonance,8.66,0.12057963550357903,-0.7015175119033961,-0.12458335512991836,0.1,1.0,-0.14430722200701854,explicit_euler_first_order_system,Explicit Euler is transparent but can distort oscillatory systems if the step size is too large.
forced_near_resonance,8.68,0.10649945192345914,-0.7040091790059945,-0.11274530024202853,0.1,1.0,-0.1470476841197683,explicit_euler_first_order_system,Explicit Euler is transparent but can distort oscillatory systems if the step size is too large.
forced_near_resonance,8.700000000000001,0.09237417022324243,-0.706264085010835,-0.10085068234055539,0.1,1.0,-0.14972932911947998,explicit_euler_first_order_system,Explicit Euler is transparent but can distort oscillatory systems if the step size is too large.
forced_near_resonance,8.72,0.07820854825008951,-0.7082810986576461,-0.08890341290246838,0.1,1.0,-0.1523510843839081,explicit_euler_first_order_system,Explicit Euler is transparent but can distort oscillatory systems if the step size is too large.
forced_near_resonance,8.74,0.0640073649117756,-0.7100591669156955,-0.07690743277453983,0.1,1.0,-0.15491190124590334,explicit_euler_first_order_system,Explicit Euler is transparent but can distort oscillatory systems if the step size is too large.
forced_near_resonance,8.76,0.04977541860035187,-0.7115973155711863,-0.06486671089897933,0.1,1.0,-0.15741075541286473,explicit_euler_first_order_system,Explicit Euler is transparent but can distort oscillatory systems if the step size is too large.
forced_near_resonance,8.78,0.03551752560456855,-0.712894649789166,-0.052785243023178406,0.1,1.0,-0.15984664737644305,explicit_euler_first_order_system,Explicit Euler is transparent but can distort oscillatory systems if the step size is too large.
forced_near_resonance,8.8,0.02123851851157596,-0.7139503546496295,-0.040667050393981274,0.1,1.0,-0.16221860281233122,explicit_euler_first_order_system,Explicit Euler is transparent but can distort oscillatory systems if the step size is too large.
forced_near_resonance,8.82,0.006943244598425775,-0.7147636956575092,-0.02851617843690405,0.1,1.0,-0.1645256729699801,explicit_euler_first_order_system,Explicit Euler is transparent but can distort oscillatory systems if the step size is too large.
forced_near_resonance,8.84,-0.00736343578609917,-0.7153340192262473,-0.01633669542073875,0.1,1.0,-0.1667669350520874,explicit_euler_first_order_system,Explicit Euler is transparent but can distort oscillatory systems if the step size is too large.
forced_near_resonance,8.86,-0.02167665084879241,-0.715660753134662,-0.004132691107978516,0.1,1.0,-0.16894149258370333,explicit_euler_first_order_system,Explicit Euler is transparent but can distort oscillatory systems if the step size is too large.
forced_near_resonance,8.88,-0.03599151898792884,-0.7157434069568216,0.008091724608484,0.1,1.0,-0.17104847577080917,explicit_euler_first_order_system,Explicit Euler is transparent but can distort oscillatory systems if the step size is too large.
forced_near_resonance,8.9,-0.05030315043722188,-0.7155815724646519,0.020332423081929805,0.1,1.0,-0.17308704184822246,explicit_euler_first_order_system,Explicit Euler is transparent but can distort oscillatory systems if the step size is too large.
forced_near_resonance,8.92,-0.06460664891728216,-0.7151749240030133,0.03258525830119191,0.1,1.0,-0.17505637541669292,explicit_euler_first_order_system,Explicit Euler is transparent but can distort oscillatory systems if the step size is too large.
forced_near_resonance,8.94,-0.07889711329402195,-0.7145232188369894,0.0448460682923693,0.1,1.0,-0.17695568876905055,explicit_euler_first_order_system,Explicit Euler is transparent but can distort oscillatory systems if the step size is too large.
forced_near_resonance,8.96,-0.09316963924344479,-0.713626297471142,0.05711067653239471,0.1,1.0,-0.17878422220527848,explicit_euler_first_order_system,Explicit Euler is transparent but can distort oscillatory systems if the step size is too large.
forced_near_resonance,8.98,-0.10741932092225467,-0.7124840839404941,0.06937489337397154,0.1,1.0,-0.18054124433638197,explicit_euler_first_order_system,Explicit Euler is transparent but can distort oscillatory systems if the step size is too large.
forced_near_resonance,9.0,-0.12164125264371498,-0.7110965860730147,0.08163451748138253,0.1,1.0,-0.1822260523769354,explicit_euler_first_order_system,Explicit Euler is transparent but can distort oscillatory systems if the step size is too large.
forced_near_resonance,9.02,-0.13583053055818273,-0.7094638957233871,0.09388533727667378,0.1,1.0,-0.18383797242618638,explicit_euler_first_order_system,Explicit Euler is transparent but can distort oscillatory systems if the step size is too large.
forced_near_resonance,9.040000000000001,-0.1499822543377398,-0.7075861889778536,0.10612313239570323,0.1,1.0,-0.1853763597376073,explicit_euler_first_order_system,Explicit Euler is transparent but can distort oscillatory systems if the step size is too large.
forced_near_resonance,9.06,-0.1640915288643386,-0.7054637263299396,0.11834367515354163,0.1,1.0,-0.18684059897678487,explicit_euler_first_order_system,Explicit Euler is transparent but can distort oscillatory systems if the step size is too large.
forced_near_resonance,9.08,-0.17815346592087597,-0.7030968528268687,0.1305427320187032,0.1,1.0,-0.1882301044675465,explicit_euler_first_order_system,Explicit Euler is transparent but can distort oscillatory systems if the step size is too large.
forced_near_resonance,9.1,-0.19216318588460587,-0.7004859981864947,0.14271606509568244,0.1,1.0,-0.18954432042622238,explicit_euler_first_order_system,Explicit Euler is transparent but can distort oscillatory systems if the step size is too large.
forced_near_resonance,9.120000000000001,-0.2061158194222975,-0.697631676884581,0.15485943361526194,0.1,1.0,-0.1907827211839518,explicit_euler_first_order_system,Explicit Euler is transparent but can distort oscillatory systems if the step size is too large.
forced_near_resonance,9.14,-0.22000650918654302,-0.6945344882122758,0.16696859543205497,0.1,1.0,-0.19194481139694322,explicit_euler_first_order_system,Explicit Euler is transparent but can distort oscillatory systems if the step size is too large.
forced_near_resonance,9.16,-0.23383041151261572,-0.6911951163036347,0.17903930852873676,0.1,1.0,-0.19303012624460592,explicit_euler_first_order_system,Explicit Euler is transparent but can distort oscillatory systems if the step size is too large.
forced_near_resonance,9.18,-0.24758269811527692,-0.68761433013306,0.19106733252641744,0.1,1.0,-0.19403823161547146,explicit_euler_first_order_system,Explicit Euler is transparent but can distort oscillatory systems if the step size is too large.
forced_near_resonance,9.200000000000001,-0.26125855778492757,-0.6837929834825316,0.2030484302006011,0.1,1.0,-0.1949687242808328,explicit_euler_first_order_system,Explicit Euler is transparent but can distort oscillatory systems if the step size is too large.
forced_near_resonance,9.22,-0.274853198082498,-0.6797320148785195,0.2149783690021718,0.1,1.0,-0.19582123205603008,explicit_euler_first_order_system,Explicit Euler is transparent but can distort oscillatory systems if the step size is too large.
forced_near_resonance,9.24,-0.2883618470324675,-0.6754324474984761,0.22685292258284281,0.1,1.0,-0.1965954139493199,explicit_euler_first_order_system,Explicit Euler is transparent but can distort oscillatory systems if the step size is too large.
forced_near_resonance,9.26,-0.30177975481340386,-0.6708953890468192,0.2386678723245005,0.1,1.0,-0.1972909602982672,explicit_euler_first_order_system,Explicit Euler is transparent but can distort oscillatory systems if the step size is too large.
forced_near_resonance,9.28,-0.31510219544541046,-0.6661220316003292,0.25041900887187,0.1,1.0,-0.1979075928936063,explicit_euler_first_order_system,Explicit Euler is transparent but can distort oscillatory systems if the step size is too large.
forced_near_resonance,9.3,-0.3283244684738683,-0.6611136514228918,0.262102133667926,0.1,1.0,-0.1984450650905207,explicit_euler_first_order_system,Explicit Euler is transparent but can distort oscillatory systems if the step size is too large.
forced_near_resonance,9.32,-0.341441900648859,-0.6558716087495333,0.2737130604914679,0.1,1.0,-0.1989031619072978,explicit_euler_first_order_system,Explicit Euler is transparent but can distort oscillatory systems if the step size is too large.
forced_near_resonance,9.34,-0.3544498475996531,-0.6503973475397039,0.2852476169962751,0.1,1.0,-0.19928170011131874,explicit_euler_first_order_system,Explicit Euler is transparent but can distort oscillatory systems if the step size is too large.
forced_near_resonance,9.36,-0.36734369550364865,-0.6446923951997784,0.2967016462512553,0.1,1.0,-0.19958052829234907,explicit_euler_first_order_system,Explicit Euler is transparent but can distort oscillatory systems if the step size is too large.
forced_near_resonance,9.38,-0.3801188627491437,-0.6387583622747532,0.3080710082809936,0.1,1.0,-0.19979952692310074,explicit_euler_first_order_system,Explicit Euler is transparent but can distort oscillatory systems if the step size is too large.
forced_near_resonance,9.4,-0.3927708015913264,-0.6325969421091334,0.31935158160611177,0.1,1.0,-0.1999386084070413,explicit_euler_first_order_system,Explicit Euler is transparent but can distort oscillatory systems if the step size is too large.
forced_near_resonance,9.42,-0.4052949998008666,-0.6262099104770111,0.33053926478283724,0.1,1.0,-0.19999771711343162,explicit_euler_first_order_system,Explicit Euler is transparent but can distort oscillatory systems if the step size is too large.
forced_near_resonance,9.44,-0.4176869823044937,-0.6195991251813544,0.3416299779411873,0.1,1.0,-0.19997682939957726,explicit_euler_first_order_system,Explicit Euler is transparent but can distort oscillatory systems if the step size is too large.
forced_near_resonance,9.46,-0.4299423128169443,-0.6127665256225306,0.3526196643211652,0.1,1.0,-0.1998759536202852,explicit_euler_first_order_system,Explicit Euler is transparent but can distort oscillatory systems if the step size is too large.
forced_near_resonance,9.48,-0.44205659546366644,-0.6057141323361074,0.3635042918063657,0.1,1.0,-0.19969513012452222,explicit_euler_first_order_system,Explicit Euler is transparent but can distort oscillatory systems if the step size is too large.
forced_near_resonance,9.5,-0.454025476393666,-0.5984440464999801,0.37427985445438633,0.1,1.0,-0.1994344312392757,explicit_euler_first_order_system,Explicit Euler is transparent but can distort oscillatory systems if the step size is too large.
forced_near_resonance,9.52,-0.46584464538188386,-0.5909584494108924,0.38494237402343856,0.1,1.0,-0.19909396124062376,explicit_euler_first_order_system,Explicit Euler is transparent but can distort oscillatory systems if the step size is too large.
forced_near_resonance,9.540000000000001,-0.47750983742049236,-0.5832596019304236,0.3954879014945508,0.1,1.0,-0.19867385631202628,explicit_euler_first_order_system,Explicit Euler is transparent but can distort oscillatory systems if the step size is too large.
forced_near_resonance,9.56,-0.489016834298503,-0.5753498439005326,0.4059125185887561,0.1,1.0,-0.19817428448985344,explicit_euler_first_order_system,Explicit Euler is transparent but can distort oscillatory systems if the step size is too large.
forced_near_resonance,9.58,-0.5003614661690782,-0.5672315935287574,0.4162123392786564,0.1,1.0,-0.19759544559617326,explicit_euler_first_order_system,Explicit Euler is transparent but can distort oscillatory systems if the step size is too large.
forced_near_resonance,9.6,-0.5115396131039418,-0.5589073467431843,0.4263835112937533,0.1,1.0,-0.1969375711588254,explicit_euler_first_order_system,Explicit Euler is transparent but can distort oscillatory systems if the step size is too large.
forced_near_resonance,9.620000000000001,-0.522547206634288,-0.5503796765173092,0.4364222176189366,0.1,1.0,-0.19620092431881322,explicit_euler_first_order_system,Explicit Euler is transparent but can distort oscillatory systems if the step size is too large.
forced_near_resonance,9.64,-0.5333802312775866,-0.5416512321649305,0.44632467798552167,0.1,1.0,-0.19538579972505105,explicit_euler_first_order_system,Explicit Euler is transparent but can distort oscillatory systems if the step size is too large.
forced_near_resonance,9.66,-0.544034726049691,-0.5327247386052201,0.456087150354227,0.1,1.0,-0.1944925234165081,explicit_euler_first_order_system,Explicit Euler is transparent but can distort oscillatory systems if the step size is too large.
forced_near_resonance,9.68,-0.5545067859616538,-0.5236029955981355,0.4657059323894833,0.1,1.0,-0.19352145269179763,explicit_euler_first_order_system,Explicit Euler is transparent but can distort oscillatory systems if the step size is too large.
forced_near_resonance,9.700000000000001,-0.5647925635006608,-0.5142888769503459,0.475177362924468,0.1,1.0,-0.19247297596626195,explicit_euler_first_order_system,Explicit Euler is transparent but can distort oscillatory systems if the step size is too large.
forced_near_resonance,9.72,-0.5748882700944979,-0.5047853296918565,0.48449782341625725,0.1,1.0,-0.191347512616612,explicit_euler_first_order_system,Explicit Euler is transparent but can distort oscillatory systems if the step size is too large.
forced_near_resonance,9.74,-0.5847901775589686,-0.49509537322353137,0.49366373939049324,0.1,1.0,-0.1901455128131816,explicit_euler_first_order_system,Explicit Euler is transparent but can distort oscillatory systems if the step size is too large.
forced_near_resonance,9.76,-0.594494619527683,-0.4852220984357215,0.5026715818749617,0.1,1.0,-0.1888674573398656,explicit_euler_first_order_system,Explicit Euler is transparent but can distort oscillatory systems if the step size is too large.
forced_near_resonance,9.78,-0.6039979928636474,-0.4751686667982223,0.511517868821479,0.1,1.0,-0.18751385740181284,explicit_euler_first_order_system,Explicit Euler is transparent but can distort oscillatory systems if the step size is too large.
forced_near_resonance,9.8,-0.6132967590520833,-0.4649383094217927,0.5201991665154911,0.1,1.0,-0.18608525442095067,explicit_euler_first_order_system,Explicit Euler is transparent but can distort oscillatory systems if the step size is too large.
forced_near_resonance,9.82,-0.6223874455739129,-0.45453432609148287,0.5287120909727856,0.1,1.0,-0.18458221981942388,explicit_euler_first_order_system,Explicit Euler is transparent but can distort oscillatory systems if the step size is too large.
forced_near_resonance,9.84,-0.6312666472593534,-0.44396008427202716,0.5370533093227261,0.1,1.0,-0.18300535479103278,explicit_euler_first_order_system,Explicit Euler is transparent but can distort oscillatory systems if the step size is too large.
forced_near_resonance,9.86,-0.6399310276210649,-0.4332190180855726,0.5452195411774153,0.1,1.0,-0.18135529006076412,explicit_euler_first_order_system,Explicit Euler is transparent but can distort oscillatory systems if the step size is too large.
forced_near_resonance,9.88,-0.6483773201663054,-0.4223146272620243,0.553207559986201,0.1,1.0,-0.1796326856325093,explicit_euler_first_order_system,Explicit Euler is transparent but can distort oscillatory systems if the step size is too large.
forced_near_resonance,9.9,-0.6566023296875515,-0.41125047606230025,0.5610141943749394,0.1,1.0,-0.1778382305250722,explicit_euler_first_order_system,Explicit Euler is transparent but can distort oscillatory systems if the step size is too large.
forced_near_resonance,9.92,-0.6646029335310475,-0.40003019217480146,0.5686363294694379,0.1,1.0,-0.17597264249656985,explicit_euler_first_order_system,Explicit Euler is transparent but can distort oscillatory systems if the step size is too large.
forced_near_resonance,9.94,-0.6723760828427557,-0.3886574655854127,0.5760709082024988,0.1,1.0,-0.17403666775733947,explicit_euler_first_order_system,Explicit Euler is transparent but can distort oscillatory systems if the step size is too large.
forced_near_resonance,9.96,-0.679918803791183,-0.3771360474213627,0.5833149326039916,0.1,1.0,-0.17203108067146394,explicit_euler_first_order_system,Explicit Euler is transparent but can distort oscillatory systems if the step size is too large.
forced_near_resonance,9.98,-0.6872281987665686,-0.36546974876928284,0.5903654650733879,0.1,1.0,-0.16995668344703718,explicit_euler_first_order_system,Explicit Euler is transparent but can distort oscillatory systems if the step size is too large.
forced_near_resonance,10.0,-0.6943014475559249,-0.35366243946781506,0.5972196296341974,0.1,1.0,-0.1678143058152905,explicit_euler_first_order_system,Explicit Euler is transparent but can distort oscillatory systems if the step size is too large.
